Rk,Player,Nation,Pos,Squad,Age,Born,MP,Starts,Min,90s,Gls,Ast,G+A,G-PK,PK,PKatt,CrdY,CrdR,xG,npxG,xAG,npxG+xAG,PrgC,PrgP,PrgR,Gls.1,Ast.1,G+A.1,G-PK.1,G+A-PK,xG.1,xAG.1,xG+xAG,npxG.1,npxG+xAG.1
1,Max Aarons,ENG,DF,Bournemouth,24,2000,3,1,86,1.0,0,0,0,0,0,0,0,0,0.0,0.0,0.0,0.0,1,8,3,0.0,0.0,0.0,0.0,0.0,0.0,0.0,0.0,0.0,0.0
2,Joshua Acheampong,ENG,DF,Chelsea,18,2006,4,2,170,1.9,0,0,0,0,0,0,1,0,0.2,0.2,0.0,0.2,0,8,0,0.0,0.0,0.0,0.0,0.0,0.12,0.0,0.12,0.12,0.12
3,Tyler Adams,USA,MF,Bournemouth,25,1999,28,21,1965,21.8,0,3,3,0,0,0,7,0,1.6,1.6,1.0,2.6,14,76,10,0.0,0.14,0.14,0.0,0.14,0.07,0.05,0.12,0.07,0.12
4,Tosin Adarabioyo,ENG,DF,Chelsea,26,1997,22,15,1409,15.7,1,1,2,1,0,0,4,0,0.9,0.9,0.2,1.2,5,42,1,0.06,0.06,0.13,0.06,0.13,0.06,0.01,0.07,0.06,0.07
5,Simon Adingra,CIV,"FW,MF",Brighton,22,2002,29,12,1097,12.2,2,2,4,2,0,0,0,0,2.5,2.5,2.5,4.9,50,18,136,0.16,0.16,0.33,0.16,0.33,0.2,0.2,0.4,0.2,0.4
6,Emmanuel Agbadou,CIV,DF,Wolves,27,1997,16,16,1410,15.7,1,0,1,1,0,0,3,0,0.8,0.8,0.2,1.1,6,31,2,0.06,0.0,0.06,0.06,0.06,0.05,0.02,0.07,0.05,0.07
7,Asher Agbinone,ENG,MF,Crystal Palace,18,2005,2,0,6,0.1,0,0,0,0,0,0,0,0,0.0,0.0,0.0,0.1,2,0,1,0.0,0.0,0.0,0.0,0.0,0.29,0.5,0.79,0.29,0.79
8,Ola Aina,NGA,DF,Nott'ham Forest,27,1996,35,35,2995,33.3,2,1,3,2,0,0,5,0,0.6,0.6,1.4,2.1,67,107,67,0.06,0.03,0.09,0.06,0.09,0.02,0.04,0.06,0.02,0.06
9,Rayan Aït-Nouri,ALG,DF,Wolves,23,2001,37,37,3109,34.5,4,7,11,4,0,0,7,1,2.7,2.7,5.5,8.2,89,108,176,0.12,0.2,0.32,0.12,0.32,0.08,0.16,0.24,0.08,0.24
10,Kristoffer Ajer,NOR,DF,Brentford,26,1998,24,17,1438,16.0,0,0,0,0,0,0,5,0,1.0,1.0,1.2,2.2,27,56,44,0.0,0.0,0.0,0.0,0.0,0.06,0.08,0.14,0.06,0.14
11,Manuel Akanji,SUI,DF,Manchester City,29,1995,26,23,2014,22.4,0,0,0,0,0,0,3,0,1.6,1.6,0.4,1.9,46,158,7,0.0,0.0,0.0,0.0,0.0,0.07,0.02,0.09,0.07,0.09
12,Nathan Aké,NED,DF,Manchester City,29,1995,10,8,678,7.5,0,0,0,0,0,0,0,0,0.2,0.2,0.0,0.2,12,50,2,0.0,0.0,0.0,0.0,0.0,0.03,0.0,0.03,0.03,0.03
13,Carlos Alcaraz,ARG,MF,Southampton,21,2002,1,0,10,0.1,0,0,0,0,0,0,0,0,0.1,0.1,0.1,0.2,4,6,1,0.0,0.0,0.0,0.0,0.0,0.62,0.86,1.48,0.62,1.48
14,Carlos Alcaraz,ARG,"FW,MF",Everton,21,2002,15,7,764,8.5,2,3,5,2,0,0,4,0,1.7,1.7,1.6,3.4,19,42,21,0.24,0.35,0.59,0.24,0.59,0.2,0.19,0.4,0.2,0.4
15,Trent Alexander-Arnold,ENG,DF,Liverpool,25,1998,33,28,2365,26.3,3,6,9,3,0,0,5,0,1.9,1.9,7.3,9.2,51,232,94,0.11,0.23,0.34,0.11,0.34,0.07,0.28,0.35,0.07,0.35
16,Alisson,BRA,GK,Liverpool,31,1992,28,28,2508,27.9,0,0,0,0,0,0,0,0,0.0,0.0,0.6,0.6,0,1,0,0.0,0.0,0.0,0.0,0.0,0.0,0.02,0.02,0.0,0.02
17,Miguel Almirón,PAR,FW,Newcastle Utd,30,1994,9,1,157,1.7,0,0,0,0,0,0,0,0,0.5,0.5,0.3,0.8,3,6,18,0.0,0.0,0.0,0.0,0.0,0.3,0.15,0.45,0.3,0.45
18,Olabade Aluko,ENG,DF,Leicester City,18,2006,1,0,2,0.0,0,0,0,0,0,0,0,0,0.0,0.0,0.0,0.0,0,0,0,0.0,0.0,0.0,0.0,0.0,0.0,0.0,0.0,0.0,0.0
19,Edson Álvarez,MEX,MF,West Ham,26,1997,28,20,1772,19.7,0,1,1,0,0,0,9,1,0.4,0.4,0.8,1.2,24,85,18,0.0,0.05,0.05,0.0,0.05,0.02,0.04,0.06,0.02,0.06
20,Will Alves,ENG,FW,Leicester City,19,2005,1,0,1,0.0,0,0,0,0,0,0,0,0,0.0,0.0,0.0,0.0,0,0,1,0.0,0.0,0.0,0.0,0.0,0.0,0.0,0.0,0.0,0.0
21,Harry Amass,ENG,DF,Manchester Utd,17,2007,5,4,346,3.8,0,0,0,0,0,0,0,0,0.1,0.1,0.0,0.1,9,7,23,0.0,0.0,0.0,0.0,0.0,0.02,0.01,0.02,0.02,0.02
22,Samuel Amo-Ameyaw,ENG,"FW,DF",Southampton,18,2006,2,0,28,0.3,0,0,0,0,0,0,1,0,0.0,0.0,0.1,0.1,1,0,3,0.0,0.0,0.0,0.0,0.0,0.07,0.22,0.29,0.07,0.29
23,Mathis Amougou,FRA,MF,Chelsea,18,2006,1,0,8,0.1,0,0,0,0,0,0,0,0,0.0,0.0,0.0,0.0,0,1,0,0.0,0.0,0.0,0.0,0.0,0.0,0.0,0.0,0.0,0.0
24,Joachim Andersen,DEN,DF,Crystal Palace,28,1996,1,1,90,1.0,0,0,0,0,0,0,1,0,0.0,0.0,0.0,0.0,1,4,1,0.0,0.0,0.0,0.0,0.0,0.04,0.0,0.04,0.04,0.04
25,Joachim Andersen,DEN,DF,Fulham,28,1996,29,29,2583,28.7,0,0,0,0,0,0,6,1,1.0,1.0,0.5,1.5,16,112,2,0.0,0.0,0.0,0.0,0.0,0.04,0.02,0.05,0.04,0.05
26,Elliot Anderson,ENG,MF,Nott'ham Forest,21,2002,37,33,2728,30.3,2,6,8,2,0,0,10,0,2.1,2.1,3.3,5.4,52,143,95,0.07,0.2,0.26,0.07,0.26,0.07,0.11,0.18,0.07,0.18
27,André,BRA,MF,Wolves,23,2001,33,31,2472,27.5,0,0,0,0,0,0,7,0,0.4,0.4,0.8,1.3,10,109,11,0.0,0.0,0.0,0.0,0.0,0.02,0.03,0.05,0.02,0.05
28,Michail Antonio,JAM,FW,West Ham,34,1990,14,11,836,9.3,1,1,2,1,0,0,1,0,2.2,2.2,1.6,3.8,29,18,59,0.11,0.11,0.22,0.11,0.22,0.24,0.17,0.41,0.24,0.41
29,Antony,BRA,"DF,MF",Manchester Utd,24,2000,8,0,141,1.6,0,0,0,0,0,0,0,0,1.0,1.0,0.1,1.1,5,6,7,0.0,0.0,0.0,0.0,0.0,0.65,0.08,0.73,0.65,0.73
30,Julian Araujo,MEX,DF,Bournemouth,22,2001,12,7,497,5.5,0,0,0,0,0,0,2,0,0.0,0.0,0.1,0.1,4,14,22,0.0,0.0,0.0,0.0,0.0,0.0,0.01,0.01,0.0,0.01
31,Cameron Archer,ENG,FW,Southampton,23,2001,35,13,1441,16.0,2,0,2,2,0,1,0,0,5.7,4.9,0.5,5.4,22,14,66,0.12,0.0,0.12,0.12,0.12,0.36,0.03,0.39,0.31,0.34
32,Alphonse Areola,FRA,GK,West Ham,31,1993,26,25,2260,25.1,0,0,0,0,0,0,0,0,0.0,0.0,0.0,0.0,0,1,0,0.0,0.0,0.0,0.0,0.0,0.0,0.0,0.0,0.0,0.0
33,Joe Aribo,NGA,"MF,DF",Southampton,28,1996,32,21,2013,22.4,3,0,3,3,0,0,1,0,2.7,2.7,1.6,4.3,36,75,65,0.13,0.0,0.13,0.13,0.13,0.12,0.07,0.19,0.12,0.19
34,Adam Armstrong,ENG,"FW,MF",Southampton,27,1997,20,15,1248,13.9,2,2,4,2,0,1,4,0,3.3,2.3,1.2,3.5,25,21,79,0.14,0.14,0.29,0.14,0.29,0.24,0.09,0.32,0.17,0.25
35,Harrison Armstrong,ENG,MF,Everton,17,2007,3,0,48,0.5,0,0,0,0,0,0,1,0,0.4,0.4,0.1,0.4,1,1,0,0.0,0.0,0.0,0.0,0.0,0.69,0.14,0.82,0.69,0.82
36,Kepa Arrizabalaga,ESP,GK,Bournemouth,29,1994,31,31,2790,31.0,0,0,0,0,0,0,3,0,0.1,0.1,0.0,0.1,0,2,0,0.0,0.0,0.0,0.0,0.0,0.0,0.0,0.0,0.0,0.0
37,Marco Asensio,ESP,MF,Aston Villa,28,1996,13,9,743,8.3,3,1,4,3,0,2,2,0,4.4,2.9,1.0,3.8,22,45,38,0.36,0.12,0.48,0.36,0.48,0.54,0.12,0.66,0.35,0.47
38,Brandon Austin,ENG,GK,Tottenham,25,1999,1,1,90,1.0,0,0,0,0,0,0,0,0,0.0,0.0,0.0,0.0,0,0,0,0.0,0.0,0.0,0.0,0.0,0.0,0.0,0.0,0.0,0.0
39,Taiwo Awoniyi,NGA,FW,Nott'ham Forest,26,1997,26,3,416,4.6,1,0,1,1,0,0,0,0,2.1,2.1,0.1,2.2,6,7,20,0.22,0.0,0.22,0.22,0.22,0.46,0.02,0.48,0.46,0.48
40,Yasin Ayari,SWE,MF,Brighton,20,2003,34,22,1965,21.8,2,1,3,2,0,0,3,0,2.4,2.4,2.3,4.8,30,75,61,0.09,0.05,0.14,0.09,0.14,0.11,0.11,0.22,0.11,0.22
41,Jordan Ayew,GHA,"FW,MF",Crystal Palace,32,1991,1,0,21,0.2,0,0,0,0,0,0,1,0,0.5,0.5,0.0,0.5,0,0,1,0.0,0.0,0.0,0.0,0.0,1.96,0.21,2.17,1.96,2.17
42,Jordan Ayew,GHA,"FW,MF",Leicester City,32,1991,30,19,1638,18.2,5,0,5,4,1,1,5,0,3.2,2.4,1.1,3.5,49,46,86,0.27,0.0,0.27,0.22,0.22,0.17,0.06,0.24,0.13,0.19
43,Benoît Badiashile,FRA,DF,Chelsea,23,2001,5,3,334,3.7,0,0,0,0,0,0,0,0,0.0,0.0,0.0,0.0,3,17,2,0.0,0.0,0.0,0.0,0.0,0.0,0.0,0.0,0.0,0.0
44,Leon Bailey,JAM,"FW,MF",Aston Villa,26,1997,24,14,1139,12.7,1,2,3,1,0,0,3,0,1.7,1.7,1.5,3.3,58,35,121,0.08,0.16,0.24,0.08,0.24,0.14,0.12,0.26,0.14,0.26
45,Carlos Baleba,CMR,MF,Brighton,20,2004,34,31,2661,29.6,3,1,4,3,0,0,8,1,3.1,3.1,1.3,4.4,43,118,29,0.1,0.03,0.14,0.1,0.14,0.1,0.05,0.15,0.1,0.15
46,Ross Barkley,ENG,MF,Aston Villa,30,1993,20,3,581,6.5,3,1,4,3,0,0,3,0,1.8,1.8,0.6,2.4,15,36,10,0.46,0.15,0.62,0.46,0.62,0.27,0.1,0.37,0.27,0.37
47,Harvey Barnes,ENG,FW,Newcastle Utd,26,1997,33,17,1755,19.5,9,4,13,9,0,0,0,0,7.2,7.2,4.0,11.2,93,83,192,0.46,0.21,0.67,0.46,0.67,0.37,0.2,0.57,0.37,0.57
48,Calvin Bassey,NGA,DF,Fulham,24,1999,35,34,3074,34.2,1,0,1,1,0,0,7,0,1.0,1.0,0.1,1.2,39,116,15,0.03,0.0,0.03,0.03,0.03,0.03,0.0,0.03,0.03,0.03
49,Altay Bayındır,TUR,GK,Manchester Utd,26,1998,4,4,360,4.0,0,0,0,0,0,0,0,0,0.0,0.0,0.0,0.0,0,0,0,0.0,0.0,0.0,0.0,0.0,0.0,0.0,0.0,0.0,0.0
50,Jan Bednarek,POL,DF,Southampton,28,1996,30,30,2531,28.1,2,0,2,2,0,0,7,0,0.7,0.7,0.5,1.2,5,60,2,0.07,0.0,0.07,0.07,0.07,0.02,0.02,0.04,0.02,0.04
51,Armel Bella Kotchap,GER,DF,Southampton,22,2001,4,2,331,3.7,0,0,0,0,0,0,0,0,0.3,0.3,0.0,0.3,0,5,0,0.0,0.0,0.0,0.0,0.0,0.09,0.0,0.09,0.09,0.09
52,Jean-Ricner Bellegarde,FRA,"MF,FW",Wolves,26,1998,35,20,1677,18.6,2,7,9,2,0,0,3,0,1.5,1.5,3.8,5.3,52,43,89,0.11,0.38,0.48,0.11,0.48,0.08,0.2,0.29,0.08,0.29
53,Rodrigo Bentancur,URU,MF,Tottenham,27,1997,26,21,1645,18.3,2,0,2,2,0,0,9,0,1.3,1.3,0.4,1.7,28,100,34,0.11,0.0,0.11,0.11,0.11,0.07,0.02,0.1,0.07,0.1
54,Daniel Bentley,ENG,GK,Wolves,31,1993,2,2,180,2.0,0,0,0,0,0,0,0,0,0.0,0.0,0.0,0.0,0,0,0,0.0,0.0,0.0,0.0,0.0,0.0,0.0,0.0,0.0,0.0
55,Sander Berge,NOR,MF,Fulham,26,1998,31,26,2224,24.7,0,0,0,0,0,0,6,0,0.4,0.4,0.6,1.0,29,124,9,0.0,0.0,0.0,0.0,0.0,0.01,0.03,0.04,0.01,0.04
56,Lucas Bergvall,SWE,MF,Tottenham,18,2006,27,11,1212,13.5,0,1,1,0,0,0,3,0,0.7,0.7,0.6,1.3,33,49,31,0.0,0.07,0.07,0.0,0.07,0.05,0.04,0.09,0.05,0.09
57,Victor Bernth Kristiansen,DEN,DF,Leicester City,21,2002,30,29,2482,27.6,0,1,1,0,0,0,1,0,0.3,0.3,1.4,1.7,40,70,78,0.0,0.04,0.04,0.0,0.04,0.01,0.05,0.06,0.01,0.06
58,Beto,GNB,FW,Everton,26,1998,30,15,1534,17.0,8,0,8,8,0,0,2,0,8.2,8.2,1.2,9.4,15,16,77,0.47,0.0,0.47,0.47,0.47,0.48,0.07,0.55,0.48,0.55
59,Philip Billing,DEN,MF,Bournemouth,28,1996,10,1,184,2.0,0,0,0,0,0,0,1,0,0.6,0.6,1.1,1.7,3,15,13,0.0,0.0,0.0,0.0,0.0,0.28,0.54,0.82,0.28,0.82
60,Yves Bissouma,MLI,MF,Tottenham,27,1996,28,16,1408,15.6,2,0,2,2,0,0,7,0,0.6,0.6,0.3,0.9,15,75,3,0.13,0.0,0.13,0.13,0.13,0.04,0.02,0.06,0.04,0.06
61,Oscar Bobb,NOR,FW,Manchester City,21,2003,3,0,16,0.2,0,0,0,0,0,0,0,0,0.0,0.0,0.1,0.1,1,1,1,0.0,0.0,0.0,0.0,0.0,0.0,0.41,0.41,0.0,0.41
62,Lamare Bogarde,NED,"DF,MF",Aston Villa,20,2004,8,5,476,5.3,0,0,0,0,0,0,2,0,0.0,0.0,0.1,0.2,12,14,9,0.0,0.0,0.0,0.0,0.0,0.01,0.02,0.03,0.01,0.03
63,Willy Boly,CIV,DF,Nott'ham Forest,33,1991,6,1,150,1.7,0,0,0,0,0,0,1,0,0.1,0.1,0.0,0.1,0,2,0,0.0,0.0,0.0,0.0,0.0,0.04,0.0,0.04,0.04,0.04
64,Sven Botman,NED,DF,Newcastle Utd,24,2000,8,6,412,4.6,0,0,0,0,0,0,1,0,0.5,0.5,0.5,1.1,0,7,0,0.0,0.0,0.0,0.0,0.0,0.12,0.12,0.24,0.12,0.24
65,Jarrod Bowen,ENG,"FW,MF",West Ham,27,1996,34,34,2973,33.0,13,8,21,12,1,1,1,0,8.6,7.8,6.8,14.7,109,91,212,0.39,0.24,0.64,0.36,0.61,0.26,0.21,0.47,0.24,0.44
66,Conor Bradley,NIR,DF,Liverpool,21,2003,19,7,754,8.4,0,2,2,0,0,0,4,0,0.7,0.7,1.4,2.1,35,33,39,0.0,0.24,0.24,0.0,0.24,0.08,0.17,0.25,0.08,0.25
67,Jarrad Branthwaite,ENG,DF,Everton,22,2002,30,28,2511,27.9,0,1,1,0,0,0,4,0,1.2,1.2,0.7,1.9,10,66,2,0.0,0.04,0.04,0.0,0.04,0.04,0.02,0.07,0.04,0.07
68,James Bree,ENG,DF,Southampton,26,1997,17,13,1075,11.9,0,1,1,0,0,0,0,0,0.1,0.1,0.9,1.0,13,34,43,0.0,0.08,0.08,0.0,0.08,0.01,0.08,0.08,0.01,0.08
69,Ben Brereton,CHI,FW,Southampton,25,1999,10,4,449,5.0,0,0,0,0,0,0,1,0,0.9,0.9,0.1,1.0,12,9,42,0.0,0.0,0.0,0.0,0.0,0.18,0.02,0.2,0.18,0.2
70,Nathan Broadhead,WAL,"MF,FW",Ipswich Town,26,1998,18,7,702,7.8,2,0,2,2,0,0,1,0,1.7,1.7,0.7,2.4,20,14,33,0.26,0.0,0.26,0.26,0.26,0.22,0.09,0.31,0.22,0.31
71,Armando Broja,ALB,FW,Everton,22,2001,10,4,334,3.7,0,0,0,0,0,0,1,0,0.1,0.1,0.2,0.3,12,2,26,0.0,0.0,0.0,0.0,0.0,0.03,0.05,0.08,0.03,0.08
72,David Brooks,WAL,"FW,MF",Bournemouth,27,1997,29,9,960,10.7,2,0,2,2,0,0,3,0,2.5,2.5,1.9,4.4,35,35,83,0.19,0.0,0.19,0.19,0.19,0.24,0.18,0.41,0.24,0.41
73,Emi Buendía,ARG,"MF,FW",Aston Villa,27,1996,12,0,98,1.1,0,0,0,0,0,0,1,0,0.7,0.7,0.0,0.7,3,7,6,0.0,0.0,0.0,0.0,0.0,0.6,0.02,0.62,0.6,0.62
74,Santiago Bueno,URU,DF,Wolves,25,1998,29,18,1687,18.7,0,0,0,0,0,0,2,0,0.4,0.4,0.0,0.4,1,28,1,0.0,0.0,0.0,0.0,0.0,0.02,0.0,0.02,0.02,0.02
75,Facundo Buonanotte,ARG,"FW,MF",Leicester City,19,2004,31,14,1523,16.9,5,2,7,5,0,0,8,0,3.9,3.9,3.1,7.0,39,54,74,0.3,0.12,0.41,0.3,0.41,0.23,0.18,0.41,0.23,0.41
76,Cameron Burgess,AUS,DF,Ipswich Town,28,1995,18,16,1541,17.1,0,2,2,0,0,0,0,0,1.1,1.1,0.5,1.6,2,42,4,0.0,0.12,0.12,0.0,0.12,0.06,0.03,0.09,0.06,0.09
77,Dan Burn,ENG,DF,Newcastle Utd,32,1992,37,37,3330,37.0,1,1,2,1,0,0,11,0,2.0,2.0,0.9,2.8,12,75,14,0.03,0.03,0.05,0.03,0.05,0.05,0.02,0.08,0.05,0.08
78,Wes Burns,WAL,"FW,DF",Ipswich Town,29,1994,18,12,926,10.3,0,1,1,0,0,0,1,0,0.5,0.5,1.6,2.2,38,8,65,0.0,0.1,0.1,0.0,0.1,0.05,0.16,0.21,0.05,0.21
79,Nathan Butler-Oyedeji,ENG,FW,Arsenal,21,2003,1,0,7,0.1,0,0,0,0,0,0,0,0,0.1,0.1,0.0,0.1,0,0,0,0.0,0.0,0.0,0.0,0.0,0.94,0.0,0.94,0.94,0.94
80,Moisés Caicedo,ECU,"MF,DF",Chelsea,22,2001,38,38,3351,37.2,1,2,3,1,0,0,11,0,0.8,0.8,3.0,3.8,43,215,37,0.03,0.05,0.08,0.03,0.08,0.02,0.08,0.1,0.02,0.1
81,Tom Cairney,SCO,MF,Fulham,33,1991,25,3,628,7.0,2,0,2,2,0,0,3,1,0.8,0.8,1.1,1.8,18,53,33,0.29,0.0,0.29,0.29,0.29,0.11,0.15,0.26,0.11,0.26
82,Jens Cajuste,SWE,MF,Ipswich Town,24,1999,30,25,1959,21.8,1,1,2,1,0,0,2,0,0.7,0.7,0.8,1.5,26,59,20,0.05,0.05,0.09,0.05,0.09,0.03,0.04,0.07,0.03,0.07
83,Riccardo Calafiori,ITA,DF,Arsenal,22,2002,19,11,983,10.9,2,1,3,2,0,0,4,0,0.9,0.9,0.3,1.1,22,54,29,0.18,0.09,0.27,0.18,0.27,0.08,0.03,0.11,0.08,0.11
84,Dominic Calvert-Lewin,ENG,FW,Everton,27,1997,26,19,1609,17.9,3,1,4,3,0,0,2,0,6.7,6.7,0.6,7.4,23,20,112,0.17,0.06,0.22,0.17,0.22,0.38,0.04,0.41,0.38,0.41
85,Diego Carlos,BRA,DF,Aston Villa,31,1993,10,8,830,9.2,0,0,0,0,0,0,1,0,0.6,0.6,0.0,0.6,3,34,0,0.0,0.0,0.0,0.0,0.0,0.07,0.0,0.07,0.07,0.07
86,Fabio Carvalho,POR,"FW,MF",Brentford,21,2002,19,3,455,5.1,2,1,3,2,0,0,1,0,2.5,2.5,0.7,3.2,9,17,23,0.4,0.2,0.59,0.4,0.59,0.49,0.13,0.62,0.49,0.62
87,Casemiro,BRA,MF,Manchester Utd,32,1992,24,18,1494,16.6,1,0,1,1,0,0,5,0,1.9,1.9,2.3,4.2,4,84,28,0.06,0.0,0.06,0.06,0.06,0.11,0.14,0.25,0.11,0.25
88,Kaelan Casey,ENG,DF,West Ham,19,2004,1,0,1,0.0,0,0,0,0,0,0,0,0,0.0,0.0,0.0,0.0,0,0,0,0.0,0.0,0.0,0.0,0.0,0.0,0.0,0.0,0.0,0.0
89,Matty Cash,POL,DF,Aston Villa,26,1997,27,24,2070,23.0,1,1,2,1,0,0,7,0,0.5,0.5,1.1,1.6,48,42,90,0.04,0.04,0.09,0.04,0.09,0.02,0.05,0.07,0.02,0.07
90,Eiran Cashin,IRL,DF,Brighton,22,2001,2,0,20,0.2,0,0,0,0,0,0,0,0,0.0,0.0,0.0,0.0,0,6,1,0.0,0.0,0.0,0.0,0.0,0.0,0.0,0.0,0.0,0.0
91,Timothy Castagne,BEL,DF,Fulham,28,1995,24,17,1649,18.3,0,1,1,0,0,0,1,0,0.4,0.4,1.2,1.6,17,62,67,0.0,0.05,0.05,0.0,0.05,0.02,0.07,0.09,0.02,0.09
92,Trevoh Chalobah,ENG,DF,Crystal Palace,25,1999,12,12,1060,11.8,3,0,3,3,0,0,1,0,1.2,1.2,0.4,1.6,11,34,6,0.25,0.0,0.25,0.25,0.25,0.1,0.03,0.14,0.1,0.14
93,Trevoh Chalobah,ENG,DF,Chelsea,25,1999,13,11,910,10.1,0,1,1,0,0,0,2,0,0.8,0.8,1.2,2.0,4,37,2,0.0,0.1,0.1,0.0,0.1,0.08,0.12,0.19,0.08,0.19
94,Conor Chaplin,ENG,"MF,FW",Ipswich Town,27,1997,22,10,857,9.5,1,1,2,1,0,0,2,0,1.5,1.5,0.7,2.2,13,29,23,0.11,0.11,0.21,0.11,0.21,0.16,0.07,0.23,0.16,0.23
95,Youssef Chermiti,POR,"FW,MF",Everton,20,2004,4,0,45,0.5,0,0,0,0,0,0,1,0,0.1,0.1,0.0,0.1,0,1,6,0.0,0.0,0.0,0.0,0.0,0.22,0.0,0.22,0.22,0.22
96,Federico Chiesa,ITA,FW,Liverpool,26,1997,6,1,108,1.2,0,0,0,0,0,0,0,0,0.3,0.3,0.2,0.5,3,3,7,0.0,0.0,0.0,0.0,0.0,0.28,0.15,0.43,0.28,0.43
97,Ben Chilwell,ENG,DF,Crystal Palace,27,1996,8,1,259,2.9,1,0,1,1,0,0,1,0,0.2,0.2,0.8,1.0,5,8,15,0.35,0.0,0.35,0.35,0.35,0.08,0.26,0.34,0.08,0.34
98,Chiquinho,POR,MF,Wolves,24,2000,1,0,7,0.1,0,0,0,0,0,0,0,0,0.0,0.0,0.0,0.0,0,0,0,0.0,0.0,0.0,0.0,0.0,0.0,0.42,0.42,0.0,0.42
99,Hamza Choudhury,BAN,"MF,DF",Leicester City,26,1997,4,1,131,1.5,0,0,0,0,0,0,0,0,0.0,0.0,0.4,0.4,4,3,6,0.0,0.0,0.0,0.0,0.0,0.0,0.27,0.27,0.0,0.27
100,Ryan Christie,SCO,MF,Bournemouth,29,1995,29,27,2117,23.5,2,3,5,2,0,0,9,0,1.8,1.8,3.5,5.4,34,137,44,0.09,0.13,0.21,0.09,0.21,0.08,0.15,0.23,0.08,0.23
101,Harry Clarke,ENG,DF,Ipswich Town,23,2001,7,4,379,4.2,0,0,0,0,0,0,3,1,0.1,0.1,0.0,0.1,5,14,2,0.0,0.0,0.0,0.0,0.0,0.02,0.01,0.03,0.02,0.03
102,Jack Clarke,ENG,"FW,MF",Ipswich Town,23,2000,32,12,1181,13.1,0,4,4,0,0,0,2,0,1.2,1.2,2.3,3.5,39,44,57,0.0,0.3,0.3,0.0,0.3,0.09,0.17,0.26,0.09,0.26
103,Nathaniel Clyne,ENG,"DF,MF",Crystal Palace,33,1991,13,5,483,5.4,0,0,0,0,0,0,1,0,0.0,0.0,0.3,0.3,6,7,8,0.0,0.0,0.0,0.0,0.0,0.0,0.06,0.06,0.0,0.06
104,Conor Coady,ENG,DF,Leicester City,31,1993,22,19,1714,19.0,1,0,1,1,0,0,3,0,0.4,0.4,0.1,0.5,3,32,0,0.05,0.0,0.05,0.05,0.05,0.02,0.0,0.03,0.02,0.03
105,Séamus Coleman,IRL,DF,Everton,35,1988,5,3,215,2.4,0,0,0,0,0,0,1,0,0.6,0.6,0.0,0.6,1,11,7,0.0,0.0,0.0,0.0,0.0,0.24,0.0,0.24,0.24,0.24
106,Nathan Collins,IRL,DF,Brentford,23,2001,38,38,3420,38.0,2,3,5,2,0,0,5,0,2.5,2.5,1.8,4.3,32,127,18,0.05,0.08,0.13,0.05,0.13,0.07,0.05,0.11,0.07,0.11
107,Toby Collyer,ENG,MF,Manchester Utd,20,2004,6,0,179,2.0,0,0,0,0,0,0,0,0,0.2,0.2,0.3,0.4,0,5,2,0.0,0.0,0.0,0.0,0.0,0.09,0.13,0.22,0.09,0.22
108,Levi Colwill,ENG,DF,Chelsea,21,2003,35,35,3149,35.0,2,1,3,2,0,0,9,0,1.9,1.9,1.1,3.0,14,131,12,0.06,0.03,0.09,0.06,0.09,0.05,0.03,0.09,0.05,0.09
109,Lewis Cook,ENG,"MF,DF",Bournemouth,27,1997,36,32,2978,33.1,1,3,4,1,0,0,8,1,0.9,0.9,4.1,5.1,33,158,52,0.03,0.09,0.12,0.03,0.12,0.03,0.12,0.15,0.03,0.15
110,Maxwel Cornet,CIV,FW,Southampton,27,1996,2,1,72,0.8,0,0,0,0,0,0,1,0,0.2,0.2,0.0,0.2,1,0,5,0.0,0.0,0.0,0.0,0.0,0.2,0.0,0.2,0.2,0.2
111,Vladimír Coufal,CZE,DF,West Ham,31,1992,22,11,1067,11.9,0,0,0,0,0,0,5,0,0.3,0.3,0.7,1.0,26,39,33,0.0,0.0,0.0,0.0,0.0,0.03,0.06,0.08,0.03,0.08
112,Woyo Coulibaly,MLI,DF,Leicester City,25,1999,4,1,109,1.2,0,0,0,0,0,0,1,0,0.0,0.0,0.0,0.0,4,3,2,0.0,0.0,0.0,0.0,0.0,0.04,0.0,0.04,0.04,0.04
113,Aaron Cresswell,ENG,DF,West Ham,34,1989,18,10,824,9.2,0,0,0,0,0,0,3,0,0.2,0.2,1.3,1.6,6,36,4,0.0,0.0,0.0,0.0,0.0,0.03,0.15,0.17,0.03,0.17
114,Marc Cucurella,ESP,DF,Chelsea,26,1998,36,33,2988,33.2,5,1,6,5,0,0,10,1,2.8,2.8,2.1,4.9,35,118,117,0.15,0.03,0.18,0.15,0.18,0.08,0.06,0.15,0.08,0.15
115,Jorge Cuenca,ESP,DF,Fulham,24,1999,8,4,351,3.9,0,0,0,0,0,0,0,0,0.0,0.0,0.0,0.0,0,10,0,0.0,0.0,0.0,0.0,0.0,0.01,0.0,0.01,0.01,0.01
116,Matheus Cunha,BRA,"MF,FW",Wolves,25,1999,33,29,2597,28.9,15,6,21,15,0,0,4,0,8.6,8.6,7.7,16.4,112,144,161,0.52,0.21,0.73,0.52,0.73,0.3,0.27,0.57,0.3,0.57
117,Patson Daka,ZAM,"FW,MF",Leicester City,25,1998,23,6,736,8.2,1,0,1,1,0,0,0,0,1.3,1.3,0.1,1.3,11,8,36,0.12,0.0,0.12,0.12,0.12,0.15,0.01,0.16,0.15,0.16
118,Diogo Dalot,POR,DF,Manchester Utd,25,1999,33,31,2814,31.3,0,3,3,0,0,0,5,0,2.0,2.0,2.0,4.1,62,103,168,0.0,0.1,0.1,0.0,0.1,0.07,0.07,0.13,0.07,0.13
119,Mikkel Damsgaard,DEN,"MF,FW",Brentford,24,2000,38,34,2911,32.3,2,10,12,2,0,0,2,0,2.8,2.8,8.4,11.2,73,234,137,0.06,0.31,0.37,0.06,0.37,0.09,0.26,0.35,0.09,0.35
120,Danilo,BRA,"MF,FW",Nott'ham Forest,23,2001,8,5,275,3.1,0,0,0,0,0,0,0,0,0.0,0.0,0.0,0.0,2,11,1,0.0,0.0,0.0,0.0,0.0,0.0,0.0,0.0,0.0,0.0
121,Jayden Danns,ENG,MF,Liverpool,18,2006,1,0,11,0.1,0,0,0,0,0,0,0,0,0.0,0.0,0.0,0.0,0,0,0,0.0,0.0,0.0,0.0,0.0,0.0,0.0,0.0,0.0,0.0
122,Kevin Danso,AUT,DF,Tottenham,25,1998,10,9,842,9.4,0,0,0,0,0,0,0,0,0.4,0.4,0.1,0.5,11,19,1,0.0,0.0,0.0,0.0,0.0,0.04,0.01,0.05,0.04,0.05
123,Ben Davies,WAL,DF,Tottenham,31,1993,17,14,1331,14.8,0,0,0,0,0,0,5,0,0.3,0.3,0.2,0.5,14,52,6,0.0,0.0,0.0,0.0,0.0,0.02,0.01,0.03,0.02,0.03
124,Leif Davis,ENG,DF,Ipswich Town,24,2000,33,32,2743,30.5,1,2,3,1,0,0,5,1,1.0,1.0,4.9,5.8,52,59,137,0.03,0.07,0.1,0.03,0.1,0.03,0.16,0.19,0.03,0.19
125,Craig Dawson,ENG,DF,Wolves,34,1990,15,10,971,10.8,0,0,0,0,0,0,2,0,0.5,0.5,0.0,0.5,6,20,5,0.0,0.0,0.0,0.0,0.0,0.05,0.0,0.05,0.05,0.05
126,Kevin De Bruyne,BEL,"MF,FW",Manchester City,33,1991,28,19,1702,18.9,4,7,11,4,0,0,2,0,5.1,5.1,8.0,13.1,51,157,150,0.21,0.37,0.58,0.21,0.58,0.27,0.42,0.69,0.27,0.69
127,Bobby De Cordova-Reid,JAM,FW,Leicester City,31,1993,23,9,744,8.3,1,2,3,1,0,0,2,0,0.8,0.8,1.2,2.0,14,15,48,0.12,0.24,0.36,0.12,0.36,0.1,0.15,0.24,0.1,0.24
128,Liam Delap,ENG,FW,Ipswich Town,21,2003,37,32,2593,28.8,12,2,14,10,2,2,12,0,9.3,7.8,1.9,9.7,61,30,110,0.42,0.07,0.49,0.35,0.42,0.32,0.07,0.39,0.27,0.34
129,Sepp van den Berg,NED,DF,Brentford,22,2001,31,29,2586,28.7,0,0,0,0,0,0,3,0,2.0,2.0,0.8,2.8,12,79,28,0.0,0.0,0.0,0.0,0.0,0.07,0.03,0.1,0.07,0.1
130,Justin Devenny,NIR,MF,Crystal Palace,20,2003,23,4,507,5.6,1,1,2,1,0,0,1,0,0.8,0.8,0.6,1.4,5,21,13,0.18,0.18,0.36,0.18,0.36,0.14,0.11,0.25,0.14,0.25
131,Kiernan Dewsbury-Hall,ENG,"MF,FW",Chelsea,25,1998,13,2,264,2.9,0,1,1,0,0,0,0,0,0.2,0.2,1.1,1.3,5,14,11,0.0,0.34,0.34,0.0,0.34,0.08,0.36,0.44,0.08,0.44
132,Amad Diallo,CIV,"MF,FW",Manchester Utd,22,2002,26,20,1901,21.1,8,6,14,8,0,0,5,0,4.7,4.7,4.9,9.6,109,60,200,0.38,0.28,0.66,0.38,0.66,0.22,0.23,0.45,0.22,0.45
133,Rúben Dias,POR,DF,Manchester City,27,1997,27,25,2271,25.2,0,0,0,0,0,0,4,0,1.5,1.5,0.3,1.8,43,160,8,0.0,0.0,0.0,0.0,0.0,0.06,0.01,0.07,0.06,0.07
134,Luis Díaz,COL,FW,Liverpool,27,1997,36,28,2399,26.7,13,5,18,13,0,0,2,0,12.0,12.0,5.0,17.1,108,110,293,0.49,0.19,0.68,0.49,0.68,0.45,0.19,0.64,0.45,0.64
135,Tyler Dibling,ENG,"FW,MF",Southampton,18,2006,33,20,1874,20.8,2,0,2,2,0,0,6,0,2.5,2.5,1.5,4.1,69,64,96,0.1,0.0,0.1,0.1,0.1,0.12,0.07,0.2,0.12,0.2
136,Lucas Digne,FRA,DF,Aston Villa,31,1993,32,28,2351,26.1,0,4,4,0,0,0,4,0,0.8,0.8,4.7,5.5,23,57,142,0.0,0.15,0.15,0.0,0.15,0.03,0.18,0.21,0.03,0.21
137,Issa Diop,FRA,DF,Fulham,27,1997,21,15,1339,14.9,0,0,0,0,0,0,2,0,0.5,0.5,0.1,0.6,6,25,3,0.0,0.0,0.0,0.0,0.0,0.04,0.01,0.04,0.04,0.04
138,Axel Disasi,FRA,DF,Aston Villa,26,1998,7,5,490,5.4,0,0,0,0,0,0,2,0,0.1,0.1,0.4,0.5,10,16,5,0.0,0.0,0.0,0.0,0.0,0.02,0.07,0.09,0.02,0.09
139,Axel Disasi,FRA,DF,Chelsea,26,1998,6,4,364,4.0,1,0,1,1,0,0,1,0,0.3,0.3,0.1,0.4,6,16,2,0.25,0.0,0.25,0.25,0.25,0.07,0.02,0.09,0.07,0.09
140,Roman Dixon,ENG,DF,Everton,19,2004,1,1,90,1.0,0,0,0,0,0,0,0,0,0.0,0.0,0.0,0.0,0,0,1,0.0,0.0,0.0,0.0,0.0,0.0,0.0,0.0,0.0,0.0
141,Nasser Djiga,BFA,DF,Wolves,21,2002,5,1,66,0.7,0,0,0,0,0,0,0,0,0.0,0.0,0.0,0.0,0,3,2,0.0,0.0,0.0,0.0,0.0,0.0,0.0,0.0,0.0,0.0
142,Matt Doherty,IRL,DF,Wolves,32,1992,30,25,2109,23.4,2,1,3,2,0,0,6,0,1.0,1.0,1.5,2.6,29,79,41,0.09,0.04,0.13,0.09,0.13,0.04,0.07,0.11,0.04,0.11
143,Jeremy Doku,BEL,"FW,MF",Manchester City,22,2002,29,16,1516,16.8,3,6,9,3,0,0,1,0,1.3,1.3,4.8,6.1,213,69,286,0.18,0.36,0.53,0.18,0.53,0.08,0.29,0.36,0.08,0.36
144,Nicolás Domínguez,ARG,"MF,FW",Nott'ham Forest,26,1998,34,23,1963,21.8,0,1,1,0,0,0,9,0,1.5,1.5,1.3,2.8,16,83,33,0.0,0.05,0.05,0.0,0.05,0.07,0.06,0.13,0.07,0.13
145,Patrick Dorgu,DEN,DF,Manchester Utd,19,2004,12,10,842,9.4,0,0,0,0,0,0,3,1,0.4,0.4,0.7,1.2,41,34,83,0.0,0.0,0.0,0.0,0.0,0.05,0.08,0.12,0.05,0.12
146,Alfie Dorrington,ENG,DF,Tottenham,19,2005,1,0,14,0.2,0,0,0,0,0,0,0,0,0.0,0.0,0.0,0.0,0,0,0,0.0,0.0,0.0,0.0,0.0,0.0,0.0,0.0,0.0,0.0
147,Abdoulaye Doucouré,MLI,MF,Everton,31,1993,33,31,2564,28.5,3,2,5,3,0,0,5,1,4.1,4.1,2.4,6.6,42,82,96,0.11,0.07,0.18,0.11,0.18,0.15,0.09,0.23,0.15,0.23
148,Cheick Doucouré,MLI,MF,Crystal Palace,24,2000,13,4,452,5.0,0,0,0,0,0,0,1,0,0.4,0.4,0.0,0.4,2,19,7,0.0,0.0,0.0,0.0,0.0,0.08,0.0,0.08,0.08,0.08
149,Flynn Downes,ENG,MF,Southampton,25,1999,27,25,2151,23.9,1,0,1,1,0,0,12,0,0.6,0.6,1.1,1.7,29,66,29,0.04,0.0,0.04,0.04,0.04,0.03,0.05,0.07,0.03,0.07
150,Tommy Doyle,ENG,MF,Wolves,22,2001,24,3,488,5.4,0,1,1,0,0,0,1,0,0.6,0.6,0.5,1.1,6,40,4,0.0,0.18,0.18,0.0,0.18,0.1,0.09,0.2,0.1,0.2
151,Radu Drăgușin,ROU,DF,Tottenham,22,2002,16,14,1252,13.9,0,0,0,0,0,0,1,0,0.1,0.1,0.4,0.5,7,37,2,0.0,0.0,0.0,0.0,0.0,0.01,0.03,0.04,0.01,0.04
152,Martin Dúbravka,SVK,GK,Newcastle Utd,35,1989,10,10,900,10.0,0,0,0,0,0,0,0,0,0.0,0.0,0.0,0.0,0,0,0,0.0,0.0,0.0,0.0,0.0,0.0,0.0,0.0,0.0,0.0
153,Lewis Dunk,ENG,DF,Brighton,32,1991,25,23,2083,23.1,0,0,0,0,0,0,5,0,0.8,0.8,0.5,1.3,20,142,3,0.0,0.0,0.0,0.0,0.0,0.03,0.02,0.06,0.03,0.06
154,Jáder Durán,COL,FW,Aston Villa,20,2003,20,4,638,7.1,7,0,7,7,0,0,3,1,4.9,4.9,0.2,5.1,7,13,44,0.99,0.0,0.99,0.99,0.99,0.69,0.03,0.71,0.69,0.71
155,Claudio Echeverri,ARG,FW,Manchester City,18,2006,1,0,6,0.1,0,0,0,0,0,0,0,0,0.0,0.0,0.0,0.0,0,1,1,0.0,0.0,0.0,0.0,0.0,0.0,0.0,0.0,0.0,0.0
156,Ederson,BRA,GK,Manchester City,30,1993,26,26,2320,25.8,0,4,4,0,0,0,4,0,0.0,0.0,1.5,1.5,0,2,0,0.0,0.16,0.16,0.0,0.16,0.0,0.06,0.06,0.0,0.06
157,George Edmundson,ENG,DF,Ipswich Town,26,1997,1,0,2,0.0,0,0,0,0,0,0,0,0,0.0,0.0,0.0,0.0,0,0,0,0.0,0.0,0.0,0.0,0.0,0.0,0.0,0.0,0.0,0.0
158,Odsonne Édouard,FRA,"MF,FW",Crystal Palace,26,1998,2,1,115,1.3,0,0,0,0,0,0,0,0,0.4,0.4,0.0,0.4,3,4,7,0.0,0.0,0.0,0.0,0.0,0.31,0.04,0.34,0.31,0.34
159,Odsonne Édouard,FRA,FW,Leicester City,26,1998,4,0,29,0.3,0,0,0,0,0,0,0,0,0.0,0.0,0.0,0.0,0,1,2,0.0,0.0,0.0,0.0,0.0,0.0,0.13,0.13,0.0,0.13
160,Samuel Edozie,ENG,"DF,FW",Southampton,21,2003,2,0,65,0.7,0,0,0,0,0,0,1,0,0.0,0.0,0.1,0.1,6,4,23,0.0,0.0,0.0,0.0,0.0,0.0,0.14,0.14,0.0,0.14
161,Ronnie Edwards,ENG,DF,Southampton,21,2003,1,0,12,0.1,0,0,0,0,0,0,0,0,0.0,0.0,0.0,0.0,0,0,0,0.0,0.0,0.0,0.0,0.0,0.0,0.0,0.0,0.0,0.0
162,Anthony Elanga,SWE,"FW,MF",Nott'ham Forest,22,2002,38,31,2501,27.8,6,11,17,6,0,0,1,0,4.5,4.5,5.7,10.1,102,63,229,0.22,0.4,0.61,0.22,0.61,0.16,0.2,0.36,0.16,0.36
163,Harvey Elliott,ENG,MF,Liverpool,21,2003,18,2,371,4.1,1,2,3,1,0,0,1,0,1.8,1.8,1.1,2.8,10,44,30,0.24,0.49,0.73,0.24,0.73,0.43,0.26,0.69,0.43,0.69
164,Yunus Emre Konak,TUR,"FW,MF",Brentford,18,2006,10,0,42,0.5,0,0,0,0,0,0,0,0,0.2,0.2,0.0,0.2,1,2,2,0.0,0.0,0.0,0.0,0.0,0.33,0.0,0.33,0.33,0.33
165,Julio Enciso,PAR,"MF,FW",Ipswich Town,20,2004,13,12,869,9.7,2,3,5,2,0,0,3,0,1.7,1.7,1.4,3.1,23,28,44,0.21,0.31,0.52,0.21,0.52,0.18,0.14,0.32,0.18,0.32
166,Julio Enciso,PAR,"MF,FW",Brighton,20,2004,12,2,294,3.3,0,0,0,0,0,0,0,0,1.0,1.0,0.2,1.2,11,14,17,0.0,0.0,0.0,0.0,0.0,0.31,0.07,0.38,0.31,0.38
167,Wataru Endo,JPN,"MF,DF",Liverpool,31,1993,20,1,273,3.0,0,0,0,0,0,0,0,0,0.0,0.0,0.1,0.1,1,19,8,0.0,0.0,0.0,0.0,0.0,0.0,0.02,0.02,0.0,0.02
168,Christian Eriksen,DEN,MF,Manchester Utd,32,1992,23,11,1061,11.8,1,2,3,0,1,1,4,0,1.4,0.6,3.2,3.8,13,55,29,0.08,0.17,0.25,0.0,0.17,0.12,0.27,0.39,0.05,0.32
169,Romain Esse,ENG,MF,Crystal Palace,19,2005,7,1,138,1.5,1,1,2,1,0,0,0,0,0.3,0.3,0.4,0.7,1,7,14,0.65,0.65,1.3,0.65,1.3,0.21,0.27,0.48,0.21,0.48
170,Pervis Estupiñán,ECU,DF,Brighton,26,1998,30,26,2402,26.7,1,1,2,1,0,0,5,0,1.2,1.2,2.1,3.3,59,132,112,0.04,0.04,0.07,0.04,0.07,0.04,0.08,0.12,0.04,0.12
171,Evanilson,BRA,FW,Bournemouth,24,1999,31,28,2319,25.8,10,1,11,10,0,1,1,1,12.5,11.7,1.9,13.6,29,28,99,0.39,0.04,0.43,0.39,0.43,0.48,0.07,0.56,0.45,0.53
172,Jake Evans,ENG,FW,Leicester City,17,2008,4,0,24,0.3,0,0,0,0,0,0,0,0,0.0,0.0,0.0,0.0,0,0,1,0.0,0.0,0.0,0.0,0.0,0.0,0.0,0.0,0.0,0.0
173,Jonny Evans,NIR,DF,Manchester Utd,36,1988,7,3,315,3.5,0,0,0,0,0,0,1,0,0.1,0.1,0.0,0.1,3,10,3,0.0,0.0,0.0,0.0,0.0,0.04,0.0,0.04,0.04,0.04
174,Eberechi Eze,ENG,"MF,FW",Crystal Palace,26,1998,34,31,2588,28.8,8,8,16,7,1,2,1,0,10.5,8.9,6.2,15.1,69,97,153,0.28,0.28,0.56,0.24,0.52,0.36,0.22,0.58,0.31,0.53
175,Łukasz Fabiański,POL,GK,West Ham,39,1985,14,13,1160,12.9,0,0,0,0,0,0,2,0,0.0,0.0,0.0,0.0,0,0,0,0.0,0.0,0.0,0.0,0.0,0.0,0.0,0.0,0.0,0.0
176,Wout Faes,BEL,DF,Leicester City,26,1998,34,30,2815,31.3,1,0,1,1,0,0,4,0,1.5,1.5,0.1,1.6,12,86,1,0.03,0.0,0.03,0.03,0.03,0.05,0.0,0.05,0.05,0.05
177,Abdul Fatawu Issahaku,GHA,FW,Leicester City,20,2004,11,6,579,6.4,0,2,2,0,0,0,0,0,0.4,0.4,1.6,2.0,42,17,60,0.0,0.31,0.31,0.0,0.31,0.06,0.24,0.31,0.06,0.31
178,João Félix,POR,"FW,MF",Chelsea,24,1999,12,3,369,4.1,1,1,2,1,0,0,2,0,2.2,2.2,1.0,3.2,21,26,30,0.24,0.24,0.49,0.24,0.49,0.54,0.23,0.78,0.54,0.78
179,Evan Ferguson,IRL,FW,West Ham,19,2004,8,1,156,1.7,0,0,0,0,0,0,0,0,0.6,0.6,0.3,0.9,1,1,7,0.0,0.0,0.0,0.0,0.0,0.32,0.17,0.5,0.32,0.5
180,Evan Ferguson,IRL,FW,Brighton,19,2004,13,2,246,2.7,1,0,1,1,0,0,0,0,0.5,0.5,0.4,1.0,2,1,9,0.37,0.0,0.37,0.37,0.37,0.2,0.15,0.35,0.2,0.35
181,Bruno Fernandes,POR,MF,Manchester Utd,29,1994,36,35,3018,33.5,8,10,18,5,3,3,5,2,9.9,7.6,8.5,16.1,77,325,129,0.24,0.3,0.54,0.15,0.45,0.3,0.25,0.55,0.23,0.48
182,Mateus Fernandes,POR,MF,Southampton,20,2004,36,34,2909,32.3,2,4,6,2,0,0,8,0,4.0,4.0,3.0,7.0,76,145,108,0.06,0.12,0.19,0.06,0.19,0.12,0.09,0.22,0.12,0.22
183,Enzo Fernández,ARG,MF,Chelsea,23,2001,36,32,2947,32.7,6,7,13,6,0,0,8,0,6.1,6.1,6.8,12.9,60,212,126,0.18,0.21,0.4,0.18,0.4,0.19,0.21,0.39,0.19,0.39
184,Mark Flekken,NED,GK,Brentford,31,1993,37,37,3275,36.4,0,2,2,0,0,0,1,0,0.0,0.0,0.5,0.5,0,0,0,0.0,0.05,0.05,0.0,0.05,0.0,0.01,0.01,0.0,0.01
185,Phil Foden,ENG,"MF,FW",Manchester City,24,2000,28,20,1777,19.7,7,2,9,7,0,0,2,0,5.2,5.2,4.8,9.9,50,103,128,0.35,0.1,0.46,0.35,0.46,0.26,0.24,0.5,0.26,0.5
186,Wesley Fofana,FRA,DF,Chelsea,23,2000,14,14,1172,13.0,0,0,0,0,0,0,7,0,0.4,0.4,0.4,0.8,19,32,4,0.0,0.0,0.0,0.0,0.0,0.03,0.03,0.07,0.03,0.06
187,Carlos Forbs,POR,"MF,FW",Wolves,20,2004,10,1,239,2.7,0,0,0,0,0,0,2,0,0.1,0.1,0.0,0.2,10,8,28,0.0,0.0,0.0,0.0,0.0,0.05,0.01,0.07,0.05,0.07
188,Fraser Forster,ENG,GK,Tottenham,36,1988,7,7,630,7.0,0,0,0,0,0,0,0,0,0.0,0.0,0.0,0.0,0,0,0,0.0,0.0,0.0,0.0,0.0,0.0,0.0,0.0,0.0,0.0
189,Matheus França,BRA,"MF,FW",Crystal Palace,20,2004,4,0,55,0.6,1,0,1,1,0,0,0,0,0.3,0.3,0.0,0.3,4,3,4,1.64,0.0,1.64,1.64,1.64,0.42,0.0,0.42,0.42,0.42
190,Ryan Fraser,SCO,"FW,DF",Southampton,30,1994,8,4,306,3.4,0,0,0,0,0,0,0,1,0.0,0.0,0.1,0.1,10,8,18,0.0,0.0,0.0,0.0,0.0,0.01,0.03,0.04,0.01,0.04
191,Tyler Fredricson,ENG,DF,Manchester Utd,19,2005,2,2,165,1.8,0,0,0,0,0,0,0,0,0.0,0.0,0.0,0.0,2,8,0,0.0,0.0,0.0,0.0,0.0,0.0,0.0,0.0,0.0,0.0
192,Niclas Füllkrug,GER,FW,West Ham,31,1993,18,6,790,8.8,3,2,5,3,0,0,2,0,2.2,2.2,1.9,4.1,7,14,31,0.34,0.23,0.57,0.34,0.57,0.25,0.22,0.46,0.25,0.46
193,Cody Gakpo,NED,FW,Liverpool,25,1999,35,23,1935,21.5,10,4,14,10,0,0,5,0,7.1,7.1,4.4,11.5,59,52,278,0.47,0.19,0.65,0.47,0.65,0.33,0.2,0.53,0.33,0.53
194,Idrissa Gana Gueye,SEN,MF,Everton,34,1989,37,35,3063,34.0,0,3,3,0,0,0,9,0,1.1,1.1,1.7,2.8,27,145,27,0.0,0.09,0.09,0.0,0.09,0.03,0.05,0.08,0.03,0.08
195,Andrés García,ESP,"DF,MF",Aston Villa,21,2003,7,5,318,3.5,0,0,0,0,0,0,0,0,0.0,0.0,0.2,0.2,26,15,28,0.0,0.0,0.0,0.0,0.0,0.01,0.05,0.06,0.01,0.06
196,Alejandro Garnacho,ARG,"MF,FW",Manchester Utd,20,2004,36,23,2199,24.4,6,2,8,6,0,0,3,0,7.3,7.3,4.5,11.8,141,56,290,0.25,0.08,0.33,0.25,0.33,0.3,0.19,0.48,0.3,0.48
197,James Garner,ENG,"MF,DF",Everton,23,2001,21,17,1594,17.7,0,1,1,0,0,0,5,0,0.7,0.7,1.4,2.1,15,50,30,0.0,0.06,0.06,0.0,0.06,0.04,0.08,0.12,0.04,0.12
198,Tyrique George,ENG,FW,Chelsea,18,2006,8,1,183,2.0,1,1,2,1,0,0,1,0,0.2,0.2,0.7,0.9,9,3,22,0.49,0.49,0.98,0.49,0.98,0.1,0.36,0.46,0.1,0.46
199,Morgan Gibbs-White,ENG,MF,Nott'ham Forest,24,2000,34,34,2803,31.1,7,8,15,7,0,0,11,1,6.3,6.3,5.0,11.2,69,164,136,0.22,0.26,0.48,0.22,0.48,0.2,0.16,0.36,0.2,0.36
200,Billy Gilmour,SCO,MF,Brighton,23,2001,2,1,98,1.1,0,0,0,0,0,0,0,0,0.1,0.1,0.0,0.1,2,11,2,0.0,0.0,0.0,0.0,0.0,0.07,0.0,0.07,0.07,0.07
201,Ben Godfrey,ENG,DF,Ipswich Town,26,1998,3,2,159,1.8,0,0,0,0,0,0,1,0,0.0,0.0,0.0,0.0,2,4,1,0.0,0.0,0.0,0.0,0.0,0.0,0.0,0.0,0.0,0.0
202,Martial Godo,ENG,"FW,DF",Fulham,21,2003,2,0,24,0.3,0,0,0,0,0,0,0,0,0.0,0.0,0.1,0.1,2,3,6,0.0,0.0,0.0,0.0,0.0,0.0,0.21,0.21,0.0,0.21
203,Michael Golding,ENG,MF,Leicester City,18,2006,1,0,1,0.0,0,0,0,0,0,0,0,0,0.0,0.0,0.0,0.0,0,0,0,0.0,0.0,0.0,0.0,0.0,0.0,0.0,0.0,0.0,0.0
204,João Gomes,BRA,MF,Wolves,23,2001,36,35,2974,33.0,3,1,4,3,0,0,11,1,2.9,2.9,1.2,4.1,59,165,76,0.09,0.03,0.12,0.09,0.12,0.09,0.04,0.12,0.09,0.12
205,Rodrigo Gomes,POR,"DF,FW",Wolves,21,2003,25,7,810,9.0,2,0,2,2,0,0,0,0,0.7,0.7,0.9,1.6,23,27,81,0.22,0.0,0.22,0.22,0.22,0.08,0.1,0.18,0.08,0.18
206,Toti Gomes,POR,DF,Wolves,25,1999,31,30,2614,29.0,0,1,1,0,0,0,7,0,0.7,0.7,0.9,1.7,27,86,18,0.0,0.03,0.03,0.0,0.03,0.03,0.03,0.06,0.03,0.06
207,Diego Gómez,PAR,MF,Brighton,21,2003,16,4,516,5.7,1,0,1,1,0,0,0,0,0.9,0.9,0.7,1.6,8,27,23,0.17,0.0,0.17,0.17,0.17,0.15,0.13,0.28,0.15,0.28
208,Joe Gomez,ENG,DF,Liverpool,27,1997,9,6,519,5.8,0,0,0,0,0,0,1,0,0.3,0.3,0.1,0.4,5,35,2,0.0,0.0,0.0,0.0,0.0,0.06,0.02,0.08,0.06,0.08
209,Nicolás González,ESP,MF,Manchester City,22,2002,11,9,760,8.4,1,0,1,1,0,0,3,0,0.5,0.5,0.1,0.5,9,50,11,0.12,0.0,0.12,0.12,0.12,0.06,0.01,0.06,0.06,0.06
210,Anthony Gordon,ENG,"FW,MF",Newcastle Utd,23,2001,34,28,2434,27.0,6,5,11,5,1,2,2,0,8.0,6.5,5.0,11.4,121,98,214,0.22,0.18,0.41,0.18,0.37,0.3,0.18,0.48,0.24,0.42
211,Ryan Gravenberch,NED,MF,Liverpool,22,2002,37,37,3160,35.1,0,4,4,0,0,0,6,1,1.1,1.1,3.1,4.2,70,181,55,0.0,0.11,0.11,0.0,0.11,0.03,0.09,0.12,0.03,0.12
212,Archie Gray,ENG,"DF,MF",Tottenham,18,2006,28,19,1751,19.5,0,0,0,0,0,0,1,0,0.0,0.0,0.1,0.2,7,40,17,0.0,0.0,0.0,0.0,0.0,0.0,0.01,0.01,0.0,0.01
213,Jack Grealish,ENG,"FW,MF",Manchester City,28,1995,20,7,721,8.0,1,1,2,1,0,0,3,0,1.1,1.1,1.8,3.0,69,52,118,0.12,0.12,0.25,0.12,0.25,0.14,0.23,0.37,0.14,0.37
214,Jacob Greaves,ENG,DF,Ipswich Town,23,2000,25,25,2205,24.5,1,0,1,1,0,0,5,0,1.3,1.3,0.3,1.6,11,69,11,0.04,0.0,0.04,0.04,0.04,0.05,0.01,0.06,0.05,0.06
215,Brajan Gruda,GER,"MF,FW",Brighton,20,2004,21,8,687,7.6,1,4,5,1,0,0,0,0,1.2,1.2,2.1,3.3,22,26,57,0.13,0.52,0.66,0.13,0.66,0.16,0.28,0.43,0.16,0.43
216,Albert Grønbaek,DEN,"FW,MF",Southampton,23,2001,4,2,143,1.6,0,0,0,0,0,0,0,0,0.1,0.1,0.0,0.1,1,1,3,0.0,0.0,0.0,0.0,0.0,0.07,0.01,0.08,0.07,0.08
217,Gonçalo Guedes,POR,"MF,FW",Wolves,27,1996,29,10,995,11.1,2,4,6,2,0,0,1,0,3.2,3.2,1.3,4.5,41,40,79,0.18,0.36,0.54,0.18,0.54,0.29,0.11,0.4,0.29,0.4
218,Marc Guéhi,ENG,DF,Crystal Palace,24,2000,34,34,3059,34.0,3,2,5,3,0,0,9,1,2.0,2.0,1.8,3.7,22,134,10,0.09,0.06,0.15,0.09,0.15,0.06,0.05,0.11,0.06,0.11
219,Luis Guilherme,BRA,"MF,FW",West Ham,18,2006,12,1,150,1.7,0,0,0,0,0,0,0,0,0.4,0.4,0.1,0.5,4,5,16,0.0,0.0,0.0,0.0,0.0,0.25,0.05,0.3,0.25,0.3
220,Bruno Guimarães,BRA,MF,Newcastle Utd,26,1997,38,38,3271,36.3,5,6,11,5,0,0,7,0,4.3,4.3,6.1,10.4,64,271,96,0.14,0.17,0.3,0.14,0.3,0.12,0.17,0.29,0.12,0.29
221,Marc Guiu,ESP,FW,Chelsea,18,2006,3,0,73,0.8,0,0,0,0,0,0,0,0,0.0,0.0,0.0,0.0,0,0,3,0.0,0.0,0.0,0.0,0.0,0.0,0.04,0.04,0.0,0.04
222,İlkay Gündoğan,GER,MF,Manchester City,33,1990,33,25,2223,24.7,1,6,7,1,0,0,1,0,3.2,3.2,3.5,6.7,64,127,96,0.04,0.24,0.28,0.04,0.28,0.13,0.14,0.27,0.13,0.27
223,Malo Gusto,FRA,DF,Chelsea,21,2003,32,19,1862,20.7,0,1,1,0,0,0,4,0,1.7,1.7,1.4,3.1,50,119,85,0.0,0.05,0.05,0.0,0.05,0.08,0.07,0.15,0.08,0.15
224,Joško Gvardiol,CRO,DF,Manchester City,22,2002,37,36,3277,36.4,5,0,5,5,0,0,2,0,4.6,4.3,2.1,6.3,91,264,121,0.14,0.0,0.14,0.14,0.14,0.13,0.06,0.18,0.12,0.17
225,Erling Haaland,NOR,FW,Manchester City,24,2000,31,31,2736,30.4,22,3,25,19,3,4,2,0,22.0,18.8,3.0,21.8,24,20,124,0.72,0.1,0.82,0.62,0.72,0.72,0.1,0.82,0.62,0.72
226,Lewis Hall,ENG,DF,Newcastle Utd,19,2004,27,24,2189,24.3,0,4,4,0,0,0,3,0,0.4,0.4,4.3,4.7,41,123,80,0.0,0.16,0.16,0.0,0.16,0.02,0.18,0.19,0.02,0.19
227,Ali Al Hamadi,IRQ,FW,Ipswich Town,22,2002,11,0,134,1.5,0,0,0,0,0,0,3,0,0.4,0.4,0.1,0.4,4,3,14,0.0,0.0,0.0,0.0,0.0,0.24,0.05,0.28,0.24,0.28
228,Marcus Harness,ENG,MF,Ipswich Town,28,1996,2,0,45,0.5,0,0,0,0,0,0,0,0,0.0,0.0,0.0,0.0,0,2,1,0.0,0.0,0.0,0.0,0.0,0.0,0.0,0.0,0.0,0.0
229,Jack Harrison,ENG,FW,Everton,27,1996,34,24,2076,23.1,1,0,1,1,0,0,0,0,3.5,3.5,3.7,7.2,73,51,127,0.04,0.0,0.04,0.04,0.04,0.15,0.16,0.31,0.15,0.31
230,Taylor Harwood-Bellis,ENG,DF,Southampton,22,2002,34,32,2825,31.4,1,0,1,1,0,0,9,0,1.8,1.8,1.0,2.8,29,125,9,0.03,0.0,0.03,0.03,0.03,0.06,0.03,0.09,0.06,0.09
231,Kai Havertz,GER,"FW,MF",Arsenal,25,1999,23,21,1875,20.8,9,3,12,9,0,0,5,0,9.5,9.5,2.4,12.0,35,61,113,0.43,0.14,0.58,0.43,0.58,0.46,0.12,0.57,0.46,0.57
232,Ayden Heaven,ENG,DF,Manchester Utd,17,2006,4,2,170,1.9,0,0,0,0,0,0,1,0,0.1,0.1,0.0,0.2,1,7,1,0.0,0.0,0.0,0.0,0.0,0.07,0.01,0.08,0.07,0.08
233,Jan Paul van Hecke,NED,DF,Brighton,24,2000,34,33,2958,32.9,1,1,2,1,0,0,8,1,1.3,1.3,1.5,2.8,55,228,5,0.03,0.03,0.06,0.03,0.06,0.04,0.05,0.09,0.04,0.09
234,Hwang Hee-chan,KOR,"MF,FW",Wolves,28,1996,21,5,661,7.3,2,0,2,2,0,0,0,0,0.8,0.8,0.1,0.9,15,12,42,0.27,0.0,0.27,0.27,0.27,0.11,0.02,0.13,0.11,0.13
235,Dean Henderson,ENG,GK,Crystal Palace,27,1997,38,38,3420,38.0,0,0,0,0,0,0,3,0,0.0,0.0,0.2,0.2,0,0,0,0.0,0.0,0.0,0.0,0.0,0.0,0.0,0.0,0.0,0.0
236,Rico Henry,ENG,DF,Brentford,27,1997,5,0,99,1.1,0,0,0,0,0,0,0,0,0.0,0.0,0.0,0.0,0,4,5,0.0,0.0,0.0,0.0,0.0,0.0,0.0,0.0,0.0,0.0
237,Mads Hermansen,DEN,GK,Leicester City,24,2000,27,27,2385,26.5,0,0,0,0,0,0,1,0,0.0,0.0,0.0,0.0,0,1,0,0.0,0.0,0.0,0.0,0.0,0.0,0.0,0.0,0.0,0.0
238,Son Heung-min,KOR,FW,Tottenham,32,1992,30,24,2110,23.4,7,9,16,6,1,2,1,0,7.2,5.7,8.2,13.9,96,111,265,0.3,0.38,0.68,0.26,0.64,0.31,0.35,0.66,0.24,0.59
239,James Hill,ENG,DF,Bournemouth,22,2002,10,6,448,5.0,0,1,1,0,0,0,1,0,0.3,0.3,0.3,0.6,3,16,8,0.0,0.2,0.2,0.0,0.2,0.06,0.05,0.11,0.06,0.11
240,Jack Hinshelwood,ENG,"MF,DF",Brighton,19,2005,26,22,1842,20.5,5,2,7,5,0,0,5,0,2.7,2.7,1.5,4.2,19,68,54,0.24,0.1,0.34,0.24,0.34,0.13,0.07,0.21,0.13,0.21
241,George Hirst,SCO,FW,Ipswich Town,25,1999,26,5,661,7.3,3,1,4,3,0,0,3,0,2.1,2.1,0.3,2.5,9,13,31,0.41,0.14,0.54,0.41,0.54,0.29,0.05,0.34,0.29,0.34
242,Mason Holgate,JAM,"FW,DF",Everton,27,1996,1,0,6,0.1,0,0,0,0,0,0,0,0,0.0,0.0,0.0,0.0,0,0,0,0.0,0.0,0.0,0.0,0.0,0.0,0.0,0.0,0.0,0.0
243,Harry Howell,ENG,FW,Brighton,15,2008,1,0,7,0.1,0,0,0,0,0,0,0,0,0.0,0.0,0.0,0.0,0,0,3,0.0,0.0,0.0,0.0,0.0,0.0,0.0,0.0,0.0,0.0
244,Callum Hudson-Odoi,ENG,"FW,MF",Nott'ham Forest,23,2000,31,25,2194,24.4,5,2,7,5,0,0,2,0,2.5,2.5,2.7,5.2,130,71,189,0.21,0.08,0.29,0.21,0.29,0.1,0.11,0.21,0.1,0.21
245,Will Hughes,ENG,MF,Crystal Palace,29,1995,33,24,2108,23.4,0,3,3,0,0,0,11,0,1.1,1.1,3.1,4.2,20,87,27,0.0,0.13,0.13,0.0,0.13,0.05,0.13,0.18,0.05,0.18
246,Dean Huijsen,ESP,DF,Bournemouth,19,2005,32,26,2427,27.0,3,2,5,3,0,0,10,0,1.9,1.9,2.0,3.9,41,132,10,0.11,0.07,0.19,0.11,0.19,0.07,0.08,0.14,0.07,0.14
247,Omari Hutchinson,ENG,"MF,FW",Ipswich Town,20,2003,31,30,2583,28.7,3,2,5,3,0,0,5,0,2.9,2.9,3.5,6.4,97,75,159,0.1,0.07,0.17,0.1,0.17,0.1,0.12,0.22,0.1,0.22
248,Rasmus Højlund,DEN,FW,Manchester Utd,21,2003,32,23,2004,22.3,4,0,4,4,0,0,2,0,5.3,5.3,1.8,7.1,28,18,101,0.18,0.0,0.18,0.18,0.18,0.24,0.08,0.32,0.24,0.32
249,Igor,BRA,DF,Brighton,26,1998,13,10,961,10.7,0,0,0,0,0,0,4,0,0.0,0.0,0.2,0.2,9,49,1,0.0,0.0,0.0,0.0,0.0,0.0,0.02,0.02,0.0,0.02
250,Danny Ings,ENG,"FW,MF",West Ham,32,1992,15,1,284,3.2,1,2,3,1,0,0,0,0,2.3,2.3,1.3,3.5,6,5,29,0.32,0.63,0.95,0.32,0.95,0.72,0.41,1.12,0.72,1.12
251,Tim Iroegbunam,ENG,MF,Everton,21,2003,18,5,574,6.4,0,1,1,0,0,0,4,0,0.2,0.2,0.2,0.4,8,15,9,0.0,0.16,0.16,0.0,0.16,0.04,0.03,0.07,0.04,0.07
252,Andy Irving,SCO,MF,West Ham,24,2000,10,1,166,1.8,0,0,0,0,0,0,2,0,0.1,0.1,0.2,0.4,0,9,4,0.0,0.0,0.0,0.0,0.0,0.06,0.13,0.19,0.06,0.19
253,Alexander Isak,SWE,FW,Newcastle Utd,24,1999,34,34,2756,30.6,23,6,29,19,4,4,1,0,20.3,17.2,4.3,21.6,83,88,217,0.75,0.2,0.95,0.62,0.82,0.66,0.14,0.81,0.56,0.7
254,Alex Iwobi,NGA,"FW,MF",Fulham,28,1996,38,35,2981,33.1,9,6,15,9,0,0,1,0,4.7,4.7,7.0,11.8,144,213,246,0.27,0.18,0.45,0.27,0.45,0.14,0.21,0.36,0.14,0.36
255,Nicolas Jackson,SEN,FW,Chelsea,23,2001,30,28,2220,24.7,10,5,15,10,0,0,7,1,12.3,12.3,4.3,16.6,47,38,129,0.41,0.2,0.61,0.41,0.61,0.5,0.17,0.67,0.5,0.67
256,Reece James,ENG,"DF,MF",Chelsea,24,1999,19,12,1063,11.8,1,1,2,1,0,0,1,0,0.4,0.4,0.7,1.1,7,64,12,0.08,0.08,0.17,0.08,0.17,0.04,0.06,0.1,0.04,0.1
257,Vitaly Janelt,GER,MF,Brentford,26,1998,32,27,2254,25.0,1,3,4,1,0,0,3,0,0.8,0.8,2.2,3.0,17,80,38,0.04,0.12,0.16,0.04,0.16,0.03,0.09,0.12,0.03,0.12
258,Vitezslav Jaros,CZE,GK,Liverpool,23,2001,1,0,12,0.1,0,0,0,0,0,0,0,0,0.0,0.0,0.0,0.0,0,0,0,0.0,0.0,0.0,0.0,0.0,0.0,0.0,0.0,0.0,0.0
259,Daniel Jebbison,CAN,FW,Bournemouth,20,2003,16,0,119,1.3,1,0,1,1,0,0,1,0,1.0,1.0,0.2,1.2,4,3,16,0.76,0.0,0.76,0.76,0.76,0.75,0.15,0.9,0.75,0.9
260,Mathias Jensen,DEN,MF,Brentford,28,1996,24,8,862,9.6,0,2,2,0,0,0,2,0,0.2,0.2,1.7,1.9,6,61,27,0.0,0.21,0.21,0.0,0.21,0.03,0.17,0.2,0.03,0.2
261,Gabriel Jesus,BRA,FW,Arsenal,27,1997,17,6,608,6.8,3,0,3,3,0,0,4,0,3.0,3.0,0.7,3.7,15,19,57,0.44,0.0,0.44,0.44,0.44,0.44,0.1,0.54,0.44,0.54
262,Raúl Jiménez,MEX,FW,Fulham,33,1991,38,30,2494,27.7,12,3,15,9,3,3,4,0,12.0,9.6,3.3,12.9,35,62,125,0.43,0.11,0.54,0.32,0.43,0.43,0.12,0.55,0.35,0.47
263,Kim Jisoo,KOR,DF,Brentford,19,2004,3,0,30,0.3,0,0,0,0,0,0,0,0,0.0,0.0,0.0,0.0,0,2,0,0.0,0.0,0.0,0.0,0.0,0.0,0.0,0.0,0.0,0.0
264,João Pedro,BRA,"FW,MF",Brighton,22,2001,27,23,1948,21.6,10,6,16,5,5,5,4,1,8.9,5.0,5.0,10.0,66,78,128,0.46,0.28,0.74,0.23,0.51,0.41,0.23,0.64,0.23,0.46
265,Joelinton,BRA,"MF,FW",Newcastle Utd,27,1996,29,29,2393,26.6,4,3,7,4,0,0,10,0,3.9,3.9,2.5,6.4,40,116,110,0.15,0.11,0.26,0.15,0.26,0.15,0.09,0.24,0.15,0.24
266,Ben Johnson,ENG,"DF,FW",Ipswich Town,24,2000,23,14,1354,15.0,1,2,3,1,0,0,5,1,1.1,1.1,1.3,2.3,16,27,33,0.07,0.13,0.2,0.07,0.2,0.07,0.09,0.16,0.07,0.16
267,Brennan Johnson,WAL,FW,Tottenham,23,2001,33,24,2177,24.2,11,3,14,11,0,0,5,0,10.4,10.4,2.3,12.7,60,71,197,0.45,0.12,0.58,0.45,0.58,0.43,0.09,0.52,0.43,0.52
268,Sam Johnstone,ENG,GK,Wolves,31,1993,7,7,630,7.0,0,0,0,0,0,0,0,0,0.0,0.0,0.0,0.0,0,0,0,0.0,0.0,0.0,0.0,0.0,0.0,0.0,0.0,0.0,0.0
269,Curtis Jones,ENG,"MF,DF",Liverpool,23,2001,33,19,1712,19.0,3,3,6,3,0,0,3,1,4.3,4.3,1.1,5.4,30,117,79,0.16,0.16,0.32,0.16,0.32,0.23,0.06,0.29,0.23,0.29
270,Jorginho,ITA,MF,Arsenal,32,1991,15,9,704,7.8,0,0,0,0,0,0,5,0,0.1,0.1,0.4,0.5,12,48,6,0.0,0.0,0.0,0.0,0.0,0.01,0.05,0.06,0.01,0.06
271,Diogo Jota,POR,FW,Liverpool,27,1996,26,14,1196,13.3,6,3,9,6,0,0,2,0,7.9,7.9,1.8,9.8,37,34,88,0.45,0.23,0.68,0.45,0.68,0.6,0.14,0.74,0.6,0.74
272,James Justin,ENG,DF,Leicester City,26,1998,36,34,2912,32.4,2,2,4,2,0,0,6,0,1.5,1.5,0.8,2.3,39,91,96,0.06,0.06,0.12,0.06,0.12,0.05,0.03,0.07,0.05,0.07
273,Filip Jørgensen,DEN,GK,Chelsea,22,2002,6,6,540,6.0,0,0,0,0,0,0,0,0,0.0,0.0,0.0,0.0,0,0,0,0.0,0.0,0.0,0.0,0.0,0.0,0.0,0.0,0.0,0.0
274,Ferdi Kadioglu,TUR,"DF,MF",Brighton,24,1999,6,5,385,4.3,1,0,1,1,0,0,1,0,0.4,0.4,0.2,0.6,1,15,27,0.23,0.0,0.23,0.23,0.23,0.1,0.04,0.14,0.1,0.14
275,Daichi Kamada,JPN,MF,Crystal Palace,27,1996,34,15,1564,17.4,0,0,0,0,0,0,4,1,1.1,1.1,1.9,3.0,25,89,56,0.0,0.0,0.0,0.0,0.0,0.06,0.11,0.17,0.06,0.17
276,Boubacar Kamara,FRA,MF,Aston Villa,24,1999,26,20,1726,19.2,1,0,1,1,0,0,2,0,0.8,0.8,0.9,1.7,19,85,7,0.05,0.0,0.05,0.05,0.05,0.04,0.05,0.09,0.04,0.09
277,Joachim Kayi Sanda,FRA,DF,Southampton,17,2006,2,0,14,0.2,0,0,0,0,0,0,0,0,0.0,0.0,0.0,0.0,0,1,0,0.0,0.0,0.0,0.0,0.0,0.0,0.0,0.0,0.0,0.0
278,Michael Kayode,ITA,DF,Brentford,20,2004,12,6,528,5.9,0,1,1,0,0,0,2,0,0.2,0.2,1.2,1.5,12,12,24,0.0,0.17,0.17,0.0,0.17,0.04,0.21,0.25,0.04,0.25
279,Michael Keane,ENG,DF,Everton,31,1993,14,11,1049,11.7,3,0,3,3,0,0,5,0,0.6,0.6,0.1,0.7,1,14,3,0.26,0.0,0.26,0.26,0.26,0.05,0.01,0.06,0.05,0.06
280,Caoimhín Kelleher,IRL,GK,Liverpool,25,1998,10,10,900,10.0,0,0,0,0,0,0,0,0,0.0,0.0,0.0,0.0,0,0,0,0.0,0.0,0.0,0.0,0.0,0.0,0.0,0.0,0.0,0.0
281,Lloyd Kelly,ENG,DF,Newcastle Utd,25,1998,10,4,303,3.4,0,1,1,0,0,0,2,0,0.4,0.4,0.5,0.9,0,9,5,0.0,0.3,0.3,0.0,0.3,0.12,0.14,0.26,0.12,0.26
282,Milos Kerkez,HUN,DF,Bournemouth,20,2003,38,38,3336,37.1,2,5,7,2,0,0,4,0,0.6,0.5,3.9,4.4,106,159,197,0.05,0.13,0.19,0.05,0.19,0.02,0.1,0.12,0.01,0.12
283,Bilal El Khannouss,MAR,"MF,FW",Leicester City,20,2004,32,27,2182,24.2,2,3,5,2,0,0,4,0,1.3,1.3,4.6,5.8,73,128,89,0.08,0.12,0.21,0.08,0.21,0.05,0.19,0.24,0.05,0.24
284,Abdukodir Khusanov,UZB,DF,Manchester City,20,2004,6,6,503,5.6,0,0,0,0,0,0,1,0,0.0,0.0,0.1,0.1,1,25,2,0.0,0.0,0.0,0.0,0.0,0.0,0.02,0.02,0.0,0.02
285,Max Kilman,ENG,DF,West Ham,27,1997,38,38,3348,37.2,0,1,1,0,0,0,5,0,1.6,1.6,1.2,2.8,31,113,6,0.0,0.03,0.03,0.0,0.03,0.04,0.03,0.08,0.04,0.08
286,Joshua King,ENG,MF,Fulham,17,2007,8,1,130,1.4,0,0,0,0,0,0,0,0,0.3,0.3,0.4,0.7,3,9,16,0.0,0.0,0.0,0.0,0.0,0.22,0.3,0.51,0.22,0.51
287,Tom King,WAL,GK,Wolves,29,1995,1,0,1,0.0,0,0,0,0,0,0,0,0,0.0,0.0,0.0,0.0,0,0,0,0.0,0.0,0.0,0.0,0.0,0.0,0.0,0.0,0.0,0.0
288,Antonín Kinský,CZE,GK,Tottenham,21,2003,6,6,540,6.0,0,0,0,0,0,0,0,0,0.0,0.0,0.1,0.1,1,1,0,0.0,0.0,0.0,0.0,0.0,0.0,0.01,0.01,0.0,0.01
289,Jakub Kiwior,POL,DF,Arsenal,24,2000,17,10,1122,12.5,1,0,1,1,0,0,1,0,0.2,0.2,0.3,0.5,5,48,1,0.08,0.0,0.08,0.08,0.08,0.01,0.03,0.04,0.01,0.04
290,Justin Kluivert,NED,MF,Bournemouth,25,1999,34,29,2340,26.0,12,6,18,6,6,6,8,0,10.3,5.6,4.8,10.5,81,105,173,0.46,0.23,0.69,0.23,0.46,0.4,0.19,0.58,0.22,0.4
291,Ibrahima Konaté,FRA,DF,Liverpool,25,1999,31,30,2560,28.4,1,2,3,1,0,0,5,0,1.7,1.7,1.0,2.7,25,115,3,0.04,0.07,0.11,0.04,0.11,0.06,0.03,0.1,0.06,0.1
292,Ezri Konsa,ENG,DF,Aston Villa,26,1997,34,33,2936,32.6,2,0,2,2,0,0,1,0,1.3,1.3,0.4,1.7,24,90,11,0.06,0.0,0.06,0.06,0.06,0.04,0.01,0.05,0.04,0.05
293,Mateo Kovačić,CRO,MF,Manchester City,30,1994,31,25,2198,24.4,6,2,8,6,0,0,5,1,1.9,1.9,3.6,5.5,56,164,16,0.25,0.08,0.33,0.25,0.33,0.08,0.15,0.23,0.08,0.23
294,Caleb Kporha,ENG,DF,Crystal Palace,18,2006,2,0,13,0.1,0,0,0,0,0,0,0,0,0.0,0.0,0.0,0.0,1,0,0,0.0,0.0,0.0,0.0,0.0,0.0,0.0,0.0,0.0,0.0
295,Emil Krafth,SWE,DF,Newcastle Utd,29,1994,12,2,342,3.8,0,0,0,0,0,0,2,0,0.0,0.0,0.1,0.1,5,8,3,0.0,0.0,0.0,0.0,0.0,0.01,0.02,0.03,0.01,0.03
296,Mohammed Kudus,GHA,"FW,MF",West Ham,23,2000,32,31,2590,28.8,5,3,8,5,0,0,2,1,6.9,6.9,3.1,10.0,98,79,216,0.17,0.1,0.28,0.17,0.28,0.24,0.11,0.35,0.24,0.35
297,Dejan Kulusevski,SWE,"MF,FW",Tottenham,24,2000,32,27,2389,26.5,7,4,11,7,0,0,3,0,4.2,4.2,6.2,10.4,120,124,210,0.26,0.15,0.41,0.26,0.41,0.16,0.23,0.39,0.16,0.39
298,Maxence Lacroix,FRA,DF,Crystal Palace,24,2000,35,35,3116,34.6,1,1,2,1,0,0,5,0,3.4,3.4,1.0,4.4,8,65,7,0.03,0.03,0.06,0.03,0.06,0.1,0.03,0.13,0.1,0.13
299,Adam Lallana,ENG,MF,Southampton,36,1988,14,5,361,4.0,0,2,2,0,0,0,4,0,0.2,0.2,0.9,1.1,6,24,10,0.0,0.5,0.5,0.0,0.5,0.04,0.23,0.27,0.04,0.27
300,Tariq Lamptey,GHA,DF,Brighton,23,2000,15,10,860,9.6,2,2,4,2,0,0,0,0,0.4,0.4,0.8,1.2,32,14,45,0.21,0.21,0.42,0.21,0.42,0.04,0.08,0.12,0.04,0.12
301,Will Lankshear,ENG,"FW,MF",Tottenham,19,2005,3,0,11,0.1,0,0,0,0,0,0,0,0,0.0,0.0,0.0,0.0,0,0,1,0.0,0.0,0.0,0.0,0.0,0.0,0.0,0.0,0.0,0.0
302,Roméo Lavia,BEL,MF,Chelsea,20,2004,16,11,797,8.9,0,1,1,0,0,0,4,0,0.3,0.3,0.7,1.0,3,31,7,0.0,0.11,0.11,0.0,0.11,0.03,0.08,0.11,0.03,0.11
303,Mario Lemina,GAB,"MF,DF",Wolves,30,1993,17,15,1364,15.2,1,3,4,1,0,0,4,0,1.4,1.4,1.1,2.5,8,48,21,0.07,0.2,0.26,0.07,0.26,0.09,0.07,0.17,0.09,0.17
304,Bernd Leno,GER,GK,Fulham,32,1992,38,38,3420,38.0,0,1,1,0,0,0,5,0,0.0,0.0,0.1,0.1,0,0,0,0.0,0.03,0.03,0.0,0.03,0.0,0.0,0.0,0.0,0.0
305,Jefferson Lerma,COL,"MF,DF",Crystal Palace,29,1994,33,26,2274,25.3,0,1,1,0,0,0,9,0,1.1,1.1,1.6,2.7,13,97,26,0.0,0.04,0.04,0.0,0.04,0.04,0.06,0.11,0.04,0.11
306,Rico Lewis,ENG,"DF,MF",Manchester City,19,2004,28,21,1893,21.0,1,2,3,1,0,0,5,1,1.4,1.4,0.3,1.7,39,107,78,0.05,0.1,0.14,0.05,0.14,0.07,0.02,0.08,0.07,0.08
307,Keane Lewis-Potter,ENG,"DF,FW",Brentford,23,2001,38,36,3093,34.4,1,3,4,1,0,0,7,0,3.1,3.1,3.2,6.3,98,98,156,0.03,0.09,0.12,0.03,0.12,0.09,0.09,0.18,0.09,0.18
308,Myles Lewis-Skelly,ENG,DF,Arsenal,17,2006,23,15,1369,15.2,1,0,1,1,0,0,3,2,0.2,0.2,0.4,0.6,37,71,37,0.07,0.0,0.07,0.07,0.07,0.01,0.03,0.04,0.01,0.04
309,Matthijs de Ligt,NED,DF,Manchester Utd,24,1999,29,25,2123,23.6,2,0,2,2,0,0,3,0,2.5,2.5,0.3,2.8,7,55,6,0.08,0.0,0.08,0.08,0.08,0.1,0.01,0.12,0.1,0.12
310,Pedro Lima,BRA,DF,Wolves,18,2006,3,1,70,0.8,0,0,0,0,0,0,0,0,0.1,0.1,0.1,0.1,4,4,11,0.0,0.0,0.0,0.0,0.0,0.07,0.09,0.16,0.07,0.16
311,Victor Lindelöf,SWE,DF,Manchester Utd,30,1994,16,6,704,7.8,0,0,0,0,0,0,1,0,0.0,0.0,0.1,0.1,5,26,4,0.0,0.0,0.0,0.0,0.0,0.0,0.01,0.01,0.0,0.01
312,Jesper Lindstrøm,DEN,FW,Everton,24,2000,25,15,1239,13.8,0,1,1,0,0,0,2,0,2.1,2.1,2.0,4.1,30,25,81,0.0,0.07,0.07,0.0,0.07,0.15,0.15,0.3,0.15,0.3
313,Valentino Livramento,ENG,DF,Newcastle Utd,21,2002,37,32,2840,31.6,0,1,1,0,0,0,1,0,0.3,0.3,2.6,2.9,83,158,119,0.0,0.03,0.03,0.0,0.03,0.01,0.08,0.09,0.01,0.09
314,Sean Longstaff,ENG,MF,Newcastle Utd,26,1997,25,8,798,8.9,0,0,0,0,0,0,2,0,0.6,0.6,0.2,0.8,4,40,22,0.0,0.0,0.0,0.0,0.0,0.07,0.02,0.09,0.07,0.09
315,Saša Lukić,SRB,MF,Fulham,27,1996,30,28,2344,26.0,0,2,2,0,0,0,12,0,1.2,1.2,2.7,3.9,39,98,33,0.0,0.08,0.08,0.0,0.08,0.04,0.11,0.15,0.04,0.15
316,Joe Lumley,ENG,GK,Southampton,29,1995,3,3,270,3.0,0,0,0,0,0,0,0,0,0.0,0.0,0.0,0.0,0,0,0,0.0,0.0,0.0,0.0,0.0,0.0,0.0,0.0,0.0,0.0
317,Massimo Luongo,AUS,MF,Ipswich Town,31,1992,11,2,201,2.2,0,0,0,0,0,0,0,0,0.0,0.0,0.0,0.0,0,6,1,0.0,0.0,0.0,0.0,0.0,0.0,0.0,0.0,0.0,0.0
318,Ian Maatsen,NED,DF,Aston Villa,22,2002,29,10,1139,12.7,1,2,3,1,0,0,2,0,0.9,0.9,2.7,3.6,31,50,104,0.08,0.16,0.24,0.08,0.24,0.07,0.22,0.28,0.07,0.28
319,Alexis Mac Allister,ARG,MF,Liverpool,25,1998,35,30,2599,28.9,5,5,10,5,0,0,6,0,2.8,2.8,4.7,7.5,36,177,80,0.17,0.17,0.35,0.17,0.35,0.1,0.16,0.26,0.1,0.26
320,James Maddison,ENG,MF,Tottenham,27,1996,31,21,1809,20.1,9,7,16,9,0,0,6,0,5.8,5.8,4.2,10.0,45,164,95,0.45,0.35,0.8,0.45,0.8,0.29,0.21,0.5,0.29,0.5
321,Noni Madueke,ENG,FW,Chelsea,22,2002,32,27,2033,22.6,7,3,10,7,0,0,3,0,9.6,9.6,4.2,13.9,154,69,226,0.31,0.13,0.44,0.31,0.44,0.43,0.19,0.61,0.43,0.61
322,Gabriel Magalhães,BRA,DF,Arsenal,26,1997,28,28,2363,26.3,3,1,4,3,0,0,4,0,2.6,2.6,0.9,3.5,10,126,11,0.11,0.04,0.15,0.11,0.15,0.1,0.03,0.13,0.1,0.13
323,Edmond-Paris Maghoma,ENG,"MF,FW",Brentford,23,2001,8,0,119,1.3,0,0,0,0,0,0,0,0,0.1,0.1,0.1,0.2,4,13,4,0.0,0.0,0.0,0.0,0.0,0.09,0.08,0.17,0.09,0.17
324,Harry Maguire,ENG,DF,Manchester Utd,31,1993,27,19,1758,19.5,1,0,1,1,0,0,7,0,1.8,1.8,0.6,2.4,7,51,7,0.05,0.0,0.05,0.05,0.05,0.09,0.03,0.12,0.09,0.12
325,Kobbie Mainoo,ENG,MF,Manchester Utd,19,2005,25,19,1651,18.3,0,0,0,0,0,0,5,0,0.7,0.7,1.6,2.3,22,65,47,0.0,0.0,0.0,0.0,0.0,0.04,0.09,0.12,0.04,0.12
326,Tyrell Malacia,NED,DF,Manchester Utd,24,1999,3,2,100,1.1,0,0,0,0,0,0,1,0,0.0,0.0,0.0,0.0,3,3,6,0.0,0.0,0.0,0.0,0.0,0.0,0.03,0.03,0.0,0.03
327,Donyell Malen,NED,FW,Aston Villa,25,1999,14,2,305,3.4,3,0,3,3,0,0,0,0,2.2,2.2,0.2,2.4,12,6,30,0.89,0.0,0.89,0.89,0.89,0.64,0.05,0.69,0.64,0.69
328,Mateus Mane,POR,MF,Wolves,17,2007,1,0,2,0.0,0,0,0,0,0,0,0,0,0.0,0.0,0.0,0.0,0,0,0,0.0,0.0,0.0,0.0,0.0,0.0,0.0,0.0,0.0,0.0
329,Orel Mangala,BEL,MF,Everton,26,1998,19,14,1261,14.0,1,0,1,1,0,0,2,0,1.1,1.1,0.6,1.8,6,34,19,0.07,0.0,0.07,0.07,0.07,0.08,0.05,0.13,0.08,0.13
330,Ryan Manning,IRL,"DF,MF",Southampton,28,1996,24,18,1462,16.2,0,1,1,0,0,0,2,0,0.3,0.3,3.2,3.6,14,35,74,0.0,0.06,0.06,0.0,0.06,0.02,0.2,0.22,0.02,0.22
331,Solly March,ENG,"FW,MF",Brighton,30,1994,8,1,168,1.9,0,0,0,0,0,0,2,0,0.1,0.1,0.3,0.4,5,2,20,0.0,0.0,0.0,0.0,0.0,0.05,0.15,0.19,0.05,0.19
332,Omar Marmoush,EGY,"FW,MF",Manchester City,25,1999,16,14,1175,13.1,7,0,7,7,0,0,0,0,5.5,5.5,2.8,8.3,29,37,78,0.54,0.0,0.54,0.54,0.54,0.42,0.21,0.64,0.42,0.64
333,Gabriel Martinelli,BRA,"FW,MF",Arsenal,23,2001,33,25,2290,25.4,8,4,12,8,0,0,1,0,7.4,7.4,5.0,12.4,124,52,289,0.31,0.16,0.47,0.31,0.47,0.29,0.19,0.49,0.29,0.49
334,Emiliano Martínez,ARG,GK,Aston Villa,31,1992,37,37,3194,35.5,0,0,0,0,0,0,5,1,0.0,0.0,0.5,0.5,0,4,0,0.0,0.0,0.0,0.0,0.0,0.0,0.02,0.02,0.0,0.02
335,Lisandro Martínez,ARG,DF,Manchester Utd,26,1998,20,20,1751,19.5,2,1,3,2,0,0,7,0,1.3,1.3,1.1,2.4,23,117,7,0.1,0.05,0.15,0.1,0.15,0.07,0.06,0.13,0.07,0.13
336,Pape Matar Sarr,SEN,MF,Tottenham,21,2002,36,22,1913,21.3,3,2,5,3,0,0,6,0,3.7,3.7,1.6,5.3,33,88,53,0.14,0.09,0.24,0.14,0.24,0.17,0.08,0.25,0.17,0.25
337,Jean-Philippe Mateta,FRA,FW,Crystal Palace,27,1997,37,33,2648,29.4,14,2,16,12,2,2,2,0,13.5,11.9,3.2,15.1,45,52,122,0.48,0.07,0.54,0.41,0.48,0.46,0.11,0.57,0.41,0.51
338,Stephy Mavididi,ENG,FW,Leicester City,26,1998,30,16,1615,17.9,4,1,5,4,0,0,2,0,1.8,1.8,2.6,4.4,91,57,138,0.22,0.06,0.28,0.22,0.28,0.1,0.15,0.25,0.1,0.25
339,Konstantinos Mavropanos,GRE,DF,West Ham,26,1997,33,21,2045,22.7,0,0,0,0,0,0,6,1,1.5,1.5,0.5,2.0,17,61,2,0.0,0.0,0.0,0.0,0.0,0.07,0.02,0.09,0.07,0.09
340,Noussair Mazraoui,MAR,DF,Manchester Utd,26,1997,37,34,2838,31.5,0,1,1,0,0,0,3,0,0.7,0.7,1.5,2.2,42,115,58,0.0,0.03,0.03,0.0,0.03,0.02,0.05,0.07,0.02,0.07
341,Bryan Mbeumo,CMR,FW,Brentford,24,1999,38,38,3414,37.9,20,7,27,15,5,6,3,0,12.3,7.5,8.3,15.9,130,141,351,0.53,0.18,0.71,0.4,0.58,0.32,0.22,0.54,0.2,0.42
342,James Mcatee,ENG,"MF,FW",Manchester City,21,2002,15,3,349,3.9,3,0,3,3,0,0,1,0,2.8,2.8,0.5,3.3,7,7,32,0.77,0.0,0.77,0.77,0.77,0.72,0.13,0.85,0.72,0.85
343,Kasey McAteer,IRL,FW,Leicester City,22,2001,18,9,852,9.5,1,1,2,1,0,0,3,0,1.0,1.0,0.7,1.7,19,14,71,0.11,0.11,0.21,0.11,0.21,0.11,0.08,0.18,0.11,0.18
344,Alex McCarthy,ENG,GK,Southampton,34,1989,5,5,450,5.0,0,0,0,0,0,0,0,0,0.0,0.0,0.0,0.0,0,0,0,0.0,0.0,0.0,0.0,0.0,0.0,0.0,0.0,0.0,0.0
345,John McGinn,SCO,"MF,FW",Aston Villa,29,1994,34,27,2223,24.7,1,4,5,1,0,0,7,0,3.1,2.8,3.5,6.3,32,103,87,0.04,0.16,0.2,0.04,0.2,0.13,0.14,0.27,0.11,0.26
346,Dwight McNeil,ENG,"MF,FW",Everton,24,1999,21,15,1371,15.2,4,6,10,4,0,0,1,0,1.1,1.1,5.2,6.3,38,69,80,0.26,0.39,0.66,0.26,0.66,0.07,0.34,0.41,0.07,0.41
347,Scott McTominay,SCO,MF,Manchester Utd,27,1996,2,0,19,0.2,0,0,0,0,0,0,0,0,0.1,0.1,0.0,0.1,0,1,2,0.0,0.0,0.0,0.0,0.0,0.33,0.0,0.33,0.33,0.33
348,Ben Mee,ENG,DF,Brentford,34,1989,7,2,183,2.0,0,0,0,0,0,0,2,0,0.0,0.0,0.0,0.0,3,11,2,0.0,0.0,0.0,0.0,0.0,0.0,0.0,0.0,0.0,0.0
349,Jayden Meghoma,ENG,DF,Brentford,18,2006,1,0,5,0.1,0,0,0,0,0,0,0,0,0.0,0.0,0.0,0.0,0,0,0,0.0,0.0,0.0,0.0,0.0,0.0,0.0,0.0,0.0,0.0
350,Mikel Merino,ESP,"MF,FW",Arsenal,28,1996,28,17,1586,17.6,7,2,9,7,0,0,4,1,5.9,5.9,2.0,7.9,11,69,94,0.4,0.11,0.51,0.4,0.51,0.34,0.11,0.45,0.34,0.45
351,Shumaira Mheuka,ENG,MF,Chelsea,16,2007,1,0,1,0.0,0,0,0,0,0,0,0,0,0.1,0.1,0.0,0.1,0,0,0,0.0,0.0,0.0,0.0,0.0,5.06,0.0,5.06,5.06,5.06
352,Nikola Milenković,SRB,DF,Nott'ham Forest,26,1997,37,37,3330,37.0,5,2,7,5,0,0,4,0,4.0,4.0,1.1,5.1,3,51,6,0.14,0.05,0.19,0.14,0.19,0.11,0.03,0.14,0.11,0.14
353,Lewis Miley,ENG,MF,Newcastle Utd,18,2006,14,1,313,3.5,1,0,1,1,0,0,0,0,0.5,0.5,0.0,0.6,2,17,8,0.29,0.0,0.29,0.29,0.29,0.16,0.01,0.16,0.16,0.16
354,James Milner,ENG,MF,Brighton,38,1986,4,3,170,1.9,0,0,0,0,0,0,1,0,0.2,0.2,0.2,0.4,1,10,10,0.0,0.0,0.0,0.0,0.0,0.09,0.12,0.21,0.09,0.21
355,Tyrone Mings,ENG,DF,Aston Villa,31,1993,14,12,1120,12.4,0,0,0,0,0,0,1,0,0.8,0.8,0.2,1.0,7,40,1,0.0,0.0,0.0,0.0,0.0,0.07,0.02,0.08,0.07,0.08
356,Yankuba Minteh,GAM,"FW,MF",Brighton,20,2004,32,20,1838,20.4,6,4,10,6,0,0,6,0,4.1,4.1,5.0,9.1,90,48,201,0.29,0.2,0.49,0.29,0.49,0.2,0.24,0.44,0.2,0.44
357,Tyrick Mitchell,ENG,DF,Crystal Palace,24,1999,37,37,3092,34.4,0,5,5,0,0,0,2,0,1.3,1.3,6.4,7.7,63,70,171,0.0,0.15,0.15,0.0,0.15,0.04,0.19,0.22,0.04,0.22
358,Kaoru Mitoma,JPN,"FW,MF",Brighton,27,1997,36,28,2603,28.9,10,4,14,10,0,0,1,0,9.2,9.2,4.6,13.8,146,89,291,0.35,0.14,0.48,0.35,0.48,0.32,0.16,0.48,0.32,0.48
359,Jakub Moder,POL,MF,Brighton,25,1999,4,0,11,0.1,0,0,0,0,0,0,0,0,0.0,0.0,0.2,0.2,2,4,0,0.0,0.0,0.0,0.0,0.0,0.0,1.45,1.45,0.0,1.45
360,Jeremy Monga,ENG,"FW,MF",Leicester City,16,2009,7,0,112,1.2,0,0,0,0,0,0,0,0,0.2,0.2,0.0,0.2,6,3,10,0.0,0.0,0.0,0.0,0.0,0.13,0.01,0.14,0.13,0.14
361,Mikey Moore,ENG,FW,Tottenham,16,2007,10,3,366,4.1,0,1,1,0,0,0,0,0,0.2,0.2,0.3,0.5,12,9,40,0.0,0.25,0.25,0.0,0.25,0.05,0.08,0.13,0.05,0.13
362,Morato,BRA,DF,Nott'ham Forest,23,2001,26,6,907,10.1,0,0,0,0,0,0,5,0,0.2,0.2,0.0,0.2,1,19,1,0.0,0.0,0.0,0.0,0.0,0.02,0.0,0.02,0.02,0.02
363,Álex Moreno,ESP,"DF,MF",Nott'ham Forest,31,1993,15,11,955,10.6,0,1,1,0,0,0,2,0,0.2,0.2,1.3,1.4,26,34,34,0.0,0.09,0.09,0.0,0.09,0.02,0.12,0.13,0.02,0.13
364,Sam Morsy,EGY,MF,Ipswich Town,32,1991,33,31,2751,30.6,1,1,2,1,0,0,10,0,0.4,0.4,1.2,1.6,22,120,13,0.03,0.03,0.07,0.03,0.07,0.01,0.04,0.05,0.01,0.05
365,Yerson Mosquera,COL,DF,Wolves,23,2001,5,5,441,4.9,0,0,0,0,0,0,2,0,0.3,0.3,0.1,0.4,0,7,0,0.0,0.0,0.0,0.0,0.0,0.07,0.02,0.09,0.07,0.09
366,Mason Mount,ENG,MF,Manchester Utd,25,1999,17,8,622,6.9,1,0,1,1,0,0,3,0,3.2,3.2,0.6,3.8,15,33,41,0.14,0.0,0.14,0.14,0.14,0.47,0.08,0.55,0.47,0.55
367,Divin Mubama,ENG,FW,Manchester City,19,2004,1,0,28,0.3,0,0,0,0,0,0,0,0,0.0,0.0,0.0,0.0,0,1,0,0.0,0.0,0.0,0.0,0.0,0.12,0.0,0.12,0.12,0.12
368,Mykhailo Mudryk,UKR,FW,Chelsea,23,2001,7,1,151,1.7,0,0,0,0,0,0,0,0,0.3,0.3,1.0,1.2,7,5,12,0.0,0.0,0.0,0.0,0.0,0.15,0.58,0.73,0.15,0.73
369,Marshall Munetsi,ZIM,"MF,FW",Wolves,28,1996,14,12,1078,12.0,2,1,3,2,0,0,0,0,3.3,3.3,1.8,5.1,9,10,35,0.17,0.08,0.25,0.17,0.25,0.28,0.15,0.42,0.28,0.42
370,Rodrigo Muniz,BRA,FW,Fulham,23,2001,31,8,964,10.7,8,1,9,8,0,0,1,0,5.8,5.8,0.7,6.5,6,27,31,0.75,0.09,0.84,0.75,0.84,0.54,0.07,0.61,0.54,0.61
371,Daniel Muñoz,COL,DF,Crystal Palace,28,1996,37,37,3228,35.9,4,5,9,4,0,0,10,0,4.9,4.9,5.5,10.5,62,97,206,0.11,0.14,0.25,0.11,0.25,0.14,0.15,0.29,0.14,0.29
372,Arijanet Muric,KVX,GK,Ipswich Town,25,1998,18,18,1620,18.0,0,0,0,0,0,0,1,0,0.0,0.0,0.0,0.0,0,1,0,0.0,0.0,0.0,0.0,0.0,0.0,0.0,0.0,0.0,0.0
373,Murillo,BRA,DF,Nott'ham Forest,22,2002,36,36,3188,35.4,2,0,2,2,0,0,6,0,1.4,1.4,1.2,2.6,22,115,5,0.06,0.0,0.06,0.06,0.06,0.04,0.03,0.07,0.04,0.07
374,Jacob Murphy,ENG,FW,Newcastle Utd,29,1995,35,31,2360,26.2,8,12,20,8,0,0,4,0,5.7,5.7,8.9,14.6,79,83,231,0.31,0.46,0.76,0.31,0.76,0.22,0.34,0.56,0.22,0.56
375,Vitaliy Mykolenko,UKR,DF,Everton,25,1999,35,35,3082,34.2,1,2,3,1,0,0,4,0,0.5,0.5,2.6,3.1,33,110,99,0.03,0.06,0.09,0.03,0.09,0.01,0.08,0.09,0.01,0.09
376,Iliman Ndiaye,SEN,FW,Everton,24,2000,33,29,2430,27.0,9,0,9,7,2,2,3,0,6.2,4.7,1.9,6.5,86,59,122,0.33,0.0,0.33,0.26,0.26,0.23,0.07,0.3,0.17,0.24
377,Wilfred Ndidi,NGA,MF,Leicester City,27,1996,28,28,2324,25.8,0,5,5,0,0,0,8,0,2.0,2.0,1.9,3.9,18,70,75,0.0,0.19,0.19,0.0,0.19,0.08,0.07,0.15,0.08,0.15
378,Kosta Nedeljković,SRB,DF,Aston Villa,18,2005,5,0,126,1.4,0,0,0,0,0,0,0,0,0.0,0.0,0.0,0.0,1,6,0,0.0,0.0,0.0,0.0,0.0,0.0,0.0,0.0,0.0,0.0
379,Reiss Nelson,ENG,FW,Arsenal,24,1999,1,0,3,0.0,0,0,0,0,0,0,0,0,0.0,0.0,0.0,0.0,0,0,0,0.0,0.0,0.0,0.0,0.0,0.0,0.0,0.0,0.0,0.0
380,Reiss Nelson,ENG,FW,Fulham,24,1999,11,5,487,5.4,1,1,2,1,0,0,1,0,1.1,1.1,1.0,2.1,45,35,63,0.18,0.18,0.37,0.18,0.37,0.2,0.18,0.39,0.2,0.39
381,Neto,BRA,GK,Bournemouth,35,1989,2,2,180,2.0,0,0,0,0,0,0,0,0,0.0,0.0,0.0,0.0,0,0,0,0.0,0.0,0.0,0.0,0.0,0.0,0.0,0.0,0.0,0.0
382,Pedro Neto,POR,FW,Chelsea,24,2000,35,24,2269,25.2,4,6,10,4,0,0,8,0,3.5,3.5,6.7,10.2,126,60,253,0.16,0.24,0.4,0.16,0.4,0.14,0.27,0.4,0.14,0.4
383,Eddie Nketiah,ENG,"FW,MF",Crystal Palace,25,1999,29,9,1034,11.5,3,1,4,3,0,0,6,1,5.8,5.8,1.7,7.4,41,19,79,0.26,0.09,0.35,0.26,0.35,0.5,0.15,0.65,0.5,0.65
384,Christopher Nkunku,FRA,FW,Chelsea,26,1997,27,9,921,10.2,3,2,5,3,0,0,2,0,4.8,4.8,2.1,6.9,17,25,68,0.29,0.2,0.49,0.29,0.49,0.47,0.21,0.68,0.47,0.67
385,Gustavo Nunes,BRA,"FW,MF",Brentford,18,2005,3,0,12,0.1,0,0,0,0,0,0,0,0,0.0,0.0,0.0,0.0,1,0,0,0.0,0.0,0.0,0.0,0.0,0.0,0.0,0.0,0.0,0.0
386,Matheus Nunes,POR,"DF,MF",Manchester City,25,1998,26,19,1674,18.6,1,6,7,1,0,0,4,0,1.2,1.2,4.4,5.6,63,79,175,0.05,0.32,0.38,0.05,0.38,0.07,0.23,0.3,0.07,0.3
387,Darwin Núñez,URU,FW,Liverpool,25,1999,30,8,1133,12.6,5,2,7,5,0,0,8,0,5.8,5.8,1.3,7.1,23,27,78,0.4,0.16,0.56,0.4,0.56,0.46,0.1,0.57,0.46,0.57
388,Ethan Nwaneri,ENG,"FW,MF",Arsenal,17,2007,26,11,895,9.9,4,2,6,4,0,0,1,0,1.2,1.2,1.2,2.4,46,33,113,0.4,0.2,0.6,0.4,0.6,0.12,0.12,0.24,0.12,0.24
389,Christian Nørgaard,DEN,MF,Brentford,30,1994,34,34,2819,31.3,5,4,9,5,0,0,8,1,4.3,4.3,1.3,5.6,14,154,42,0.16,0.13,0.29,0.16,0.29,0.14,0.04,0.18,0.14,0.18
390,Jake O'Brien,IRL,DF,Everton,23,2001,20,17,1571,17.5,2,0,2,2,0,0,5,0,0.8,0.8,0.6,1.3,7,50,25,0.11,0.0,0.11,0.11,0.11,0.04,0.03,0.08,0.04,0.08
391,Matt O'Riley,DEN,MF,Brighton,23,2000,21,11,938,10.4,2,2,4,1,1,1,1,0,2.8,2.0,2.4,4.4,22,38,52,0.19,0.19,0.38,0.1,0.29,0.27,0.23,0.5,0.2,0.42
392,Dara O'Shea,IRL,DF,Ipswich Town,25,1999,35,35,3122,34.7,0,2,2,0,0,0,6,0,1.3,1.3,0.5,1.8,3,80,8,0.0,0.06,0.06,0.0,0.06,0.04,0.01,0.05,0.04,0.05
393,Chidozie Obi-Martin,DEN,FW,Manchester Utd,16,2007,7,1,165,1.8,0,0,0,0,0,0,1,0,0.7,0.7,0.0,0.7,2,1,12,0.0,0.0,0.0,0.0,0.0,0.36,0.0,0.36,0.36,0.36
394,Wilson Odobert,FRA,"FW,MF",Tottenham,19,2004,16,9,850,9.4,1,0,1,1,0,0,0,0,1.6,1.6,1.0,2.6,45,27,66,0.11,0.0,0.11,0.11,0.11,0.17,0.1,0.27,0.17,0.27
395,Chiedozie Ogbene,IRL,FW,Ipswich Town,27,1997,5,3,238,2.6,0,0,0,0,0,0,0,0,0.0,0.0,0.1,0.1,7,0,15,0.0,0.0,0.0,0.0,0.0,0.0,0.03,0.03,0.0,0.03
396,Caleb Okoli,ITA,DF,Leicester City,23,2001,19,12,1125,12.5,1,0,1,1,0,0,4,0,0.6,0.6,0.0,0.6,3,32,2,0.08,0.0,0.08,0.08,0.08,0.05,0.0,0.05,0.05,0.05
397,Robin Olsen,SWE,GK,Aston Villa,34,1990,4,1,226,2.5,0,0,0,0,0,0,0,0,0.0,0.0,0.0,0.0,0,0,0,0.0,0.0,0.0,0.0,0.0,0.0,0.0,0.0,0.0,0.0
398,Amadou Onana,BEL,MF,Aston Villa,22,2001,26,20,1617,18.0,3,0,3,3,0,0,4,0,2.1,2.1,0.7,2.8,29,75,16,0.17,0.0,0.17,0.17,0.17,0.12,0.04,0.16,0.12,0.16
399,André Onana,CMR,GK,Manchester Utd,28,1996,34,34,3060,34.0,0,0,0,0,0,0,0,0,0.0,0.0,0.2,0.2,0,1,0,0.0,0.0,0.0,0.0,0.0,0.0,0.0,0.0,0.0,0.0
400,Paul Onuachu,NGA,FW,Southampton,30,1994,25,11,1050,11.7,4,1,5,4,0,0,4,0,3.6,3.6,0.5,4.1,7,13,40,0.34,0.09,0.43,0.34,0.43,0.31,0.04,0.35,0.31,0.35
401,Frank Onyeka,NGA,MF,Brentford,26,1998,2,0,25,0.3,0,0,0,0,0,0,0,0,0.0,0.0,0.0,0.0,0,1,0,0.0,0.0,0.0,0.0,0.0,0.0,0.0,0.0,0.0,0.0
402,Lewis Orford,ENG,MF,West Ham,18,2006,2,0,49,0.5,0,0,0,0,0,0,0,0,0.0,0.0,0.0,0.0,0,0,1,0.0,0.0,0.0,0.0,0.0,0.05,0.04,0.09,0.05,0.09
403,Stefan Ortega,GER,GK,Manchester City,31,1992,13,12,1100,12.2,0,0,0,0,0,0,1,0,0.0,0.0,0.0,0.0,0,0,0,0.0,0.0,0.0,0.0,0.0,0.0,0.0,0.0,0.0,0.0
404,William Osula,DEN,FW,Newcastle Utd,20,2003,14,0,134,1.5,1,0,1,1,0,0,0,0,0.2,0.2,0.1,0.3,5,4,17,0.67,0.0,0.67,0.67,0.67,0.11,0.1,0.21,0.11,0.21
405,Dango Ouattara,BFA,FW,Bournemouth,22,2002,32,21,2005,22.3,7,4,11,7,0,0,3,0,8.4,8.4,5.5,13.8,79,43,191,0.31,0.18,0.49,0.31,0.49,0.38,0.25,0.62,0.38,0.62
406,Nico O’Reilly,ENG,DF,Manchester City,19,2005,9,6,528,5.9,2,0,2,2,0,0,0,0,1.3,1.3,0.4,1.6,16,17,26,0.34,0.0,0.34,0.34,0.34,0.22,0.06,0.28,0.22,0.28
407,Alex Palmer,ENG,GK,Ipswich Town,27,1996,13,13,1170,13.0,0,0,0,0,0,0,2,0,0.0,0.0,0.0,0.0,0,1,0,0.0,0.0,0.0,0.0,0.0,0.0,0.0,0.0,0.0,0.0
408,Cole Palmer,ENG,"MF,FW",Chelsea,22,2002,37,36,3191,35.5,15,8,23,11,4,5,7,0,17.3,13.3,10.9,24.2,120,214,187,0.42,0.23,0.65,0.31,0.54,0.49,0.31,0.79,0.38,0.68
409,Emerson Palmieri,ITA,DF,West Ham,29,1994,31,26,2113,23.5,2,1,3,2,0,0,5,0,2.0,2.0,1.5,3.4,47,66,83,0.09,0.04,0.13,0.09,0.13,0.08,0.06,0.15,0.08,0.15
410,Lucas Paquetá,BRA,"MF,FW",West Ham,26,1997,33,27,2380,26.4,4,0,4,2,2,2,10,0,5.3,3.7,3.1,6.8,26,155,85,0.15,0.0,0.15,0.08,0.08,0.2,0.12,0.32,0.14,0.26
411,Thomas Partey,GHA,"MF,DF",Arsenal,31,1993,35,31,2797,31.1,4,2,6,4,0,0,4,0,2.3,2.3,2.1,4.3,36,185,48,0.13,0.06,0.19,0.13,0.19,0.07,0.07,0.14,0.07,0.14
412,Nathan Patterson,SCO,DF,Everton,22,2001,10,3,347,3.9,0,1,1,0,0,0,1,0,0.1,0.1,0.4,0.5,6,13,18,0.0,0.26,0.26,0.0,0.26,0.02,0.11,0.13,0.02,0.13
413,Andreas Pereira,BRA,MF,Fulham,28,1996,33,25,2013,22.4,2,4,6,2,0,1,7,0,3.8,3.0,4.6,7.6,29,104,81,0.09,0.18,0.27,0.09,0.27,0.17,0.21,0.38,0.14,0.34
414,Ricardo Pereira,POR,DF,Leicester City,30,1993,10,4,388,4.3,0,0,0,0,0,0,1,0,0.1,0.1,0.0,0.1,3,18,5,0.0,0.0,0.0,0.0,0.0,0.02,0.0,0.02,0.02,0.02
415,Kalvin Phillips,ENG,MF,Ipswich Town,28,1995,19,14,1237,13.7,0,0,0,0,0,0,6,1,0.4,0.4,0.2,0.7,4,51,4,0.0,0.0,0.0,0.0,0.0,0.03,0.02,0.05,0.03,0.05
416,Jaden Philogene Bidace,ENG,"FW,MF",Aston Villa,22,2002,11,2,332,3.7,0,0,0,0,0,0,4,1,0.5,0.5,0.3,0.8,7,4,17,0.0,0.0,0.0,0.0,0.0,0.13,0.08,0.2,0.13,0.2
417,Jaden Philogene Bidace,ENG,"FW,DF",Ipswich Town,22,2002,10,5,474,5.3,2,0,2,2,0,0,1,0,2.0,2.0,0.2,2.2,13,10,36,0.38,0.0,0.38,0.38,0.38,0.37,0.05,0.42,0.37,0.42
418,Jordan Pickford,ENG,GK,Everton,30,1994,38,38,3420,38.0,0,1,1,0,0,0,7,0,0.0,0.0,0.4,0.4,0,0,0,0.0,0.03,0.03,0.0,0.03,0.0,0.01,0.01,0.0,0.01
419,Ethan Pinnock,JAM,DF,Brentford,31,1993,22,21,1913,21.3,2,0,2,2,0,0,2,0,1.1,1.1,1.2,2.3,3,41,9,0.09,0.0,0.09,0.09,0.09,0.05,0.05,0.11,0.05,0.11
420,Daniel Podence,POR,"MF,FW",Wolves,28,1995,2,0,48,0.5,0,0,0,0,0,0,0,0,0.0,0.0,0.0,0.0,1,2,3,0.0,0.0,0.0,0.0,0.0,0.07,0.0,0.07,0.07,0.07
421,Alfie Pond,ENG,DF,Wolves,20,2004,1,0,1,0.0,0,0,0,0,0,0,0,0,0.0,0.0,0.0,0.0,0,0,0,0.0,0.0,0.0,0.0,0.0,0.0,0.0,0.0,0.0,0.0
422,Nick Pope,ENG,GK,Newcastle Utd,32,1992,28,28,2520,28.0,0,0,0,0,0,0,2,0,0.0,0.0,0.0,0.0,0,1,0,0.0,0.0,0.0,0.0,0.0,0.0,0.0,0.0,0.0,0.0
423,Pedro Porro,ESP,DF,Tottenham,24,1999,33,28,2610,29.0,2,6,8,2,0,0,5,0,1.6,1.6,5.0,6.6,65,154,109,0.07,0.21,0.28,0.07,0.28,0.05,0.17,0.23,0.05,0.23
424,Jarell Quansah,ENG,DF,Liverpool,21,2003,13,4,495,5.5,0,0,0,0,0,0,2,0,0.1,0.1,0.1,0.2,3,19,4,0.0,0.0,0.0,0.0,0.0,0.02,0.02,0.04,0.02,0.04
425,Hákon Rafn Valdimarsson,ISL,GK,Brentford,22,2001,2,1,145,1.6,0,0,0,0,0,0,0,0,0.0,0.0,0.0,0.0,0,0,0,0.0,0.0,0.0,0.0,0.0,0.0,0.0,0.0,0.0,0.0
426,Aaron Ramsdale,ENG,GK,Southampton,26,1998,30,30,2700,30.0,0,0,0,0,0,0,2,0,0.0,0.0,0.0,0.0,0,0,0,0.0,0.0,0.0,0.0,0.0,0.0,0.0,0.0,0.0,0.0
427,Jacob Ramsey,ENG,"FW,MF",Aston Villa,23,2001,29,19,1623,18.0,1,3,4,1,0,0,4,1,1.6,1.6,2.3,3.9,61,68,114,0.06,0.17,0.22,0.06,0.22,0.09,0.13,0.22,0.09,0.22
428,Marcus Rashford,ENG,"FW,MF",Manchester Utd,26,1997,15,12,978,10.9,4,1,5,4,0,0,2,0,1.7,1.7,2.1,3.8,20,21,79,0.37,0.09,0.46,0.37,0.46,0.16,0.19,0.35,0.16,0.35
429,Marcus Rashford,ENG,FW,Aston Villa,26,1997,10,4,444,4.9,2,2,4,1,1,1,0,0,3.1,2.3,2.3,4.5,22,13,42,0.41,0.41,0.81,0.2,0.61,0.62,0.46,1.08,0.46,0.92
430,David Raya,ESP,GK,Arsenal,28,1995,38,38,3420,38.0,0,0,0,0,0,0,3,0,0.0,0.0,0.0,0.0,0,14,0,0.0,0.0,0.0,0.0,0.0,0.0,0.0,0.0,0.0,0.0
431,Harrison Reed,ENG,MF,Fulham,29,1995,12,0,108,1.2,0,0,0,0,0,0,2,0,0.2,0.2,0.1,0.3,1,4,7,0.0,0.0,0.0,0.0,0.0,0.21,0.07,0.27,0.21,0.27
432,Remy Rees-Dottin,ENG,FW,Bournemouth,18,2006,1,0,1,0.0,0,0,0,0,0,0,0,0,0.0,0.0,0.0,0.0,0,0,0,0.0,0.0,0.0,0.0,0.0,0.0,0.0,0.0,0.0,0.0
433,Sergio Reguilón,ESP,DF,Tottenham,27,1996,4,1,196,2.2,0,0,0,0,0,0,2,0,0.1,0.1,0.0,0.1,5,13,12,0.0,0.0,0.0,0.0,0.0,0.05,0.01,0.07,0.05,0.07
434,Vitor Reis,BRA,DF,Manchester City,18,2006,1,0,1,0.0,0,0,0,0,0,0,0,0,0.0,0.0,0.0,0.0,0,0,0,0.0,0.0,0.0,0.0,0.0,0.0,0.0,0.0,0.0,0.0
435,Chadi Riad,MAR,DF,Crystal Palace,21,2003,1,1,90,1.0,0,0,0,0,0,0,0,0,0.0,0.0,0.0,0.0,2,7,0,0.0,0.0,0.0,0.0,0.0,0.0,0.0,0.0,0.0,0.0
436,Declan Rice,ENG,MF,Arsenal,25,1999,35,33,2825,31.4,4,7,11,4,0,0,7,1,3.5,3.5,6.6,10.1,90,192,94,0.13,0.22,0.35,0.13,0.35,0.11,0.21,0.32,0.11,0.32
437,Chris Richards,USA,DF,Crystal Palace,24,2000,24,22,1922,21.4,1,0,1,1,0,0,4,1,1.4,1.4,0.1,1.5,6,39,2,0.05,0.0,0.05,0.05,0.05,0.06,0.0,0.07,0.06,0.07
438,Richarlison,BRA,FW,Tottenham,27,1997,15,4,504,5.6,4,1,5,4,0,0,2,0,3.7,3.7,0.9,4.6,8,11,22,0.71,0.18,0.89,0.71,0.89,0.66,0.16,0.82,0.66,0.82
439,Andrew Robertson,SCO,DF,Liverpool,30,1994,33,29,2482,27.6,0,1,1,0,0,0,3,1,1.2,1.2,4.6,5.8,64,176,108,0.0,0.04,0.04,0.0,0.04,0.04,0.17,0.21,0.04,0.21
440,Antonee Robinson,USA,DF,Fulham,26,1997,36,35,3167,35.2,0,10,10,0,0,0,8,0,0.7,0.7,4.2,4.9,118,131,274,0.0,0.28,0.28,0.0,0.28,0.02,0.12,0.14,0.02,0.14
441,Jay Robinson,ENG,"MF,FW",Southampton,17,2007,4,1,137,1.5,0,0,0,0,0,0,0,0,0.0,0.0,0.7,0.7,3,1,10,0.0,0.0,0.0,0.0,0.0,0.03,0.44,0.47,0.03,0.47
442,Rodri,ESP,MF,Manchester City,28,1996,3,1,73,0.8,0,0,0,0,0,0,0,0,0.0,0.0,0.0,0.0,1,4,1,0.0,0.0,0.0,0.0,0.0,0.0,0.06,0.06,0.0,0.06
443,Guido Rodríguez,ARG,MF,West Ham,30,1994,23,16,1149,12.8,0,1,1,0,0,0,6,0,0.2,0.2,0.2,0.4,4,33,7,0.0,0.08,0.08,0.0,0.08,0.02,0.01,0.03,0.02,0.03
444,Mads Roerslev,DEN,DF,Brentford,25,1999,19,11,1101,12.2,0,2,2,0,0,0,2,0,0.2,0.2,3.0,3.2,17,51,54,0.0,0.16,0.16,0.0,0.16,0.02,0.24,0.26,0.02,0.26
445,Morgan Rogers,ENG,"FW,MF",Aston Villa,22,2002,37,37,3114,34.6,8,10,18,8,0,0,10,0,6.6,6.6,7.8,14.4,114,123,188,0.23,0.29,0.52,0.23,0.52,0.19,0.23,0.42,0.19,0.42
446,Cristian Romero,ARG,DF,Tottenham,26,1998,18,18,1416,15.7,1,0,1,1,0,0,3,0,1.6,1.6,0.6,2.2,12,71,3,0.06,0.0,0.06,0.06,0.06,0.1,0.04,0.14,0.1,0.14
447,Georginio Rutter,FRA,"MF,FW",Brighton,22,2002,28,19,1656,18.4,5,3,8,5,0,0,2,0,4.6,4.6,2.5,7.1,42,67,79,0.27,0.16,0.43,0.27,0.43,0.25,0.14,0.39,0.25,0.39
448,José Sá,POR,GK,Wolves,31,1993,29,29,2609,29.0,0,0,0,0,0,0,2,0,0.0,0.0,0.2,0.2,0,2,0,0.0,0.0,0.0,0.0,0.0,0.0,0.01,0.01,0.0,0.01
449,Bukayo Saka,ENG,"FW,MF",Arsenal,22,2001,25,20,1729,19.2,6,10,16,5,1,1,3,0,6.8,6.0,7.6,13.7,96,70,255,0.31,0.52,0.83,0.26,0.78,0.36,0.4,0.75,0.31,0.71
450,Mohamed Salah,EGY,FW,Liverpool,32,1992,38,38,3371,37.5,29,18,47,20,9,9,1,0,25.2,18.2,14.2,32.4,154,144,488,0.77,0.48,1.25,0.53,1.01,0.67,0.38,1.05,0.49,0.87
451,William Saliba,FRA,DF,Arsenal,23,2001,35,35,3039,33.8,2,0,2,2,0,0,2,1,2.3,2.3,0.9,3.1,16,138,6,0.06,0.0,0.06,0.06,0.06,0.07,0.03,0.09,0.07,0.09
452,Robert Sánchez,ESP,GK,Chelsea,26,1997,32,32,2880,32.0,0,0,0,0,0,0,5,0,0.0,0.0,0.1,0.1,0,1,0,0.0,0.0,0.0,0.0,0.0,0.0,0.0,0.0,0.0,0.0
453,Jadon Sancho,ENG,FW,Chelsea,24,2000,31,19,1764,19.6,3,4,7,3,0,0,2,0,2.2,2.2,3.7,5.8,102,90,225,0.15,0.2,0.36,0.15,0.36,0.11,0.19,0.3,0.11,0.3
454,Ibrahim Sangaré,CIV,MF,Nott'ham Forest,26,1997,13,7,590,6.6,0,1,1,0,0,0,3,0,0.0,0.0,0.4,0.4,1,27,4,0.0,0.15,0.15,0.0,0.15,0.0,0.06,0.06,0.0,0.06
455,Pablo Sarabia,ESP,"MF,FW",Wolves,32,1992,23,7,814,9.0,3,2,5,3,0,0,3,0,2.9,2.9,1.8,4.6,15,60,62,0.33,0.22,0.55,0.33,0.55,0.32,0.19,0.51,0.32,0.51
456,Jeremy Sarmiento,ECU,MF,Brighton,22,2002,1,0,9,0.1,0,0,0,0,0,0,0,0,0.0,0.0,0.0,0.0,0,0,2,0.0,0.0,0.0,0.0,0.0,0.0,0.0,0.0,0.0,0.0
457,Ismaila Sarr,SEN,MF,Crystal Palace,26,1998,38,30,2711,30.1,8,6,14,8,0,0,4,0,10.7,10.7,8.5,19.2,75,85,183,0.27,0.2,0.46,0.27,0.46,0.35,0.28,0.64,0.35,0.64
458,Sávio,BRA,"FW,MF",Manchester City,20,2004,29,21,1766,19.6,1,8,9,1,0,0,3,0,5.0,5.0,6.9,11.9,137,67,246,0.05,0.41,0.46,0.05,0.46,0.26,0.35,0.61,0.26,0.61
459,Oliver Scarles,ENG,"DF,FW",West Ham,18,2005,15,7,665,7.4,0,0,0,0,0,0,1,0,0.1,0.1,0.1,0.2,12,22,44,0.0,0.0,0.0,0.0,0.0,0.01,0.01,0.03,0.01,0.03
460,Dane Scarlett,ENG,"FW,MF",Tottenham,20,2004,3,0,34,0.4,0,1,1,0,0,0,0,0,0.0,0.0,0.0,0.1,1,1,1,0.0,2.65,2.65,0.0,2.65,0.09,0.12,0.22,0.09,0.22
461,Kevin Schade,GER,FW,Brentford,22,2001,38,26,2293,25.5,11,2,13,11,0,0,3,0,8.2,8.2,3.7,11.9,61,38,165,0.43,0.08,0.51,0.43,0.51,0.32,0.14,0.47,0.32,0.47
462,Fabian Schär,SUI,DF,Newcastle Utd,32,1991,34,33,2934,32.6,4,0,4,4,0,0,9,1,3.7,3.7,0.4,4.1,18,118,22,0.12,0.0,0.12,0.12,0.12,0.11,0.01,0.13,0.11,0.13
463,Jeffrey Schlupp,GHA,"MF,DF",Crystal Palace,31,1992,12,0,103,1.1,0,0,0,0,0,0,0,0,0.2,0.2,0.2,0.3,4,5,9,0.0,0.0,0.0,0.0,0.0,0.14,0.14,0.28,0.14,0.28
464,Alex Scott,ENG,MF,Bournemouth,20,2003,20,8,755,8.4,0,0,0,0,0,0,3,0,0.7,0.7,0.9,1.6,15,52,33,0.0,0.0,0.0,0.0,0.0,0.09,0.11,0.19,0.09,0.19
465,Matz Sels,BEL,GK,Nott'ham Forest,32,1992,38,38,3420,38.0,0,0,0,0,0,0,4,0,0.0,0.0,0.4,0.4,1,2,0,0.0,0.0,0.0,0.0,0.0,0.0,0.01,0.01,0.0,0.01
466,Nélson Semedo,POR,DF,Wolves,30,1993,34,32,2886,32.1,0,4,4,0,0,0,8,0,0.9,0.9,2.8,3.7,67,80,119,0.0,0.12,0.12,0.0,0.12,0.03,0.09,0.12,0.03,0.12
467,Antoine Semenyo,GHA,FW,Bournemouth,24,2000,37,36,3203,35.6,11,5,16,11,0,0,9,0,10.0,10.0,5.8,15.8,140,109,282,0.31,0.14,0.45,0.31,0.45,0.28,0.16,0.44,0.28,0.44
468,Marcos Senesi,ARG,DF,Bournemouth,27,1997,17,13,1106,12.3,0,0,0,0,0,0,5,0,0.8,0.8,0.2,1.1,12,62,7,0.0,0.0,0.0,0.0,0.0,0.07,0.02,0.09,0.07,0.09
469,Ryan Sessegnon,ENG,"FW,DF",Fulham,24,2000,16,7,580,6.4,4,2,6,4,0,0,1,0,1.6,1.6,1.1,2.7,18,22,59,0.62,0.31,0.93,0.62,0.93,0.25,0.17,0.42,0.25,0.42
470,Luke Shaw,ENG,DF,Manchester Utd,29,1995,7,4,349,3.9,0,0,0,0,0,0,1,0,0.0,0.0,0.7,0.7,7,24,7,0.0,0.0,0.0,0.0,0.0,0.01,0.18,0.19,0.01,0.19
471,Zain Silcott-Duberry,MSR,FW,Bournemouth,19,2005,1,0,1,0.0,0,0,0,0,0,0,0,0,0.0,0.0,0.0,0.0,0,0,0,0.0,0.0,0.0,0.0,0.0,0.0,0.0,0.0,0.0,0.0
472,Bernardo Silva,POR,"MF,FW",Manchester City,29,1994,33,29,2670,29.7,4,4,8,4,0,0,7,0,3.9,3.9,5.1,9.0,101,134,200,0.13,0.13,0.27,0.13,0.27,0.13,0.17,0.3,0.13,0.3
473,Jota Silva,POR,"FW,MF",Nott'ham Forest,24,1999,31,5,854,9.5,3,1,4,3,0,0,5,0,2.1,2.1,2.9,5.0,21,18,59,0.32,0.11,0.42,0.32,0.42,0.22,0.3,0.53,0.22,0.53
474,Eric da Silva Moreira,GER,"MF,DF",Nott'ham Forest,18,2006,2,0,30,0.3,0,0,0,0,0,0,0,0,0.0,0.0,0.0,0.0,1,0,1,0.0,0.0,0.0,0.0,0.0,0.0,0.0,0.0,0.0,0.0
475,Jahmai Simpson-Pusey,ENG,DF,Manchester City,18,2005,2,1,96,1.1,0,0,0,0,0,0,1,0,0.0,0.0,0.0,0.0,1,3,0,0.0,0.0,0.0,0.0,0.0,0.0,0.0,0.0,0.0,0.0
476,Luis Sinisterra,COL,"FW,MF",Bournemouth,25,1999,12,1,236,2.6,1,1,2,1,0,0,0,0,1.2,1.2,1.4,2.6,19,6,38,0.38,0.38,0.76,0.38,0.76,0.46,0.54,1.0,0.46,1.0
477,Oliver Skipp,ENG,MF,Leicester City,23,2000,24,10,1129,12.5,0,0,0,0,0,0,8,0,0.4,0.4,0.3,0.6,16,35,19,0.0,0.0,0.0,0.0,0.0,0.03,0.02,0.05,0.03,0.05
478,William Smallbone,IRL,MF,Southampton,24,2000,18,6,690,7.7,1,0,1,1,0,0,1,0,0.6,0.6,0.7,1.3,5,27,25,0.13,0.0,0.13,0.13,0.13,0.07,0.1,0.17,0.07,0.17
479,Adam Smith,ENG,DF,Bournemouth,33,1991,25,19,1590,17.7,0,0,0,0,0,0,7,0,0.7,0.7,0.4,1.1,15,49,34,0.0,0.0,0.0,0.0,0.0,0.04,0.02,0.06,0.04,0.06
480,Emile Smith Rowe,ENG,MF,Fulham,24,2000,34,25,2043,22.7,6,3,9,6,0,0,3,0,4.5,4.5,1.4,6.0,53,126,127,0.26,0.13,0.4,0.26,0.4,0.2,0.06,0.26,0.2,0.26
481,Dominic Solanke,ENG,FW,Tottenham,26,1997,27,25,2201,24.5,9,3,12,8,1,1,0,0,10.9,10.1,2.9,13.1,31,47,88,0.37,0.12,0.49,0.33,0.45,0.45,0.12,0.57,0.41,0.54
482,Carlos Soler,ESP,"MF,FW",West Ham,27,1997,31,14,1409,15.7,1,1,2,1,0,0,6,0,1.8,1.8,1.4,3.2,17,56,37,0.06,0.06,0.13,0.06,0.13,0.12,0.09,0.21,0.12,0.21
483,Julio Soler,ARG,"DF,FW",Bournemouth,19,2005,3,0,11,0.1,0,0,0,0,0,0,0,0,0.0,0.0,0.0,0.0,0,0,2,0.0,0.0,0.0,0.0,0.0,0.0,0.0,0.0,0.0,0.0
484,Ramón Sosa,PAR,"FW,MF",Nott'ham Forest,24,1999,19,1,295,3.3,1,0,1,1,0,0,1,0,1.0,1.0,0.5,1.5,12,6,17,0.31,0.0,0.31,0.31,0.31,0.31,0.15,0.45,0.31,0.45
485,Tomáš Souček,CZE,MF,West Ham,29,1995,35,30,2567,28.5,9,1,10,9,0,0,8,0,6.7,6.7,1.0,7.8,9,74,68,0.32,0.04,0.35,0.32,0.35,0.24,0.04,0.27,0.24,0.27
486,Boubakary Soumaré,FRA,MF,Leicester City,25,1999,31,25,2171,24.1,0,0,0,0,0,0,8,0,0.3,0.3,0.4,0.7,34,105,23,0.0,0.0,0.0,0.0,0.0,0.01,0.02,0.03,0.01,0.03
487,Djed Spence,ENG,DF,Tottenham,23,2000,25,19,1792,19.9,1,2,3,1,0,0,4,1,0.6,0.6,1.8,2.3,59,105,70,0.05,0.1,0.15,0.05,0.15,0.03,0.09,0.12,0.03,0.12
488,Jay Stansfield,ENG,MF,Fulham,21,2002,1,0,1,0.0,0,0,0,0,0,0,0,0,0.0,0.0,0.0,0.0,0,0,0,0.0,0.0,0.0,0.0,0.0,0.0,0.0,0.0,0.0,0.0
489,Jason Steele,ENG,GK,Brighton,33,1990,2,2,180,2.0,0,0,0,0,0,0,0,0,0.0,0.0,0.0,0.0,0,0,0,0.0,0.0,0.0,0.0,0.0,0.0,0.0,0.0,0.0,0.0
490,Jack Stephens,ENG,DF,Southampton,30,1994,19,17,1389,15.4,1,0,1,1,0,0,2,2,0.6,0.6,0.2,0.7,14,63,2,0.06,0.0,0.06,0.06,0.06,0.04,0.01,0.05,0.04,0.05
491,Raheem Sterling,ENG,"FW,MF",Arsenal,29,1994,17,7,499,5.5,0,2,2,0,0,0,1,0,1.4,1.4,0.5,1.9,27,18,79,0.0,0.36,0.36,0.0,0.36,0.26,0.09,0.34,0.26,0.34
492,Ross Stewart,SCO,FW,Southampton,28,1996,12,4,389,4.3,1,0,1,1,0,0,1,0,1.1,1.1,0.0,1.1,3,2,10,0.23,0.0,0.23,0.23,0.23,0.25,0.0,0.25,0.25,0.25
493,Jakub Stolarczyk,POL,GK,Leicester City,23,2000,10,10,900,10.0,0,0,0,0,0,0,1,0,0.0,0.0,0.0,0.0,0,1,0,0.0,0.0,0.0,0.0,0.0,0.0,0.0,0.0,0.0,0.0
494,John Stones,ENG,"DF,MF",Manchester City,30,1994,11,6,548,6.1,2,0,2,2,0,0,1,0,0.4,0.4,0.1,0.5,10,21,2,0.33,0.0,0.33,0.33,0.33,0.07,0.01,0.08,0.07,0.08
495,Jørgen Strand Larsen,NOR,FW,Wolves,24,2000,35,30,2587,28.7,14,4,18,14,0,0,4,0,10.3,10.3,3.0,13.3,17,29,112,0.49,0.14,0.63,0.49,0.63,0.36,0.1,0.46,0.36,0.46
496,Yukinari Sugawara,JPN,"DF,MF",Southampton,24,2000,30,16,1557,17.3,1,1,2,1,0,0,4,0,0.5,0.5,2.2,2.7,33,72,78,0.06,0.06,0.12,0.06,0.12,0.03,0.13,0.16,0.03,0.16
497,Kamaldeen Sulemana,GHA,"FW,MF",Southampton,22,2002,26,17,1402,15.6,1,1,2,1,0,0,2,0,1.5,1.5,1.0,2.5,63,27,87,0.06,0.06,0.13,0.06,0.13,0.1,0.06,0.16,0.1,0.16
498,Crysencio Summerville,NED,"FW,MF",West Ham,22,2001,19,7,786,8.7,1,1,2,1,0,0,2,0,1.6,1.6,1.7,3.3,29,18,71,0.11,0.11,0.23,0.11,0.23,0.19,0.19,0.38,0.19,0.38
499,Sammie Szmodics,IRL,"FW,MF",Ipswich Town,28,1995,20,13,992,11.0,4,0,4,4,0,0,2,0,3.4,3.4,0.2,3.6,16,19,47,0.36,0.0,0.36,0.36,0.36,0.31,0.02,0.33,0.31,0.33
500,Dominik Szoboszlai,HUN,MF,Liverpool,23,2000,36,29,2491,27.7,6,6,12,6,0,0,6,0,7.3,7.3,7.4,14.7,72,131,127,0.22,0.22,0.43,0.22,0.43,0.27,0.27,0.53,0.27,0.53
501,Matt Targett,ENG,DF,Newcastle Utd,28,1995,2,0,21,0.2,0,0,0,0,0,0,0,0,0.0,0.0,0.0,0.0,0,0,1,0.0,0.0,0.0,0.0,0.0,0.0,0.0,0.0,0.0,0.0
502,James Tarkowski,ENG,DF,Everton,31,1992,33,33,2922,32.5,1,1,2,1,0,0,6,0,1.3,1.3,2.9,4.2,9,75,3,0.03,0.03,0.06,0.03,0.06,0.04,0.09,0.13,0.04,0.13
503,Marcus Tavernier,ENG,"FW,MF",Bournemouth,25,1999,29,20,1939,21.5,3,5,8,3,0,0,6,0,5.5,5.5,4.0,9.5,53,128,129,0.14,0.23,0.37,0.14,0.37,0.25,0.19,0.44,0.25,0.44
504,Charlie Taylor,ENG,DF,Southampton,30,1993,8,3,356,4.0,0,0,0,0,0,0,1,0,0.0,0.0,0.1,0.1,3,9,7,0.0,0.0,0.0,0.0,0.0,0.0,0.02,0.02,0.0,0.02
505,Jack Taylor,IRL,MF,Ipswich Town,26,1998,32,4,860,9.6,1,0,1,1,0,0,4,0,0.7,0.7,0.5,1.3,11,43,23,0.1,0.0,0.1,0.1,0.1,0.08,0.06,0.13,0.08,0.13
506,Mathys Tel,FRA,FW,Tottenham,19,2005,13,11,911,10.1,2,1,3,1,1,1,2,0,3.0,2.2,2.6,4.7,28,21,72,0.2,0.1,0.3,0.1,0.2,0.29,0.25,0.55,0.22,0.47
507,Kenny Tete,NED,DF,Fulham,28,1995,22,21,1774,19.7,0,2,2,0,0,0,5,0,1.4,1.4,0.9,2.3,34,63,54,0.0,0.1,0.1,0.0,0.1,0.07,0.05,0.12,0.07,0.12
508,Thiago,BRA,"FW,MF",Brentford,23,2001,8,1,175,1.9,0,0,0,0,0,0,0,0,0.1,0.1,0.1,0.2,3,4,8,0.0,0.0,0.0,0.0,0.0,0.07,0.04,0.1,0.07,0.1
509,Luke Thomas,ENG,DF,Leicester City,23,2001,14,13,1110,12.3,0,0,0,0,0,0,3,0,0.4,0.4,0.5,0.9,5,37,16,0.0,0.0,0.0,0.0,0.0,0.03,0.04,0.07,0.03,0.07
510,Youri Tielemans,BEL,MF,Aston Villa,27,1997,36,35,3026,33.6,3,7,10,3,0,1,4,0,3.3,2.5,7.0,9.5,39,235,48,0.09,0.21,0.3,0.09,0.3,0.1,0.21,0.31,0.07,0.28
511,Kieran Tierney,SCO,"DF,FW",Arsenal,27,1997,13,2,259,2.9,1,0,1,1,0,0,0,0,0.4,0.4,1.4,1.7,8,15,29,0.35,0.0,0.35,0.35,0.35,0.12,0.48,0.6,0.12,0.6
512,Jurriën Timber,NED,DF,Arsenal,23,2001,30,27,2417,26.9,1,3,4,1,0,0,7,0,1.2,1.2,0.8,2.1,57,146,104,0.04,0.11,0.15,0.04,0.15,0.05,0.03,0.08,0.05,0.08
513,Jean-Clair Todibo,FRA,DF,West Ham,24,1999,27,20,1825,20.3,0,0,0,0,0,0,3,0,0.4,0.4,0.0,0.4,9,38,5,0.0,0.0,0.0,0.0,0.0,0.02,0.0,0.02,0.02,0.02
514,Harry Toffolo,ENG,DF,Nott'ham Forest,28,1995,4,1,137,1.5,0,0,0,0,0,0,1,0,0.0,0.0,0.0,0.0,0,2,4,0.0,0.0,0.0,0.0,0.0,0.01,0.0,0.01,0.01,0.01
515,Takehiro Tomiyasu,JPN,DF,Arsenal,25,1998,1,0,7,0.1,0,0,0,0,0,0,0,0,0.2,0.2,0.0,0.2,0,1,0,0.0,0.0,0.0,0.0,0.0,2.37,0.0,2.37,2.37,2.37
516,Sandro Tonali,ITA,MF,Newcastle Utd,24,2000,36,28,2630,29.2,4,2,6,4,0,0,5,0,4.4,4.4,2.2,6.6,37,128,53,0.14,0.07,0.21,0.14,0.21,0.15,0.07,0.22,0.15,0.22
517,Pau Torres,ESP,DF,Aston Villa,27,1997,24,23,2020,22.4,0,0,0,0,0,0,2,0,0.5,0.5,0.1,0.6,40,97,8,0.0,0.0,0.0,0.0,0.0,0.02,0.01,0.03,0.02,0.03
518,Conor Townsend,ENG,DF,Ipswich Town,31,1993,6,3,335,3.7,0,1,1,0,0,0,1,0,0.0,0.0,0.7,0.7,2,8,13,0.0,0.27,0.27,0.0,0.27,0.01,0.18,0.18,0.01,0.18
519,Adama Traoré,ESP,"FW,MF",Fulham,28,1996,36,18,1772,19.7,2,7,9,2,0,0,3,0,4.0,4.0,4.9,8.9,100,68,161,0.1,0.36,0.46,0.1,0.46,0.2,0.25,0.45,0.2,0.45
520,Boubacar Traoré,MLI,MF,Wolves,22,2001,1,0,1,0.0,0,0,0,0,0,0,0,0,0.0,0.0,0.0,0.0,0,0,0,0.0,0.0,0.0,0.0,0.0,0.0,0.0,0.0,0.0,0.0
521,Mark Travers,IRL,GK,Bournemouth,25,1999,5,5,450,5.0,0,0,0,0,0,0,0,0,0.0,0.0,0.0,0.0,0,0,0,0.0,0.0,0.0,0.0,0.0,0.0,0.0,0.0,0.0,0.0
522,Ryan Trevitt,ENG,MF,Brentford,21,2003,1,0,4,0.0,0,0,0,0,0,0,0,0,0.0,0.0,0.0,0.0,0,0,1,0.0,0.0,0.0,0.0,0.0,0.0,0.0,0.0,0.0,0.0
523,Kieran Trippier,ENG,DF,Newcastle Utd,33,1990,25,14,1309,14.5,0,3,3,0,0,0,1,0,0.1,0.1,1.4,1.5,26,117,58,0.0,0.21,0.21,0.0,0.21,0.01,0.1,0.1,0.01,0.1
524,Leandro Trossard,BEL,FW,Arsenal,29,1994,38,28,2546,28.3,8,7,15,8,0,0,4,1,7.2,7.2,6.1,13.3,80,101,226,0.28,0.25,0.53,0.28,0.53,0.25,0.22,0.47,0.25,0.47
525,Kostas Tsimikas,GRE,DF,Liverpool,28,1996,18,9,837,9.3,0,1,1,0,0,0,2,0,0.4,0.4,2.1,2.5,17,76,43,0.0,0.11,0.11,0.0,0.11,0.04,0.23,0.27,0.04,0.27
526,Axel Tuanzebe,COD,DF,Ipswich Town,26,1997,22,20,1710,19.0,0,1,1,0,0,0,5,1,0.2,0.2,0.3,0.5,10,61,15,0.0,0.05,0.05,0.0,0.05,0.01,0.02,0.03,0.01,0.03
527,Destiny Udogie,ITA,DF,Tottenham,21,2002,25,24,1924,21.4,0,1,1,0,0,0,2,0,0.3,0.3,1.5,1.8,54,121,94,0.0,0.05,0.05,0.0,0.05,0.01,0.07,0.08,0.01,0.08
528,Manuel Ugarte Ribeiro,URU,MF,Manchester Utd,23,2001,29,22,1785,19.8,1,2,3,1,0,0,11,0,1.0,1.0,1.1,2.1,16,61,20,0.05,0.1,0.15,0.05,0.15,0.05,0.06,0.11,0.05,0.11
529,Lesley Ugochukwu,FRA,MF,Southampton,20,2004,26,18,1655,18.4,1,1,2,1,0,0,7,0,0.9,0.9,1.0,1.9,29,49,20,0.05,0.05,0.11,0.05,0.11,0.05,0.06,0.1,0.05,0.1
530,Enes Ünal,TUR,"FW,MF",Bournemouth,27,1997,17,2,345,3.8,2,1,3,2,0,0,2,0,2.7,2.7,0.4,3.1,4,12,22,0.52,0.26,0.78,0.52,0.78,0.72,0.1,0.82,0.72,0.82
531,Virgil van Dijk,NED,DF,Liverpool,33,1991,37,37,3330,37.0,3,1,4,3,0,0,5,0,2.2,2.2,0.7,3.0,22,198,6,0.08,0.03,0.11,0.08,0.11,0.06,0.02,0.08,0.06,0.08
532,Jamie Vardy,ENG,FW,Leicester City,37,1987,35,35,2823,31.4,9,4,13,8,1,2,5,0,11.2,9.6,3.0,12.6,29,22,120,0.29,0.13,0.41,0.26,0.38,0.36,0.1,0.45,0.31,0.4
533,Renato Veiga,POR,"DF,MF",Chelsea,21,2003,7,1,181,2.0,0,0,0,0,0,0,2,0,0.1,0.1,0.0,0.1,4,7,3,0.0,0.0,0.0,0.0,0.0,0.07,0.0,0.07,0.07,0.07
534,Joël Veltman,NED,DF,Brighton,32,1992,21,19,1697,18.9,0,0,0,0,0,0,5,0,0.5,0.5,0.5,0.9,32,85,34,0.0,0.0,0.0,0.0,0.0,0.02,0.02,0.05,0.02,0.05
535,Micky van de Ven,NED,DF,Tottenham,23,2001,13,12,1015,11.3,0,2,2,0,0,0,4,0,0.6,0.6,1.2,1.7,8,51,1,0.0,0.18,0.18,0.0,0.18,0.05,0.1,0.15,0.05,0.15
536,Bart Verbruggen,NED,GK,Brighton,21,2002,36,36,3240,36.0,0,1,1,0,0,0,5,0,0.0,0.0,0.0,0.0,0,2,0,0.0,0.03,0.03,0.0,0.03,0.0,0.0,0.0,0.0,0.0
537,Jannik Vestergaard,DEN,DF,Leicester City,31,1992,18,16,1391,15.5,0,0,0,0,0,0,5,0,0.1,0.1,0.1,0.2,3,32,2,0.0,0.0,0.0,0.0,0.0,0.01,0.01,0.01,0.01,0.01
538,Guglielmo Vicario,ITA,GK,Tottenham,27,1996,24,24,2160,24.0,0,0,0,0,0,0,1,0,0.0,0.0,0.0,0.0,0,1,0,0.0,0.0,0.0,0.0,0.0,0.0,0.0,0.0,0.0,0.0
539,Carlos Vinícius,BRA,"MF,FW",Fulham,29,1995,3,0,16,0.2,0,0,0,0,0,0,0,0,0.0,0.0,0.0,0.0,1,0,3,0.0,0.0,0.0,0.0,0.0,0.21,0.0,0.21,0.21,0.21
540,Kyle Walker,ENG,DF,Manchester City,34,1990,15,9,970,10.8,0,0,0,0,0,0,3,0,0.1,0.1,0.4,0.6,12,64,11,0.0,0.0,0.0,0.0,0.0,0.01,0.04,0.05,0.01,0.05
541,Kyle Walker-Peters,ENG,DF,Southampton,27,1997,33,33,2918,32.4,0,2,2,0,0,0,5,0,0.8,0.8,2.8,3.6,114,139,144,0.0,0.06,0.06,0.0,0.06,0.03,0.09,0.11,0.03,0.11
542,Christian Walton,ENG,GK,Ipswich Town,28,1995,7,7,630,7.0,0,0,0,0,0,0,0,0,0.0,0.0,0.0,0.0,0,0,0,0.0,0.0,0.0,0.0,0.0,0.0,0.0,0.0,0.0,0.0
543,Aaron Wan-Bissaka,ENG,DF,West Ham,26,1997,36,35,3154,35.0,2,5,7,2,0,0,1,0,1.2,1.2,3.5,4.7,110,149,167,0.06,0.14,0.2,0.06,0.2,0.03,0.1,0.14,0.03,0.14
544,Danny Ward,WAL,GK,Leicester City,31,1993,2,1,135,1.5,0,0,0,0,0,0,0,0,0.0,0.0,0.0,0.0,0,0,0,0.0,0.0,0.0,0.0,0.0,0.0,0.0,0.0,0.0,0.0
545,Joel Ward,ENG,DF,Crystal Palace,34,1989,2,1,71,0.8,0,0,0,0,0,0,1,0,0.0,0.0,0.0,0.0,0,1,1,0.0,0.0,0.0,0.0,0.0,0.0,0.06,0.06,0.0,0.06
546,James Ward-Prowse,ENG,MF,West Ham,29,1994,15,12,1039,11.5,1,1,2,1,0,0,2,0,1.6,1.6,1.9,3.6,11,54,9,0.09,0.09,0.17,0.09,0.17,0.14,0.17,0.31,0.14,0.31
547,James Ward-Prowse,ENG,MF,Nott'ham Forest,29,1994,9,5,400,4.4,0,1,1,0,0,0,2,1,0.1,0.1,1.1,1.2,1,16,3,0.0,0.23,0.23,0.0,0.23,0.01,0.25,0.26,0.01,0.26
548,Ollie Watkins,ENG,FW,Aston Villa,28,1995,38,31,2598,28.9,16,8,24,14,2,2,2,0,15.3,13.8,3.3,17.1,55,31,165,0.55,0.28,0.83,0.48,0.76,0.53,0.12,0.65,0.48,0.59
549,Adam Webster,ENG,DF,Brighton,29,1995,14,11,887,9.9,0,0,0,0,0,0,1,0,0.2,0.2,0.5,0.7,8,63,2,0.0,0.0,0.0,0.0,0.0,0.03,0.05,0.08,0.03,0.08
550,Danny Welbeck,ENG,FW,Brighton,33,1990,30,24,2115,23.5,10,4,14,9,1,1,5,0,9.6,8.8,1.4,10.1,21,47,95,0.43,0.17,0.6,0.38,0.55,0.41,0.06,0.46,0.37,0.43
551,Welington,BRA,DF,Southampton,23,2001,10,6,482,5.4,0,0,0,0,0,0,1,0,0.0,0.0,0.1,0.1,5,11,19,0.0,0.0,0.0,0.0,0.0,0.01,0.01,0.02,0.01,0.02
552,Timo Werner,GER,"FW,MF",Tottenham,28,1996,18,4,516,5.7,0,3,3,0,0,0,0,0,1.0,1.0,2.5,3.5,42,30,89,0.0,0.52,0.52,0.0,0.52,0.17,0.44,0.61,0.17,0.61
553,Adam Wharton,ENG,MF,Crystal Palace,20,2004,20,16,1318,14.6,0,2,2,0,0,0,2,0,0.4,0.4,3.0,3.4,14,107,11,0.0,0.14,0.14,0.0,0.14,0.03,0.21,0.23,0.03,0.23
554,Ben White,ENG,DF,Arsenal,26,1997,17,13,1198,13.3,0,2,2,0,0,0,2,0,0.5,0.5,1.4,1.8,23,59,42,0.0,0.15,0.15,0.0,0.15,0.03,0.1,0.14,0.03,0.14
555,Mats Wieffer,NED,"DF,MF",Brighton,24,1999,25,10,1015,11.3,1,3,4,1,0,0,6,0,0.8,0.8,1.6,2.4,18,62,23,0.09,0.27,0.35,0.09,0.35,0.07,0.14,0.21,0.07,0.21
556,Neco Williams,WAL,DF,Nott'ham Forest,23,2001,35,28,2594,28.8,1,3,4,1,0,0,7,0,2.3,2.3,1.6,3.9,68,89,103,0.03,0.1,0.14,0.03,0.14,0.08,0.05,0.13,0.08,0.13
557,Willian,BRA,"FW,MF",Fulham,35,1988,10,2,257,2.9,0,0,0,0,0,0,0,0,0.3,0.3,0.5,0.8,11,40,33,0.0,0.0,0.0,0.0,0.0,0.1,0.18,0.28,0.1,0.28
558,Joe Willock,ENG,"MF,FW",Newcastle Utd,24,1999,32,11,1086,12.1,0,2,2,0,0,0,4,0,1.6,1.6,2.1,3.8,38,41,86,0.0,0.17,0.17,0.0,0.17,0.14,0.18,0.31,0.14,0.31
559,Callum Wilson,ENG,FW,Newcastle Utd,32,1992,18,2,370,4.1,0,0,0,0,0,0,1,0,0.4,0.4,0.1,0.5,5,4,17,0.0,0.0,0.0,0.0,0.0,0.09,0.03,0.12,0.09,0.12
560,Harry Wilson,WAL,"FW,MF",Fulham,27,1997,25,12,1162,12.9,6,1,7,6,0,0,2,0,4.2,4.2,1.1,5.3,22,51,96,0.46,0.08,0.54,0.46,0.54,0.33,0.09,0.41,0.33,0.41
561,Harry Winks,ENG,MF,Leicester City,28,1996,22,17,1538,17.1,0,2,2,0,0,0,4,0,0.2,0.2,1.2,1.5,19,101,11,0.0,0.12,0.12,0.0,0.12,0.01,0.07,0.09,0.01,0.09
562,Ben Winterburn,ENG,"MF,FW",Bournemouth,19,2004,4,0,24,0.3,0,0,0,0,0,0,0,0,0.0,0.0,0.0,0.0,2,0,2,0.0,0.0,0.0,0.0,0.0,0.0,0.0,0.0,0.0,0.0
563,Yoane Wissa,COD,FW,Brentford,27,1996,35,34,2919,32.4,19,4,23,19,0,0,5,0,18.5,18.5,2.6,21.1,60,67,154,0.59,0.12,0.71,0.59,0.71,0.57,0.08,0.65,0.57,0.65
564,Chris Wood,NZL,FW,Nott'ham Forest,32,1991,36,35,2959,32.9,20,3,23,17,3,3,1,0,13.4,11.0,2.6,13.6,14,42,94,0.61,0.09,0.7,0.52,0.61,0.41,0.08,0.49,0.34,0.42
565,Nathan Wood-Gordon,ENG,DF,Southampton,22,2002,11,9,773,8.6,0,0,0,0,0,0,2,0,0.2,0.2,0.0,0.3,2,17,0,0.0,0.0,0.0,0.0,0.0,0.03,0.0,0.03,0.03,0.03
566,Luke Woolfenden,ENG,DF,Ipswich Town,25,1998,15,12,1187,13.2,0,0,0,0,0,0,2,0,0.0,0.0,0.0,0.0,7,15,0,0.0,0.0,0.0,0.0,0.0,0.0,0.0,0.0,0.0,0.0
567,Yehor Yarmoliuk,UKR,MF,Brentford,20,2004,31,15,1450,16.1,0,0,0,0,0,0,6,0,0.6,0.6,0.9,1.5,15,63,47,0.0,0.0,0.0,0.0,0.0,0.04,0.05,0.09,0.04,0.09
568,Ryan Yates,ENG,MF,Nott'ham Forest,26,1997,35,18,1915,21.3,2,1,3,2,0,0,10,0,2.3,2.3,1.2,3.5,18,53,16,0.09,0.05,0.14,0.09,0.14,0.11,0.05,0.16,0.11,0.16
569,Leny Yoro,FRA,DF,Manchester Utd,18,2005,21,12,1165,12.9,0,0,0,0,0,0,5,0,0.7,0.7,0.1,0.8,19,52,4,0.0,0.0,0.0,0.0,0.0,0.05,0.01,0.06,0.05,0.06
570,Ashley Young,ENG,DF,Everton,39,1985,32,19,1875,20.8,1,3,4,1,0,0,7,1,0.3,0.3,2.3,2.6,24,90,32,0.05,0.14,0.19,0.05,0.19,0.01,0.11,0.12,0.01,0.12
571,Illia Zabarnyi,UKR,DF,Bournemouth,21,2002,36,35,3109,34.5,0,1,1,0,0,0,4,1,1.3,1.3,0.7,2.0,27,140,4,0.0,0.03,0.03,0.0,0.03,0.04,0.02,0.06,0.04,0.06
572,Oleksandr Zinchenko,UKR,"DF,MF",Arsenal,27,1996,15,5,527,5.9,0,1,1,0,0,0,1,0,0.6,0.6,0.2,0.8,10,48,14,0.0,0.17,0.17,0.0,0.17,0.11,0.03,0.14,0.11,0.14
573,Joshua Zirkzee,NED,"FW,MF",Manchester Utd,23,2001,32,14,1402,15.6,3,1,4,3,0,0,2,0,4.8,4.8,1.5,6.3,14,44,69,0.19,0.06,0.26,0.19,0.26,0.31,0.1,0.41,0.31,0.41
574,Martin Ødegaard,NOR,MF,Arsenal,25,1998,30,26,2325,25.8,3,8,11,2,1,1,4,0,4.8,4.0,5.4,9.5,92,258,154,0.12,0.31,0.43,0.08,0.39,0.19,0.21,0.4,0.16,0.37
575,James Abankwah,IRL,"DF,MF",Udinese,20,2004,6,0,88,1.0,0,0,0,0,0,0,1,0,0.1,0.1,0.0,0.1,3,4,1,0.0,0.0,0.0,0.0,0.0,0.06,0.0,0.06,0.06,0.06
576,Saud Abdulhamid,KSA,DF,Roma,25,1999,4,2,205,2.3,0,1,1,0,0,0,0,0,0.0,0.0,0.2,0.2,6,9,26,0.0,0.44,0.44,0.0,0.44,0.01,0.08,0.09,0.01,0.09
577,Oliver Abildgaard,DEN,MF,Como,28,1996,1,0,7,0.1,0,0,0,0,0,0,0,0,0.0,0.0,0.0,0.0,0,0,0,0.0,0.0,0.0,0.0,0.0,0.0,0.0,0.0,0.0,0.0
578,Tammy Abraham,ENG,FW,Roma,26,1997,1,0,1,0.0,0,0,0,0,0,0,0,0,0.0,0.0,0.0,0.0,0,1,2,0.0,0.0,0.0,0.0,0.0,0.0,0.0,0.0,0.0,0.0
579,Tammy Abraham,ENG,FW,Milan,26,1997,28,12,1183,13.1,3,4,7,2,1,2,1,0,7.1,5.4,2.2,7.6,8,26,69,0.23,0.3,0.53,0.15,0.46,0.54,0.16,0.7,0.41,0.58
580,Federico Accornero,ITA,MF,Genoa,20,2004,1,0,5,0.1,0,0,0,0,0,0,0,0,0.0,0.0,0.0,0.0,0,0,0,0.0,0.0,0.0,0.0,0.0,0.0,0.0,0.0,0.0,0.0
581,Francesco Acerbi,ITA,DF,Inter,36,1988,23,20,1710,19.0,0,1,1,0,0,0,0,0,0.4,0.4,0.6,1.0,19,62,22,0.0,0.05,0.05,0.0,0.05,0.02,0.03,0.05,0.02,0.05
582,Che Adams,SCO,FW,Torino,28,1996,36,30,2652,29.5,9,3,12,9,0,1,2,0,9.0,8.2,2.0,10.2,23,40,153,0.31,0.1,0.41,0.31,0.41,0.31,0.07,0.37,0.28,0.35
583,Yacine Adli,FRA,MF,Fiorentina,24,2000,25,14,1219,13.5,4,6,10,4,0,0,3,1,1.0,1.0,2.4,3.4,24,103,30,0.3,0.44,0.74,0.3,0.74,0.08,0.17,0.25,0.08,0.25
584,Vasilije Adžić,MNE,"MF,FW",Juventus,18,2006,6,0,42,0.5,0,0,0,0,0,0,0,0,0.0,0.0,0.0,0.0,0,1,3,0.0,0.0,0.0,0.0,0.0,0.05,0.0,0.05,0.05,0.05
585,Michel Aebischer,SUI,MF,Bologna,27,1997,14,9,724,8.0,0,0,0,0,0,0,2,0,0.4,0.4,0.4,0.8,8,33,17,0.0,0.0,0.0,0.0,0.0,0.05,0.04,0.09,0.05,0.09
586,Honest Ahanor,ITA,"DF,MF",Genoa,16,2008,6,3,270,3.0,0,0,0,0,0,0,0,0,0.5,0.5,0.1,0.6,3,3,7,0.0,0.0,0.0,0.0,0.0,0.17,0.04,0.21,0.17,0.21
587,Junior Ajayi,CIV,FW,Hellas Verona,19,2004,2,0,13,0.1,0,0,0,0,0,0,0,0,0.0,0.0,0.0,0.0,0,1,0,0.0,0.0,0.0,0.0,0.0,0.0,0.0,0.0,0.0,0.0
588,Jean-Daniel Akpa-Akpro,CIV,MF,Monza,31,1992,14,12,966,10.7,0,0,0,0,0,0,4,0,0.3,0.3,0.2,0.6,21,19,22,0.0,0.0,0.0,0.0,0.0,0.03,0.02,0.05,0.03,0.05
589,David Akpan Ankeye,NGA,"FW,MF",Genoa,22,2002,4,0,45,0.5,0,0,0,0,0,0,0,0,0.0,0.0,0.0,0.0,0,1,3,0.0,0.0,0.0,0.0,0.0,0.0,0.0,0.0,0.0,0.0
590,Faride Alidou,GER,"FW,MF",Hellas Verona,23,2001,3,0,71,0.8,0,0,0,0,0,0,0,0,0.0,0.0,0.0,0.0,1,1,2,0.0,0.0,0.0,0.0,0.0,0.01,0.02,0.03,0.01,0.03
591,Dele Alli,ENG,MF,Como,28,1996,1,0,9,0.1,0,0,0,0,0,0,0,1,0.0,0.0,0.0,0.0,0,0,1,0.0,0.0,0.0,0.0,0.0,0.0,0.0,0.0,0.0,0.0
592,Pontus Almqvist,SWE,"FW,MF",Parma,25,1999,29,10,1112,12.4,1,1,2,1,0,0,5,0,2.1,2.1,1.3,3.5,42,12,85,0.08,0.08,0.16,0.08,0.16,0.17,0.11,0.28,0.17,0.28
593,Giorgio Altare,ITA,DF,Venezia,25,1998,12,8,753,8.4,0,0,0,0,0,0,2,0,0.2,0.2,0.1,0.3,4,20,5,0.0,0.0,0.0,0.0,0.0,0.02,0.02,0.04,0.02,0.04
594,Sofyan Amrabat,MAR,MF,Fiorentina,27,1996,2,2,180,2.0,0,0,0,0,0,0,0,0,0.0,0.0,0.1,0.1,2,14,1,0.0,0.0,0.0,0.0,0.0,0.0,0.03,0.03,0.0,0.03
595,Angeliño,ESP,DF,Roma,27,1997,38,36,3177,35.3,2,1,3,2,0,0,1,0,1.4,1.4,3.7,5.1,66,172,172,0.06,0.03,0.08,0.06,0.08,0.04,0.1,0.15,0.04,0.15
596,Lorenzo Anghelè,ITA,FW,Juventus,19,2005,1,0,6,0.1,0,0,0,0,0,0,0,0,0.0,0.0,0.0,0.0,0,1,0,0.0,0.0,0.0,0.0,0.0,0.0,0.0,0.0,0.0,0.0
597,Faustino Anjorin,ENG,MF,Empoli,22,2001,22,14,1114,12.4,2,3,5,2,0,0,3,0,0.9,0.9,1.7,2.5,28,55,35,0.16,0.24,0.4,0.16,0.4,0.07,0.13,0.21,0.07,0.21
598,Marko Arnautović,AUT,FW,Inter,35,1989,17,5,527,5.9,4,2,6,4,0,0,1,0,3.3,3.3,1.2,4.4,4,16,61,0.68,0.34,1.02,0.68,1.02,0.53,0.19,0.73,0.53,0.73
599,Kristjan Asllani,ALB,MF,Inter,22,2002,21,10,980,10.9,2,2,4,0,2,2,4,0,2.5,0.9,1.9,2.8,7,55,20,0.18,0.18,0.37,0.0,0.18,0.22,0.17,0.39,0.08,0.25
600,Arthur Atta,FRA,"MF,FW",Udinese,21,2003,27,12,1251,13.9,0,1,1,0,0,0,5,0,1.3,1.3,1.4,2.8,31,57,77,0.0,0.07,0.07,0.0,0.07,0.1,0.1,0.2,0.1,0.2
601,Emil Audero,IDN,GK,Como,27,1997,8,8,720,8.0,0,0,0,0,0,0,0,0,0.0,0.0,0.0,0.0,0,0,0,0.0,0.0,0.0,0.0,0.0,0.0,0.0,0.0,0.0,0.0
602,Tommaso Augello,ITA,DF,Cagliari,29,1994,38,30,2713,30.1,0,7,7,0,0,0,3,0,0.3,0.3,4.6,4.9,58,118,113,0.0,0.23,0.23,0.0,0.23,0.01,0.15,0.16,0.01,0.16
603,Carlos Augusto,BRA,DF,Inter,25,1999,28,15,1625,18.1,3,2,5,3,0,0,1,0,2.8,2.8,1.6,4.4,31,80,83,0.17,0.11,0.28,0.17,0.28,0.15,0.08,0.23,0.15,0.23
604,Yann Aurel Bisseck,GER,DF,Inter,23,2000,26,16,1553,17.3,3,2,5,3,0,0,4,0,2.6,2.6,0.9,3.4,32,93,44,0.17,0.12,0.29,0.17,0.29,0.14,0.05,0.19,0.14,0.19
605,Paulo Azzi,BRA,DF,Cagliari,30,1994,6,5,426,4.7,0,0,0,0,0,0,2,0,0.5,0.5,0.9,1.4,15,13,26,0.0,0.0,0.0,0.0,0.0,0.11,0.19,0.3,0.11,0.3
606,Oussama El Azzouzi,MAR,MF,Bologna,23,2001,2,0,19,0.2,0,0,0,0,0,0,0,0,0.0,0.0,0.0,0.0,0,4,0,0.0,0.0,0.0,0.0,0.0,0.0,0.0,0.0,0.0,0.0
607,Jacopo Bacci,ITA,MF,Empoli,19,2005,3,0,31,0.3,0,0,0,0,0,0,0,0,0.0,0.0,0.0,0.0,0,1,0,0.0,0.0,0.0,0.0,0.0,0.0,0.0,0.0,0.0,0.0
608,Milan Badelj,CRO,MF,Genoa,35,1989,23,21,1472,16.4,1,0,1,1,0,0,2,0,1.0,1.0,1.1,2.1,8,83,14,0.06,0.0,0.06,0.06,0.06,0.06,0.07,0.13,0.06,0.13
609,Mitchel Bakker,NED,MF,Atalanta,24,2000,1,0,22,0.2,0,0,0,0,0,0,0,0,0.0,0.0,0.0,0.0,0,1,1,0.0,0.0,0.0,0.0,0.0,0.0,0.0,0.0,0.0,0.0
610,Tommaso Baldanzi,ITA,"MF,FW",Roma,21,2003,31,5,832,9.2,1,1,2,1,0,0,2,0,1.4,1.4,1.0,2.4,39,23,57,0.11,0.11,0.22,0.11,0.22,0.16,0.1,0.26,0.16,0.26
611,Keita Baldé,SEN,FW,Monza,29,1995,11,8,638,7.1,2,0,2,2,0,0,2,0,1.1,1.1,0.2,1.2,19,35,29,0.28,0.0,0.28,0.28,0.28,0.15,0.02,0.18,0.15,0.18
612,Botond Balogh,HUN,DF,Parma,22,2002,29,23,2053,22.8,0,1,1,0,0,0,5,0,0.4,0.4,0.1,0.5,7,37,1,0.0,0.04,0.04,0.0,0.04,0.02,0.0,0.02,0.02,0.02
613,Mario Balotelli,ITA,"FW,MF",Genoa,33,1990,6,0,62,0.7,0,0,0,0,0,0,2,0,0.0,0.0,0.0,0.0,0,1,5,0.0,0.0,0.0,0.0,0.0,0.07,0.0,0.07,0.07,0.07
614,Lameck Banda,ZAM,"FW,MF",Lecce,23,2001,15,6,610,6.8,0,1,1,0,0,0,1,0,1.2,1.2,1.1,2.3,27,7,46,0.0,0.15,0.15,0.0,0.15,0.18,0.16,0.34,0.18,0.34
615,Daniel Bandeira,POR,MF,Hellas Verona,24,2000,11,4,407,4.5,0,0,0,0,0,0,1,0,0.0,0.0,0.1,0.2,1,25,4,0.0,0.0,0.0,0.0,0.0,0.01,0.03,0.04,0.01,0.04
616,Mattia Bani,ITA,DF,Genoa,30,1993,20,19,1507,16.7,0,0,0,0,0,0,3,0,1.2,1.2,0.2,1.4,6,25,3,0.0,0.0,0.0,0.0,0.0,0.07,0.01,0.08,0.07,0.08
617,Antonín Barák,CZE,MF,Fiorentina,29,1994,1,1,54,0.6,0,0,0,0,0,0,0,0,0.1,0.1,0.3,0.4,2,2,5,0.0,0.0,0.0,0.0,0.0,0.13,0.47,0.6,0.13,0.6
618,Federico Barba,ITA,DF,Como,30,1993,7,5,431,4.8,0,0,0,0,0,0,0,0,0.2,0.2,0.0,0.2,5,25,5,0.0,0.0,0.0,0.0,0.0,0.04,0.0,0.04,0.04,0.04
619,Nicolò Barella,ITA,MF,Inter,27,1997,32,28,2456,27.3,3,6,9,3,0,0,4,0,2.2,2.2,4.5,6.7,63,235,133,0.11,0.22,0.33,0.11,0.33,0.08,0.16,0.24,0.08,0.24
620,Davide Bartesaghi,ITA,DF,Milan,18,2005,4,1,118,1.3,0,0,0,0,0,0,0,1,0.0,0.0,0.1,0.1,2,2,17,0.0,0.0,0.0,0.0,0.0,0.01,0.08,0.09,0.01,0.09
621,Federico Baschirotto,ITA,DF,Lecce,27,1996,38,38,3420,38.0,2,0,2,2,0,0,3,0,1.2,1.2,0.2,1.4,13,71,5,0.05,0.0,0.05,0.05,0.05,0.03,0.0,0.04,0.03,0.04
622,Daniele Baselli,ITA,MF,Como,32,1992,2,1,22,0.2,0,0,0,0,0,0,0,0,0.0,0.0,0.0,0.0,2,4,0,0.0,0.0,0.0,0.0,0.0,0.0,0.0,0.0,0.0,0.0
623,Alessandro Bastoni,ITA,DF,Inter,25,1999,32,30,2333,25.9,1,5,6,1,0,0,6,1,0.8,0.8,2.3,3.2,62,162,83,0.04,0.19,0.23,0.04,0.23,0.03,0.09,0.12,0.03,0.12
624,Reda Belahyane,MAR,MF,Hellas Verona,20,2004,22,17,1658,18.4,0,2,2,0,0,0,6,1,0.2,0.2,1.0,1.3,22,73,13,0.0,0.11,0.11,0.0,0.11,0.01,0.06,0.07,0.01,0.07
625,Reda Belahyane,MAR,MF,Lazio,20,2004,6,1,198,2.2,0,0,0,0,0,0,0,1,0.0,0.0,0.0,0.0,4,10,1,0.0,0.0,0.0,0.0,0.0,0.0,0.0,0.0,0.0,0.0
626,Raoul Bellanova,ITA,DF,Torino,24,2000,1,1,87,1.0,0,0,0,0,0,0,0,0,0.0,0.0,0.1,0.1,4,0,5,0.0,0.0,0.0,0.0,0.0,0.03,0.07,0.11,0.03,0.11
627,Raoul Bellanova,ITA,DF,Atalanta,24,2000,34,27,2402,26.7,0,9,9,0,0,0,3,0,1.1,1.1,4.7,5.8,83,87,191,0.0,0.34,0.34,0.0,0.34,0.04,0.18,0.22,0.04,0.22
628,Andrea Belotti,ITA,FW,Como,30,1993,18,7,593,6.6,2,0,2,2,0,0,1,0,2.5,2.5,0.4,2.8,9,9,33,0.3,0.0,0.3,0.3,0.3,0.37,0.05,0.43,0.37,0.43
629,Lucas Beltrán,ARG,"FW,MF",Fiorentina,23,2001,32,20,1864,20.7,5,4,9,3,2,3,6,0,5.4,3.1,3.0,6.1,23,64,94,0.24,0.19,0.43,0.14,0.34,0.25,0.14,0.39,0.14,0.28
630,Adrian Benedyczak,POL,"FW,MF",Parma,23,2000,9,2,214,2.4,0,0,0,0,0,0,0,0,0.3,0.3,0.1,0.3,3,3,12,0.0,0.0,0.0,0.0,0.0,0.11,0.02,0.13,0.11,0.13
631,Ismaël Bennacer,ALG,MF,Milan,26,1997,6,4,300,3.3,0,0,0,0,0,0,2,0,0.1,0.1,0.1,0.2,8,23,12,0.0,0.0,0.0,0.0,0.0,0.02,0.04,0.07,0.02,0.07
632,Medon Berisha,ALB,MF,Lecce,20,2003,17,7,716,8.0,0,1,1,0,0,0,5,0,0.7,0.7,0.6,1.3,13,42,17,0.0,0.13,0.13,0.0,0.13,0.09,0.07,0.17,0.09,0.17
633,Adrian Bernabe,ESP,MF,Parma,23,2001,21,18,1453,16.1,1,1,2,1,0,0,1,0,1.3,1.3,1.1,2.4,37,115,20,0.06,0.06,0.12,0.06,0.12,0.08,0.07,0.15,0.08,0.15
634,Antoine Bernede,FRA,MF,Hellas Verona,25,1999,14,7,594,6.6,1,0,1,1,0,0,2,0,0.8,0.8,0.5,1.2,7,29,22,0.15,0.0,0.15,0.15,0.15,0.12,0.07,0.19,0.12,0.19
635,Sam Beukema,NED,DF,Bologna,25,1998,35,33,3012,33.5,0,1,1,0,0,0,1,0,1.5,1.5,0.9,2.4,27,153,9,0.0,0.03,0.03,0.0,0.03,0.04,0.03,0.07,0.04,0.07
636,Alessandro Bianco,ITA,MF,Monza,21,2002,34,29,2600,28.9,1,0,1,1,0,0,9,0,1.3,1.3,1.2,2.5,35,125,24,0.03,0.0,0.03,0.03,0.03,0.04,0.04,0.09,0.04,0.09
637,Alessandro Bianco,ITA,MF,Fiorentina,21,2002,1,0,18,0.2,0,0,0,0,0,0,0,0,0.0,0.0,0.0,0.0,0,0,1,0.0,0.0,0.0,0.0,0.0,0.0,0.0,0.0,0.0,0.0
638,Jaka Bijol,SVN,DF,Udinese,25,1999,34,34,2963,32.9,1,0,1,1,0,0,13,1,2.0,2.0,0.6,2.6,22,98,10,0.03,0.0,0.03,0.03,0.03,0.06,0.02,0.08,0.06,0.08
639,Philip Billing,DEN,MF,Napoli,28,1996,10,1,197,2.2,1,0,1,1,0,0,1,0,1.5,1.5,0.1,1.7,1,5,8,0.46,0.0,0.46,0.46,0.46,0.71,0.05,0.76,0.71,0.76
640,Cristiano Biraghi,ITA,DF,Torino,31,1992,15,13,1158,12.9,0,0,0,0,0,0,0,0,0.5,0.5,2.7,3.1,24,36,49,0.0,0.0,0.0,0.0,0.0,0.04,0.21,0.24,0.04,0.24
641,Cristiano Biraghi,ITA,DF,Fiorentina,31,1992,8,5,433,4.8,1,0,1,1,0,0,1,0,0.2,0.2,0.3,0.5,3,15,17,0.21,0.0,0.21,0.21,0.21,0.03,0.06,0.1,0.03,0.1
642,Samuele Birindelli,ITA,"DF,MF",Monza,25,1999,21,18,1468,16.3,3,0,3,3,0,0,2,0,2.1,2.1,1.4,3.5,40,35,100,0.18,0.0,0.18,0.18,0.18,0.13,0.09,0.22,0.13,0.22
643,Bjarki Bjarkason,ISL,"DF,MF",Venezia,24,2000,9,1,165,1.8,0,0,0,0,0,0,2,0,0.0,0.0,0.1,0.1,6,10,13,0.0,0.0,0.0,0.0,0.0,0.0,0.04,0.04,0.0,0.04
644,Emil Bohinen,NOR,MF,Genoa,25,1999,3,1,166,1.8,0,0,0,0,0,0,0,0,0.1,0.1,0.1,0.2,6,5,2,0.0,0.0,0.0,0.0,0.0,0.06,0.04,0.09,0.06,0.09
645,Warren Bondo,FRA,MF,Monza,20,2003,20,19,1618,18.0,0,0,0,0,0,0,5,1,0.4,0.4,0.3,0.7,25,39,21,0.0,0.0,0.0,0.0,0.0,0.02,0.02,0.04,0.02,0.04
646,Warren Bondo,FRA,MF,Milan,20,2003,4,3,162,1.8,0,0,0,0,0,0,1,0,0.0,0.0,0.1,0.1,2,7,0,0.0,0.0,0.0,0.0,0.0,0.02,0.05,0.06,0.02,0.06
647,Kevin Bonifazi,ITA,DF,Lecce,28,1996,3,0,65,0.7,0,0,0,0,0,0,0,0,0.0,0.0,0.0,0.0,0,1,1,0.0,0.0,0.0,0.0,0.0,0.0,0.0,0.0,0.0,0.0
648,Ange-Yoan Bonny,FRA,FW,Parma,20,2003,37,30,2529,28.1,6,4,10,4,2,3,2,0,9.4,7.1,2.9,9.9,41,53,163,0.21,0.14,0.36,0.14,0.28,0.34,0.1,0.44,0.25,0.35
649,Edoardo Bove,ITA,"MF,FW",Fiorentina,22,2002,11,10,836,9.3,1,2,3,1,0,0,3,0,0.6,0.6,1.5,2.1,12,37,24,0.11,0.22,0.32,0.11,0.32,0.06,0.16,0.22,0.06,0.22
650,Domagoj Bradarić,CRO,DF,Hellas Verona,24,1999,28,24,1933,21.5,1,0,1,1,0,0,6,0,0.8,0.8,2.2,3.0,30,46,83,0.05,0.0,0.05,0.05,0.05,0.04,0.1,0.14,0.04,0.14
651,Matthias Braunöder,AUT,MF,Como,22,2002,8,3,268,3.0,0,0,0,0,0,0,3,1,0.1,0.1,0.0,0.1,2,18,0,0.0,0.0,0.0,0.0,0.0,0.03,0.0,0.03,0.03,0.03
652,Iker Bravo,ESP,"FW,MF",Udinese,19,2005,29,4,682,7.6,2,1,3,2,0,0,3,0,0.9,0.9,0.4,1.3,7,18,39,0.26,0.13,0.4,0.26,0.4,0.12,0.06,0.18,0.12,0.18
653,Gleison Bremer,BRA,DF,Juventus,27,1997,6,6,540,6.0,0,0,0,0,0,0,2,0,0.1,0.1,0.0,0.1,2,21,0,0.0,0.0,0.0,0.0,0.0,0.02,0.0,0.02,0.02,0.02
654,Brenner,BRA,"MF,FW",Udinese,24,2000,9,5,386,4.3,1,2,3,1,0,0,0,0,0.6,0.6,0.5,1.1,5,7,16,0.23,0.47,0.7,0.23,0.7,0.15,0.11,0.26,0.15,0.26
655,Marco Brescianini,ITA,MF,Atalanta,24,2000,29,9,991,11.0,4,2,6,4,0,0,1,0,3.1,3.1,1.0,4.1,46,36,69,0.36,0.18,0.54,0.36,0.54,0.28,0.09,0.37,0.28,0.37
656,Arvid Brorsson,SWE,DF,Monza,25,1999,6,3,362,4.0,0,0,0,0,0,0,0,0,0.0,0.0,0.0,0.0,1,9,1,0.0,0.0,0.0,0.0,0.0,0.0,0.0,0.0,0.0,0.0
657,Tajon Buchanan,CAN,"DF,FW",Inter,25,1999,6,0,95,1.1,0,0,0,0,0,0,0,0,0.0,0.0,0.1,0.1,6,2,8,0.0,0.0,0.0,0.0,0.0,0.0,0.13,0.13,0.0,0.13
658,Alessandro Buongiorno,ITA,DF,Napoli,25,1999,22,22,1924,21.4,1,0,1,1,0,0,2,0,0.8,0.8,0.6,1.4,27,82,8,0.05,0.0,0.05,0.05,0.05,0.04,0.03,0.07,0.04,0.07
659,Rareș-Cătălin Burnete,ROU,FW,Lecce,20,2004,4,0,28,0.3,0,0,0,0,0,0,0,0,0.1,0.1,0.0,0.1,0,0,4,0.0,0.0,0.0,0.0,0.0,0.25,0.0,0.25,0.25,0.25
660,Gianluca Busio,USA,MF,Venezia,22,2002,33,28,2518,28.0,2,0,2,2,0,0,4,0,2.4,2.4,1.6,4.0,60,95,135,0.07,0.0,0.07,0.07,0.07,0.09,0.06,0.14,0.09,0.14
661,Jean Butez,FRA,GK,Como,29,1995,19,18,1666,18.5,0,0,0,0,0,0,0,0,0.0,0.0,0.0,0.0,0,1,0,0.0,0.0,0.0,0.0,0.0,0.0,0.0,0.0,0.0,0.0
662,Liberato Cacace,NZL,"MF,DF",Empoli,23,2000,33,24,2230,24.8,2,4,6,2,0,0,6,0,2.6,2.6,1.7,4.3,53,70,97,0.08,0.16,0.24,0.08,0.24,0.11,0.07,0.17,0.11,0.17
663,Alessio Cacciamani,ITA,"MF,DF",Torino,17,2007,2,0,31,0.3,0,0,0,0,0,0,0,0,0.0,0.0,0.0,0.0,2,1,2,0.0,0.0,0.0,0.0,0.0,0.0,0.0,0.0,0.0,0.0
664,Davide Calabria,ITA,DF,Bologna,27,1996,11,7,632,7.0,0,1,1,0,0,0,3,0,0.1,0.1,1.3,1.4,7,40,20,0.0,0.14,0.14,0.0,0.14,0.01,0.18,0.19,0.01,0.19
665,Davide Calabria,ITA,DF,Milan,27,1996,7,4,316,3.5,0,0,0,0,0,0,0,0,0.3,0.3,0.2,0.5,8,24,31,0.0,0.0,0.0,0.0,0.0,0.08,0.05,0.14,0.08,0.14
666,Luca Caldirola,ITA,DF,Monza,33,1991,14,10,876,9.7,0,0,0,0,0,0,5,0,0.3,0.3,0.1,0.4,5,22,4,0.0,0.0,0.0,0.0,0.0,0.03,0.01,0.04,0.03,0.04
667,Hakan Çalhanoğlu,TUR,MF,Inter,30,1994,28,25,1879,20.9,5,6,11,2,3,4,5,0,4.4,1.3,5.6,6.9,52,173,51,0.24,0.29,0.53,0.1,0.38,0.2,0.26,0.46,0.06,0.32
668,Drissa Camara,CIV,"MF,FW",Parma,22,2002,21,1,447,5.0,0,0,0,0,0,0,3,0,1.2,1.2,0.8,2.0,18,27,35,0.0,0.0,0.0,0.0,0.0,0.25,0.16,0.4,0.25,0.4
669,Francesco Camarda,ITA,"FW,MF",Milan,16,2008,10,1,206,2.3,0,0,0,0,0,0,0,0,0.6,0.6,0.5,1.1,2,1,16,0.0,0.0,0.0,0.0,0.0,0.25,0.23,0.48,0.25,0.48
670,Nicolò Cambiaghi,ITA,FW,Bologna,23,2000,18,4,620,6.9,1,3,4,1,0,0,0,0,0.8,0.8,1.9,2.7,45,25,63,0.15,0.44,0.58,0.15,0.58,0.11,0.27,0.39,0.11,0.39
671,Andrea Cambiaso,ITA,"DF,FW",Juventus,24,2000,33,25,2221,24.7,2,3,5,2,0,0,4,0,0.7,0.7,2.6,3.3,78,111,122,0.08,0.12,0.2,0.08,0.2,0.03,0.11,0.13,0.03,0.13
672,Thomas Campaniello,ITA,FW,Empoli,16,2008,3,0,25,0.3,0,0,0,0,0,0,0,0,0.5,0.5,0.0,0.5,0,0,6,0.0,0.0,0.0,0.0,0.0,1.83,0.0,1.83,1.83,1.83
673,Matteo Cancellieri,ITA,"FW,MF",Parma,22,2002,27,19,1424,15.8,3,0,3,3,0,0,2,1,2.7,2.7,0.7,3.4,40,24,79,0.19,0.0,0.19,0.19,0.19,0.17,0.04,0.21,0.17,0.21
674,Fali Candé,GNB,DF,Venezia,26,1998,17,17,1530,17.0,1,1,2,1,0,0,4,0,1.1,1.1,0.6,1.7,5,47,3,0.06,0.06,0.12,0.06,0.12,0.07,0.03,0.1,0.07,0.1
675,Antonio Candela,ITA,DF,Venezia,24,2000,14,12,1008,11.2,0,1,1,0,0,0,2,0,0.3,0.3,0.8,1.2,12,27,25,0.0,0.09,0.09,0.0,0.09,0.03,0.07,0.11,0.03,0.11
676,Gianluca Caprari,ITA,"MF,FW",Monza,31,1993,34,18,1651,18.3,3,2,5,1,2,2,3,0,4.2,2.6,2.4,5.0,43,81,104,0.16,0.11,0.27,0.05,0.16,0.23,0.13,0.36,0.14,0.27
677,Elia Caprile,ITA,GK,Cagliari,22,2001,18,18,1620,18.0,0,0,0,0,0,0,0,0,0.0,0.0,0.0,0.0,0,0,0,0.0,0.0,0.0,0.0,0.0,0.0,0.0,0.0,0.0,0.0
678,Elia Caprile,ITA,GK,Napoli,22,2001,4,3,325,3.6,0,0,0,0,0,0,0,0,0.0,0.0,0.0,0.0,0,0,0,0.0,0.0,0.0,0.0,0.0,0.0,0.0,0.0,0.0,0.0
679,Francesco Caputo,ITA,FW,Empoli,36,1987,1,0,6,0.1,0,0,0,0,0,0,0,0,0.0,0.0,0.0,0.0,0,0,1,0.0,0.0,0.0,0.0,0.0,0.0,0.0,0.0,0.0,0.0
680,Maxence Caqueret,FRA,MF,Como,24,2000,18,15,1087,12.1,2,3,5,2,0,0,4,0,0.8,0.8,1.5,2.4,15,76,46,0.17,0.25,0.41,0.17,0.41,0.07,0.13,0.2,0.07,0.2
681,Andrea Carboni,ITA,DF,Monza,23,2001,26,25,2191,24.3,0,1,1,0,0,0,5,0,0.3,0.3,0.3,0.6,9,51,32,0.0,0.04,0.04,0.0,0.04,0.01,0.01,0.03,0.01,0.03
682,Franco Carboni,ITA,DF,Venezia,21,2003,8,3,226,2.5,0,0,0,0,0,0,2,0,0.0,0.0,0.1,0.1,2,6,11,0.0,0.0,0.0,0.0,0.0,0.0,0.03,0.04,0.0,0.04
683,Marco Carnesecchi,ITA,GK,Atalanta,24,2000,34,34,3060,34.0,0,0,0,0,0,0,1,0,0.0,0.0,0.2,0.2,0,0,0,0.0,0.0,0.0,0.0,0.0,0.0,0.01,0.01,0.0,0.01
684,Cesare Casadei,ITA,MF,Torino,21,2003,15,13,1017,11.3,1,1,2,1,0,0,1,0,1.2,1.2,0.4,1.5,14,36,12,0.09,0.09,0.18,0.09,0.18,0.1,0.03,0.14,0.1,0.14
685,Nicolò Casale,ITA,DF,Bologna,26,1998,15,9,900,10.0,0,1,1,0,0,0,1,0,0.5,0.5,0.5,0.9,3,29,2,0.0,0.1,0.1,0.0,0.1,0.05,0.05,0.09,0.05,0.09
686,Nicolò Casale,ITA,DF,Lazio,26,1998,2,2,135,1.5,0,0,0,0,0,0,0,0,0.0,0.0,0.0,0.0,0,6,0,0.0,0.0,0.0,0.0,0.0,0.03,0.0,0.03,0.03,0.03
687,Federico Cassa,ITA,"MF,FW",Atalanta,18,2006,2,0,14,0.2,0,0,0,0,0,0,0,0,0.0,0.0,0.0,0.0,1,1,2,0.0,0.0,0.0,0.0,0.0,0.0,0.0,0.0,0.0,0.0
688,Valentín Castellanos,ARG,FW,Lazio,25,1998,29,28,2384,26.5,10,3,13,8,2,3,9,1,13.4,11.3,3.6,14.9,27,66,149,0.38,0.11,0.49,0.3,0.42,0.51,0.14,0.64,0.43,0.56
689,Santiago Castro,ARG,FW,Bologna,19,2004,36,27,2294,25.5,8,4,12,8,0,1,7,0,7.7,6.9,2.9,9.8,17,39,136,0.31,0.16,0.47,0.31,0.47,0.3,0.11,0.41,0.27,0.38
690,Gaetano Castrovilli,ITA,MF,Monza,27,1997,12,7,596,6.6,0,0,0,0,0,0,0,0,0.3,0.3,0.4,0.7,10,24,28,0.0,0.0,0.0,0.0,0.0,0.05,0.06,0.11,0.05,0.11
691,Gaetano Castrovilli,ITA,"MF,FW",Lazio,27,1997,9,1,148,1.6,0,0,0,0,0,0,0,0,0.1,0.1,0.7,0.8,5,10,6,0.0,0.0,0.0,0.0,0.0,0.05,0.44,0.49,0.05,0.49
692,Danilo Cataldi,ITA,MF,Fiorentina,29,1994,24,22,1712,19.0,3,0,3,3,0,0,1,0,1.1,1.1,0.8,1.9,18,90,16,0.16,0.0,0.16,0.16,0.16,0.06,0.04,0.1,0.06,0.1
693,Zeki Çelik,TUR,DF,Roma,27,1997,31,27,2256,25.1,0,2,2,0,0,0,5,0,0.6,0.6,1.6,2.2,28,106,93,0.0,0.08,0.08,0.0,0.08,0.02,0.07,0.09,0.02,0.09
694,Alberto Cerri,ITA,FW,Como,28,1996,5,0,87,1.0,0,0,0,0,0,0,0,0,1.0,1.0,0.0,1.0,0,0,11,0.0,0.0,0.0,0.0,0.0,1.05,0.0,1.05,1.05,1.05
695,Gabriel Charpentier,CGO,FW,Parma,25,1999,10,0,271,3.0,1,2,3,1,0,0,1,0,1.3,1.3,0.9,2.3,6,7,16,0.33,0.66,1.0,0.33,1.0,0.44,0.31,0.75,0.44,0.75
696,Walid Cheddira,MAR,FW,Napoli,26,1998,1,0,12,0.1,0,0,0,0,0,0,0,0,0.0,0.0,0.0,0.0,0,1,1,0.0,0.0,0.0,0.0,0.0,0.0,0.2,0.2,0.0,0.2
697,Leandro Chichizola,ARG,GK,Parma,34,1990,1,1,90,1.0,0,0,0,0,0,0,0,0,0.0,0.0,0.0,0.0,0,1,0,0.0,0.0,0.0,0.0,0.0,0.0,0.0,0.0,0.0,0.0
698,Samuel Chukwueze,NGA,"FW,MF",Milan,25,1999,26,9,925,10.3,3,2,5,3,0,0,0,0,2.7,2.7,3.0,5.7,48,36,116,0.29,0.19,0.49,0.29,0.49,0.26,0.29,0.56,0.26,0.56
699,Aaron Ciammaglichella,ITA,MF,Torino,19,2005,1,0,1,0.0,0,0,0,0,0,0,0,0,0.0,0.0,0.0,0.0,0,0,0,0.0,0.0,0.0,0.0,0.0,0.0,0.0,0.0,0.0,0.0
700,Giuseppe Ciocci,ITA,GK,Cagliari,22,2002,1,0,9,0.1,0,0,0,0,0,0,0,0,0.0,0.0,0.0,0.0,0,0,0,0.0,0.0,0.0,0.0,0.0,0.0,0.0,0.0,0.0,0.0
701,Alessandro Circati,AUS,DF,Parma,20,2003,6,6,540,6.0,0,0,0,0,0,0,1,0,0.3,0.3,0.0,0.3,1,10,0,0.0,0.0,0.0,0.0,0.0,0.05,0.0,0.06,0.05,0.06
702,Alphadjo Cissè,ITA,"FW,MF",Hellas Verona,17,2006,2,0,9,0.1,0,0,0,0,0,0,0,0,0.0,0.0,0.0,0.0,0,1,0,0.0,0.0,0.0,0.0,0.0,0.46,0.0,0.46,0.46,0.46
703,Patrick Ciurria,ITA,"MF,DF",Monza,29,1995,21,12,1111,12.3,1,1,2,1,0,0,1,0,0.8,0.8,2.3,3.1,19,27,52,0.08,0.08,0.16,0.08,0.16,0.07,0.18,0.25,0.07,0.25
704,Saúl Coco,EQG,DF,Torino,25,1999,32,32,2845,31.6,2,0,2,2,0,0,10,0,1.2,1.2,0.0,1.2,17,70,3,0.06,0.0,0.06,0.06,0.06,0.04,0.0,0.04,0.04,0.04
705,Lorenzo Colombo,ITA,"FW,MF",Empoli,22,2002,37,26,2233,24.8,6,2,8,5,1,1,5,1,5.9,5.1,2.9,8.0,27,48,116,0.24,0.08,0.32,0.2,0.28,0.24,0.12,0.35,0.21,0.32
706,Andrea Colpani,ITA,"FW,MF",Fiorentina,25,1999,24,17,1432,15.9,2,1,3,2,0,0,1,0,2.7,2.7,1.3,3.9,37,57,129,0.13,0.06,0.19,0.13,0.19,0.17,0.08,0.24,0.17,0.24
707,Florinel Coman,ROU,"FW,MF",Cagliari,26,1998,9,2,263,2.9,1,0,1,1,0,0,2,0,0.2,0.2,0.0,0.2,5,5,22,0.34,0.0,0.34,0.34,0.34,0.08,0.01,0.08,0.08,0.08
708,Pietro Comuzzo,ITA,DF,Fiorentina,19,2005,32,23,2110,23.4,1,0,1,1,0,0,5,0,0.5,0.5,0.6,1.1,14,75,12,0.04,0.0,0.04,0.04,0.04,0.02,0.02,0.05,0.02,0.05
709,Francisco Conceição,POR,"FW,MF",Juventus,21,2002,26,12,1340,14.9,3,3,6,3,0,0,5,1,2.3,2.3,4.3,6.6,95,35,143,0.2,0.2,0.4,0.2,0.4,0.16,0.29,0.45,0.16,0.45
710,Diego Coppola,ITA,DF,Hellas Verona,20,2003,34,33,2927,32.5,2,0,2,2,0,0,10,0,0.7,0.7,0.1,0.8,4,48,3,0.06,0.0,0.06,0.06,0.06,0.02,0.0,0.02,0.02,0.02
711,Maxwel Cornet,CIV,"FW,MF",Genoa,27,1996,7,2,246,2.7,2,1,3,2,0,0,0,0,1.0,1.0,0.6,1.6,8,4,26,0.73,0.37,1.1,0.73,1.1,0.37,0.22,0.59,0.37,0.59
712,Joaquín Correa,ARG,"FW,MF",Inter,29,1994,19,6,731,8.1,2,2,4,2,0,0,3,0,2.1,2.1,2.0,4.1,22,42,45,0.25,0.25,0.49,0.25,0.49,0.26,0.24,0.5,0.26,0.5
713,Alberto costa,POR,DF,Juventus,20,2003,9,3,357,4.0,0,1,1,0,0,0,3,0,0.6,0.6,0.2,0.8,8,8,25,0.0,0.25,0.25,0.0,0.25,0.15,0.05,0.2,0.15,0.2
714,Lassana Coulibaly,MLI,MF,Lecce,28,1996,38,30,2667,29.6,1,0,1,1,0,0,3,0,0.8,0.8,0.9,1.7,21,93,49,0.03,0.0,0.03,0.03,0.03,0.03,0.03,0.06,0.03,0.06
715,Woyo Coulibaly,MLI,DF,Parma,25,1999,14,12,1084,12.0,0,1,1,0,0,0,1,1,0.1,0.1,0.9,1.1,36,41,23,0.0,0.08,0.08,0.0,0.08,0.01,0.08,0.09,0.01,0.09
716,Bryan Cristante,ITA,MF,Roma,29,1995,30,23,2045,22.7,4,2,6,4,0,0,8,0,2.1,2.1,1.4,3.5,25,145,41,0.18,0.09,0.26,0.18,0.26,0.09,0.06,0.15,0.09,0.15
717,Domen Črnigoj,SVN,MF,Venezia,28,1995,8,1,136,1.5,0,0,0,0,0,0,0,0,0.1,0.1,0.0,0.1,4,4,6,0.0,0.0,0.0,0.0,0.0,0.07,0.0,0.07,0.07,0.07
718,Juan Cuadrado,COL,"DF,MF",Atalanta,36,1988,23,7,832,9.2,0,2,2,0,0,0,3,0,0.9,0.9,2.0,2.9,41,64,90,0.0,0.22,0.22,0.0,0.22,0.1,0.22,0.31,0.1,0.31
719,Patrick Cutrone,ITA,FW,Como,26,1998,33,23,2047,22.7,7,4,11,7,0,1,1,0,7.1,6.3,2.1,8.4,53,31,155,0.31,0.18,0.48,0.31,0.48,0.31,0.09,0.41,0.28,0.37
720,Wylan Cyprien,FRA,MF,Parma,29,1995,2,0,28,0.3,0,0,0,0,0,0,0,0,0.2,0.2,0.0,0.2,1,2,0,0.0,0.0,0.0,0.0,0.0,0.63,0.0,0.63,0.63,0.63
721,Danilo D'Ambrosio,ITA,DF,Monza,35,1988,20,12,1095,12.2,0,1,1,0,0,0,2,1,0.5,0.5,0.4,0.9,10,34,16,0.0,0.08,0.08,0.0,0.08,0.04,0.03,0.08,0.04,0.08
722,Lucas Da Cunha,FRA,MF,Como,23,2001,36,30,2613,29.0,3,2,5,3,0,0,4,0,2.0,2.0,3.8,5.8,63,154,85,0.1,0.07,0.17,0.1,0.17,0.07,0.13,0.2,0.07,0.2
723,Samuel Dahl,SWE,"DF,MF",Roma,24,2000,2,0,43,0.5,0,0,0,0,0,0,0,0,0.0,0.0,0.0,0.0,1,2,4,0.0,0.0,0.0,0.0,0.0,0.0,0.0,0.0,0.0,0.0
724,Thijs Dallinga,NED,FW,Bologna,23,2000,31,11,1154,12.8,3,2,5,3,0,0,1,0,4.3,4.3,0.6,4.9,9,17,84,0.23,0.16,0.39,0.23,0.39,0.33,0.05,0.38,0.33,0.38
725,Maat Daniel Caprini,ITA,FW,Fiorentina,18,2006,1,0,7,0.1,0,0,0,0,0,0,0,0,0.0,0.0,0.0,0.0,0,1,3,0.0,0.0,0.0,0.0,0.0,0.0,0.0,0.0,0.0,0.0
726,Flavius Daniliuc,AUT,DF,Hellas Verona,23,2001,18,9,1004,11.2,0,0,0,0,0,0,0,0,0.1,0.1,0.1,0.2,8,38,8,0.0,0.0,0.0,0.0,0.0,0.01,0.01,0.02,0.01,0.02
727,Danilo,BRA,DF,Juventus,33,1991,12,6,581,6.5,0,1,1,0,0,0,2,0,0.1,0.1,0.4,0.5,16,45,7,0.0,0.15,0.15,0.0,0.15,0.02,0.06,0.08,0.02,0.08
728,Matteo Darmian,ITA,DF,Inter,34,1989,29,20,1781,19.8,3,2,5,3,0,0,3,0,1.9,1.9,1.5,3.5,14,45,102,0.15,0.1,0.25,0.15,0.25,0.1,0.08,0.18,0.1,0.18
729,Juan David Cabal,COL,DF,Juventus,23,2001,7,6,460,5.1,0,0,0,0,0,0,0,0,0.1,0.1,0.0,0.2,14,17,19,0.0,0.0,0.0,0.0,0.0,0.03,0.01,0.04,0.03,0.04
730,Keinan Davis,ENG,FW,Udinese,26,1998,23,10,1066,11.8,2,1,3,2,0,0,2,0,2.9,2.9,2.1,5.0,26,22,77,0.17,0.08,0.25,0.17,0.25,0.24,0.18,0.42,0.24,0.42
731,Paweł Dawidowicz,POL,"DF,MF",Hellas Verona,29,1995,26,24,1845,20.5,0,0,0,0,0,0,7,1,0.3,0.3,0.0,0.3,10,39,3,0.0,0.0,0.0,0.0,0.0,0.01,0.0,0.01,0.01,0.01
732,Charles De Ketelaere,BEL,"MF,FW",Atalanta,23,2001,36,25,2070,23.0,7,7,14,7,0,0,1,0,7.3,7.3,6.0,13.2,108,140,211,0.3,0.3,0.61,0.3,0.61,0.32,0.26,0.57,0.32,0.57
733,Mattia De Sciglio,ITA,DF,Empoli,31,1992,16,7,769,8.5,1,0,1,1,0,0,0,0,0.6,0.6,0.2,0.8,4,18,7,0.12,0.0,0.12,0.12,0.12,0.07,0.02,0.09,0.07,0.09
734,Lorenzo De Silvestri,ITA,DF,Bologna,36,1988,18,13,1060,11.8,1,0,1,1,0,0,1,0,0.8,0.8,0.3,1.1,4,46,30,0.08,0.0,0.08,0.08,0.08,0.07,0.02,0.09,0.07,0.09
735,Koni De Winter,BEL,DF,Genoa,22,2002,25,23,2135,23.7,3,0,3,3,0,0,6,0,2.1,2.1,0.2,2.3,10,56,10,0.13,0.0,0.13,0.13,0.13,0.09,0.01,0.1,0.09,0.1
736,Alessandro Deiola,ITA,MF,Cagliari,28,1995,29,16,1432,15.9,2,1,3,2,0,0,6,0,1.7,1.7,0.6,2.4,11,40,36,0.13,0.06,0.19,0.13,0.19,0.11,0.04,0.15,0.11,0.15
737,Enrico Del Prato,ITA,DF,Parma,24,1999,34,32,2947,32.7,4,0,4,4,0,0,8,0,2.0,2.0,1.2,3.2,8,81,31,0.12,0.0,0.12,0.12,0.12,0.06,0.04,0.1,0.06,0.1
738,Fisayo Dele-Bashiru,NGA,"MF,FW",Lazio,23,2001,20,12,947,10.5,3,1,4,3,0,0,0,0,1.1,1.1,0.8,1.9,23,26,57,0.29,0.1,0.38,0.29,0.38,0.1,0.08,0.18,0.1,0.18
739,Ali Dembélé,FRA,DF,Torino,20,2004,15,4,388,4.3,1,0,1,1,0,0,4,1,0.4,0.4,0.1,0.5,8,12,8,0.23,0.0,0.23,0.23,0.23,0.08,0.02,0.1,0.08,0.1
740,Michele Di Gregorio,ITA,GK,Juventus,27,1997,33,33,2970,33.0,0,0,0,0,0,0,0,0,0.0,0.0,0.5,0.5,0,0,0,0.0,0.0,0.0,0.0,0.0,0.0,0.01,0.01,0.0,0.01
741,Giovanni Di Lorenzo,ITA,DF,Napoli,30,1993,37,37,3330,37.0,3,2,5,3,0,0,6,0,2.8,2.8,3.9,6.7,50,224,163,0.08,0.05,0.14,0.08,0.14,0.08,0.1,0.18,0.08,0.18
742,Boulaye Dia,SEN,"MF,FW",Lazio,27,1996,35,27,2177,24.2,9,3,12,9,0,0,2,0,7.1,7.1,4.2,11.3,23,51,114,0.37,0.12,0.5,0.37,0.5,0.29,0.17,0.47,0.29,0.47
743,Assane Diao,SEN,"FW,MF",Como,18,2005,15,14,1252,13.9,8,1,9,8,0,0,2,0,4.0,4.0,0.4,4.4,50,36,116,0.58,0.07,0.65,0.58,0.65,0.29,0.03,0.31,0.29,0.31
744,Federico Dimarco,ITA,"DF,FW",Inter,26,1997,32,28,2140,23.8,4,7,11,4,0,0,3,0,3.3,3.3,6.1,9.5,47,83,232,0.17,0.29,0.46,0.17,0.46,0.14,0.26,0.39,0.14,0.39
745,Berat Djimsiti,ALB,DF,Atalanta,31,1993,34,32,2640,29.3,1,2,3,1,0,0,6,0,2.7,2.7,1.3,3.9,32,109,42,0.03,0.07,0.1,0.03,0.1,0.09,0.04,0.13,0.09,0.13
746,Dodô,BRA,DF,Fiorentina,25,1998,34,34,3025,33.6,0,4,4,0,0,0,8,0,1.4,1.4,4.2,5.6,143,128,193,0.0,0.12,0.12,0.0,0.12,0.04,0.12,0.16,0.04,0.16
747,Benjamín Domínguez,ARG,FW,Bologna,20,2003,24,16,1281,14.2,3,2,5,3,0,0,0,0,2.2,2.2,0.8,3.1,50,32,123,0.21,0.14,0.35,0.21,0.35,0.16,0.06,0.21,0.16,0.21
748,Patrick Dorgu,DEN,"DF,FW",Lecce,19,2004,21,21,1840,20.4,3,1,4,3,0,0,2,1,3.3,3.3,1.5,4.8,68,54,117,0.15,0.05,0.2,0.15,0.2,0.16,0.07,0.23,0.16,0.23
749,Alberto Dossena,ITA,DF,Como,25,1998,23,20,1825,20.3,0,2,2,0,0,0,1,1,0.8,0.8,0.7,1.5,4,36,1,0.0,0.1,0.1,0.0,0.1,0.04,0.03,0.07,0.04,0.07
750,Issa Doumbia,ITA,MF,Venezia,20,2003,24,10,939,10.4,0,0,0,0,0,0,0,0,1.0,1.0,0.1,1.2,12,22,29,0.0,0.0,0.0,0.0,0.0,0.1,0.01,0.11,0.1,0.11
751,Anastasios Douvikas,GRE,FW,Como,24,1999,13,6,580,6.4,2,2,4,2,0,0,1,0,2.5,2.5,1.1,3.7,8,6,36,0.31,0.31,0.62,0.31,0.62,0.4,0.17,0.57,0.4,0.57
752,Artem Dovbyk,UKR,FW,Roma,27,1997,32,27,2418,26.9,12,2,14,10,2,2,0,0,11.9,10.3,2.4,12.7,24,16,175,0.45,0.07,0.52,0.37,0.45,0.44,0.09,0.53,0.38,0.47
753,Ondrej Duda,SVK,MF,Hellas Verona,29,1994,28,27,2395,26.6,1,3,4,1,0,0,12,1,1.0,1.0,3.2,4.2,23,117,26,0.04,0.11,0.15,0.04,0.15,0.04,0.12,0.16,0.04,0.16
754,Denzel Dumfries,NED,"DF,FW",Inter,28,1996,28,19,1865,20.7,7,2,9,7,0,0,4,0,5.4,5.4,3.2,8.6,55,51,173,0.34,0.1,0.43,0.34,0.43,0.25,0.15,0.4,0.25,0.4
755,Alfred Duncan,GHA,MF,Venezia,31,1993,16,12,957,10.6,0,0,0,0,0,0,2,0,0.8,0.8,1.1,1.9,11,53,12,0.0,0.0,0.0,0.0,0.0,0.07,0.1,0.18,0.07,0.18
756,Paulo Dybala,ARG,"FW,MF",Roma,30,1993,24,16,1417,15.7,6,3,9,3,3,3,2,0,6.4,4.0,5.0,9.0,41,79,122,0.38,0.19,0.57,0.19,0.38,0.4,0.32,0.72,0.25,0.57
757,Enzo Ebosse,CMR,DF,Udinese,25,1999,2,0,90,1.0,0,0,0,0,0,0,1,0,0.0,0.0,0.0,0.0,0,5,0,0.0,0.0,0.0,0.0,0.0,0.0,0.02,0.02,0.0,0.02
758,Tyronne Ebuehi,NGA,"DF,MF",Empoli,28,1995,4,0,74,0.8,0,0,0,0,0,0,0,0,0.0,0.0,0.0,0.0,3,4,3,0.0,0.0,0.0,0.0,0.0,0.0,0.0,0.0,0.0,0.0
759,Éderson,BRA,MF,Atalanta,25,1999,37,32,2881,32.0,4,1,5,4,0,0,5,1,4.1,4.1,4.3,8.4,40,216,79,0.12,0.03,0.16,0.12,0.16,0.13,0.14,0.26,0.13,0.26
760,Kingsley Ehizibue,NED,DF,Udinese,29,1995,33,30,2498,27.8,0,1,1,0,0,0,5,0,1.2,1.2,2.2,3.5,54,55,116,0.0,0.04,0.04,0.0,0.04,0.04,0.08,0.12,0.04,0.12
761,Jeff Ekhator,ITA,"FW,MF",Genoa,17,2006,24,6,769,8.5,1,1,2,1,0,0,1,0,1.3,1.3,1.0,2.3,4,14,51,0.12,0.12,0.23,0.12,0.23,0.16,0.12,0.27,0.16,0.27
762,Jurgen Ekkelenkamp,NED,MF,Udinese,24,2000,34,20,1892,21.0,3,2,5,3,0,0,2,0,2.8,2.8,1.3,4.1,34,72,86,0.14,0.1,0.24,0.14,0.24,0.13,0.06,0.19,0.13,0.19
763,Emmanuel Ekong,SWE,"MF,FW",Empoli,22,2002,15,0,186,2.1,0,0,0,0,0,0,1,0,0.1,0.1,0.1,0.2,8,5,19,0.0,0.0,0.0,0.0,0.0,0.05,0.05,0.1,0.05,0.1
764,Caleb Ekuban,GHA,FW,Genoa,30,1994,18,3,555,6.2,1,3,4,1,0,0,1,0,2.8,2.8,0.8,3.5,7,8,42,0.16,0.49,0.65,0.16,0.65,0.45,0.12,0.57,0.45,0.57
765,Mikael Ellertsson,ISL,"DF,MF",Venezia,22,2002,36,29,2470,27.4,2,2,4,2,0,0,2,0,1.1,1.1,1.6,2.7,33,36,92,0.07,0.07,0.15,0.07,0.15,0.04,0.06,0.1,0.04,0.1
766,Elif Elmas,MKD,"FW,MF",Torino,24,1999,13,12,1021,11.3,4,0,4,4,0,0,0,0,1.4,1.4,0.4,1.8,42,34,58,0.35,0.0,0.35,0.35,0.35,0.12,0.04,0.16,0.12,0.16
767,Emerson,BRA,DF,Milan,25,1999,17,16,1377,15.3,0,0,0,0,0,0,5,0,0.4,0.4,0.7,1.1,23,68,71,0.0,0.0,0.0,0.0,0.0,0.03,0.05,0.07,0.03,0.07
768,Yannik Engelhardt,GER,"MF,DF",Como,23,2001,26,11,1164,12.9,1,1,2,1,0,0,4,0,0.6,0.6,1.5,2.0,18,54,18,0.08,0.08,0.15,0.08,0.15,0.04,0.11,0.16,0.04,0.16
769,Martin Erlic,CRO,DF,Bologna,26,1998,8,5,334,3.7,0,0,0,0,0,0,0,0,0.2,0.2,0.0,0.2,4,11,1,0.0,0.0,0.0,0.0,0.0,0.06,0.0,0.06,0.06,0.06
770,Sebastiano Esposito,ITA,"FW,MF",Empoli,22,2002,33,27,2331,25.9,8,0,8,7,1,2,1,0,5.7,4.2,2.1,6.3,31,93,106,0.31,0.0,0.31,0.27,0.27,0.22,0.08,0.3,0.16,0.24
771,Estanis,ESP,FW,Bologna,20,2003,1,0,9,0.1,0,0,0,0,0,0,0,0,0.1,0.1,0.2,0.2,1,0,1,0.0,0.0,0.0,0.0,0.0,0.71,1.65,2.35,0.71,2.35
772,Nahuel Estévez,ARG,MF,Parma,28,1995,14,7,657,7.3,0,0,0,0,0,0,3,0,0.1,0.1,0.8,0.8,3,30,4,0.0,0.0,0.0,0.0,0.0,0.01,0.1,0.12,0.01,0.12
773,Giovanni Fabbian,ITA,MF,Bologna,21,2003,30,9,1023,11.4,3,1,4,3,0,0,2,0,2.3,2.3,1.3,3.7,14,17,43,0.26,0.09,0.35,0.26,0.35,0.21,0.12,0.32,0.21,0.32
774,Alieu Fadera,GAM,"FW,DF",Como,22,2001,28,20,1644,18.3,1,3,4,1,0,0,2,1,1.7,1.7,4.0,5.7,74,36,160,0.05,0.16,0.22,0.05,0.22,0.09,0.22,0.31,0.09,0.31
775,Nicolò Fagioli,ITA,MF,Fiorentina,23,2001,15,10,962,10.7,1,2,3,1,0,0,0,0,0.5,0.5,3.0,3.5,15,50,19,0.09,0.19,0.28,0.09,0.28,0.05,0.28,0.32,0.05,0.32
776,Nicolò Fagioli,ITA,MF,Juventus,23,2001,17,5,571,6.3,0,0,0,0,0,0,4,0,0.6,0.6,0.1,0.7,19,41,18,0.0,0.0,0.0,0.0,0.0,0.09,0.02,0.11,0.09,0.11
777,Wladimiro Falcone,ITA,GK,Lecce,29,1995,38,38,3420,38.0,0,0,0,0,0,0,2,0,0.0,0.0,0.0,0.0,0,0,0,0.0,0.0,0.0,0.0,0.0,0.0,0.0,0.0,0.0,0.0
778,Davide Faraoni,ITA,DF,Hellas Verona,32,1991,8,3,260,2.9,0,0,0,0,0,0,1,0,0.2,0.2,0.1,0.3,2,3,13,0.0,0.0,0.0,0.0,0.0,0.07,0.05,0.12,0.07,0.12
779,Jacopo Fazzini,ITA,MF,Empoli,21,2003,20,16,1383,15.4,4,1,5,4,0,0,1,1,3.1,3.1,0.5,3.6,34,49,88,0.26,0.07,0.33,0.26,0.33,0.2,0.03,0.23,0.2,0.23
780,Mattia Felici,ITA,"MF,FW",Cagliari,23,2001,20,9,925,10.3,0,3,3,0,0,0,1,0,0.6,0.6,1.0,1.6,39,19,75,0.0,0.29,0.29,0.0,0.29,0.06,0.1,0.16,0.06,0.16
781,João Félix,POR,MF,Milan,24,1999,15,8,760,8.4,2,0,2,2,0,0,3,0,2.7,2.7,1.2,3.8,20,40,56,0.24,0.0,0.24,0.24,0.24,0.32,0.14,0.46,0.32,0.46
782,Lewis Ferguson,SCO,MF,Bologna,24,1999,16,10,983,10.9,1,1,2,0,1,1,0,0,1.0,0.2,1.1,1.3,20,53,26,0.09,0.09,0.18,0.0,0.09,0.09,0.1,0.19,0.02,0.12
783,Daniel Fila,CZE,FW,Venezia,21,2002,10,6,492,5.5,2,0,2,2,0,0,3,1,1.4,1.4,0.3,1.8,5,8,30,0.37,0.0,0.37,0.37,0.37,0.26,0.06,0.32,0.26,0.32
784,Alessandro Florenzi,ITA,FW,Milan,33,1991,1,0,5,0.1,0,0,0,0,0,0,0,0,0.0,0.0,0.0,0.0,0,0,0,0.0,0.0,0.0,0.0,0.0,0.0,0.0,0.0,0.0,0.0
785,Youssouf Fofana,FRA,MF,Milan,25,1999,35,29,2504,27.8,1,6,7,1,0,0,5,0,1.3,1.3,3.4,4.7,44,176,32,0.04,0.22,0.25,0.04,0.25,0.05,0.12,0.17,0.05,0.17
786,Michael Folorunsho,ITA,"FW,MF",Fiorentina,26,1998,14,6,650,7.2,0,0,0,0,0,0,5,0,1.1,1.1,0.6,1.7,13,21,33,0.0,0.0,0.0,0.0,0.0,0.15,0.08,0.23,0.15,0.23
787,Michael Folorunsho,ITA,"FW,MF",Napoli,26,1998,6,0,35,0.4,0,0,0,0,0,0,0,0,0.1,0.1,0.0,0.1,0,0,2,0.0,0.0,0.0,0.0,0.0,0.27,0.0,0.27,0.27,0.27
788,Omari Forson,ENG,"MF,FW",Monza,20,2004,9,1,223,2.5,0,0,0,0,0,0,0,0,0.2,0.2,0.5,0.7,14,10,18,0.0,0.0,0.0,0.0,0.0,0.09,0.21,0.3,0.09,0.3
789,Davide Frattesi,ITA,MF,Inter,24,1999,27,9,1158,12.9,5,1,6,5,0,0,1,0,4.0,4.0,0.8,4.8,23,31,50,0.39,0.08,0.47,0.39,0.47,0.29,0.06,0.35,0.29,0.35
790,Morten Frendrup,DEN,MF,Genoa,23,2001,35,35,3103,34.5,2,0,2,2,0,0,5,0,1.6,1.6,0.9,2.5,24,106,29,0.06,0.0,0.06,0.06,0.06,0.05,0.03,0.07,0.05,0.07
791,Martin Frese,DEN,DF,Hellas Verona,26,1998,11,5,549,6.1,0,0,0,0,0,0,0,0,0.1,0.1,0.2,0.2,7,19,12,0.0,0.0,0.0,0.0,0.0,0.01,0.03,0.04,0.01,0.04
792,Remo Freuler,SUI,MF,Bologna,32,1992,37,37,3204,35.6,1,2,3,1,0,0,6,0,1.3,1.3,1.5,2.7,39,208,56,0.03,0.06,0.08,0.03,0.08,0.04,0.04,0.08,0.04,0.08
793,Matteo Gabbia,ITA,DF,Milan,24,1999,26,24,2152,23.9,2,0,2,2,0,0,4,0,1.1,1.1,0.2,1.3,13,74,2,0.08,0.0,0.08,0.08,0.08,0.05,0.01,0.05,0.05,0.05
794,Tommaso Gabellini,ITA,FW,Torino,17,2006,1,0,10,0.1,0,0,0,0,0,0,0,0,0.1,0.1,0.0,0.1,1,0,0,0.0,0.0,0.0,0.0,0.0,0.45,0.0,0.45,0.45,0.45
795,Tiago Gabriel,POR,DF,Lecce,19,2004,2,0,96,1.1,0,0,0,0,0,0,0,0,0.0,0.0,0.0,0.0,0,1,0,0.0,0.0,0.0,0.0,0.0,0.0,0.0,0.0,0.0,0.0
796,Alessandro Gabrielloni,ITA,"FW,MF",Como,30,1994,15,0,142,1.6,1,1,2,1,0,0,1,0,0.3,0.3,0.8,1.1,5,6,13,0.63,0.63,1.27,0.63,1.27,0.19,0.49,0.68,0.19,0.68
797,Gianluca Gaetano,ITA,"MF,FW",Cagliari,24,2000,28,8,1009,11.2,2,4,6,2,0,0,0,0,4.9,4.9,2.2,7.1,11,41,82,0.18,0.36,0.54,0.18,0.54,0.43,0.2,0.63,0.43,0.63
798,Roberto Gagliardini,ITA,"MF,DF",Monza,30,1994,8,0,180,2.0,0,0,0,0,0,0,1,0,0.0,0.0,0.2,0.2,5,11,3,0.0,0.0,0.0,0.0,0.0,0.0,0.09,0.09,0.0,0.09
799,Antonino Gallo,ITA,DF,Lecce,24,2000,31,31,2609,29.0,0,2,2,0,0,0,3,1,0.3,0.3,2.7,3.0,57,107,110,0.0,0.07,0.07,0.0,0.07,0.01,0.09,0.1,0.01,0.1
800,Silvère Ganvoula M'Boussy,CGO,FW,Monza,28,1996,7,4,326,3.6,0,0,0,0,0,0,0,0,0.4,0.4,0.2,0.6,3,4,21,0.0,0.0,0.0,0.0,0.0,0.1,0.06,0.16,0.1,0.16
801,Federico Gatti,ITA,DF,Juventus,26,1998,30,26,2195,24.4,1,0,1,1,0,0,2,0,2.5,2.5,0.5,2.9,24,73,6,0.04,0.0,0.04,0.04,0.04,0.1,0.02,0.12,0.1,0.12
802,David de Gea,ESP,GK,Fiorentina,33,1990,34,34,3060,34.0,0,1,1,0,0,0,1,0,0.0,0.0,0.4,0.4,0,0,0,0.0,0.03,0.03,0.0,0.03,0.0,0.01,0.01,0.0,0.01
803,Valentin Gendrey,FRA,DF,Lecce,24,2000,2,2,180,2.0,0,0,0,0,0,0,0,0,0.2,0.2,0.1,0.3,7,5,4,0.0,0.0,0.0,0.0,0.0,0.09,0.05,0.14,0.09,0.14
804,Daniele Ghilardi,ITA,DF,Hellas Verona,21,2003,24,21,2029,22.5,0,0,0,0,0,0,7,1,0.6,0.6,0.2,0.8,16,57,7,0.0,0.0,0.0,0.0,0.0,0.03,0.01,0.04,0.03,0.04
805,Lautaro Gianetti,ARG,DF,Udinese,30,1993,15,11,878,9.8,1,0,1,1,0,0,4,0,0.1,0.0,0.1,0.1,0,19,3,0.1,0.0,0.1,0.1,0.1,0.01,0.01,0.02,0.0,0.01
806,Samuel Gigot,FRA,DF,Lazio,30,1993,15,7,683,7.6,2,0,2,2,0,0,2,0,1.3,1.3,0.0,1.3,7,12,5,0.26,0.0,0.26,0.26,0.26,0.17,0.0,0.17,0.17,0.17
807,Mario Gila,ESP,DF,Lazio,23,2000,32,31,2741,30.5,1,0,1,1,0,0,8,0,1.1,1.1,0.6,1.7,48,157,12,0.03,0.0,0.03,0.03,0.03,0.03,0.02,0.05,0.03,0.05
808,Billy Gilmour,SCO,MF,Napoli,23,2001,26,13,1177,13.1,0,1,1,0,0,0,0,0,0.5,0.5,1.8,2.3,11,67,18,0.0,0.08,0.08,0.0,0.08,0.04,0.14,0.18,0.04,0.18
809,Santiago Giménez,MEX,FW,Milan,23,2001,14,7,669,7.4,5,2,7,5,0,1,3,1,4.8,4.0,0.9,4.9,13,6,38,0.67,0.27,0.94,0.67,0.94,0.64,0.13,0.77,0.54,0.66
810,Gvidas Gineitis,LTU,MF,Torino,20,2004,30,15,1430,15.9,3,1,4,3,0,0,5,0,1.3,1.3,2.0,3.3,15,36,43,0.19,0.06,0.25,0.19,0.25,0.08,0.13,0.21,0.08,0.21
811,Ben Godfrey,ENG,DF,Atalanta,26,1998,1,0,23,0.3,0,0,0,0,0,0,0,0,0.0,0.0,0.0,0.0,0,1,1,0.0,0.0,0.0,0.0,0.0,0.0,0.0,0.0,0.0,0.0
812,Saba Goglichidze,GEO,DF,Empoli,20,2004,33,29,2539,28.2,0,1,1,0,0,0,3,1,0.3,0.3,0.3,0.6,12,45,9,0.0,0.04,0.04,0.0,0.04,0.01,0.01,0.02,0.01,0.02
813,Edoardo Goldaniga,ITA,DF,Como,30,1993,32,28,2532,28.1,1,0,1,1,0,0,12,1,2.5,2.5,0.3,2.8,20,81,8,0.04,0.0,0.04,0.04,0.04,0.09,0.01,0.1,0.09,0.1
814,Pierluigi Gollini,ITA,GK,Genoa,29,1995,7,7,630,7.0,0,0,0,0,0,0,1,0,0.0,0.0,0.0,0.0,0,0,0,0.0,0.0,0.0,0.0,0.0,0.0,0.0,0.0,0.0,0.0
815,Nicolás González,ARG,"FW,MF",Juventus,26,1998,26,23,1750,19.4,3,2,5,3,0,0,3,0,4.1,4.1,1.1,5.1,35,69,123,0.15,0.1,0.26,0.15,0.26,0.21,0.06,0.26,0.21,0.26
816,Robin Gosens,GER,DF,Fiorentina,30,1994,31,28,2434,27.0,5,5,10,5,0,0,6,0,1.8,1.8,2.4,4.1,31,102,91,0.18,0.18,0.37,0.18,0.37,0.06,0.08,0.15,0.06,0.15
817,Lucas Gourna-Douath,FRA,MF,Roma,20,2003,6,2,229,2.5,0,0,0,0,0,0,2,0,0.1,0.1,0.1,0.2,4,9,9,0.0,0.0,0.0,0.0,0.0,0.05,0.04,0.09,0.05,0.09
818,Alberto Grassi,ITA,MF,Empoli,29,1995,28,27,2203,24.5,1,0,1,1,0,0,8,0,1.0,1.0,0.8,1.9,18,74,24,0.04,0.0,0.04,0.04,0.04,0.04,0.03,0.08,0.04,0.08
819,Mattéo Guendouzi,FRA,MF,Lazio,25,1999,37,37,3270,36.3,1,3,4,1,0,0,7,0,1.4,1.4,3.2,4.6,89,316,64,0.03,0.08,0.11,0.03,0.11,0.04,0.09,0.13,0.04,0.13
820,Frederic Guilbert,FRA,DF,Lecce,29,1994,31,31,2435,27.1,0,1,1,0,0,0,3,2,0.3,0.3,1.8,2.1,48,88,45,0.0,0.04,0.04,0.0,0.04,0.01,0.07,0.08,0.01,0.08
821,Albert Guðmundsson,ISL,"FW,MF",Fiorentina,27,1997,24,16,1273,14.1,6,1,7,4,2,2,2,0,4.5,2.9,1.8,4.8,35,37,59,0.42,0.07,0.49,0.28,0.35,0.32,0.13,0.45,0.21,0.34
822,Emmanuel Gyasi,GHA,"DF,FW",Empoli,30,1994,37,37,3217,35.7,2,1,3,2,0,0,5,0,3.9,3.9,0.7,4.6,22,53,108,0.06,0.03,0.08,0.06,0.08,0.11,0.02,0.13,0.11,0.13
823,Christian Gytkjær,DEN,FW,Venezia,34,1990,29,6,754,8.4,2,1,3,1,1,1,0,0,2.4,1.6,0.5,2.1,3,5,52,0.24,0.12,0.36,0.12,0.24,0.29,0.06,0.34,0.2,0.25
824,Nicolas Haas,SUI,MF,Empoli,28,1996,10,2,287,3.2,0,0,0,0,0,0,1,0,0.0,0.0,0.1,0.1,2,9,2,0.0,0.0,0.0,0.0,0.0,0.0,0.02,0.02,0.0,0.02
825,Saad El Haddad,MAR,MF,Venezia,19,2005,3,0,30,0.3,0,0,0,0,0,0,0,0,0.0,0.0,0.0,0.0,1,1,6,0.0,0.0,0.0,0.0,0.0,0.0,0.07,0.07,0.0,0.07
826,Antoine Hainaut,FRA,"DF,FW",Parma,22,2002,25,10,1206,13.4,2,0,2,2,0,0,4,0,0.8,0.8,1.0,1.8,22,34,37,0.15,0.0,0.15,0.15,0.15,0.06,0.08,0.14,0.06,0.14
827,Mohamed Haj,TUN,MF,Parma,19,2005,15,3,453,5.0,1,2,3,1,0,0,4,0,0.6,0.6,1.2,1.8,6,13,28,0.2,0.4,0.6,0.2,0.6,0.13,0.24,0.36,0.13,0.36
828,Ridgeciano Haps,SUR,DF,Venezia,31,1993,25,14,1369,15.2,1,1,2,1,0,0,3,0,1.2,1.2,0.7,1.9,26,52,47,0.07,0.07,0.13,0.07,0.13,0.08,0.05,0.13,0.08,0.13
829,Abdou Harroui,NED,"MF,FW",Hellas Verona,26,1998,10,5,463,5.1,1,2,3,1,0,0,1,0,2.2,2.2,0.4,2.6,23,21,34,0.19,0.39,0.58,0.19,0.58,0.43,0.09,0.51,0.43,0.51
830,Liam Henderson,SCO,MF,Empoli,28,1996,36,27,2337,26.0,0,4,4,0,0,0,10,0,0.7,0.7,3.9,4.5,18,108,54,0.0,0.15,0.15,0.0,0.15,0.03,0.15,0.17,0.03,0.17
831,Mario Hermoso,ESP,DF,Roma,29,1995,8,2,251,2.8,0,0,0,0,0,0,2,1,0.1,0.1,0.0,0.1,3,14,5,0.0,0.0,0.0,0.0,0.0,0.02,0.0,0.02,0.02,0.02
832,Theo Hernández,FRA,DF,Milan,26,1997,33,30,2696,30.0,4,3,7,4,0,1,4,1,2.7,1.9,4.7,6.6,93,132,148,0.13,0.1,0.23,0.13,0.23,0.09,0.16,0.25,0.06,0.22
833,Hernani,BRA,MF,Parma,30,1994,25,15,1327,14.7,3,3,6,0,3,3,7,0,2.8,0.5,1.5,2.0,29,78,40,0.2,0.2,0.41,0.0,0.2,0.19,0.1,0.3,0.03,0.14
834,Isak Hien,SWE,DF,Atalanta,25,1999,30,27,2327,25.9,0,0,0,0,0,0,10,0,1.0,1.0,0.1,1.1,7,51,3,0.0,0.0,0.0,0.0,0.0,0.04,0.0,0.04,0.04,0.04
835,Emil Holm,SWE,DF,Bologna,24,2000,21,12,1137,12.6,1,1,2,1,0,0,3,0,0.6,0.6,0.7,1.3,29,49,43,0.08,0.08,0.16,0.08,0.16,0.05,0.06,0.1,0.05,0.1
836,Mats Hummels,GER,DF,Roma,35,1988,14,11,915,10.2,0,0,0,0,0,0,1,0,0.5,0.5,0.1,0.5,4,26,1,0.0,0.0,0.0,0.0,0.0,0.05,0.01,0.05,0.05,0.05
837,Elseid Hysaj,ALB,DF,Lazio,30,1994,11,4,424,4.7,0,3,3,0,0,0,2,1,0.2,0.2,1.6,1.8,4,14,18,0.0,0.64,0.64,0.0,0.64,0.04,0.35,0.38,0.04,0.38
838,Arijon Ibrahimović,GER,MF,Lazio,18,2005,1,0,8,0.1,0,0,0,0,0,0,0,0,0.1,0.1,0.0,0.1,0,0,0,0.0,0.0,0.0,0.0,0.0,0.85,0.0,0.85,0.85,0.85
839,Jay Idzes,IDN,DF,Venezia,24,2000,35,35,3127,34.7,1,0,1,1,0,0,5,0,1.8,1.8,0.7,2.5,15,84,15,0.03,0.0,0.03,0.03,0.03,0.05,0.02,0.07,0.05,0.07
840,Jonathan Ikone,FRA,FW,Como,26,1998,13,5,540,6.0,2,0,2,2,0,0,1,0,1.8,1.8,0.2,1.9,23,17,55,0.33,0.0,0.33,0.33,0.33,0.29,0.03,0.32,0.29,0.32
841,Jonathan Ikone,FRA,"FW,MF",Fiorentina,26,1998,14,1,334,3.7,0,0,0,0,0,0,0,0,0.8,0.8,0.1,0.9,12,13,39,0.0,0.0,0.0,0.0,0.0,0.21,0.02,0.23,0.21,0.23
842,Ivan Ilić,SRB,MF,Torino,23,2001,19,9,920,10.2,1,0,1,1,0,0,4,0,0.9,0.9,1.1,2.1,24,45,41,0.1,0.0,0.1,0.1,0.1,0.09,0.11,0.2,0.09,0.2
843,Samuel Iling-Junior,ENG,"FW,MF",Bologna,20,2003,7,0,118,1.3,1,0,1,1,0,0,0,0,0.1,0.1,0.1,0.3,5,7,27,0.76,0.0,0.76,0.76,0.76,0.11,0.09,0.19,0.11,0.19
844,Alessio Iovine,ITA,"DF,FW",Como,33,1991,10,3,387,4.3,0,0,0,0,0,0,2,0,0.0,0.0,0.2,0.2,9,6,8,0.0,0.0,0.0,0.0,0.0,0.01,0.05,0.06,0.01,0.06
845,Gustav Isaksen,DEN,FW,Lazio,23,2001,37,29,2210,24.6,4,2,6,4,0,0,5,0,5.2,5.2,2.1,7.3,95,46,249,0.16,0.08,0.24,0.16,0.24,0.21,0.09,0.3,0.21,0.3
846,Ardian Ismajli,ALB,DF,Empoli,27,1996,29,29,2508,27.9,0,0,0,0,0,0,3,0,0.3,0.3,0.0,0.4,3,38,1,0.0,0.0,0.0,0.0,0.0,0.01,0.0,0.01,0.01,0.01
847,Armando Izzo,ITA,DF,Monza,32,1992,30,28,2435,27.1,1,1,2,1,0,0,12,0,0.4,0.4,0.8,1.2,12,72,12,0.04,0.04,0.07,0.04,0.07,0.02,0.03,0.05,0.02,0.05
848,Fellipe Jack,BRA,DF,Como,18,2006,7,1,171,1.9,0,0,0,0,0,0,2,0,0.0,0.0,0.1,0.1,2,8,1,0.0,0.0,0.0,0.0,0.0,0.0,0.03,0.03,0.0,0.03
849,Ali Jasim,IRQ,"FW,DF",Como,20,2004,2,0,10,0.1,0,0,0,0,0,0,0,0,0.0,0.0,0.0,0.0,1,1,1,0.0,0.0,0.0,0.0,0.0,0.0,0.0,0.0,0.0,0.0
850,Gaby Jean,FRA,DF,Lecce,24,2000,19,16,1388,15.4,0,0,0,0,0,0,0,0,0.1,0.1,0.1,0.2,8,42,3,0.0,0.0,0.0,0.0,0.0,0.01,0.01,0.01,0.01,0.01
851,Juan Jesus,BRA,DF,Napoli,33,1991,15,12,1074,11.9,0,1,1,0,0,0,2,0,0.3,0.3,0.0,0.4,3,50,2,0.0,0.08,0.08,0.0,0.08,0.03,0.0,0.03,0.03,0.03
852,Alejandro Jiménez,ESP,"DF,FW",Milan,19,2005,22,14,1266,14.1,0,1,1,0,0,0,6,0,0.8,0.8,1.3,2.1,55,37,72,0.0,0.07,0.07,0.0,0.07,0.06,0.09,0.15,0.06,0.15
853,Þórir Jóhann Helgason,ISL,MF,Lecce,23,2000,21,13,1156,12.8,0,4,4,0,0,0,0,0,1.2,1.2,1.1,2.3,20,38,58,0.0,0.31,0.31,0.0,0.31,0.09,0.09,0.18,0.09,0.18
854,Jesse Joronen,FIN,GK,Venezia,31,1993,8,7,703,7.8,0,0,0,0,0,0,0,0,0.0,0.0,0.0,0.0,0,0,0,0.0,0.0,0.0,0.0,0.0,0.0,0.0,0.0,0.0,0.0
855,Luka Jović,SRB,"FW,MF",Milan,26,1997,15,6,557,6.2,2,0,2,2,0,0,1,0,2.4,2.4,1.4,3.8,8,26,24,0.32,0.0,0.32,0.32,0.32,0.38,0.22,0.61,0.38,0.61
856,Mohamed Kaba,FRA,MF,Lecce,22,2001,15,2,452,5.0,0,0,0,0,0,0,1,0,0.3,0.3,0.0,0.4,3,18,8,0.0,0.0,0.0,0.0,0.0,0.07,0.01,0.08,0.07,0.08
857,Christian Kabasele,BEL,DF,Udinese,33,1991,16,12,1161,12.9,2,0,2,2,0,0,0,0,1.5,1.5,0.4,1.9,9,44,7,0.16,0.0,0.16,0.16,0.16,0.12,0.03,0.14,0.12,0.14
858,Pierre Kalulu,FRA,DF,Juventus,24,2000,29,25,2337,26.0,1,0,1,1,0,0,2,1,0.7,0.7,0.5,1.2,48,117,24,0.04,0.0,0.04,0.04,0.04,0.03,0.02,0.05,0.03,0.05
859,Hassane Kamara,CIV,DF,Udinese,30,1994,30,25,2001,22.2,1,4,5,1,0,0,8,1,0.9,0.9,2.7,3.6,52,61,103,0.04,0.18,0.22,0.04,0.22,0.04,0.12,0.16,0.04,0.16
860,Yann Karamoh,FRA,"MF,FW",Torino,26,1998,29,10,1046,11.6,0,1,1,0,0,0,2,0,1.2,1.2,0.9,2.2,37,28,80,0.0,0.09,0.09,0.0,0.09,0.11,0.08,0.18,0.11,0.18
861,Jesper Karlsson,SWE,FW,Bologna,26,1998,7,3,298,3.3,1,0,1,1,0,0,1,0,0.7,0.7,0.1,0.8,6,6,31,0.3,0.0,0.3,0.3,0.3,0.22,0.03,0.25,0.22,0.25
862,Jesper Karlsson,SWE,FW,Lecce,26,1998,13,6,495,5.5,1,0,1,0,1,1,2,0,1.5,0.7,0.6,1.3,11,12,32,0.18,0.0,0.18,0.0,0.0,0.26,0.12,0.38,0.12,0.24
863,Jesper Karlström,SWE,MF,Udinese,29,1995,37,36,3186,35.4,0,3,3,0,0,0,9,0,0.7,0.7,1.1,1.8,23,135,46,0.0,0.08,0.08,0.0,0.08,0.02,0.03,0.05,0.02,0.05
864,Lior Kasa,ISR,"MF,FW",Genoa,18,2005,8,2,230,2.6,0,0,0,0,0,0,2,0,1.1,1.1,0.1,1.2,1,7,7,0.0,0.0,0.0,0.0,0.0,0.45,0.03,0.48,0.45,0.48
865,Grigoris Kastanos,CYP,"MF,FW",Hellas Verona,26,1998,27,8,872,9.7,1,1,2,1,0,0,4,0,1.0,1.0,1.7,2.7,12,34,27,0.1,0.1,0.21,0.1,0.21,0.1,0.17,0.28,0.1,0.28
866,Michael Kayode,ITA,"DF,FW",Fiorentina,20,2004,5,1,127,1.4,0,0,0,0,0,0,0,0,0.1,0.1,0.2,0.3,3,8,6,0.0,0.0,0.0,0.0,0.0,0.07,0.13,0.21,0.07,0.21
867,Moise Kean,ITA,FW,Fiorentina,24,2000,31,30,2615,29.1,17,3,20,16,1,2,5,0,19.4,17.9,1.9,19.7,42,26,143,0.59,0.1,0.69,0.55,0.65,0.65,0.06,0.71,0.59,0.66
868,Mandela Keita,BEL,MF,Parma,22,2002,30,24,1826,20.3,0,2,2,0,0,0,6,1,0.1,0.1,1.0,1.2,13,50,5,0.0,0.1,0.1,0.0,0.1,0.01,0.05,0.06,0.01,0.06
869,Lloyd Kelly,ENG,DF,Juventus,25,1998,12,11,1013,11.3,0,0,0,0,0,0,1,0,0.4,0.4,0.1,0.5,10,36,26,0.0,0.0,0.0,0.0,0.0,0.04,0.01,0.05,0.04,0.05
870,Marc-Oliver Kempf,GER,DF,Como,29,1995,31,30,2615,29.1,0,0,0,0,0,0,6,1,1.6,1.6,1.2,2.7,17,85,4,0.0,0.0,0.0,0.0,0.0,0.05,0.04,0.09,0.05,0.09
871,Kialonda,ANG,DF,Lecce,26,1997,24,24,2144,23.8,0,1,1,0,0,0,3,0,1.1,1.1,0.4,1.6,4,34,5,0.0,0.04,0.04,0.0,0.04,0.05,0.02,0.07,0.05,0.07
872,Magnus Kofod Andersen,DEN,MF,Venezia,25,1999,14,7,695,7.7,1,1,2,1,0,0,1,0,0.3,0.3,0.5,0.7,7,24,18,0.13,0.13,0.26,0.13,0.26,0.04,0.06,0.1,0.04,0.1
873,Sead Kolašinac,BIH,DF,Atalanta,31,1993,23,23,1903,21.1,0,2,2,0,0,0,7,0,0.8,0.8,1.8,2.6,52,142,47,0.0,0.09,0.09,0.0,0.09,0.04,0.09,0.12,0.04,0.12
874,Randal Kolo Muani,FRA,FW,Juventus,25,1998,16,13,1160,12.9,8,1,9,7,1,1,0,0,4.7,3.9,1.6,5.5,21,20,100,0.62,0.08,0.7,0.54,0.62,0.36,0.12,0.49,0.3,0.43
875,Ismael Konate,CIV,"FW,MF",Empoli,18,2006,12,0,116,1.3,0,1,1,0,0,0,0,0,0.2,0.2,0.0,0.2,5,2,7,0.0,0.78,0.78,0.0,0.78,0.15,0.03,0.19,0.15,0.19
876,Manu Koné,FRA,MF,Roma,23,2001,34,31,2572,28.6,2,1,3,2,0,0,6,0,3.4,3.4,1.7,5.0,70,144,50,0.07,0.03,0.1,0.07,0.1,0.12,0.06,0.18,0.12,0.18
877,Teun Koopmeiners,NED,"MF,FW",Juventus,26,1998,28,23,1994,22.2,3,3,6,3,0,0,3,0,3.8,3.8,2.9,6.7,32,89,127,0.14,0.14,0.27,0.14,0.27,0.17,0.13,0.3,0.17,0.3
878,Odilon Kossounou,CIV,DF,Atalanta,23,2001,18,12,1125,12.5,0,0,0,0,0,0,1,0,0.5,0.5,0.0,0.6,13,46,14,0.0,0.0,0.0,0.0,0.0,0.04,0.0,0.04,0.04,0.04
879,Christian Kouamé,CIV,"FW,MF",Fiorentina,26,1997,18,5,622,6.9,0,1,1,0,0,0,1,0,1.1,1.1,1.5,2.5,7,16,46,0.0,0.14,0.14,0.0,0.14,0.15,0.21,0.37,0.15,0.37
880,Christian Kouamé,CIV,"FW,MF",Empoli,26,1997,8,5,507,5.6,1,0,1,1,0,0,0,0,2.7,2.7,0.7,3.3,5,13,39,0.18,0.0,0.18,0.18,0.18,0.47,0.12,0.59,0.47,0.59
881,Viktor Kovalenko,UKR,MF,Empoli,28,1996,6,0,77,0.9,0,0,0,0,0,0,0,0,0.1,0.1,0.0,0.1,1,4,3,0.0,0.0,0.0,0.0,0.0,0.12,0.0,0.12,0.12,0.12
882,Mateusz Kowalski,POL,MF,Parma,19,2005,1,1,56,0.6,0,0,0,0,0,0,0,0,0.4,0.4,0.0,0.4,0,0,2,0.0,0.0,0.0,0.0,0.0,0.69,0.0,0.69,0.69,0.69
883,Thomas Kristensen,DEN,DF,Udinese,22,2002,24,19,1754,19.5,1,0,1,1,0,0,5,0,0.9,0.9,0.3,1.2,19,76,19,0.05,0.0,0.05,0.05,0.05,0.05,0.02,0.06,0.05,0.06
884,Nikola Krstović,MNE,FW,Lecce,24,2000,37,37,3057,34.0,11,5,16,9,2,3,6,0,12.1,9.7,2.9,12.6,42,56,149,0.32,0.15,0.47,0.26,0.41,0.36,0.08,0.44,0.29,0.37
885,Khvicha Kvaratskhelia,GEO,"FW,MF",Napoli,23,2001,17,15,1178,13.1,5,3,8,4,1,1,1,0,4.1,3.4,3.7,7.0,74,57,89,0.38,0.23,0.61,0.31,0.53,0.32,0.28,0.6,0.26,0.54
886,Giorgos Kyriakopoulos,GRE,DF,Monza,28,1996,34,33,2845,31.6,2,4,6,2,0,0,5,0,0.9,0.9,3.3,4.2,67,97,132,0.06,0.13,0.19,0.06,0.19,0.03,0.1,0.13,0.03,0.13
887,Mathis Lambourde,FRA,"FW,MF",Hellas Verona,18,2006,7,0,89,1.0,1,0,1,1,0,0,1,0,0.2,0.2,0.1,0.2,1,0,12,1.01,0.0,1.01,1.01,1.01,0.15,0.09,0.24,0.15,0.24
888,Gianluca Lapadula,PER,"FW,MF",Cagliari,34,1990,12,1,310,3.4,0,0,0,0,0,0,1,0,1.4,1.4,0.1,1.4,7,7,16,0.0,0.0,0.0,0.0,0.0,0.4,0.02,0.42,0.4,0.42
889,Valentino Lazaro,AUT,"DF,FW",Torino,28,1996,33,26,2307,25.6,0,6,6,0,0,0,6,0,1.0,1.0,3.3,4.4,35,76,131,0.0,0.23,0.23,0.0,0.23,0.04,0.13,0.17,0.04,0.17
890,Darko Lazović,SRB,"DF,MF",Hellas Verona,33,1990,27,17,1459,16.2,2,3,5,1,1,1,0,0,2.5,1.7,3.4,5.1,22,40,88,0.12,0.19,0.31,0.06,0.25,0.15,0.21,0.36,0.11,0.31
891,Manuel Lazzari,ITA,DF,Lazio,30,1993,25,16,1406,15.6,0,1,1,0,0,0,3,0,0.1,0.1,1.3,1.4,72,66,96,0.0,0.06,0.06,0.0,0.06,0.01,0.08,0.09,0.01,0.09
892,Enzo Le Fée,FRA,MF,Roma,24,2000,6,4,318,3.5,0,0,0,0,0,0,1,0,0.2,0.2,0.1,0.3,15,28,3,0.0,0.0,0.0,0.0,0.0,0.06,0.03,0.1,0.06,0.1
893,Nicola Leali,ITA,GK,Genoa,31,1993,29,29,2610,29.0,0,0,0,0,0,0,1,0,0.0,0.0,0.0,0.0,0,0,0,0.0,0.0,0.0,0.0,0.0,0.0,0.0,0.0,0.0,0.0
894,Rafael Leão,POR,FW,Milan,25,1999,34,25,2323,25.8,8,8,16,8,0,0,5,0,7.6,7.6,8.4,15.9,123,93,262,0.31,0.31,0.62,0.31,0.62,0.29,0.32,0.62,0.29,0.62
895,Stefan Lekovic,SRB,DF,Monza,20,2004,7,3,367,4.1,0,0,0,0,0,0,0,0,0.1,0.1,0.0,0.1,4,15,2,0.0,0.0,0.0,0.0,0.0,0.03,0.0,0.03,0.03,0.03
896,Nunzio Lella,ITA,MF,Venezia,24,2000,1,0,5,0.1,0,0,0,0,0,0,0,0,0.0,0.0,0.0,0.0,0,0,0,0.0,0.0,0.0,0.0,0.0,0.0,0.0,0.0,0.0,0.0
897,Giovanni Leoni,ITA,DF,Parma,17,2006,17,14,1199,13.3,1,0,1,1,0,0,3,1,0.1,0.1,0.0,0.1,0,21,5,0.08,0.0,0.08,0.08,0.08,0.01,0.0,0.01,0.01,0.01
898,Ben Lhassine Kone,CIV,MF,Como,24,2000,4,0,51,0.6,0,0,0,0,0,0,1,0,0.0,0.0,0.0,0.0,0,3,1,0.0,0.0,0.0,0.0,0.0,0.03,0.0,0.03,0.03,0.03
899,Mattia Liberali,ITA,MF,Milan,17,2007,1,1,61,0.7,0,0,0,0,0,0,0,0,0.1,0.1,0.0,0.1,1,5,4,0.0,0.0,0.0,0.0,0.0,0.1,0.03,0.14,0.1,0.14
900,Karol Linetty,POL,MF,Torino,29,1995,28,18,1540,17.1,1,0,1,1,0,0,6,0,1.1,1.1,0.9,2.0,18,47,19,0.06,0.0,0.06,0.06,0.06,0.06,0.06,0.12,0.06,0.12
901,Dailon Livramento,CPV,"FW,MF",Hellas Verona,23,2001,29,8,940,10.4,1,1,2,1,0,0,2,1,1.8,1.8,0.9,2.7,23,13,67,0.1,0.1,0.19,0.1,0.19,0.17,0.09,0.26,0.17,0.26
902,Stanislav Lobotka,SVK,MF,Napoli,29,1994,32,31,2636,29.3,0,1,1,0,0,0,3,0,0.3,0.3,1.2,1.5,30,118,32,0.0,0.03,0.03,0.0,0.03,0.01,0.04,0.05,0.01,0.05
903,Manuel Locatelli,ITA,MF,Juventus,26,1998,36,34,2822,31.4,2,2,4,1,1,1,9,0,1.8,1.0,2.5,3.5,33,294,33,0.06,0.06,0.13,0.03,0.1,0.06,0.08,0.14,0.03,0.11
904,Ruben Loftus-Cheek,ENG,MF,Milan,28,1996,19,10,1037,11.5,0,0,0,0,0,0,3,0,0.7,0.7,1.9,2.6,27,51,32,0.0,0.0,0.0,0.0,0.0,0.06,0.16,0.22,0.06,0.22
905,Ademola Lookman,NGA,"MF,FW",Atalanta,26,1997,31,28,2247,25.0,15,5,20,14,1,1,4,0,10.3,9.5,7.1,16.7,142,73,316,0.6,0.2,0.8,0.56,0.76,0.41,0.29,0.7,0.38,0.67
906,Sandi Lovrić,SVN,MF,Udinese,26,1998,36,31,2308,25.6,2,3,5,2,0,0,5,0,2.6,2.6,3.4,6.0,60,120,71,0.08,0.12,0.19,0.08,0.19,0.1,0.13,0.24,0.1,0.24
907,Lorenzo Lucca,ITA,FW,Udinese,23,2000,33,27,2353,26.1,12,1,13,11,1,1,10,0,7.6,6.8,1.6,8.4,15,18,98,0.46,0.04,0.5,0.42,0.46,0.29,0.06,0.35,0.26,0.32
908,Jhon Lucumí,COL,DF,Bologna,26,1998,32,29,2614,29.0,0,1,1,0,0,0,8,1,0.6,0.6,0.4,1.0,34,108,7,0.0,0.03,0.03,0.0,0.03,0.02,0.01,0.03,0.02,0.03
909,José Luis Palomino,ARG,DF,Cagliari,34,1990,18,10,1081,12.0,1,0,1,1,0,0,3,0,0.5,0.5,0.0,0.5,4,35,1,0.08,0.0,0.08,0.08,0.08,0.04,0.0,0.04,0.04,0.04
910,Douglas Luiz,BRA,MF,Juventus,26,1998,19,3,529,5.9,0,0,0,0,0,0,2,0,0.6,0.6,1.0,1.6,16,35,12,0.0,0.0,0.0,0.0,0.0,0.11,0.16,0.27,0.11,0.27
911,Romelu Lukaku,BEL,FW,Napoli,31,1993,36,35,2843,31.6,14,10,24,11,3,4,4,0,13.0,9.8,3.9,13.8,31,36,219,0.44,0.32,0.76,0.35,0.66,0.41,0.12,0.54,0.31,0.44
912,Sebastiano Luperto,ITA,DF,Cagliari,27,1996,36,36,3240,36.0,1,3,4,1,0,0,4,0,2.2,2.2,1.3,3.4,22,96,11,0.03,0.08,0.11,0.03,0.11,0.06,0.04,0.1,0.06,0.1
913,Zito Luvumbo,ANG,"FW,MF",Cagliari,22,2002,26,19,1606,17.8,2,2,4,2,0,0,2,0,2.1,2.1,3.1,5.2,70,31,125,0.11,0.11,0.22,0.11,0.22,0.12,0.17,0.29,0.12,0.29
914,Charalampos Lykogiannis,GRE,DF,Bologna,30,1993,17,12,1048,11.6,0,4,4,0,0,0,3,0,0.2,0.2,1.6,1.8,10,49,36,0.0,0.34,0.34,0.0,0.34,0.02,0.14,0.16,0.02,0.16
915,Mathias Løvik,NOR,"DF,FW",Parma,20,2003,6,0,92,1.0,0,0,0,0,0,0,0,0,0.1,0.1,0.1,0.2,0,1,6,0.0,0.0,0.0,0.0,0.0,0.09,0.08,0.18,0.09,0.18
916,Giangiacomo Magnani,ITA,DF,Hellas Verona,28,1995,17,11,1065,11.8,1,0,1,1,0,0,2,0,1.1,1.1,0.0,1.2,4,31,7,0.08,0.0,0.08,0.08,0.08,0.1,0.0,0.1,0.1,0.1
917,Mike Maignan,FRA,GK,Milan,29,1995,37,37,3294,36.6,0,0,0,0,0,0,1,0,0.0,0.0,0.8,0.8,0,4,0,0.0,0.0,0.0,0.0,0.0,0.0,0.02,0.02,0.0,0.02
918,Antoine Makoumbou,CGO,MF,Cagliari,26,1998,33,27,2150,23.9,0,3,3,0,0,0,4,1,0.3,0.3,0.9,1.3,11,92,14,0.0,0.13,0.13,0.0,0.13,0.01,0.04,0.05,0.01,0.05
919,Daniel Maldini,ITA,"MF,FW",Monza,22,2001,20,16,1306,14.5,3,0,3,3,0,0,5,0,4.8,4.8,0.9,5.7,41,34,66,0.21,0.0,0.21,0.21,0.21,0.33,0.06,0.39,0.33,0.39
920,Daniel Maldini,ITA,"FW,MF",Atalanta,22,2001,10,2,258,2.9,3,0,3,3,0,0,0,0,1.9,1.9,0.2,2.1,12,7,30,1.05,0.0,1.05,1.05,1.05,0.66,0.09,0.74,0.66,0.74
921,Youssef Maleh,MAR,MF,Empoli,25,1998,22,17,1510,16.8,0,1,1,0,0,0,5,1,0.9,0.9,0.9,1.8,10,72,37,0.0,0.06,0.06,0.0,0.06,0.05,0.05,0.1,0.05,0.1
922,Ruslan Malinovskyi,UKR,"MF,FW",Genoa,31,1993,9,4,383,4.3,0,2,2,0,0,0,2,0,0.2,0.2,1.5,1.7,3,32,10,0.0,0.47,0.47,0.0,0.47,0.06,0.35,0.41,0.06,0.41
923,Dennis Man,ROU,"FW,MF",Parma,25,1998,33,23,1995,22.2,4,4,8,4,0,0,0,0,5.5,5.5,4.2,9.7,67,60,142,0.18,0.18,0.36,0.18,0.36,0.25,0.19,0.44,0.25,0.44
924,Gianluca Mancini,ITA,DF,Roma,28,1996,37,36,3143,34.9,2,0,2,2,0,0,8,0,1.7,1.7,0.9,2.6,45,139,23,0.06,0.0,0.06,0.06,0.06,0.05,0.03,0.07,0.05,0.07
925,Christos Mandas,GRE,GK,Lazio,22,2001,9,9,810,9.0,0,0,0,0,0,0,0,0,0.0,0.0,0.0,0.0,0,3,0,0.0,0.0,0.0,0.0,0.0,0.0,0.0,0.0,0.0,0.0
926,Rolando Mandragora,ITA,MF,Fiorentina,27,1997,28,22,1856,20.6,4,2,6,3,1,1,7,0,2.7,1.9,4.8,6.6,11,92,34,0.19,0.1,0.29,0.15,0.24,0.12,0.22,0.35,0.09,0.31
927,Alberto Manzoni,ITA,MF,Atalanta,19,2005,1,0,6,0.1,0,0,0,0,0,0,0,0,0.1,0.1,0.0,0.1,0,0,0,0.0,0.0,0.0,0.0,0.0,0.94,0.0,0.94,0.94,0.94
928,Alessandro Marcandalli,ITA,DF,Genoa,21,2002,2,1,46,0.5,0,0,0,0,0,0,0,0,0.0,0.0,0.0,0.0,0,1,0,0.0,0.0,0.0,0.0,0.0,0.0,0.0,0.0,0.0,0.0
929,Alessandro Marcandalli,ITA,DF,Venezia,21,2002,8,5,354,3.9,0,0,0,0,0,0,2,0,0.3,0.3,0.0,0.3,2,10,1,0.0,0.0,0.0,0.0,0.0,0.07,0.0,0.07,0.07,0.07
930,Filip Marchwiński,POL,MF,Lecce,22,2002,1,0,15,0.2,0,0,0,0,0,0,0,0,0.0,0.0,0.0,0.0,0,0,0,0.0,0.0,0.0,0.0,0.0,0.0,0.0,0.0,0.0,0.0
931,Pablo Marí,ESP,DF,Monza,30,1993,19,19,1628,18.1,0,0,0,0,0,0,4,1,0.2,0.2,0.1,0.3,5,58,1,0.0,0.0,0.0,0.0,0.0,0.01,0.01,0.01,0.01,0.01
932,Pablo Marí,ESP,DF,Fiorentina,30,1993,13,12,1098,12.2,0,0,0,0,0,0,2,0,0.1,0.1,0.0,0.1,2,27,0,0.0,0.0,0.0,0.0,0.0,0.01,0.0,0.01,0.01,0.01
933,Luca Marianucci,ITA,DF,Empoli,20,2004,18,12,1069,11.9,0,0,0,0,0,0,0,1,0.6,0.6,0.2,0.8,12,28,3,0.0,0.0,0.0,0.0,0.0,0.05,0.02,0.07,0.05,0.07
934,Mirko Marić,CRO,"FW,MF",Monza,29,1995,8,1,106,1.2,0,0,0,0,0,0,0,0,0.2,0.2,0.0,0.2,1,3,8,0.0,0.0,0.0,0.0,0.0,0.15,0.04,0.19,0.15,0.19
935,Mirko Marić,CRO,FW,Venezia,29,1995,10,4,356,4.0,0,0,0,0,0,0,0,0,0.6,0.6,0.0,0.6,4,9,27,0.0,0.0,0.0,0.0,0.0,0.15,0.01,0.16,0.15,0.16
936,Rafa Marín,ESP,DF,Napoli,22,2002,4,1,142,1.6,0,0,0,0,0,0,1,0,0.2,0.2,0.0,0.2,2,5,0,0.0,0.0,0.0,0.0,0.0,0.14,0.0,0.14,0.14,0.14
937,Răzvan Marin,ROU,MF,Cagliari,28,1996,33,13,1406,15.6,3,2,5,1,2,2,4,0,2.4,0.8,3.6,4.5,22,84,29,0.19,0.13,0.32,0.06,0.19,0.15,0.23,0.39,0.05,0.29
938,Guillermo Maripán,CHI,DF,Torino,30,1994,28,27,2340,26.0,1,1,2,1,0,0,4,1,0.9,0.9,1.0,2.0,14,96,9,0.04,0.04,0.08,0.04,0.08,0.04,0.04,0.08,0.04,0.08
939,Aarón Martín,ESP,DF,Genoa,27,1997,36,35,3085,34.3,0,8,8,0,0,0,5,0,0.9,0.9,5.5,6.4,50,90,108,0.0,0.23,0.23,0.0,0.23,0.03,0.16,0.19,0.03,0.19
940,Josep Martinez,ESP,GK,Inter,26,1998,5,5,450,5.0,0,0,0,0,0,0,0,0,0.0,0.0,0.1,0.1,0,0,0,0.0,0.0,0.0,0.0,0.0,0.0,0.02,0.02,0.0,0.02
941,Lautaro Martínez,ARG,FW,Inter,26,1997,30,30,2474,27.5,12,3,15,12,0,0,1,0,13.5,13.5,4.3,17.8,34,68,197,0.44,0.11,0.55,0.44,0.55,0.47,0.15,0.62,0.47,0.62
942,Lucas Martínez Quarta,ARG,DF,Fiorentina,28,1996,8,4,351,3.9,1,0,1,1,0,0,1,0,0.7,0.7,0.0,0.7,3,14,2,0.26,0.0,0.26,0.26,0.26,0.19,0.01,0.19,0.19,0.19
943,Kevin Martins,ITA,"MF,DF",Monza,19,2005,9,1,183,2.0,0,1,1,0,0,0,1,0,0.0,0.0,0.4,0.4,3,6,10,0.0,0.49,0.49,0.0,0.49,0.0,0.19,0.19,0.0,0.19
944,Adam Marušić,MNE,DF,Lazio,31,1992,35,26,2337,26.0,4,0,4,4,0,0,1,0,2.0,2.0,0.6,2.6,23,84,108,0.15,0.0,0.15,0.15,0.15,0.08,0.02,0.1,0.08,0.1
945,Adam Masina,MAR,DF,Torino,30,1994,28,20,1919,21.3,1,2,3,1,0,0,5,0,0.7,0.7,0.3,1.0,15,73,10,0.05,0.09,0.14,0.05,0.14,0.03,0.01,0.05,0.03,0.05
946,Patrizio Masini,ITA,MF,Genoa,23,2001,26,16,1538,17.1,1,0,1,1,0,0,3,0,0.4,0.4,0.2,0.6,16,44,27,0.06,0.0,0.06,0.06,0.06,0.03,0.01,0.04,0.03,0.04
947,Alan Matturro,URU,DF,Genoa,19,2004,13,9,900,10.0,0,0,0,0,0,0,2,0,0.2,0.2,0.2,0.4,12,15,9,0.0,0.0,0.0,0.0,0.0,0.02,0.02,0.04,0.02,0.04
948,Andrea Mazza,ITA,GK,Monza,20,2004,1,0,8,0.1,0,0,0,0,0,0,0,0,0.0,0.0,0.0,0.0,0,0,0,0.0,0.0,0.0,0.0,0.0,0.0,0.0,0.0,0.0,0.0
949,Luca Mazzitelli,ITA,MF,Como,28,1995,11,3,335,3.7,1,1,2,1,0,0,1,0,0.2,0.2,0.6,0.8,2,27,14,0.27,0.27,0.54,0.27,0.54,0.06,0.15,0.21,0.06,0.21
950,Pasquale Mazzocchi,ITA,"DF,FW",Napoli,29,1995,20,7,702,7.8,0,0,0,0,0,0,3,0,0.3,0.3,0.4,0.6,20,23,43,0.0,0.0,0.0,0.0,0.0,0.03,0.05,0.08,0.03,0.08
951,Samuel Mbangula,BEL,FW,Juventus,20,2004,23,7,709,7.9,3,3,6,3,0,0,1,0,0.6,0.6,1.4,2.0,25,17,44,0.38,0.38,0.76,0.38,0.76,0.08,0.17,0.25,0.08,0.25
952,Weston McKennie,USA,"MF,DF",Juventus,25,1998,32,27,2310,25.7,2,4,6,2,0,0,3,0,2.9,2.9,3.5,6.4,28,101,153,0.08,0.16,0.23,0.08,0.23,0.11,0.14,0.25,0.11,0.25
953,Scott McTominay,SCO,MF,Napoli,27,1996,34,33,2938,32.6,12,4,16,12,0,0,3,0,7.4,7.4,2.7,10.1,56,112,131,0.37,0.12,0.49,0.37,0.49,0.23,0.08,0.31,0.23,0.31
954,Filippo Melegoni,ITA,"MF,FW",Genoa,25,1999,3,1,89,1.0,0,1,1,0,0,0,0,0,0.0,0.0,0.5,0.5,0,1,2,0.0,1.01,1.01,0.0,1.01,0.04,0.51,0.55,0.04,0.55
955,Alex Meret,ITA,GK,Napoli,27,1997,34,34,3005,33.4,0,0,0,0,0,0,0,0,0.0,0.0,0.0,0.0,0,1,0,0.0,0.0,0.0,0.0,0.0,0.0,0.0,0.0,0.0,0.0
956,Junior Messias,BRA,"MF,FW",Genoa,33,1991,17,8,847,9.4,1,1,2,1,0,1,1,0,2.4,1.4,0.7,2.1,32,32,49,0.11,0.11,0.21,0.11,0.21,0.25,0.07,0.33,0.15,0.23
957,Valentin Mihaila,ROU,"FW,MF",Parma,24,2000,21,16,1288,14.3,0,3,3,0,0,0,2,0,2.4,2.4,1.2,3.6,25,41,72,0.0,0.21,0.21,0.0,0.21,0.17,0.08,0.25,0.17,0.25
958,Vanja Milinković-Savić,SRB,GK,Torino,27,1997,37,37,3330,37.0,0,0,0,0,0,0,3,0,0.0,0.0,0.1,0.1,0,0,0,0.0,0.0,0.0,0.0,0.0,0.0,0.0,0.0,0.0,0.0
959,Yerry Mina,COL,DF,Cagliari,29,1994,31,31,2569,28.5,1,0,1,1,0,0,6,1,2.3,2.3,0.3,2.6,17,76,9,0.04,0.0,0.04,0.04,0.04,0.08,0.01,0.09,0.08,0.09
960,Juan Miranda,ESP,DF,Bologna,24,2000,31,25,2277,25.3,0,6,6,0,0,0,4,1,0.7,0.7,6.1,6.8,34,163,88,0.0,0.24,0.24,0.0,0.24,0.03,0.24,0.27,0.03,0.27
961,Fabio Miretti,ITA,"MF,FW",Genoa,20,2003,25,22,1677,18.6,3,3,6,3,0,0,2,0,3.1,3.1,2.0,5.1,33,54,100,0.16,0.16,0.32,0.16,0.32,0.17,0.11,0.27,0.17,0.27
962,Henrikh Mkhitaryan,ARM,MF,Inter,35,1989,31,29,2328,25.9,1,4,5,1,0,0,4,0,1.5,1.5,2.7,4.2,72,199,93,0.04,0.15,0.19,0.04,0.19,0.06,0.1,0.16,0.06,0.16
963,Rui Modesto,ANG,"DF,MF",Udinese,24,1999,20,4,608,6.8,0,1,1,0,0,0,1,0,0.5,0.5,0.8,1.3,16,22,43,0.0,0.15,0.15,0.0,0.15,0.07,0.12,0.19,0.07,0.19
964,Lorenzo Montipò,ITA,GK,Hellas Verona,28,1996,36,36,3240,36.0,0,0,0,0,0,0,0,0,0.0,0.0,0.0,0.0,0,1,0,0.0,0.0,0.0,0.0,0.0,0.0,0.0,0.0,0.0,0.0
965,Álvaro Morata,ESP,"FW,MF",Milan,31,1992,16,13,1099,12.2,5,0,5,5,0,0,5,0,3.9,3.9,0.8,4.7,18,26,63,0.41,0.0,0.41,0.41,0.41,0.32,0.07,0.39,0.32,0.39
966,Alberto Moreno,ESP,DF,Como,32,1992,24,21,1727,19.2,0,0,0,0,0,0,4,0,0.4,0.4,1.2,1.6,23,81,58,0.0,0.0,0.0,0.0,0.0,0.02,0.06,0.08,0.02,0.08
967,Matias Moreno,ARG,DF,Fiorentina,20,2003,4,2,144,1.6,0,0,0,0,0,0,0,0,0.0,0.0,0.0,0.0,1,6,1,0.0,0.0,0.0,0.0,0.0,0.0,0.01,0.01,0.0,0.01
968,Tete Morente,ESP,"FW,MF",Lecce,27,1996,31,23,2021,22.5,3,2,5,3,0,0,5,0,2.9,2.9,1.6,4.5,48,102,144,0.13,0.09,0.22,0.13,0.22,0.13,0.07,0.2,0.13,0.2
969,Nikola Moro,CRO,MF,Bologna,26,1998,22,15,1208,13.4,0,2,2,0,0,0,1,0,0.5,0.5,0.8,1.3,17,93,21,0.0,0.15,0.15,0.0,0.15,0.04,0.06,0.1,0.04,0.1
970,Daniel Mosquera,COL,FW,Hellas Verona,24,1999,35,12,1375,15.3,5,1,6,5,0,0,4,0,6.6,6.6,1.3,7.9,17,25,83,0.33,0.07,0.39,0.33,0.39,0.44,0.08,0.52,0.44,0.52
971,Dany Mota,POR,"FW,MF",Monza,26,1998,31,24,2104,23.4,5,2,7,5,0,0,3,0,5.1,5.1,1.8,6.9,53,47,139,0.21,0.09,0.3,0.21,0.3,0.22,0.08,0.29,0.22,0.29
972,Bob Murphy Omoregbe,ITA,MF,Milan,20,2003,1,0,3,0.0,0,0,0,0,0,0,0,0,0.0,0.0,0.0,0.0,0,0,1,0.0,0.0,0.0,0.0,0.0,0.0,0.0,0.0,0.0,0.0
973,Yunus Musah,USA,"MF,FW",Milan,21,2002,29,19,1571,17.5,0,2,2,0,0,0,5,0,1.9,1.9,1.8,3.8,51,84,74,0.0,0.11,0.11,0.0,0.11,0.11,0.1,0.22,0.11,0.22
974,Juan Musso,ARG,GK,Atalanta,30,1994,1,1,90,1.0,0,0,0,0,0,0,0,0,0.0,0.0,0.0,0.0,0,0,0,0.0,0.0,0.0,0.0,0.0,0.0,0.0,0.0,0.0,0.0
975,Kingstone Mutandwa,ZAM,"FW,MF",Cagliari,21,2003,6,0,127,1.4,0,0,0,0,0,0,0,0,0.4,0.4,0.0,0.4,1,0,7,0.0,0.0,0.0,0.0,0.0,0.25,0.0,0.25,0.25,0.25
976,Obite N'Dicka,CIV,DF,Roma,24,1999,38,38,3420,38.0,0,1,1,0,0,0,2,0,1.0,1.0,0.7,1.8,29,107,5,0.0,0.03,0.03,0.0,0.03,0.03,0.02,0.05,0.03,0.05
977,Konan N'dri,CIV,"FW,MF",Lecce,23,2000,11,2,306,3.4,0,0,0,0,0,0,0,0,0.5,0.5,0.2,0.7,16,2,22,0.0,0.0,0.0,0.0,0.0,0.15,0.06,0.21,0.15,0.21
978,Michel Ndary Adopo,FRA,MF,Cagliari,24,2000,35,27,2409,26.8,1,1,2,1,0,0,5,1,1.1,1.1,2.3,3.4,20,106,61,0.04,0.04,0.07,0.04,0.07,0.04,0.08,0.13,0.04,0.13
979,Cher Ndour,ITA,"MF,DF",Fiorentina,20,2004,9,4,406,4.5,0,0,0,0,0,0,1,0,0.1,0.1,0.0,0.2,12,17,26,0.0,0.0,0.0,0.0,0.0,0.03,0.01,0.04,0.03,0.04
980,Dan Ndoye,SUI,FW,Bologna,23,2000,30,26,2143,23.8,8,4,12,6,2,2,4,0,7.0,5.4,3.8,9.2,132,74,231,0.34,0.17,0.5,0.25,0.42,0.29,0.16,0.45,0.23,0.39
981,Victor Nelsson,DEN,DF,Roma,25,1998,4,1,187,2.1,0,0,0,0,0,0,0,0,0.0,0.0,0.0,0.0,0,4,0,0.0,0.0,0.0,0.0,0.0,0.02,0.0,0.02,0.02,0.02
982,David Neres,BRA,FW,Napoli,27,1997,28,13,1283,14.3,2,4,6,2,0,0,1,0,2.7,2.7,3.5,6.2,73,32,143,0.14,0.28,0.42,0.14,0.42,0.19,0.25,0.43,0.19,0.43
983,Cyril Ngonge,BEL,FW,Napoli,24,2000,18,1,216,2.4,0,0,0,0,0,0,2,0,0.7,0.7,0.4,1.1,7,8,36,0.0,0.0,0.0,0.0,0.0,0.29,0.15,0.44,0.29,0.44
984,Hans Nicolussi Caviglia,ITA,MF,Venezia,24,2000,35,33,2861,31.8,4,2,6,4,0,0,7,1,2.4,2.4,2.1,4.5,20,140,22,0.13,0.06,0.19,0.13,0.19,0.07,0.07,0.14,0.07,0.14
985,Oliver Nielsen,DEN,DF,Lazio,21,2003,2,0,35,0.4,0,0,0,0,0,0,1,0,0.0,0.0,0.0,0.0,0,0,0,0.0,0.0,0.0,0.0,0.0,0.0,0.0,0.0,0.0,0.0
986,Eybi Nije,SWE,"FW,MF",Torino,19,2005,16,0,394,4.4,1,0,1,1,0,0,1,0,1.5,1.5,0.4,1.9,10,7,26,0.23,0.0,0.23,0.23,0.23,0.34,0.1,0.44,0.34,0.44
987,Brooke Norton-Cuffy,ENG,"DF,FW",Genoa,20,2004,14,8,719,8.0,0,0,0,0,0,0,0,0,0.3,0.3,0.2,0.4,12,18,21,0.0,0.0,0.0,0.0,0.0,0.03,0.02,0.05,0.03,0.05
988,Tijjani Noslin,NED,"FW,MF",Lazio,25,1999,30,8,861,9.6,2,2,4,2,0,0,2,0,2.0,2.0,1.6,3.6,13,16,56,0.21,0.21,0.42,0.21,0.42,0.21,0.17,0.38,0.21,0.38
989,Adam Obert,SVK,DF,Cagliari,21,2002,21,13,1077,12.0,1,1,2,1,0,0,4,0,0.9,0.9,0.4,1.3,12,50,19,0.08,0.08,0.17,0.08,0.17,0.07,0.03,0.11,0.07,0.11
990,Jens Odgaard,DEN,"MF,FW",Bologna,25,1999,29,24,1952,21.7,6,1,7,6,0,0,1,0,3.6,3.6,1.8,5.4,35,50,99,0.28,0.05,0.32,0.28,0.32,0.17,0.08,0.25,0.17,0.25
991,Noah Okafor,SUI,FW,Milan,24,2000,11,5,414,4.6,1,0,1,1,0,0,0,0,1.5,1.5,0.3,1.9,21,12,48,0.22,0.0,0.22,0.22,0.22,0.33,0.07,0.41,0.33,0.41
992,Noah Okafor,SUI,"FW,MF",Napoli,24,2000,4,0,40,0.4,0,0,0,0,0,0,0,0,0.0,0.0,0.6,0.7,7,1,6,0.0,0.0,0.0,0.0,0.0,0.04,1.43,1.47,0.04,1.47
993,Yllan Okou,FRA,DF,Hellas Verona,21,2002,1,0,2,0.0,0,0,0,0,0,0,0,0,0.0,0.0,0.0,0.0,0,0,0,0.0,0.0,0.0,0.0,0.0,0.0,0.0,0.0,0.0,0.0
994,Maduka Okoye,NGA,GK,Udinese,24,1999,25,25,2250,25.0,0,0,0,0,0,0,1,0,0.0,0.0,0.0,0.0,0,1,0,0.0,0.0,0.0,0.0,0.0,0.0,0.0,0.0,0.0,0.0
995,Mathías Olivera,URU,DF,Napoli,26,1997,32,26,2370,26.3,0,2,2,0,0,0,4,0,1.1,1.1,1.7,2.8,46,126,62,0.0,0.08,0.08,0.0,0.08,0.04,0.07,0.11,0.04,0.11
996,Jean Onana,CMR,MF,Genoa,24,2000,9,2,304,3.4,0,0,0,0,0,0,1,0,0.0,0.0,0.1,0.1,1,11,4,0.0,0.0,0.0,0.0,0.0,0.0,0.03,0.03,0.0,0.03
997,Jacob Ondrejka,SWE,"MF,FW",Parma,21,2002,12,3,422,4.7,5,0,5,5,0,0,0,0,1.3,1.3,0.6,1.9,13,11,21,1.07,0.0,1.07,1.07,1.07,0.27,0.13,0.4,0.27,0.4
998,Gaetano Oristanio,ITA,"FW,MF",Venezia,21,2002,37,29,2315,25.7,3,3,6,3,0,0,3,0,4.1,4.1,2.6,6.8,72,64,131,0.12,0.12,0.23,0.12,0.23,0.16,0.1,0.26,0.16,0.26
999,Riccardo Orsolini,ITA,FW,Bologna,27,1997,30,23,1878,20.9,15,4,19,12,3,3,2,0,10.1,7.8,3.7,11.5,61,69,186,0.72,0.19,0.91,0.58,0.77,0.49,0.18,0.66,0.37,0.55
1000,Yordan Osorio,VEN,DF,Parma,30,1994,3,2,172,1.9,0,0,0,0,0,0,0,0,0.0,0.0,0.1,0.1,1,3,0,0.0,0.0,0.0,0.0,0.0,0.01,0.07,0.08,0.01,0.08
1001,Sebastian Otoa,DEN,DF,Genoa,20,2004,3,3,179,2.0,0,0,0,0,0,0,1,1,0.0,0.0,0.0,0.0,0,0,0,0.0,0.0,0.0,0.0,0.0,0.0,0.0,0.0,0.0,0.0
1002,Remi Oudin,FRA,"MF,FW",Lecce,27,1996,11,3,299,3.3,0,0,0,0,0,0,1,0,0.1,0.1,0.6,0.7,2,13,16,0.0,0.0,0.0,0.0,0.0,0.04,0.18,0.22,0.04,0.22
1003,Cheick Oumar Conde,GUI,MF,Venezia,24,2000,9,1,151,1.7,0,0,0,0,0,0,2,0,0.0,0.0,0.0,0.0,2,8,5,0.0,0.0,0.0,0.0,0.0,0.01,0.01,0.02,0.01,0.02
1004,Daniel Oyegoke,ENG,DF,Hellas Verona,21,2003,5,0,103,1.1,0,0,0,0,0,0,1,0,0.0,0.0,0.0,0.0,2,2,5,0.0,0.0,0.0,0.0,0.0,0.03,0.0,0.03,0.03,0.03
1005,Daniele Padelli,ITA,GK,Udinese,38,1985,1,1,90,1.0,0,0,0,0,0,0,0,0,0.0,0.0,0.0,0.0,0,0,0,0.0,0.0,0.0,0.0,0.0,0.0,0.0,0.0,0.0,0.0
1006,Simone Pafundi,ITA,"MF,DF",Udinese,18,2006,9,0,116,1.3,0,0,0,0,0,0,0,0,0.1,0.1,0.7,0.7,3,0,7,0.0,0.0,0.0,0.0,0.0,0.05,0.52,0.57,0.05,0.57
1007,Tomás Palacios,ARG,DF,Monza,21,2003,8,5,446,5.0,0,0,0,0,0,0,2,0,0.0,0.0,0.0,0.0,3,21,2,0.0,0.0,0.0,0.0,0.0,0.01,0.0,0.01,0.01,0.01
1008,Tomás Palacios,ARG,DF,Inter,21,2003,2,0,11,0.1,0,0,0,0,0,0,0,0,0.0,0.0,0.0,0.0,0,3,0,0.0,0.0,0.0,0.0,0.0,0.0,0.0,0.0,0.0,0.0
1009,Alberto Paleari,ITA,GK,Torino,31,1992,1,1,90,1.0,0,0,0,0,0,0,0,0,0.0,0.0,0.0,0.0,0,0,0,0.0,0.0,0.0,0.0,0.0,0.0,0.0,0.0,0.0,0.0
1010,Marco Palestra,ITA,DF,Atalanta,19,2005,9,2,222,2.5,0,0,0,0,0,0,0,0,0.0,0.0,0.2,0.2,13,6,14,0.0,0.0,0.0,0.0,0.0,0.0,0.1,0.1,0.0,0.1
1011,Matteo Palma,GER,DF,Udinese,16,2008,1,0,5,0.1,0,0,0,0,0,0,0,0,0.0,0.0,0.0,0.0,0,1,0,0.0,0.0,0.0,0.0,0.0,0.0,0.0,0.0,0.0,0.0
1012,Leandro Paredes,ARG,MF,Roma,30,1994,22,15,1373,15.3,3,1,4,1,2,2,4,0,2.3,0.7,1.5,2.2,17,106,14,0.2,0.07,0.26,0.07,0.13,0.15,0.1,0.25,0.05,0.15
1013,Fabiano Parisi,ITA,"DF,MF",Fiorentina,23,2000,25,11,1049,11.7,2,0,2,2,0,0,3,0,0.5,0.5,0.8,1.3,25,40,35,0.17,0.0,0.17,0.17,0.17,0.04,0.07,0.1,0.04,0.1
1014,Mario Pašalić,CRO,MF,Atalanta,29,1995,34,23,1967,21.9,3,4,7,3,0,1,1,0,6.6,5.8,3.3,9.1,44,149,68,0.14,0.18,0.32,0.14,0.32,0.3,0.15,0.45,0.26,0.42
1015,Patric,ESP,DF,Lazio,31,1993,10,5,607,6.7,1,0,1,1,0,0,2,0,1.1,1.1,0.0,1.1,4,30,5,0.15,0.0,0.15,0.15,0.15,0.16,0.0,0.16,0.16,0.16
1016,Rui Patrício,POR,GK,Atalanta,36,1988,3,3,270,3.0,0,0,0,0,0,0,0,0,0.0,0.0,0.0,0.0,0,0,0,0.0,0.0,0.0,0.0,0.0,0.0,0.0,0.0,0.0,0.0
1017,Benjamin Pavard,FRA,DF,Inter,28,1996,23,18,1584,17.6,0,1,1,0,0,0,4,0,0.5,0.5,0.8,1.3,13,92,26,0.0,0.06,0.06,0.0,0.06,0.03,0.05,0.08,0.03,0.08
1018,Strahinja Pavlović,SRB,DF,Milan,23,2001,24,21,1864,20.7,2,1,3,2,0,0,3,1,1.8,1.8,1.1,2.9,40,94,10,0.1,0.05,0.14,0.1,0.14,0.09,0.05,0.14,0.09,0.14
1019,Leonardo Pavoletti,ITA,"FW,MF",Cagliari,35,1988,26,1,445,4.9,2,0,2,2,0,0,5,0,2.7,2.7,1.0,3.7,1,17,26,0.4,0.0,0.4,0.4,0.4,0.53,0.2,0.74,0.53,0.74
1020,Martín Payero,ARG,MF,Udinese,25,1998,25,16,1381,15.3,1,1,2,1,0,0,5,0,1.2,1.2,1.3,2.5,33,51,44,0.07,0.07,0.13,0.07,0.13,0.08,0.08,0.16,0.08,0.16
1021,Nicolás Paz,ARG,"MF,FW",Como,19,2004,35,30,2687,29.9,6,8,14,6,0,1,6,0,9.3,8.5,6.0,14.5,77,163,171,0.2,0.27,0.47,0.2,0.47,0.31,0.2,0.51,0.28,0.49
1022,Marcus Pedersen,NOR,DF,Torino,24,2000,29,15,1362,15.1,0,0,0,0,0,0,3,0,0.6,0.6,0.4,1.0,44,19,77,0.0,0.0,0.0,0.0,0.0,0.04,0.03,0.06,0.04,0.06
1023,Pedro,ESP,"FW,MF",Lazio,37,1987,30,6,1102,12.2,10,1,11,8,2,2,2,0,5.3,3.8,1.7,5.4,48,76,89,0.82,0.08,0.9,0.65,0.74,0.44,0.14,0.57,0.31,0.44
1024,Pietro Pellegri,ITA,FW,Empoli,23,2001,11,5,414,4.6,3,0,3,3,0,0,2,0,0.3,0.3,0.6,0.9,12,8,28,0.65,0.0,0.65,0.65,0.65,0.06,0.12,0.19,0.06,0.19
1025,Lorenzo Pellegrini,ITA,MF,Roma,28,1996,25,20,1626,18.1,2,1,3,1,1,1,4,0,4.7,3.9,2.5,6.4,27,61,82,0.11,0.06,0.17,0.06,0.11,0.26,0.14,0.4,0.22,0.35
1026,Luca Pellegrini,ITA,DF,Lazio,25,1999,22,10,1067,11.9,0,4,4,0,0,0,5,0,0.7,0.7,1.8,2.4,21,72,61,0.0,0.34,0.34,0.0,0.34,0.06,0.15,0.2,0.06,0.2
1027,Mateo Pellegrino,ARG,FW,Parma,23,2001,13,8,737,8.2,3,1,4,3,0,0,2,0,3.3,3.3,0.7,4.0,6,15,37,0.37,0.12,0.49,0.37,0.49,0.4,0.09,0.49,0.4,0.49
1028,Andy Pelmard,FRA,DF,Lecce,24,2000,3,1,129,1.4,0,0,0,0,0,0,1,0,0.0,0.0,0.0,0.0,1,1,0,0.0,0.0,0.0,0.0,0.0,0.0,0.0,0.0,0.0,0.0
1029,Sergiu Perciun,MDA,"FW,MF",Torino,18,2006,5,0,152,1.7,0,0,0,0,0,0,0,0,0.0,0.0,0.1,0.2,2,4,12,0.0,0.0,0.0,0.0,0.0,0.03,0.08,0.1,0.03,0.1
1030,Pedro Pereira,POR,DF,Monza,26,1998,35,32,2665,29.6,1,3,4,1,0,0,10,0,1.2,1.2,1.6,2.8,52,66,107,0.03,0.1,0.14,0.03,0.14,0.04,0.05,0.1,0.04,0.1
1031,Gastón Pereiro,URU,MF,Genoa,29,1995,2,0,31,0.3,0,0,0,0,0,0,0,0,0.0,0.0,0.0,0.0,0,2,2,0.0,0.0,0.0,0.0,0.0,0.0,0.0,0.0,0.0,0.0
1032,Kike Pérez,ESP,MF,Venezia,27,1997,16,13,1114,12.4,1,0,1,1,0,0,4,0,0.9,0.9,1.2,2.1,18,60,31,0.08,0.0,0.08,0.08,0.08,0.07,0.1,0.17,0.07,0.17
1033,Nehuén Pérez,ARG,DF,Udinese,24,2000,2,2,180,2.0,0,0,0,0,0,0,0,0,0.0,0.0,0.0,0.0,2,4,2,0.0,0.0,0.0,0.0,0.0,0.0,0.0,0.0,0.0,0.0
1034,Simone Perilli,ITA,GK,Hellas Verona,29,1995,2,2,180,2.0,0,0,0,0,0,0,0,0,0.0,0.0,0.0,0.0,0,0,0,0.0,0.0,0.0,0.0,0.0,0.0,0.0,0.0,0.0,0.0
1035,Mattia Perin,ITA,GK,Juventus,31,1992,5,5,450,5.0,0,0,0,0,0,0,0,0,0.0,0.0,0.0,0.0,0,0,0,0.0,0.0,0.0,0.0,0.0,0.0,0.0,0.0,0.0,0.0
1036,Máximo Perrone,ARG,MF,Como,21,2003,26,20,1857,20.6,0,3,3,0,0,0,6,0,0.9,0.9,2.2,3.1,16,98,19,0.0,0.15,0.15,0.0,0.15,0.04,0.11,0.15,0.04,0.15
1037,Matteo Pessina,ITA,MF,Monza,27,1997,11,10,854,9.5,0,0,0,0,0,0,2,0,0.2,0.2,0.1,0.3,8,28,20,0.0,0.0,0.0,0.0,0.0,0.02,0.01,0.03,0.02,0.03
1038,Andrea Petagna,ITA,FW,Monza,29,1995,13,2,335,3.7,0,0,0,0,0,0,1,0,0.2,0.2,0.0,0.2,2,1,17,0.0,0.0,0.0,0.0,0.0,0.05,0.01,0.05,0.05,0.05
1039,Giuseppe Pezzella,ITA,"DF,FW",Empoli,26,1997,35,34,2878,32.0,0,3,3,0,0,0,7,0,0.6,0.6,4.6,5.2,77,80,143,0.0,0.09,0.09,0.0,0.09,0.02,0.14,0.16,0.02,0.16
1040,Roberto Piccoli,ITA,FW,Cagliari,23,2001,37,37,3127,34.7,10,1,11,9,1,1,6,0,12.7,12.0,0.9,12.9,30,37,165,0.29,0.03,0.32,0.26,0.29,0.37,0.03,0.39,0.34,0.37
1041,Nicholas Pierini,ITA,MF,Venezia,25,1998,2,0,83,0.9,0,0,0,0,0,0,0,0,0.0,0.0,0.1,0.1,1,2,4,0.0,0.0,0.0,0.0,0.0,0.04,0.1,0.13,0.04,0.13
1042,Santiago Pierotti,ARG,FW,Lecce,23,2001,36,22,1937,21.5,4,2,6,4,0,0,6,1,3.1,3.1,2.4,5.5,43,38,85,0.19,0.09,0.28,0.19,0.28,0.14,0.11,0.25,0.14,0.25
1043,Balthazar Pierret,FRA,MF,Lecce,24,2000,30,21,1723,19.1,0,0,0,0,0,0,2,0,0.2,0.2,0.4,0.6,13,82,13,0.0,0.0,0.0,0.0,0.0,0.01,0.02,0.03,0.01,0.03
1044,Andrea Pinamonti,ITA,FW,Genoa,25,1999,36,33,2850,31.7,10,1,11,10,0,1,4,0,7.7,7.0,1.7,8.7,20,46,132,0.32,0.03,0.35,0.32,0.35,0.24,0.05,0.3,0.22,0.27
1045,Nicola Pintus,ITA,DF,Cagliari,19,2005,1,0,4,0.0,0,0,0,0,0,0,0,0,0.0,0.0,0.0,0.0,0,0,0,0.0,0.0,0.0,0.0,0.0,0.0,0.0,0.0,0.0,0.0
1046,Niccolò Pisilli,ITA,MF,Roma,19,2004,28,11,1227,13.6,2,1,3,2,0,0,7,0,2.7,2.7,0.7,3.4,22,63,44,0.15,0.07,0.22,0.15,0.22,0.2,0.05,0.25,0.2,0.25
1047,Damián Pizarro,CHI,"FW,MF",Udinese,19,2005,2,0,16,0.2,0,0,0,0,0,0,0,0,0.0,0.0,0.0,0.0,0,0,0,0.0,0.0,0.0,0.0,0.0,0.0,0.0,0.0,0.0,0.0
1048,Semuel Pizzignacco,ITA,GK,Monza,22,2001,9,8,736,8.2,0,0,0,0,0,0,0,0,0.0,0.0,0.0,0.0,0,0,0,0.0,0.0,0.0,0.0,0.0,0.0,0.0,0.0,0.0,0.0
1049,Tommaso Pobega,ITA,MF,Bologna,25,1999,21,13,1178,13.1,2,2,4,2,0,0,6,2,2.1,2.0,1.4,3.4,12,42,23,0.15,0.15,0.31,0.15,0.31,0.16,0.11,0.27,0.15,0.26
1050,Joel Pohjanpalo,FIN,FW,Venezia,29,1994,20,19,1603,17.8,6,0,6,3,3,4,1,0,7.5,4.3,1.7,6.0,9,29,72,0.34,0.0,0.34,0.17,0.17,0.42,0.09,0.51,0.24,0.33
1051,Matteo Politano,ITA,"FW,MF",Napoli,30,1993,37,34,2804,31.2,3,4,7,3,0,0,3,0,3.1,3.1,4.8,7.9,135,129,278,0.1,0.13,0.22,0.1,0.22,0.1,0.15,0.25,0.1,0.25
1052,Marin Pongračić,CRO,DF,Fiorentina,26,1997,19,14,1292,14.4,0,0,0,0,0,0,3,1,0.2,0.2,0.2,0.4,7,34,5,0.0,0.0,0.0,0.0,0.0,0.01,0.01,0.03,0.01,0.03
1053,Stefan Posch,AUT,DF,Bologna,27,1997,14,7,714,7.9,0,0,0,0,0,0,1,0,0.3,0.3,0.7,1.0,11,36,35,0.0,0.0,0.0,0.0,0.0,0.04,0.09,0.13,0.04,0.13
1054,Stefan Posch,AUT,DF,Atalanta,27,1997,5,4,387,4.3,0,0,0,0,0,0,0,0,0.2,0.2,0.0,0.2,5,23,5,0.0,0.0,0.0,0.0,0.0,0.05,0.0,0.05,0.05,0.05
1055,Matteo Prati,ITA,MF,Cagliari,20,2003,12,8,570,6.3,0,0,0,0,0,0,1,0,0.1,0.1,0.7,0.8,2,23,7,0.0,0.0,0.0,0.0,0.0,0.02,0.11,0.12,0.02,0.12
1056,Ivan Provedel,ITA,GK,Lazio,30,1994,29,29,2610,29.0,0,0,0,0,0,0,0,0,0.0,0.0,0.3,0.3,0,4,0,0.0,0.0,0.0,0.0,0.0,0.0,0.01,0.01,0.0,0.01
1057,Diego Pugno,ITA,FW,Juventus,18,2006,1,0,7,0.1,0,0,0,0,0,0,0,0,0.0,0.0,0.1,0.1,0,0,0,0.0,0.0,0.0,0.0,0.0,0.0,0.76,0.76,0.0,0.76
1058,Christian Pulisic,USA,"FW,MF",Milan,25,1998,34,29,2478,27.5,11,9,20,8,3,4,1,0,12.0,8.9,6.4,15.2,121,105,191,0.4,0.33,0.73,0.29,0.62,0.44,0.23,0.67,0.32,0.55
1059,Ionuț Radu,ROU,GK,Venezia,27,1997,15,15,1350,15.0,0,0,0,0,0,0,1,0,0.0,0.0,0.0,0.0,0,0,0,0.0,0.0,0.0,0.0,0.0,0.0,0.0,0.0,0.0,0.0
1060,Hamza Rafia,TUN,MF,Lecce,25,1999,18,14,1058,11.8,0,0,0,0,0,0,4,0,0.5,0.5,1.4,1.9,13,51,32,0.0,0.0,0.0,0.0,0.0,0.04,0.12,0.16,0.04,0.16
1061,Antonio Raimondo,ITA,"FW,DF",Venezia,20,2004,9,0,94,1.0,0,0,0,0,0,0,0,0,0.3,0.3,0.1,0.4,2,2,7,0.0,0.0,0.0,0.0,0.0,0.31,0.09,0.4,0.31,0.4
1062,Ylber Ramadani,ALB,MF,Lecce,28,1996,29,21,1807,20.1,1,1,2,1,0,0,4,0,0.6,0.6,1.1,1.7,9,60,7,0.05,0.05,0.1,0.05,0.1,0.03,0.06,0.09,0.03,0.09
1063,Luca Ranieri,ITA,DF,Fiorentina,25,1999,35,34,2981,33.1,0,3,3,0,0,0,7,0,1.1,1.1,1.7,2.7,25,80,11,0.0,0.09,0.09,0.0,0.09,0.03,0.05,0.08,0.03,0.08
1064,Giacomo Raspadori,ITA,"FW,MF",Napoli,24,2000,26,11,1103,12.3,6,1,7,6,0,0,1,0,4.0,4.0,2.4,6.4,18,42,57,0.49,0.08,0.57,0.49,0.57,0.33,0.2,0.52,0.33,0.52
1065,Federico Ravaglia,ITA,GK,Bologna,24,1999,12,11,1056,11.7,0,0,0,0,0,0,0,0,0.0,0.0,0.0,0.0,0,0,0,0.0,0.0,0.0,0.0,0.0,0.0,0.0,0.0,0.0,0.0
1066,Ante Rebić,CRO,"FW,MF",Lecce,30,1993,27,7,788,8.8,1,0,1,1,0,0,3,2,2.1,2.1,2.1,4.2,17,36,63,0.11,0.0,0.11,0.11,0.11,0.24,0.24,0.48,0.24,0.48
1067,Tijjani Reijnders,NED,MF,Milan,26,1998,37,36,3128,34.8,10,4,14,10,0,0,2,1,7.5,7.5,3.5,11.0,111,230,121,0.29,0.12,0.4,0.29,0.4,0.22,0.1,0.32,0.22,0.32
1068,Pepe Reina,ESP,GK,Como,41,1982,12,12,1034,11.5,0,0,0,0,0,0,0,1,0.0,0.0,0.0,0.0,0,0,0,0.0,0.0,0.0,0.0,0.0,0.0,0.0,0.0,0.0,0.0
1069,Devyne Rensch,NED,DF,Roma,21,2003,14,5,469,5.2,0,1,1,0,0,0,0,0,0.3,0.3,0.8,1.0,2,14,25,0.0,0.19,0.19,0.0,0.19,0.05,0.15,0.2,0.05,0.2
1070,Mateo Retegui,ITA,FW,Atalanta,25,1999,36,32,2383,26.5,25,8,33,21,4,5,3,0,18.9,14.9,4.9,19.8,21,46,199,0.94,0.3,1.25,0.79,1.1,0.71,0.18,0.9,0.56,0.75
1071,Samuele Ricci,ITA,MF,Torino,22,2001,34,34,2825,31.4,1,1,2,1,0,0,8,1,1.3,1.3,0.6,1.8,43,116,30,0.03,0.03,0.06,0.03,0.06,0.04,0.02,0.06,0.04,0.06
1072,Amir Richardson,MAR,MF,Fiorentina,22,2002,26,10,1024,11.4,1,1,2,1,0,0,6,0,0.9,0.9,0.6,1.5,19,47,31,0.09,0.09,0.18,0.09,0.18,0.07,0.05,0.12,0.07,0.12
1073,Sergi Roberto,ESP,MF,Como,32,1992,13,8,696,7.7,0,1,1,0,0,0,4,0,0.7,0.7,0.7,1.4,10,36,19,0.0,0.13,0.13,0.0,0.13,0.09,0.09,0.18,0.09,0.18
1074,Alessio Romagnoli,ITA,DF,Lazio,29,1995,32,31,2672,29.7,2,0,2,2,0,0,4,2,2.4,2.4,0.3,2.6,8,90,4,0.07,0.0,0.07,0.07,0.07,0.08,0.01,0.09,0.08,0.09
1075,Marten de Roon,NED,"MF,DF",Atalanta,33,1991,36,34,3058,34.0,4,4,8,4,0,0,5,0,0.9,0.9,2.3,3.2,37,242,32,0.12,0.12,0.24,0.12,0.24,0.03,0.07,0.09,0.03,0.09
1076,Jonas Rouhi,SWE,DF,Juventus,20,2004,5,1,210,2.3,0,0,0,0,0,0,0,0,0.0,0.0,0.0,0.0,1,9,7,0.0,0.0,0.0,0.0,0.0,0.0,0.0,0.0,0.0,0.0
1077,Nicolò Rovella,ITA,MF,Lazio,22,2001,33,31,2718,30.2,0,3,3,0,0,0,13,0,1.5,1.5,2.2,3.7,45,159,42,0.0,0.1,0.1,0.0,0.1,0.05,0.07,0.12,0.05,0.12
1078,Amir Rrahmani,KVX,DF,Napoli,30,1994,38,38,3406,37.8,1,3,4,1,0,0,2,0,2.9,2.9,1.1,3.9,30,188,2,0.03,0.08,0.11,0.03,0.11,0.08,0.03,0.1,0.08,0.1
1079,Tommaso Rubino,ITA,MF,Fiorentina,17,2006,1,0,8,0.1,0,0,0,0,0,0,0,0,0.0,0.0,0.0,0.0,0,1,0,0.0,0.0,0.0,0.0,0.0,0.0,0.53,0.53,0.0,0.53
1080,Matteo Ruggeri,ITA,DF,Atalanta,22,2002,30,19,1751,19.5,0,3,3,0,0,0,2,0,0.2,0.2,2.0,2.2,60,114,104,0.0,0.15,0.15,0.0,0.15,0.01,0.1,0.11,0.01,0.11
1081,Stefano Sabelli,ITA,DF,Genoa,31,1993,34,23,2058,22.9,0,2,2,0,0,0,3,0,0.1,0.1,1.9,2.1,36,88,43,0.0,0.09,0.09,0.0,0.09,0.01,0.08,0.09,0.01,0.09
1082,Alexis Saelemaekers,BEL,"DF,FW",Roma,25,1999,22,17,1389,15.4,7,3,10,7,0,0,4,0,2.5,2.5,2.6,5.1,39,53,136,0.45,0.19,0.65,0.45,0.65,0.16,0.17,0.33,0.16,0.33
1083,Alexis Saelemaekers,BEL,"DF,FW",Milan,25,1999,1,1,90,1.0,0,0,0,0,0,0,0,0,0.0,0.0,0.1,0.1,7,4,13,0.0,0.0,0.0,0.0,0.0,0.0,0.06,0.06,0.0,0.06
1084,Richie Sagrado,BEL,DF,Venezia,20,2004,3,3,140,1.6,0,0,0,0,0,0,1,0,0.1,0.1,0.0,0.1,0,2,5,0.0,0.0,0.0,0.0,0.0,0.03,0.0,0.03,0.03,0.03
1085,Marco Sala,ITA,DF,Como,25,1999,8,3,261,2.9,0,0,0,0,0,0,3,0,0.0,0.0,0.1,0.1,10,16,16,0.0,0.0,0.0,0.0,0.0,0.0,0.04,0.04,0.0,0.04
1086,Marco Sala,ITA,DF,Lecce,25,1999,2,0,72,0.8,0,0,0,0,0,0,0,0,0.0,0.0,0.4,0.4,5,6,9,0.0,0.0,0.0,0.0,0.0,0.0,0.46,0.46,0.0,0.46
1087,Anass Salah-Eddine,NED,DF,Roma,22,2002,3,2,152,1.7,0,1,1,0,0,0,0,0,0.3,0.3,0.1,0.5,8,2,15,0.0,0.59,0.59,0.0,0.59,0.19,0.08,0.27,0.19,0.27
1088,Lazar Samardzic,SRB,MF,Atalanta,22,2002,31,7,1169,13.0,2,1,3,2,0,0,3,0,2.0,2.0,2.9,4.9,54,92,99,0.15,0.08,0.23,0.15,0.23,0.15,0.22,0.37,0.15,0.37
1089,Junior Sambia,FRA,"DF,FW",Empoli,27,1996,17,2,387,4.3,0,0,0,0,0,0,0,0,0.4,0.4,0.3,0.7,5,21,20,0.0,0.0,0.0,0.0,0.0,0.09,0.07,0.16,0.09,0.16
1090,Antonio Sanabria,PAR,FW,Torino,28,1996,26,16,1318,14.6,2,1,3,2,0,1,2,0,2.9,2.1,0.5,2.6,6,18,54,0.14,0.07,0.2,0.14,0.2,0.2,0.03,0.23,0.14,0.18
1091,Alexis Sánchez,CHI,FW,Udinese,35,1988,13,6,437,4.9,0,0,0,0,0,0,0,0,0.8,0.8,0.2,1.0,2,19,19,0.0,0.0,0.0,0.0,0.0,0.16,0.04,0.2,0.16,0.2
1092,Nicola Sansone,ITA,"MF,FW",Lecce,32,1991,5,0,65,0.7,0,0,0,0,0,0,1,0,0.2,0.2,0.0,0.3,0,1,5,0.0,0.0,0.0,0.0,0.0,0.3,0.06,0.36,0.3,0.36
1093,Amin Sarr,SWE,FW,Hellas Verona,23,2001,32,25,1907,21.2,4,1,5,4,0,0,1,0,3.2,3.2,2.1,5.4,31,41,103,0.19,0.05,0.24,0.19,0.24,0.15,0.1,0.25,0.15,0.25
1094,Razvan Sava,ROU,GK,Udinese,22,2002,12,12,1080,12.0,0,0,0,0,0,0,1,0,0.0,0.0,0.0,0.0,0,0,0,0.0,0.0,0.0,0.0,0.0,0.0,0.0,0.0,0.0,0.0
1095,Nicolò Savona,ITA,DF,Juventus,21,2003,28,19,1724,19.2,2,1,3,2,0,0,5,0,0.5,0.5,1.2,1.7,35,59,44,0.1,0.05,0.16,0.1,0.16,0.02,0.06,0.09,0.02,0.09
1096,Saba Sazonov,GEO,DF,Torino,22,2002,1,0,3,0.0,0,0,0,0,0,0,0,0,0.0,0.0,0.0,0.0,0,0,0,0.0,0.0,0.0,0.0,0.0,0.0,0.0,0.0,0.0,0.0
1097,Giorgio Scalvini,ITA,DF,Atalanta,20,2003,6,4,272,3.0,0,0,0,0,0,0,2,0,0.1,0.1,0.0,0.1,5,20,7,0.0,0.0,0.0,0.0,0.0,0.05,0.0,0.05,0.05,0.05
1098,Gianluca Scamacca,ITA,FW,Atalanta,25,1999,1,0,6,0.1,0,0,0,0,0,0,0,0,0.1,0.1,0.0,0.1,0,0,0,0.0,0.0,0.0,0.0,0.0,1.29,0.0,1.29,1.29,1.29
1099,Joël Schingtienne,BEL,DF,Venezia,21,2002,16,12,1122,12.5,0,0,0,0,0,0,2,0,0.0,0.0,0.1,0.1,5,28,4,0.0,0.0,0.0,0.0,0.0,0.0,0.01,0.01,0.0,0.01
1100,Simone Scuffet,ITA,GK,Cagliari,28,1996,13,13,1170,13.0,0,0,0,0,0,0,0,0,0.0,0.0,0.0,0.0,0,0,0,0.0,0.0,0.0,0.0,0.0,0.0,0.0,0.0,0.0,0.0
1101,Simone Scuffet,ITA,GK,Napoli,28,1996,1,1,90,1.0,0,0,0,0,0,0,0,0,0.0,0.0,0.0,0.0,0,0,0,0.0,0.0,0.0,0.0,0.0,0.0,0.0,0.0,0.0,0.0
1102,Jacopo Seghetti,ITA,GK,Empoli,19,2005,1,1,90,1.0,0,0,0,0,0,0,0,0,0.0,0.0,0.0,0.0,0,0,0,0.0,0.0,0.0,0.0,0.0,0.0,0.0,0.0,0.0,0.0
1103,Stefano Sensi,ITA,MF,Monza,28,1995,12,2,274,3.0,1,0,1,0,1,1,0,0,0.9,0.2,0.2,0.4,4,38,8,0.33,0.0,0.33,0.0,0.0,0.31,0.07,0.38,0.05,0.12
1104,Suat Serdar,GER,MF,Hellas Verona,27,1997,22,16,1376,15.3,2,1,3,2,0,0,4,1,1.9,1.9,1.0,2.9,18,56,35,0.13,0.07,0.2,0.13,0.2,0.13,0.06,0.19,0.13,0.19
1105,Stephan El Shaarawy,ITA,"DF,MF",Roma,31,1992,31,12,1098,12.2,3,4,7,3,0,0,2,0,2.7,2.7,1.2,3.9,42,49,77,0.25,0.33,0.57,0.25,0.57,0.22,0.1,0.32,0.22,0.32
1106,Alen Sherri,ALB,GK,Cagliari,26,1997,7,7,621,6.9,0,0,0,0,0,0,0,0,0.0,0.0,0.0,0.0,0,0,0,0.0,0.0,0.0,0.0,0.0,0.0,0.0,0.0,0.0,0.0
1107,Eldor Shomurodov,UZB,"FW,MF",Roma,29,1995,27,11,1097,12.2,4,4,8,4,0,0,1,0,4.7,4.7,1.3,6.1,19,21,62,0.33,0.33,0.66,0.33,0.66,0.39,0.11,0.5,0.39,0.5
1108,Benjamin Siegrist,SUI,GK,Genoa,32,1992,2,2,152,1.7,0,0,0,0,0,0,0,0,0.0,0.0,0.0,0.0,0,0,0,0.0,0.0,0.0,0.0,0.0,0.0,0.0,0.0,0.0,0.0
1109,Marco Silvestri,ITA,GK,Empoli,33,1991,5,5,450,5.0,0,0,0,0,0,0,0,0,0.0,0.0,0.0,0.0,0,0,0,0.0,0.0,0.0,0.0,0.0,0.0,0.0,0.0,0.0,0.0
1110,Giovanni Simeone,ARG,FW,Napoli,29,1995,30,1,419,4.7,1,1,2,1,0,0,1,0,2.6,2.6,0.8,3.4,11,7,30,0.21,0.21,0.43,0.21,0.43,0.56,0.17,0.73,0.56,0.73
1111,Łukasz Skorupski,POL,GK,Bologna,33,1991,27,27,2364,26.3,0,0,0,0,0,0,1,0,0.0,0.0,0.0,0.0,0,0,0,0.0,0.0,0.0,0.0,0.0,0.0,0.0,0.0,0.0,0.0
1112,Ivan Smolčić,CRO,DF,Como,23,2000,9,7,630,7.0,0,0,0,0,0,0,2,0,0.4,0.4,0.1,0.6,3,23,9,0.0,0.0,0.0,0.0,0.0,0.06,0.02,0.08,0.06,0.08
1113,Simon Sohm,SUI,MF,Parma,23,2001,37,36,2989,33.2,4,0,4,4,0,0,6,0,3.1,3.1,2.1,5.2,69,140,67,0.12,0.0,0.12,0.12,0.12,0.09,0.06,0.16,0.09,0.16
1114,Ola Solbakken,NOR,"MF,FW",Empoli,25,1998,21,8,760,8.4,0,0,0,0,0,0,2,0,0.8,0.8,0.4,1.2,18,20,32,0.0,0.0,0.0,0.0,0.0,0.09,0.05,0.14,0.09,0.14
1115,Oumar Solet,FRA,DF,Udinese,24,2000,19,19,1672,18.6,1,2,3,1,0,0,3,1,0.8,0.8,1.2,2.0,20,65,6,0.05,0.11,0.16,0.05,0.16,0.04,0.07,0.11,0.04,0.11
1116,Daniele Sommariva,ITA,GK,Genoa,27,1997,1,0,28,0.3,0,0,0,0,0,0,0,0,0.0,0.0,0.0,0.0,0,0,0,0.0,0.0,0.0,0.0,0.0,0.0,0.0,0.0,0.0,0.0
1117,Yann Sommer,SUI,GK,Inter,35,1988,32,32,2880,32.0,0,0,0,0,0,0,0,0,0.0,0.0,0.0,0.0,0,1,0,0.0,0.0,0.0,0.0,0.0,0.0,0.0,0.0,0.0,0.0
1118,Borna Sosa,CRO,DF,Torino,26,1998,19,14,1181,13.1,0,0,0,0,0,0,0,0,0.3,0.3,0.7,1.0,13,51,49,0.0,0.0,0.0,0.0,0.0,0.02,0.05,0.07,0.02,0.07
1119,Riccardo Sottil,ITA,"FW,MF",Fiorentina,25,1999,18,8,833,9.3,1,1,2,1,0,0,1,0,0.9,0.9,0.9,1.7,71,18,100,0.11,0.11,0.22,0.11,0.22,0.09,0.09,0.19,0.09,0.19
1120,Riccardo Sottil,ITA,"FW,MF",Milan,25,1999,6,1,123,1.4,0,0,0,0,0,0,0,0,0.2,0.2,0.3,0.5,11,3,14,0.0,0.0,0.0,0.0,0.0,0.13,0.23,0.36,0.13,0.36
1121,Matìas Soulé,ARG,"MF,DF",Roma,21,2003,27,22,1781,19.8,5,5,10,5,0,0,3,0,3.0,3.0,5.2,8.3,84,89,191,0.25,0.25,0.51,0.25,0.51,0.15,0.26,0.42,0.15,0.42
1122,Leonardo Spinazzola,ITA,"DF,FW",Napoli,31,1993,27,17,1517,16.9,1,1,2,1,0,0,1,0,0.7,0.7,3.5,4.2,83,88,81,0.06,0.06,0.12,0.06,0.12,0.04,0.21,0.25,0.04,0.25
1123,Marco Sportiello,ITA,GK,Milan,32,1992,2,1,126,1.4,0,0,0,0,0,0,0,0,0.0,0.0,0.0,0.0,0,0,0,0.0,0.0,0.0,0.0,0.0,0.0,0.0,0.0,0.0,0.0
1124,Filip Stankovic,SRB,GK,Venezia,22,2002,16,16,1367,15.2,0,0,0,0,0,0,1,0,0.0,0.0,0.0,0.0,0,0,0,0.0,0.0,0.0,0.0,0.0,0.0,0.0,0.0,0.0,0.0
1125,Petar Stojanović,SVN,MF,Empoli,28,1995,1,0,3,0.0,0,0,0,0,0,0,0,0,0.0,0.0,0.0,0.0,0,0,0,0.0,0.0,0.0,0.0,0.0,0.0,0.0,0.0,0.0,0.0
1126,Gabriel Strefezza,BRA,"FW,MF",Como,27,1997,37,32,2619,29.1,6,4,10,6,0,0,5,0,3.7,3.7,3.9,7.6,80,106,190,0.21,0.14,0.34,0.21,0.34,0.13,0.13,0.26,0.13,0.26
1127,Ibrahim Sulemana,GHA,MF,Atalanta,21,2003,9,3,283,3.1,2,0,2,2,0,0,1,0,0.6,0.6,0.0,0.6,2,12,2,0.64,0.0,0.64,0.64,0.64,0.18,0.01,0.19,0.18,0.19
1128,Tomáš Suslov,SVK,"MF,FW",Hellas Verona,22,2002,31,27,2080,23.1,0,1,1,0,0,0,7,1,1.6,1.6,1.9,3.5,39,82,77,0.0,0.04,0.04,0.0,0.04,0.07,0.08,0.15,0.07,0.15
1129,Zion Suzuki,JPN,GK,Parma,21,2002,37,37,3314,36.8,0,0,0,0,0,0,2,1,0.0,0.0,0.0,0.0,0,0,0,0.0,0.0,0.0,0.0,0.0,0.0,0.0,0.0,0.0,0.0
1130,Marin Šverko,CRO,DF,Venezia,26,1998,16,12,1117,12.4,1,0,1,1,0,0,3,0,0.3,0.3,0.3,0.7,8,38,1,0.08,0.0,0.08,0.08,0.08,0.03,0.03,0.05,0.03,0.05
1131,Mile Svilar,SRB,GK,Roma,24,1999,38,38,3420,38.0,0,0,0,0,0,0,1,0,0.0,0.0,0.0,0.0,0,2,0,0.0,0.0,0.0,0.0,0.0,0.0,0.0,0.0,0.0,0.0
1132,Michael Svoboda,AUT,DF,Venezia,25,1998,16,15,1314,14.6,1,0,1,1,0,0,1,0,0.2,0.2,0.6,0.8,13,43,5,0.07,0.0,0.07,0.07,0.07,0.01,0.04,0.06,0.01,0.06
1133,Adrien Tameze,CMR,"MF,DF",Torino,30,1994,20,9,649,7.2,0,0,0,0,0,0,3,0,0.4,0.4,0.8,1.2,16,23,21,0.0,0.0,0.0,0.0,0.0,0.05,0.12,0.17,0.05,0.17
1134,Mehdi Taremi,IRN,FW,Inter,32,1992,25,7,807,9.0,1,2,3,0,1,1,1,0,3.5,2.7,1.6,4.2,10,25,47,0.11,0.22,0.33,0.0,0.22,0.38,0.17,0.56,0.3,0.47
1135,Nuno Tavares,POR,DF,Lazio,24,2000,23,22,1686,18.7,0,8,8,0,0,0,4,1,1.1,1.1,4.8,5.9,98,111,100,0.0,0.43,0.43,0.0,0.43,0.06,0.26,0.32,0.06,0.32
1136,Loum Tchaouna,FRA,"FW,MF",Lazio,20,2003,24,6,660,7.3,1,0,1,1,0,0,4,1,2.5,2.5,0.6,3.1,22,20,66,0.14,0.0,0.14,0.14,0.14,0.34,0.08,0.42,0.34,0.42
1137,Jackson Tchatchoua,CMR,"DF,MF",Hellas Verona,22,2001,36,36,3167,35.2,2,3,5,2,0,0,7,1,1.6,1.6,2.8,4.5,88,72,163,0.06,0.09,0.14,0.06,0.14,0.05,0.08,0.13,0.05,0.13
1138,Casper Tengstedt,DEN,FW,Hellas Verona,24,2000,25,20,1517,16.9,6,1,7,5,1,1,2,0,5.3,4.5,0.9,5.4,29,29,85,0.36,0.06,0.42,0.3,0.36,0.31,0.05,0.37,0.27,0.32
1139,Filippo Terracciano,ITA,"DF,MF",Milan,21,2003,13,6,539,6.0,0,0,0,0,0,0,3,0,0.2,0.2,0.1,0.3,5,14,9,0.0,0.0,0.0,0.0,0.0,0.03,0.02,0.04,0.03,0.04
1140,Pietro Terracciano,ITA,GK,Fiorentina,34,1990,3,3,270,3.0,0,0,0,0,0,0,0,0,0.0,0.0,0.0,0.0,0,0,0,0.0,0.0,0.0,0.0,0.0,0.0,0.0,0.0,0.0,0.0
1141,Florian Thauvin,FRA,"FW,MF",Udinese,31,1993,25,24,1956,21.7,8,3,11,7,1,3,0,0,8.1,5.7,3.8,9.5,92,90,148,0.37,0.14,0.51,0.32,0.46,0.37,0.18,0.55,0.26,0.44
1142,Malick Thiaw,GER,DF,Milan,22,2001,22,19,1806,20.1,0,0,0,0,0,0,2,0,0.6,0.6,0.1,0.7,12,89,1,0.0,0.0,0.0,0.0,0.0,0.03,0.01,0.04,0.03,0.04
1143,Morten Thorsby,NOR,"MF,FW",Genoa,28,1996,30,22,1898,21.1,0,1,1,0,0,0,6,0,2.8,2.8,2.1,4.9,24,58,76,0.0,0.05,0.05,0.0,0.05,0.13,0.1,0.23,0.13,0.23
1144,Khéphren Thuram,FRA,MF,Juventus,23,2001,35,26,2326,25.8,4,5,9,4,0,0,5,0,3.5,3.5,3.6,7.1,74,123,52,0.15,0.19,0.35,0.15,0.35,0.13,0.14,0.28,0.13,0.28
1145,Marcus Thuram,FRA,FW,Inter,26,1997,31,26,2200,24.4,14,4,18,14,0,0,1,0,9.9,9.9,4.4,14.3,62,53,170,0.57,0.16,0.74,0.57,0.74,0.39,0.17,0.56,0.39,0.56
1146,Cheikh Tidiane Niasse,SEN,MF,Hellas Verona,24,2000,11,8,755,8.4,0,0,0,0,0,0,4,0,0.4,0.4,0.1,0.5,5,25,15,0.0,0.0,0.0,0.0,0.0,0.05,0.01,0.06,0.05,0.06
1147,Rafael Tolói,ITA,DF,Atalanta,33,1990,11,2,468,5.2,0,0,0,0,0,0,1,0,0.1,0.1,0.2,0.3,5,26,5,0.0,0.0,0.0,0.0,0.0,0.01,0.04,0.05,0.01,0.05
1148,Fikayo Tomori,ENG,DF,Milan,26,1997,22,19,1593,17.7,0,1,1,0,0,0,4,1,0.1,0.1,0.7,0.8,8,63,3,0.0,0.06,0.06,0.0,0.06,0.0,0.04,0.05,0.0,0.05
1149,Luka Topalović,SVN,MF,Inter,18,2006,1,0,11,0.1,0,0,0,0,0,0,0,0,0.0,0.0,0.0,0.0,0,0,1,0.0,0.0,0.0,0.0,0.0,0.0,0.0,0.0,0.0,0.0
1150,Lorenzo Tosto,ITA,DF,Empoli,18,2006,1,0,1,0.0,0,0,0,0,0,0,0,0,0.0,0.0,0.0,0.0,0,0,0,0.0,0.0,0.0,0.0,0.0,0.0,0.0,0.0,0.0,0.0
1151,Souleymane Touré,FRA,DF,Udinese,21,2003,12,11,733,8.1,1,0,1,1,0,0,2,2,0.4,0.4,0.0,0.4,6,26,3,0.12,0.0,0.12,0.12,0.12,0.05,0.01,0.05,0.05,0.05
1152,Stefano Turati,ITA,GK,Monza,22,2001,30,30,2676,29.7,0,0,0,0,0,0,1,0,0.0,0.0,0.0,0.0,0,0,0,0.0,0.0,0.0,0.0,0.0,0.0,0.0,0.0,0.0,0.0
1153,Kacper Urbanski,POL,MF,Bologna,19,2004,7,1,247,2.7,1,0,1,1,0,0,2,0,0.3,0.3,0.5,0.8,5,15,19,0.36,0.0,0.36,0.36,0.36,0.12,0.17,0.29,0.12,0.29
1154,Kacper Urbanski,POL,MF,Monza,19,2004,8,6,500,5.6,0,0,0,0,0,0,1,0,0.1,0.1,0.1,0.3,10,41,14,0.0,0.0,0.0,0.0,0.0,0.03,0.03,0.05,0.03,0.05
1155,Lautaro Valenti,ARG,DF,Parma,25,1999,20,18,1556,17.3,1,0,1,1,0,0,6,1,0.2,0.2,0.2,0.4,3,28,3,0.06,0.0,0.06,0.06,0.06,0.01,0.01,0.02,0.01,0.02
1156,Nicolás Valentini,ARG,DF,Hellas Verona,23,2001,14,13,1129,12.5,0,0,0,0,0,0,5,1,0.3,0.3,0.8,1.2,4,42,1,0.0,0.0,0.0,0.0,0.0,0.03,0.07,0.09,0.03,0.09
1157,Emanuele Valeri,ITA,DF,Parma,25,1998,35,34,2873,31.9,2,6,8,1,1,1,1,0,1.8,1.0,4.7,5.8,79,93,109,0.06,0.19,0.25,0.03,0.22,0.06,0.15,0.21,0.03,0.18
1158,Álex Valle,ESP,DF,Como,20,2004,15,12,1030,11.4,0,0,0,0,0,0,2,0,0.3,0.3,0.7,1.0,19,44,30,0.0,0.0,0.0,0.0,0.0,0.03,0.06,0.08,0.03,0.08
1159,Mattia Valoti,ITA,MF,Monza,30,1993,5,0,40,0.4,0,0,0,0,0,0,1,0,0.0,0.0,0.0,0.0,0,0,0,0.0,0.0,0.0,0.0,0.0,0.0,0.0,0.0,0.0,0.0
1160,Ignace Van Der Brempt,BEL,DF,Como,22,2002,20,14,1257,14.0,0,1,1,0,0,0,3,0,0.5,0.5,0.5,0.9,19,42,34,0.0,0.07,0.07,0.0,0.07,0.03,0.03,0.07,0.03,0.07
1161,Devis Vásquez,COL,GK,Empoli,26,1998,32,32,2880,32.0,0,0,0,0,0,0,2,0,0.0,0.0,0.0,0.0,0,0,0,0.0,0.0,0.0,0.0,0.0,0.0,0.0,0.0,0.0,0.0
1162,Johan Vásquez,MEX,DF,Genoa,25,1998,36,34,3041,33.8,3,0,3,3,0,0,9,0,2.4,2.4,0.3,2.7,37,96,12,0.09,0.0,0.09,0.09,0.09,0.07,0.01,0.08,0.07,0.08
1163,Matías Vecino,URU,MF,Lazio,32,1991,20,7,877,9.7,2,3,5,2,0,0,7,0,2.3,2.3,2.4,4.6,4,29,14,0.21,0.31,0.51,0.21,0.51,0.23,0.24,0.47,0.23,0.47
1164,Danilo Veiga,POR,DF,Lecce,21,2002,13,2,374,4.2,0,0,0,0,0,0,0,0,0.6,0.6,0.3,0.9,10,10,13,0.0,0.0,0.0,0.0,0.0,0.15,0.06,0.21,0.15,0.21
1165,Renato Veiga,POR,DF,Juventus,21,2003,13,12,1093,12.1,0,1,1,0,0,0,2,0,1.0,1.0,0.1,1.1,9,40,0,0.0,0.08,0.08,0.0,0.08,0.08,0.0,0.09,0.08,0.09
1166,Lorenzo Venturino,ITA,"FW,MF",Genoa,18,2006,6,1,167,1.9,2,0,2,2,0,0,0,0,0.7,0.7,0.2,0.9,5,7,10,1.08,0.0,1.08,1.08,1.08,0.39,0.1,0.49,0.39,0.49
1167,Simone Verdi,ITA,"MF,FW",Como,32,1992,9,0,115,1.3,0,0,0,0,0,0,1,0,0.1,0.1,0.5,0.6,3,5,13,0.0,0.0,0.0,0.0,0.0,0.09,0.39,0.47,0.09,0.47
1168,Samuele Vignato,ITA,MF,Monza,20,2004,17,3,470,5.2,0,0,0,0,0,0,0,0,0.3,0.3,0.0,0.3,5,17,30,0.0,0.0,0.0,0.0,0.0,0.06,0.01,0.06,0.06,0.06
1169,Nicolas Viola,ITA,"FW,MF",Cagliari,34,1989,27,18,1267,14.1,3,1,4,3,0,0,2,0,2.2,2.2,1.9,4.1,21,46,70,0.21,0.07,0.28,0.21,0.28,0.16,0.14,0.29,0.16,0.29
1170,Mattia Viti,ITA,DF,Empoli,22,2002,30,30,2572,28.6,1,0,1,1,0,0,3,0,0.8,0.8,0.2,1.0,17,86,10,0.03,0.0,0.03,0.03,0.03,0.03,0.01,0.03,0.03,0.03
1171,Vitinha,POR,"FW,MF",Genoa,24,2000,25,16,1328,14.8,2,3,5,2,0,0,2,0,1.6,1.6,3.3,5.0,38,19,71,0.14,0.2,0.34,0.14,0.34,0.11,0.23,0.34,0.11,0.34
1172,Dušan Vlahović,SRB,FW,Juventus,24,2000,29,21,1784,19.8,10,4,14,6,4,4,3,0,12.3,9.2,1.3,10.5,27,22,117,0.5,0.2,0.71,0.3,0.5,0.62,0.07,0.69,0.46,0.53
1173,Vanja Vlahović,SRB,"FW,MF",Atalanta,20,2004,3,0,60,0.7,0,0,0,0,0,0,0,0,0.2,0.2,0.1,0.3,0,0,5,0.0,0.0,0.0,0.0,0.0,0.23,0.15,0.38,0.23,0.38
1174,Nikola Vlašić,CRO,"MF,FW",Torino,26,1997,30,23,2117,23.5,5,4,9,3,2,2,0,0,3.4,1.8,2.4,4.2,53,94,110,0.21,0.17,0.38,0.13,0.3,0.14,0.1,0.25,0.08,0.18
1175,Alessandro Vogliacco,ITA,DF,Genoa,25,1998,12,8,715,7.9,2,0,2,2,0,0,3,0,1.3,1.3,0.0,1.4,9,26,2,0.25,0.0,0.25,0.25,0.25,0.17,0.0,0.17,0.17,0.17
1176,Alessandro Vogliacco,ITA,DF,Parma,25,1998,10,10,772,8.6,0,0,0,0,0,0,2,0,0.1,0.1,0.1,0.2,2,21,0,0.0,0.0,0.0,0.0,0.0,0.01,0.01,0.02,0.01,0.02
1177,Mërgim Vojvoda,KVX,DF,Torino,29,1995,17,12,1105,12.3,0,0,0,0,0,0,4,0,0.4,0.4,0.4,0.8,18,64,34,0.0,0.0,0.0,0.0,0.0,0.03,0.03,0.07,0.03,0.07
1178,Mërgim Vojvoda,KVX,DF,Como,29,1995,11,8,717,8.0,1,2,3,1,0,0,2,0,0.2,0.2,2.0,2.3,16,43,40,0.13,0.25,0.38,0.13,0.38,0.03,0.25,0.28,0.03,0.28
1179,Stefan de Vrij,NED,DF,Inter,32,1992,25,17,1636,18.2,3,0,3,3,0,0,2,0,1.1,1.1,0.0,1.1,11,76,5,0.17,0.0,0.17,0.17,0.17,0.06,0.0,0.06,0.06,0.06
1180,Kyle Walker,ENG,DF,Milan,34,1990,11,7,659,7.3,0,0,0,0,0,0,1,0,0.0,0.0,0.9,1.0,11,32,19,0.0,0.0,0.0,0.0,0.0,0.01,0.13,0.13,0.01,0.13
1181,Sebastian Walukiewicz,POL,DF,Torino,24,2000,29,20,1661,18.5,0,0,0,0,0,0,6,0,0.4,0.4,0.3,0.7,25,80,31,0.0,0.0,0.0,0.0,0.0,0.02,0.02,0.04,0.02,0.04
1182,Sebastian Walukiewicz,POL,DF,Empoli,24,2000,2,2,180,2.0,0,0,0,0,0,0,0,0,0.0,0.0,0.1,0.1,2,8,3,0.0,0.0,0.0,0.0,0.0,0.0,0.04,0.04,0.0,0.04
1183,Timothy Weah,USA,"DF,FW",Juventus,24,2000,30,18,1638,18.2,5,2,7,5,0,0,4,0,3.4,3.4,1.6,5.1,45,56,120,0.27,0.11,0.38,0.27,0.38,0.19,0.09,0.28,0.19,0.28
1184,Mateusz Wieteska,POL,DF,Cagliari,27,1997,5,1,184,2.0,0,0,0,0,0,0,1,0,0.2,0.2,0.2,0.4,1,5,0,0.0,0.0,0.0,0.0,0.0,0.1,0.07,0.18,0.1,0.18
1185,John Yeboah,ECU,"FW,MF",Venezia,24,2000,33,11,1226,13.6,1,1,2,1,0,0,6,0,3.0,3.0,1.9,4.9,50,42,88,0.07,0.07,0.15,0.07,0.15,0.22,0.14,0.36,0.22,0.36
1186,Kenan Yıldız,TUR,"FW,MF",Juventus,19,2005,35,28,2402,26.7,7,4,11,7,0,0,2,1,4.3,4.3,5.0,9.3,115,121,223,0.26,0.15,0.41,0.26,0.41,0.16,0.19,0.35,0.16,0.35
1187,Mattia Zaccagni,ITA,FW,Lazio,29,1995,34,33,2686,29.8,8,6,14,6,2,2,10,0,6.4,4.9,4.6,9.5,91,114,264,0.27,0.2,0.47,0.2,0.4,0.22,0.15,0.37,0.16,0.32
1188,Nicola Zalewski,POL,"DF,FW",Roma,22,2002,12,4,533,5.9,0,0,0,0,0,0,0,0,0.3,0.3,0.8,1.1,31,17,54,0.0,0.0,0.0,0.0,0.0,0.05,0.13,0.18,0.05,0.18
1189,Nicola Zalewski,POL,"DF,MF",Inter,22,2002,11,4,435,4.8,1,1,2,1,0,0,4,0,0.2,0.2,1.7,1.9,29,18,47,0.21,0.21,0.41,0.21,0.41,0.05,0.35,0.39,0.05,0.39
1190,Andre-Frank Zambo Anguissa,CMR,MF,Napoli,28,1995,35,32,2852,31.7,6,4,10,6,0,0,5,0,4.4,4.4,2.4,6.8,24,144,119,0.19,0.13,0.32,0.19,0.32,0.14,0.08,0.22,0.14,0.22
1191,Francesco Zampano,ITA,DF,Venezia,30,1993,24,17,1639,18.2,1,2,3,1,0,0,5,0,1.0,1.0,0.8,1.8,42,41,85,0.05,0.11,0.16,0.05,0.16,0.05,0.04,0.1,0.05,0.1
1192,Nicolò Zaniolo,ITA,FW,Fiorentina,25,1999,9,4,343,3.8,0,0,0,0,0,0,2,1,0.7,0.6,0.2,0.9,8,5,20,0.0,0.0,0.0,0.0,0.0,0.16,0.06,0.22,0.15,0.21
1193,Nicolò Zaniolo,ITA,"FW,MF",Atalanta,25,1999,14,0,356,4.0,2,2,4,2,0,0,4,0,0.9,0.9,0.5,1.5,7,13,33,0.51,0.51,1.01,0.51,1.01,0.24,0.14,0.37,0.24,0.37
1194,Alessandro Zanoli,ITA,"FW,DF",Genoa,23,2000,31,19,1711,19.0,1,0,1,1,0,0,3,0,0.4,0.4,1.6,2.0,65,27,90,0.05,0.0,0.05,0.05,0.05,0.02,0.08,0.11,0.02,0.11
1195,Duván Zapata,COL,FW,Torino,33,1991,7,7,587,6.5,3,0,3,3,0,0,1,0,3.4,3.4,0.5,3.9,6,7,36,0.46,0.0,0.46,0.46,0.46,0.52,0.08,0.59,0.52,0.59
1196,Gabriele Zappa,ITA,DF,Cagliari,24,1999,37,35,3060,34.0,2,0,2,2,0,0,4,0,0.9,0.9,3.6,4.5,57,146,82,0.06,0.0,0.06,0.06,0.06,0.03,0.11,0.13,0.03,0.13
1197,Davide Zappacosta,ITA,DF,Atalanta,32,1992,30,26,2067,23.0,4,2,6,4,0,0,3,0,2.2,2.2,2.1,4.3,67,107,139,0.17,0.09,0.26,0.17,0.26,0.1,0.09,0.19,0.1,0.19
1198,Oier Zarraga,ESP,MF,Udinese,25,1999,22,9,896,10.0,1,0,1,1,0,0,0,0,0.4,0.4,0.4,0.8,7,28,23,0.1,0.0,0.1,0.1,0.1,0.04,0.04,0.08,0.04,0.08
1199,Jordan Zemura,ZIM,DF,Udinese,24,1999,23,13,1415,15.7,1,2,3,1,0,0,2,0,1.0,1.0,1.0,2.0,25,42,76,0.06,0.13,0.19,0.06,0.19,0.07,0.06,0.13,0.07,0.13
1200,Alessio Zerbin,ITA,DF,Venezia,25,1999,18,17,1518,16.9,1,1,2,1,0,0,4,0,1.9,1.9,2.1,3.9,53,54,70,0.06,0.06,0.12,0.06,0.12,0.11,0.12,0.23,0.11,0.23
1201,Alessio Zerbin,ITA,"FW,DF",Napoli,25,1999,2,0,2,0.0,0,0,0,0,0,0,0,0,0.0,0.0,0.0,0.0,0,0,0,0.0,0.0,0.0,0.0,0.0,0.0,0.0,0.0,0.0,0.0
1202,Kevin Zeroli,ITA,MF,Monza,19,2005,8,4,395,4.4,0,1,1,0,0,0,0,0,0.8,0.8,0.5,1.2,2,5,8,0.0,0.23,0.23,0.0,0.23,0.17,0.11,0.28,0.17,0.28
1203,Kevin Zeroli,ITA,MF,Milan,19,2005,1,0,12,0.1,0,0,0,0,0,0,0,0,0.0,0.0,0.0,0.0,1,2,3,0.0,0.0,0.0,0.0,0.0,0.0,0.0,0.0,0.0,0.0
1204,Piotr Zieliński,POL,MF,Inter,30,1994,26,8,980,10.9,2,2,4,0,2,2,0,0,2.6,1.1,0.9,2.0,26,65,24,0.18,0.18,0.37,0.0,0.18,0.24,0.08,0.32,0.1,0.18
1205,Nadir Zortea,ITA,"DF,MF",Cagliari,25,1999,35,33,2713,30.1,6,2,8,6,0,0,2,0,3.1,3.1,2.4,5.5,69,63,144,0.2,0.07,0.27,0.2,0.27,0.1,0.08,0.18,0.1,0.18
1206,Szymon Żurkowski,POL,MF,Empoli,26,1997,5,0,106,1.2,0,0,0,0,0,0,0,0,0.1,0.1,0.0,0.1,1,1,3,0.0,0.0,0.0,0.0,0.0,0.07,0.0,0.07,0.07,0.07
1207,Milan Đurić,BIH,FW,Monza,34,1990,18,13,1270,14.1,4,1,5,4,0,0,3,0,2.9,2.9,1.1,4.0,2,21,30,0.28,0.07,0.35,0.28,0.35,0.21,0.08,0.28,0.21,0.28
1208,Milan Đurić,BIH,FW,Parma,34,1990,9,3,268,3.0,1,0,1,1,0,0,1,0,0.3,0.3,0.0,0.3,0,7,6,0.34,0.0,0.34,0.34,0.34,0.08,0.0,0.08,0.08,0.08
1209,Junior Adamu,AUT,FW,Freiburg,23,2001,25,19,1545,17.2,2,2,4,2,0,0,5,1,5.5,5.5,2.4,7.9,8,14,84,0.12,0.12,0.23,0.12,0.23,0.32,0.14,0.46,0.32,0.46
1210,Karim Adeyemi,GER,"FW,MF",Dortmund,22,2002,25,17,1433,15.9,7,6,13,7,0,0,4,0,5.5,5.5,6.0,11.5,68,28,153,0.44,0.38,0.82,0.44,0.82,0.34,0.38,0.72,0.34,0.72
1211,Amine Adli,MAR,"MF,FW",Leverkusen,24,2000,20,6,766,8.5,2,0,2,2,0,0,3,0,2.7,2.7,0.7,3.4,37,24,100,0.23,0.0,0.23,0.23,0.23,0.32,0.08,0.4,0.32,0.4
1212,Oladapo Afolayan,ENG,"FW,MF",St. Pauli,26,1998,32,17,1639,18.2,3,1,4,3,0,0,3,0,3.1,3.1,3.8,7.0,53,32,108,0.16,0.05,0.22,0.16,0.22,0.17,0.21,0.38,0.17,0.38
1213,Felix Agu,NGA,DF,Werder Bremen,24,1999,22,21,1751,19.5,3,0,3,3,0,0,1,0,1.4,1.4,1.8,3.2,33,43,105,0.15,0.0,0.15,0.15,0.15,0.07,0.09,0.17,0.07,0.17
1214,Erik Ahlstrand,SWE,"FW,MF",St. Pauli,22,2001,5,0,43,0.5,0,0,0,0,0,0,0,0,0.0,0.0,0.0,0.0,1,1,3,0.0,0.0,0.0,0.0,0.0,0.0,0.0,0.0,0.0,0.0
1215,Kevin Akpoguma,NGA,DF,Hoffenheim,29,1995,32,23,2220,24.7,0,0,0,0,0,0,3,0,0.1,0.1,0.3,0.4,14,98,16,0.0,0.0,0.0,0.0,0.0,0.0,0.01,0.02,0.0,0.02
1216,Andreas Albers,DEN,FW,St. Pauli,34,1990,14,0,62,0.7,1,0,1,1,0,0,0,0,0.6,0.6,0.1,0.7,1,3,6,1.45,0.0,1.45,1.45,1.45,0.9,0.14,1.04,0.9,1.04
1217,Ben Alexander Voll,GER,GK,St. Pauli,23,2000,2,1,91,1.0,0,0,0,0,0,0,1,0,0.0,0.0,0.1,0.1,0,0,0,0.0,0.0,0.0,0.0,0.0,0.0,0.1,0.1,0.0,0.1
1218,Skelly Alvero,FRA,MF,Werder Bremen,22,2002,12,1,236,2.6,0,0,0,0,0,0,1,0,0.0,0.0,0.0,0.0,1,8,0,0.0,0.0,0.0,0.0,0.0,0.01,0.0,0.01,0.01,0.01
1219,Aurele Amenda,SUI,DF,Eint Frankfurt,21,2003,8,1,96,1.1,0,0,0,0,0,0,1,0,0.0,0.0,0.3,0.3,1,2,1,0.0,0.0,0.0,0.0,0.0,0.0,0.23,0.23,0.0,0.23
1220,Nadiem Amiri,GER,MF,Mainz 05,27,1996,30,30,2473,27.5,7,5,12,5,2,2,9,2,5.5,3.9,6.6,10.5,50,204,64,0.25,0.18,0.44,0.18,0.36,0.2,0.24,0.44,0.14,0.38
1221,Mohamed Amoura,ALG,FW,Wolfsburg,24,2000,31,29,2467,27.4,10,9,19,8,2,2,6,0,8.7,7.2,4.0,11.2,81,61,244,0.36,0.33,0.69,0.29,0.62,0.32,0.15,0.46,0.26,0.41
1222,Robert Andrich,GER,"MF,DF",Leverkusen,29,1994,23,19,1598,17.8,2,2,4,2,0,0,7,0,1.3,1.3,0.3,1.6,8,65,17,0.11,0.11,0.23,0.11,0.23,0.07,0.02,0.09,0.07,0.09
1223,Waldemar Anton,GER,DF,Dortmund,28,1996,26,22,1949,21.7,2,2,4,2,0,0,4,0,1.7,1.7,0.8,2.5,32,117,28,0.09,0.09,0.18,0.09,0.18,0.08,0.04,0.11,0.08,0.11
1224,Maximilian Arnold,GER,MF,Wolfsburg,30,1994,28,27,2356,26.2,3,5,8,3,0,0,7,1,0.9,0.9,3.5,4.3,9,128,16,0.11,0.19,0.31,0.11,0.31,0.03,0.13,0.17,0.03,0.17
1225,Jann-Fiete Arp,GER,"FW,MF",Holstein Kiel,24,2000,23,3,713,7.9,2,0,2,1,1,2,8,1,3.8,2.2,1.0,3.2,14,21,66,0.25,0.0,0.25,0.13,0.13,0.47,0.13,0.6,0.27,0.4
1226,Arthur,BRA,DF,Leverkusen,21,2003,20,7,752,8.4,0,1,1,0,0,0,1,0,0.1,0.1,0.4,0.4,15,25,53,0.0,0.12,0.12,0.0,0.12,0.01,0.04,0.05,0.01,0.05
1227,Noah Atubolu,GER,GK,Freiburg,22,2002,26,26,2307,25.6,0,0,0,0,0,0,2,0,0.0,0.0,0.0,0.0,0,2,0,0.0,0.0,0.0,0.0,0.0,0.0,0.0,0.0,0.0,0.0
1228,Ayman Azhil,MAR,MF,Dortmund,23,2001,1,0,24,0.3,0,0,0,0,0,0,1,0,0.0,0.0,0.0,0.0,0,1,1,0.0,0.0,0.0,0.0,0.0,0.0,0.0,0.0,0.0,0.0
1229,Adam Aznou,MAR,DF,Bayern Munich,18,2006,2,0,17,0.2,0,0,0,0,0,0,0,0,0.0,0.0,0.0,0.0,0,1,2,0.0,0.0,0.0,0.0,0.0,0.0,0.0,0.0,0.0,0.0
1230,Aliou Badara Baldé,GUI,"MF,FW",Bochum,21,2002,5,0,91,1.0,0,0,0,0,0,0,1,0,0.2,0.2,0.2,0.4,2,1,5,0.0,0.0,0.0,0.0,0.0,0.18,0.17,0.35,0.18,0.35
1231,Ridle Baku,GER,"FW,MF",Wolfsburg,26,1998,15,14,1170,13.0,2,1,3,2,0,0,2,0,1.5,1.5,1.3,2.7,16,44,78,0.15,0.08,0.23,0.15,0.23,0.11,0.1,0.21,0.11,0.21
1232,Ridle Baku,GER,"DF,MF",RB Leipzig,26,1998,19,15,1275,14.2,2,3,5,2,0,0,1,0,1.4,1.4,1.5,2.9,21,41,97,0.14,0.21,0.35,0.14,0.35,0.1,0.11,0.2,0.1,0.2
1233,Samuel Bamba,GER,"FW,MF",Bochum,20,2004,5,0,27,0.3,0,0,0,0,0,0,0,0,0.1,0.1,0.0,0.1,3,5,8,0.0,0.0,0.0,0.0,0.0,0.35,0.1,0.45,0.35,0.45
1234,Noahkai Banks,USA,DF,Augsburg,17,2006,8,2,278,3.1,0,0,0,0,0,0,2,0,0.1,0.1,0.0,0.1,2,8,3,0.0,0.0,0.0,0.0,0.0,0.02,0.0,0.02,0.02,0.02
1235,Scott Banks,SCO,"FW,MF",St. Pauli,22,2001,12,0,116,1.3,0,0,0,0,0,0,1,0,0.3,0.3,0.0,0.3,3,1,8,0.0,0.0,0.0,0.0,0.0,0.22,0.0,0.22,0.22,0.22
1236,Aymen Barkok,MAR,MF,Mainz 05,26,1998,4,0,73,0.8,0,0,0,0,0,0,0,0,0.0,0.0,0.1,0.1,2,5,6,0.0,0.0,0.0,0.0,0.0,0.0,0.17,0.17,0.0,0.17
1237,Michy Batshuayi,BEL,FW,Eint Frankfurt,30,1993,10,3,300,3.3,3,0,3,3,0,0,2,0,1.2,1.2,0.0,1.3,3,8,15,0.9,0.0,0.9,0.9,0.9,0.36,0.01,0.38,0.36,0.38
1238,Maximilian Bauer,GER,DF,Augsburg,24,2000,11,8,658,7.3,0,0,0,0,0,0,1,0,0.2,0.2,0.1,0.3,4,30,7,0.0,0.0,0.0,0.0,0.0,0.02,0.01,0.04,0.02,0.04
1239,Oliver Baumann,GER,GK,Hoffenheim,34,1990,28,28,2520,28.0,0,0,0,0,0,0,1,0,0.0,0.0,1.0,1.0,0,1,0,0.0,0.0,0.0,0.0,0.0,0.0,0.03,0.03,0.0,0.03
1240,Christoph Baumgartner,AUT,MF,RB Leipzig,24,1999,31,18,1610,17.9,2,1,3,2,0,0,5,0,4.5,4.5,1.3,5.8,37,53,95,0.11,0.06,0.17,0.11,0.17,0.25,0.07,0.33,0.25,0.33
1241,Ihlas Bebou,TOG,MF,Hoffenheim,30,1994,1,0,9,0.1,0,0,0,0,0,0,0,0,0.0,0.0,0.0,0.0,0,0,0,0.0,0.0,0.0,0.0,0.0,0.0,0.0,0.0,0.0,0.0
1242,Adrian Beck,GER,"MF,FW",Heidenheim,27,1997,32,18,1598,17.8,4,1,5,4,0,0,1,0,3.3,3.3,1.2,4.5,37,69,83,0.23,0.06,0.28,0.23,0.28,0.18,0.07,0.25,0.18,0.25
1243,Timo Becker,GER,DF,Holstein Kiel,27,1997,30,28,2445,27.2,0,2,2,0,0,0,2,0,1.4,1.4,0.8,2.2,28,57,38,0.0,0.07,0.07,0.0,0.07,0.05,0.03,0.08,0.05,0.08
1244,Hannes Behrens,GER,DF,Hoffenheim,20,2005,1,0,29,0.3,0,0,0,0,0,0,0,0,0.0,0.0,0.0,0.0,0,1,7,0.0,0.0,0.0,0.0,0.0,0.0,0.0,0.0,0.0,0.0
1245,Kevin Behrens,GER,FW,Wolfsburg,33,1991,18,0,170,1.9,1,0,1,1,0,0,2,0,2.3,2.3,0.1,2.4,2,4,18,0.53,0.0,0.53,0.53,0.53,1.24,0.06,1.3,1.24,1.3
1246,Maximilian Beier,GER,"FW,MF",Dortmund,21,2002,29,17,1591,17.7,8,5,13,8,0,0,2,0,7.7,7.7,3.3,11.0,24,33,124,0.45,0.28,0.74,0.45,0.74,0.44,0.19,0.62,0.44,0.62
1247,Stefan Bell,GER,DF,Mainz 05,32,1991,18,15,1436,16.0,0,1,1,0,0,0,4,0,0.8,0.8,1.0,1.8,8,38,5,0.0,0.06,0.06,0.0,0.06,0.05,0.06,0.11,0.05,0.11
1248,Jeanuël Belocian,FRA,"DF,MF",Leverkusen,19,2005,5,1,68,0.8,0,0,0,0,0,0,1,0,0.0,0.0,0.0,0.0,0,3,1,0.0,0.0,0.0,0.0,0.0,0.0,0.0,0.0,0.0,0.0
1249,László Bénes,SVK,"MF,FW",Union Berlin,26,1997,23,3,589,6.5,2,1,3,2,0,0,4,0,0.9,0.9,1.0,1.9,6,28,34,0.31,0.15,0.46,0.31,0.46,0.14,0.15,0.29,0.14,0.29
1250,Ramy Bensebaini,ALG,DF,Dortmund,29,1995,31,23,2022,22.5,1,6,7,1,0,0,6,0,1.3,1.3,3.2,4.5,26,128,58,0.04,0.27,0.31,0.04,0.31,0.06,0.14,0.2,0.06,0.2
1251,Mergim Berisha,GER,"FW,MF",Hoffenheim,26,1998,11,3,333,3.7,1,1,2,1,0,0,1,0,1.0,1.0,1.0,2.0,2,7,18,0.27,0.27,0.54,0.27,0.54,0.26,0.27,0.54,0.26,0.54
1252,Mergim Berisha,GER,FW,Augsburg,26,1998,2,0,40,0.4,0,0,0,0,0,0,1,0,0.2,0.2,0.0,0.2,2,0,8,0.0,0.0,0.0,0.0,0.0,0.39,0.0,0.39,0.39,0.39
1253,Bernardo,BRA,DF,Bochum,29,1995,21,19,1782,19.8,0,0,0,0,0,0,5,0,0.7,0.7,0.7,1.4,14,100,14,0.0,0.0,0.0,0.0,0.0,0.04,0.04,0.07,0.04,0.07
1254,Alexander Bernhardsson,SWE,"FW,MF",Holstein Kiel,25,1998,19,15,1263,14.0,7,2,9,7,0,0,3,0,4.1,4.1,1.3,5.5,25,33,72,0.5,0.14,0.64,0.5,0.64,0.29,0.1,0.39,0.29,0.39
1255,Matúš Bero,SVK,MF,Bochum,28,1995,30,29,2565,28.5,5,2,7,5,0,1,11,0,4.0,3.0,3.7,6.7,29,143,111,0.18,0.07,0.25,0.18,0.25,0.14,0.13,0.27,0.11,0.24
1256,Jan-Niklas Beste,GER,"FW,MF",Freiburg,25,1999,12,0,212,2.4,0,1,1,0,0,0,0,0,0.9,0.9,0.4,1.3,5,8,20,0.0,0.42,0.42,0.0,0.42,0.38,0.16,0.54,0.38,0.54
1257,El Bilal Touré,MLI,"FW,MF",Stuttgart,22,2001,12,3,356,4.0,2,1,3,2,0,0,0,0,1.6,1.6,1.1,2.8,6,7,25,0.51,0.25,0.76,0.51,0.76,0.41,0.29,0.7,0.41,0.7
1258,Tom Bischof,GER,"MF,FW",Hoffenheim,19,2005,31,30,2559,28.4,5,2,7,5,0,0,5,0,2.2,2.2,3.6,5.9,47,138,102,0.18,0.07,0.25,0.18,0.25,0.08,0.13,0.21,0.08,0.21
1259,Leonardo Bittencourt,GER,MF,Werder Bremen,30,1993,27,10,982,10.9,2,1,3,2,0,0,3,0,1.6,1.6,1.6,3.2,19,64,38,0.18,0.09,0.27,0.18,0.27,0.15,0.14,0.29,0.15,0.29
1260,Myron Boadu,NED,FW,Bochum,23,2001,19,11,1042,11.6,9,1,10,8,1,1,2,0,7.7,6.9,1.1,8.0,12,18,70,0.78,0.09,0.86,0.69,0.78,0.67,0.1,0.76,0.6,0.69
1261,Sacha Boey,FRA,DF,Bayern Munich,23,2000,13,6,593,6.6,0,2,2,0,0,0,1,0,0.1,0.1,1.2,1.3,18,39,63,0.0,0.3,0.3,0.0,0.3,0.02,0.18,0.2,0.02,0.2
1262,Victor Boniface,NGA,FW,Leverkusen,23,2000,19,12,1008,11.2,8,1,9,8,0,1,2,0,7.8,7.1,1.1,8.1,26,23,61,0.71,0.09,0.8,0.71,0.8,0.7,0.1,0.8,0.63,0.73
1263,Sebastiaan Bornauw,BEL,DF,Wolfsburg,25,1999,15,8,788,8.8,2,1,3,2,0,0,2,0,1.2,1.2,0.5,1.7,3,21,1,0.23,0.11,0.34,0.23,0.34,0.14,0.06,0.2,0.14,0.2
1264,Carlo Boukhalfa,MAR,MF,St. Pauli,25,1999,25,19,1646,18.3,2,0,2,2,0,0,1,0,1.5,1.5,1.1,2.6,10,41,44,0.11,0.0,0.11,0.11,0.11,0.08,0.06,0.14,0.08,0.14
1265,Julian Brandt,GER,MF,Dortmund,28,1996,30,28,2303,25.6,5,10,15,5,0,0,1,0,4.8,4.8,8.5,13.2,61,149,199,0.2,0.39,0.59,0.2,0.59,0.19,0.33,0.52,0.19,0.52
1266,Tim Breithaupt,GER,MF,Augsburg,22,2002,2,2,120,1.3,0,1,1,0,0,0,0,0,0.1,0.1,0.4,0.4,1,10,1,0.0,0.75,0.75,0.0,0.75,0.04,0.29,0.33,0.04,0.33
1267,Maximilian Breunig,GER,"FW,MF",Heidenheim,23,2000,13,2,350,3.9,2,0,2,1,1,1,0,0,3.4,2.7,0.2,2.9,5,7,13,0.51,0.0,0.51,0.26,0.26,0.89,0.05,0.94,0.68,0.74
1268,Moritz Broschinski,GER,"FW,MF",Bochum,23,2000,33,15,1390,15.4,1,3,4,1,0,0,1,0,4.2,4.2,1.8,6.0,37,20,130,0.06,0.19,0.26,0.06,0.26,0.27,0.12,0.39,0.27,0.39
1269,Nathaniel Brown,GER,"DF,MF",Eint Frankfurt,21,2003,26,22,1947,21.6,3,6,9,3,0,0,2,0,2.2,2.2,5.1,7.3,45,63,119,0.14,0.28,0.42,0.14,0.42,0.1,0.24,0.34,0.1,0.34
1270,Jacob Bruun Larsen,DEN,"FW,MF",Hoffenheim,25,1998,12,3,400,4.4,2,2,4,2,0,0,0,0,2.3,2.3,0.6,2.9,16,16,41,0.45,0.45,0.9,0.45,0.9,0.52,0.15,0.66,0.52,0.66
1271,Jacob Bruun Larsen,DEN,"MF,FW",Stuttgart,25,1998,15,3,414,4.6,1,0,1,1,0,0,1,0,0.6,0.6,1.2,1.8,19,19,40,0.22,0.0,0.22,0.22,0.22,0.13,0.27,0.39,0.13,0.39
1272,Emi Buendía,ARG,MF,Leverkusen,27,1996,11,3,257,2.9,2,0,2,2,0,0,0,0,0.9,0.9,0.9,1.8,2,14,24,0.7,0.0,0.7,0.7,0.7,0.31,0.3,0.61,0.31,0.61
1273,Marius Bülter,GER,"FW,DF",Hoffenheim,31,1993,25,22,1729,19.2,7,2,9,7,0,0,4,0,3.7,3.7,3.1,6.8,57,35,155,0.36,0.1,0.47,0.36,0.47,0.19,0.16,0.35,0.19,0.35
1274,Jonathan Burkardt,GER,FW,Mainz 05,24,2000,29,28,2109,23.4,18,2,20,16,2,2,0,0,14.8,13.2,3.1,16.3,32,42,157,0.77,0.09,0.85,0.68,0.77,0.63,0.13,0.76,0.56,0.7
1275,Oliver Burke,SCO,FW,Werder Bremen,27,1997,25,9,908,10.1,5,0,5,5,0,0,4,0,4.1,4.1,1.7,5.8,22,15,88,0.5,0.0,0.5,0.5,0.5,0.41,0.17,0.57,0.41,0.57
1276,Marnon Busch,GER,"DF,MF",Heidenheim,29,1994,23,15,1396,15.5,0,1,1,0,0,0,1,0,0.4,0.4,1.1,1.5,22,63,43,0.0,0.06,0.06,0.0,0.06,0.02,0.07,0.1,0.02,0.1
1277,Anthony Caci,FRA,DF,Mainz 05,27,1997,33,33,2684,29.8,1,7,8,1,0,0,6,0,3.1,3.1,6.6,9.7,45,133,152,0.03,0.23,0.27,0.03,0.27,0.1,0.22,0.32,0.1,0.32
1278,Cole Campbell,USA,"MF,FW",Dortmund,18,2006,4,0,22,0.2,0,0,0,0,0,0,0,0,0.0,0.0,0.0,0.0,1,0,1,0.0,0.0,0.0,0.0,0.0,0.0,0.0,0.0,0.0,0.0
1279,Emre Can,GER,"DF,MF",Dortmund,30,1994,31,23,2105,23.4,3,0,3,1,2,2,4,1,2.0,0.4,0.7,1.1,20,116,12,0.13,0.0,0.13,0.04,0.04,0.08,0.03,0.11,0.02,0.05
1280,Tiago Cardoso,LUX,GK,Gladbach,18,2006,5,4,380,4.2,0,0,0,0,0,0,0,0,0.0,0.0,0.0,0.0,0,0,0,0.0,0.0,0.0,0.0,0.0,0.0,0.0,0.0,0.0,0.0
1281,Abdoulie Ceesay,GAM,FW,St. Pauli,20,2004,7,0,60,0.7,0,0,0,0,0,0,1,0,0.0,0.0,0.0,0.0,0,0,8,0.0,0.0,0.0,0.0,0.0,0.0,0.03,0.03,0.0,0.03
1282,Julian Chabot,GER,DF,Stuttgart,26,1998,31,27,2269,25.2,3,1,4,3,0,0,11,1,2.0,1.8,0.5,2.4,7,108,5,0.12,0.04,0.16,0.12,0.16,0.08,0.02,0.1,0.07,0.09
1283,El Chadaille Bitshiabu,FRA,DF,RB Leipzig,19,2005,21,13,1130,12.6,0,0,0,0,0,0,2,1,0.3,0.3,0.4,0.7,4,69,2,0.0,0.0,0.0,0.0,0.0,0.02,0.03,0.05,0.02,0.05
1284,Fares Chaïbi,ALG,"MF,FW",Eint Frankfurt,21,2002,26,10,1013,11.3,1,3,4,1,0,0,2,0,2.6,2.6,2.9,5.5,20,52,73,0.09,0.27,0.36,0.09,0.36,0.23,0.26,0.49,0.23,0.49
1285,Timothy Chandler,USA,DF,Eint Frankfurt,34,1990,3,0,24,0.3,0,0,0,0,0,0,0,0,0.0,0.0,0.0,0.0,1,3,4,0.0,0.0,0.0,0.0,0.0,0.0,0.0,0.0,0.0,0.0
1286,Anrie Chase,JPN,DF,Stuttgart,20,2004,12,7,734,8.2,0,0,0,0,0,0,1,0,0.1,0.1,0.0,0.1,6,28,2,0.0,0.0,0.0,0.0,0.0,0.02,0.0,0.02,0.02,0.02
1287,Arthur Chaves,BRA,DF,Hoffenheim,23,2001,26,24,2185,24.3,1,0,1,1,0,0,8,0,0.8,0.8,0.1,0.9,10,57,13,0.04,0.0,0.04,0.04,0.04,0.03,0.0,0.04,0.03,0.04
1288,Fabio Chiarodia,ITA,DF,Gladbach,19,2005,16,3,379,4.2,1,0,1,1,0,0,0,0,0.3,0.3,0.4,0.7,1,10,1,0.24,0.0,0.24,0.24,0.24,0.07,0.1,0.17,0.07,0.17
1289,Carney Chukwuemeka,ENG,MF,Dortmund,20,2003,10,1,253,2.8,1,0,1,1,0,0,1,0,0.6,0.6,0.9,1.5,15,18,24,0.36,0.0,0.36,0.36,0.36,0.21,0.32,0.54,0.21,0.54
1290,Alexis Claude-Maurice,FRA,"MF,FW",Augsburg,26,1998,28,25,2109,23.4,9,2,11,9,0,0,4,0,4.7,4.7,1.2,5.9,59,61,102,0.38,0.09,0.47,0.38,0.47,0.2,0.05,0.25,0.2,0.25
1291,Nnamdi Collins,GER,DF,Eint Frankfurt,20,2004,24,15,1489,16.5,1,1,2,1,0,0,4,0,0.8,0.8,1.0,1.8,30,63,42,0.06,0.06,0.12,0.06,0.12,0.05,0.06,0.11,0.05,0.11
1292,Kingsley Coman,FRA,FW,Bayern Munich,28,1996,28,14,1282,14.2,5,4,9,5,0,0,0,0,4.3,4.3,3.3,7.6,66,45,215,0.35,0.28,0.63,0.35,0.63,0.3,0.23,0.53,0.3,0.53
1293,Sirlord Conteh,GER,"FW,MF",Heidenheim,28,1996,29,4,892,9.9,1,1,2,1,0,0,2,0,2.1,2.1,2.6,4.7,29,19,75,0.1,0.1,0.2,0.1,0.2,0.21,0.26,0.47,0.21,0.47
1294,Danny da Costa,GER,DF,Mainz 05,31,1993,25,25,2006,22.3,0,1,1,0,0,0,0,0,0.1,0.1,0.6,0.7,21,109,22,0.0,0.04,0.04,0.0,0.04,0.0,0.03,0.03,0.0,0.03
1295,Yan Couto,BRA,"DF,FW",Dortmund,22,2002,21,8,895,9.9,0,0,0,0,0,0,5,0,0.3,0.3,0.9,1.2,46,68,83,0.0,0.0,0.0,0.0,0.0,0.03,0.09,0.12,0.03,0.12
1296,Tomáš Čvančara,CZE,FW,Gladbach,23,2000,28,7,831,9.2,2,0,2,2,0,0,5,1,3.8,3.8,0.9,4.7,15,23,50,0.22,0.0,0.22,0.22,0.22,0.41,0.1,0.51,0.41,0.51
1297,Finn Dahmen,GER,GK,Augsburg,26,1998,19,19,1710,19.0,0,0,0,0,0,0,0,0,0.0,0.0,0.0,0.0,0,3,0,0.0,0.0,0.0,0.0,0.0,0.0,0.0,0.0,0.0,0.0
1298,Thomas Dähne,GER,GK,Holstein Kiel,30,1994,9,9,810,9.0,0,0,0,0,0,0,0,0,0.0,0.0,0.0,0.0,0,0,0,0.0,0.0,0.0,0.0,0.0,0.0,0.0,0.0,0.0,0.0
1299,Mahmoud Dahoud,GER,MF,Eint Frankfurt,28,1996,9,3,364,4.0,1,1,2,1,0,0,2,0,0.5,0.5,0.7,1.2,1,17,6,0.25,0.25,0.49,0.25,0.49,0.13,0.18,0.31,0.13,0.31
1300,Ameen Al-Dakhil,BEL,DF,Stuttgart,22,2002,7,6,432,4.8,0,0,0,0,0,0,0,1,0.1,0.1,0.2,0.2,1,12,0,0.0,0.0,0.0,0.0,0.0,0.01,0.04,0.05,0.01,0.05
1301,Bence Dárdai,HUN,MF,Wolfsburg,18,2006,21,16,1304,14.5,1,1,2,1,0,0,0,0,1.0,1.0,1.0,2.1,5,39,24,0.07,0.07,0.14,0.07,0.14,0.07,0.07,0.14,0.07,0.14
1302,Lukas Daschner,GER,"MF,FW",Bochum,25,1998,14,3,412,4.6,1,1,2,1,0,1,0,0,2.7,1.9,0.7,2.6,8,11,19,0.22,0.22,0.44,0.22,0.44,0.6,0.15,0.74,0.42,0.57
1303,Alphonso Davies,CAN,DF,Bayern Munich,23,2000,19,17,1560,17.3,1,2,3,1,0,0,0,0,1.2,1.2,1.6,2.8,81,120,140,0.06,0.12,0.17,0.06,0.17,0.07,0.09,0.16,0.07,0.16
1304,Olivier Deman,BEL,DF,Werder Bremen,24,2000,9,0,67,0.7,0,0,0,0,0,0,1,0,0.0,0.0,0.1,0.1,2,4,1,0.0,0.0,0.0,0.0,0.0,0.0,0.15,0.15,0.0,0.15
1305,Ermedin Demirović,BIH,FW,Stuttgart,26,1998,34,20,1855,20.6,15,1,16,15,0,2,2,0,14.1,12.4,1.9,14.3,20,31,115,0.73,0.05,0.78,0.73,0.78,0.69,0.09,0.78,0.6,0.7
1306,Justin Diehl,GER,"FW,DF",Stuttgart,19,2004,6,0,104,1.2,1,0,1,1,0,0,0,0,1.0,1.0,0.1,1.1,5,5,20,0.87,0.0,0.87,0.87,0.87,0.84,0.1,0.94,0.84,0.94
1307,Eric Dier,ENG,DF,Bayern Munich,30,1994,21,16,1463,16.3,2,1,3,2,0,0,1,0,1.1,1.1,0.1,1.2,12,73,1,0.12,0.06,0.18,0.12,0.18,0.07,0.01,0.08,0.07,0.08
1308,Junior Dina Ebimbe,FRA,"MF,FW",Eint Frankfurt,23,2000,7,3,293,3.3,0,1,1,0,0,0,0,0,0.9,0.9,0.9,1.8,5,3,27,0.0,0.31,0.31,0.0,0.31,0.26,0.29,0.56,0.26,0.56
1309,Eren Dinkçi,GER,"MF,FW",Freiburg,22,2001,23,13,1196,13.3,0,3,3,0,0,0,1,0,1.1,1.1,2.2,3.3,33,35,71,0.0,0.23,0.23,0.0,0.23,0.09,0.16,0.25,0.09,0.25
1310,Ritsu Doan,JPN,"FW,MF",Freiburg,26,1998,34,33,2862,31.8,10,7,17,10,0,0,2,0,6.6,6.6,3.7,10.3,64,130,178,0.31,0.22,0.53,0.31,0.53,0.21,0.12,0.32,0.21,0.32
1311,Danilho Doekhi,NED,DF,Union Berlin,26,1998,34,34,3060,34.0,1,1,2,1,0,0,4,0,2.6,2.6,1.4,4.0,13,96,14,0.03,0.03,0.06,0.03,0.06,0.08,0.04,0.12,0.08,0.12
1312,Niklas Dorsch,GER,MF,Augsburg,26,1998,1,0,32,0.4,0,0,0,0,0,0,0,0,0.0,0.0,0.0,0.0,1,1,0,0.0,0.0,0.0,0.0,0.0,0.0,0.0,0.0,0.0,0.0
1313,Niklas Dorsch,GER,MF,Heidenheim,26,1998,22,19,1335,14.8,2,2,4,2,0,0,5,1,1.0,1.0,1.1,2.1,13,57,21,0.13,0.13,0.27,0.13,0.27,0.07,0.07,0.14,0.07,0.14
1314,Patrick Drewes,GER,GK,Bochum,31,1993,21,21,1890,21.0,0,0,0,0,0,0,2,0,0.0,0.0,0.0,0.0,0,0,0,0.0,0.0,0.0,0.0,0.0,0.0,0.0,0.0,0.0,0.0
1315,Tim Drexler,GER,DF,Hoffenheim,19,2005,8,5,357,4.0,0,0,0,0,0,0,2,0,0.1,0.1,0.0,0.1,2,16,2,0.0,0.0,0.0,0.0,0.0,0.01,0.01,0.02,0.01,0.02
1316,Marvin Ducksch,GER,FW,Werder Bremen,30,1994,32,30,2418,26.9,8,8,16,7,1,2,3,0,10.1,8.5,8.5,17.0,26,86,166,0.3,0.3,0.6,0.26,0.56,0.38,0.31,0.69,0.32,0.63
1317,Julien Duranville,BEL,"FW,MF",Dortmund,18,2006,12,2,283,3.1,0,0,0,0,0,0,3,0,0.2,0.2,0.3,0.6,16,7,33,0.0,0.0,0.0,0.0,0.0,0.08,0.1,0.18,0.08,0.18
1318,Adam Dźwigała,POL,"DF,MF",St. Pauli,28,1995,16,2,373,4.1,0,0,0,0,0,0,2,1,0.4,0.4,0.0,0.4,1,14,4,0.0,0.0,0.0,0.0,0.0,0.09,0.0,0.09,0.09,0.09
1319,Johannes Eggestein,GER,FW,St. Pauli,26,1998,27,22,1853,20.6,3,4,7,2,1,2,3,0,4.7,3.1,2.1,5.2,25,43,138,0.15,0.19,0.34,0.1,0.29,0.23,0.1,0.33,0.15,0.25
1320,Maximilian Eggestein,GER,MF,Freiburg,27,1996,33,33,2845,31.6,2,0,2,2,0,0,4,0,2.0,2.0,1.5,3.5,34,141,41,0.06,0.0,0.06,0.06,0.06,0.06,0.05,0.11,0.06,0.11
1321,Hugo Ekitike,FRA,FW,Eint Frankfurt,22,2002,33,31,2563,28.5,15,8,23,14,1,3,1,0,21.6,19.3,6.8,26.0,93,53,215,0.53,0.28,0.81,0.49,0.77,0.76,0.24,0.99,0.68,0.91
1322,Elif Elmas,MKD,MF,RB Leipzig,24,1999,2,0,44,0.5,0,0,0,0,0,0,1,0,0.3,0.3,0.0,0.3,0,2,2,0.0,0.0,0.0,0.0,0.0,0.7,0.0,0.7,0.7,0.7
1323,Nico Elvedi,SUI,DF,Gladbach,27,1996,25,25,2135,23.7,1,1,2,1,0,0,1,0,2.0,2.0,0.4,2.5,20,55,5,0.04,0.04,0.08,0.04,0.08,0.09,0.02,0.1,0.09,0.1
1324,Arne Engels,BEL,"MF,FW",Augsburg,20,2003,1,1,79,0.9,0,0,0,0,0,0,1,0,0.4,0.4,0.0,0.4,1,1,5,0.0,0.0,0.0,0.0,0.0,0.45,0.0,0.45,0.45,0.45
1325,Patrick Erras,GER,DF,Holstein Kiel,29,1995,10,10,832,9.2,1,0,1,1,0,0,2,0,0.9,0.9,0.1,1.0,3,25,1,0.11,0.0,0.11,0.11,0.11,0.1,0.01,0.11,0.1,0.11
1326,Samuel Essende,COD,FW,Augsburg,26,1998,30,21,1636,18.2,7,2,9,7,0,0,4,2,4.2,4.2,1.3,5.5,33,21,118,0.39,0.11,0.5,0.39,0.5,0.23,0.07,0.3,0.23,0.3
1327,Frank Feller,GER,GK,Heidenheim,20,2004,2,1,121,1.3,0,0,0,0,0,0,0,0,0.0,0.0,0.0,0.0,0,0,0,0.0,0.0,0.0,0.0,0.0,0.0,0.0,0.0,0.0,0.0
1328,Kilian Fischer,GER,DF,Wolfsburg,23,2000,32,29,2297,25.5,1,0,1,1,0,0,7,0,0.3,0.3,0.5,0.8,51,110,89,0.04,0.0,0.04,0.04,0.04,0.01,0.02,0.03,0.01,0.03
1329,Jonas Föhrenbach,GER,DF,Heidenheim,28,1996,27,22,1832,20.4,0,1,1,0,0,0,3,0,0.3,0.3,1.3,1.6,36,59,50,0.0,0.05,0.05,0.0,0.05,0.01,0.06,0.08,0.01,0.08
1330,Marco Friedl,AUT,DF,Werder Bremen,26,1998,26,25,2161,24.0,0,0,0,0,0,0,10,2,0.5,0.5,0.2,0.7,4,69,1,0.0,0.0,0.0,0.0,0.0,0.02,0.01,0.03,0.02,0.03
1331,Marvin Friedrich,GER,DF,Gladbach,28,1995,22,9,989,11.0,0,1,1,0,0,0,0,0,0.4,0.4,0.6,1.1,11,36,3,0.0,0.09,0.09,0.0,0.09,0.04,0.06,0.1,0.04,0.1
1332,Jeremie Frimpong,NED,"DF,MF",Leverkusen,23,2000,33,25,2314,25.7,5,5,10,5,0,0,4,0,4.1,4.1,4.2,8.3,100,55,272,0.19,0.19,0.39,0.19,0.39,0.16,0.16,0.32,0.16,0.32
1333,Chris Führich,GER,"MF,FW",Stuttgart,26,1998,33,23,1981,22.0,2,3,5,2,0,0,1,0,2.9,2.9,3.7,6.6,114,95,202,0.09,0.14,0.23,0.09,0.23,0.13,0.17,0.3,0.13,0.3
1334,Shiō Fukuda,JPN,FW,Gladbach,20,2004,6,0,60,0.7,1,0,1,1,0,0,0,0,0.4,0.4,0.0,0.4,0,1,3,1.5,0.0,1.5,1.5,1.5,0.65,0.0,0.65,0.65,0.65
1335,Cristian Gamboa,CRC,DF,Bochum,34,1989,12,1,226,2.5,1,0,1,1,0,0,1,0,0.2,0.2,0.2,0.3,2,5,9,0.4,0.0,0.4,0.4,0.4,0.06,0.07,0.14,0.06,0.14
1336,Aleix García,ESP,MF,Leverkusen,27,1997,28,17,1455,16.2,3,4,7,3,0,0,3,0,1.0,1.0,4.9,5.9,27,120,47,0.19,0.25,0.43,0.19,0.43,0.06,0.3,0.36,0.06,0.36
1337,Viggo Gebel,GER,MF,RB Leipzig,16,2007,1,0,14,0.2,0,0,0,0,0,0,0,0,0.0,0.0,0.0,0.0,0,0,3,0.0,0.0,0.0,0.0,0.0,0.0,0.0,0.0,0.0,0.0
1338,Lutsharel Geertruida,NED,DF,RB Leipzig,24,2000,24,17,1557,17.3,1,0,1,1,0,0,2,0,1.1,1.1,1.0,2.0,21,93,34,0.06,0.0,0.06,0.06,0.06,0.06,0.06,0.12,0.06,0.12
1339,Dennis Geiger,GER,"MF,FW",Hoffenheim,26,1998,20,7,734,8.2,0,0,0,0,0,0,4,0,0.2,0.2,0.5,0.6,12,37,21,0.0,0.0,0.0,0.0,0.0,0.02,0.06,0.08,0.02,0.08
1340,Valentin Gendrey,FRA,DF,Hoffenheim,24,2000,22,14,1414,15.7,1,1,2,1,0,0,1,0,1.1,1.1,1.8,2.9,24,49,86,0.06,0.06,0.13,0.06,0.13,0.07,0.12,0.19,0.07,0.19
1341,Yannick Gerhardt,GER,"MF,DF",Wolfsburg,30,1994,29,15,1518,16.9,1,1,2,1,0,0,5,1,1.2,1.2,0.2,1.4,27,57,63,0.06,0.06,0.12,0.06,0.12,0.07,0.01,0.08,0.07,0.08
1342,Max Geschwill,GER,DF,Holstein Kiel,23,2001,19,13,1282,14.2,1,2,3,1,0,0,2,0,0.9,0.9,0.8,1.6,6,58,16,0.07,0.14,0.21,0.07,0.21,0.06,0.05,0.12,0.06,0.12
1343,Dimitris Giannoulis,GRE,DF,Augsburg,28,1995,31,31,2650,29.4,1,4,5,1,0,0,8,0,1.1,1.1,4.2,5.3,60,104,164,0.03,0.14,0.17,0.03,0.17,0.04,0.14,0.18,0.04,0.18
1344,Armin Gigovic,BIH,MF,Holstein Kiel,22,2002,31,23,1895,21.1,5,1,6,5,0,0,5,0,1.9,1.9,2.1,3.9,37,50,45,0.24,0.05,0.28,0.24,0.28,0.09,0.1,0.19,0.09,0.19
1345,Benedikt Gimber,GER,DF,Heidenheim,27,1997,32,32,2671,29.7,0,0,0,0,0,0,9,0,0.7,0.7,0.3,1.0,7,46,8,0.0,0.0,0.0,0.0,0.0,0.02,0.01,0.03,0.02,0.03
1346,Matthias Ginter,GER,DF,Freiburg,30,1994,32,28,2561,28.5,2,1,3,2,0,0,5,0,2.8,2.8,0.7,3.5,11,113,16,0.07,0.04,0.11,0.07,0.11,0.1,0.02,0.12,0.1,0.12
1347,Jamie Gittens,ENG,"FW,MF",Dortmund,19,2004,32,21,1776,19.7,8,3,11,8,0,0,4,0,3.6,3.6,2.5,6.1,113,42,180,0.41,0.15,0.56,0.41,0.56,0.18,0.13,0.31,0.18,0.31
1348,Serge Gnabry,GER,"FW,MF",Bayern Munich,29,1995,27,13,1242,13.8,7,5,12,7,0,1,0,0,7.5,6.8,5.1,11.9,44,48,149,0.51,0.36,0.87,0.51,0.87,0.55,0.37,0.92,0.49,0.86
1349,Tidiam Gomis,FRA,"MF,FW",RB Leipzig,17,2006,8,1,152,1.7,0,1,1,0,0,0,2,0,0.3,0.3,0.9,1.2,5,3,14,0.0,0.59,0.59,0.0,0.59,0.15,0.55,0.7,0.15,0.7
1350,Leon Goretzka,GER,"MF,DF",Bayern Munich,29,1995,26,13,1325,14.7,4,1,5,4,0,0,2,0,2.8,2.8,1.7,4.4,35,127,28,0.27,0.07,0.34,0.27,0.34,0.19,0.11,0.3,0.19,0.3
1351,Robin Gosens,GER,DF,Union Berlin,30,1994,1,1,90,1.0,0,0,0,0,0,0,1,0,0.0,0.0,0.1,0.2,1,4,5,0.0,0.0,0.0,0.0,0.0,0.02,0.13,0.15,0.02,0.15
1352,Mario Götze,GER,"MF,FW",Eint Frankfurt,32,1992,24,18,1542,17.1,3,2,5,3,0,0,1,0,2.9,2.9,3.1,6.0,29,88,96,0.18,0.12,0.29,0.18,0.29,0.17,0.18,0.35,0.17,0.35
1353,Jeffrey Gouweleeuw,NED,DF,Augsburg,33,1991,33,33,2944,32.7,1,4,5,1,0,1,9,0,1.7,0.9,2.2,3.1,24,142,19,0.03,0.12,0.15,0.03,0.15,0.05,0.07,0.12,0.03,0.1
1354,Kamil Grabara,POL,GK,Wolfsburg,25,1999,29,29,2585,28.7,0,0,0,0,0,0,2,0,0.0,0.0,0.0,0.0,0,2,0,0.0,0.0,0.0,0.0,0.0,0.0,0.0,0.0,0.0,0.0
1355,Michael Gregoritsch,AUT,FW,Freiburg,30,1994,20,5,639,7.1,2,1,3,2,0,0,2,0,1.8,1.8,0.4,2.2,6,19,36,0.28,0.14,0.42,0.28,0.42,0.25,0.06,0.31,0.25,0.31
1356,Vincenzo Grifo,ITA,"FW,MF",Freiburg,31,1993,34,31,2432,27.0,8,11,19,8,0,3,2,0,7.9,5.6,6.9,12.5,58,128,147,0.3,0.41,0.7,0.3,0.7,0.29,0.26,0.55,0.21,0.46
1357,Florian Grillitsch,AUT,MF,Hoffenheim,28,1995,8,8,601,6.7,0,0,0,0,0,0,1,0,0.2,0.2,0.2,0.3,4,44,4,0.0,0.0,0.0,0.0,0.0,0.02,0.03,0.05,0.02,0.05
1358,Álex Grimaldo,ESP,DF,Leverkusen,28,1995,32,31,2636,29.3,2,7,9,2,0,0,6,1,2.5,2.5,8.1,10.6,86,160,252,0.07,0.24,0.31,0.07,0.31,0.09,0.28,0.36,0.09,0.36
1359,Pascal Groß,GER,"MF,DF",Dortmund,33,1991,30,28,2327,25.9,0,9,9,0,0,0,5,1,2.4,2.4,5.1,7.5,41,178,122,0.0,0.35,0.35,0.0,0.35,0.09,0.2,0.29,0.09,0.29
1360,Marco Grüll,AUT,"FW,MF",Werder Bremen,26,1998,30,13,1181,13.1,6,1,7,6,0,0,1,0,4.0,4.0,1.8,5.8,24,38,93,0.46,0.08,0.53,0.46,0.53,0.3,0.14,0.44,0.3,0.44
1361,Raphaël Guerreiro,POR,"DF,MF",Bayern Munich,30,1993,23,19,1572,17.5,4,4,8,4,0,0,2,0,2.9,2.9,2.9,5.8,39,85,126,0.23,0.23,0.46,0.23,0.46,0.16,0.17,0.33,0.16,0.33
1362,Morgan Guilavogui,GUI,"FW,MF",St. Pauli,26,1998,25,21,1807,20.1,6,2,8,6,0,0,6,0,7.1,7.1,1.9,9.1,42,41,135,0.3,0.1,0.4,0.3,0.4,0.36,0.1,0.45,0.36,0.45
1363,Serhou Guirassy,GUI,FW,Dortmund,28,1996,30,29,2598,28.9,21,4,25,18,3,4,4,0,22.7,19.6,3.9,23.5,25,43,128,0.73,0.14,0.87,0.62,0.76,0.79,0.14,0.92,0.68,0.81
1364,Péter Gulácsi,HUN,GK,RB Leipzig,34,1990,30,30,2631,29.2,0,0,0,0,0,0,0,0,0.0,0.0,0.0,0.0,0,0,0,0.0,0.0,0.0,0.0,0.0,0.0,0.0,0.0,0.0,0.0
1365,Robert Gumny,POL,DF,Augsburg,26,1998,7,2,271,3.0,0,0,0,0,0,0,2,0,0.3,0.3,0.5,0.8,5,10,13,0.0,0.0,0.0,0.0,0.0,0.11,0.15,0.26,0.11,0.26
1366,Christian Günter,GER,DF,Freiburg,31,1993,29,27,2314,25.7,2,2,4,2,0,0,0,0,0.8,0.6,2.5,3.2,19,52,109,0.08,0.08,0.16,0.08,0.16,0.03,0.1,0.13,0.02,0.12
1367,Janik Haberer,GER,"MF,DF",Union Berlin,30,1994,28,21,1696,18.8,0,0,0,0,0,0,1,0,0.7,0.7,0.8,1.6,13,59,22,0.0,0.0,0.0,0.0,0.0,0.04,0.04,0.08,0.04,0.08
1368,Robin Hack,GER,"FW,MF",Gladbach,25,1998,33,27,2172,24.1,4,7,11,4,0,0,4,0,5.4,5.4,3.6,9.0,51,95,141,0.17,0.29,0.46,0.17,0.46,0.22,0.15,0.38,0.22,0.38
1369,Amadou Haidara,MLI,MF,RB Leipzig,26,1998,28,16,1320,14.7,0,1,1,0,0,0,7,0,1.4,1.4,0.9,2.2,7,65,24,0.0,0.07,0.07,0.0,0.07,0.09,0.06,0.15,0.09,0.15
1370,Andreas Hanche-Olsen,NOR,DF,Mainz 05,27,1997,22,12,1284,14.3,1,1,2,1,0,0,4,1,0.8,0.8,0.3,1.1,2,34,5,0.07,0.07,0.14,0.07,0.14,0.06,0.02,0.08,0.06,0.08
1371,Phil Harres,GER,FW,Holstein Kiel,22,2002,26,17,1544,17.2,8,1,9,8,0,0,3,0,5.9,5.9,1.3,7.2,12,16,71,0.47,0.06,0.52,0.47,0.52,0.34,0.07,0.42,0.34,0.42
1372,Ramon Hendriks,NED,DF,Stuttgart,23,2001,25,10,1154,12.8,0,1,1,0,0,0,3,0,0.6,0.6,1.0,1.6,8,36,22,0.0,0.08,0.08,0.0,0.08,0.04,0.08,0.12,0.04,0.12
1373,Paul Hennrich,GER,MF,Hoffenheim,19,2005,1,0,12,0.1,0,0,0,0,0,0,0,0,0.0,0.0,0.0,0.0,1,0,0,0.0,0.0,0.0,0.0,0.0,0.0,0.0,0.0,0.0,0.0
1374,Benjamin Henrichs,GER,DF,RB Leipzig,27,1997,15,10,935,10.4,0,2,2,0,0,0,3,0,0.5,0.4,1.4,1.8,9,29,55,0.0,0.19,0.19,0.0,0.19,0.05,0.14,0.18,0.04,0.18
1375,Mario Hermoso,ESP,DF,Leverkusen,29,1995,4,3,293,3.3,0,0,0,0,0,0,0,0,0.4,0.4,0.2,0.6,2,20,3,0.0,0.0,0.0,0.0,0.0,0.11,0.06,0.17,0.11,0.17
1376,Piero Hincapié,ECU,DF,Leverkusen,22,2002,32,28,2670,29.7,2,2,4,2,0,0,8,0,2.9,2.9,3.2,6.1,52,152,72,0.07,0.07,0.13,0.07,0.13,0.1,0.11,0.21,0.1,0.21
1377,Adam Hložek,CZE,"FW,MF",Hoffenheim,22,2002,27,22,1871,20.8,8,4,12,8,0,0,2,0,5.6,5.6,3.5,9.1,54,68,102,0.38,0.19,0.58,0.38,0.58,0.27,0.17,0.44,0.27,0.44
1378,Nicolas Höfler,GER,MF,Freiburg,34,1990,20,7,794,8.8,0,0,0,0,0,0,3,0,0.2,0.2,0.1,0.3,1,30,3,0.0,0.0,0.0,0.0,0.0,0.03,0.01,0.04,0.03,0.04
1379,Jonas Hofmann,GER,"MF,DF",Leverkusen,32,1992,11,4,356,4.0,2,1,3,2,0,0,1,0,1.0,1.0,0.4,1.4,10,14,29,0.51,0.25,0.76,0.51,0.76,0.25,0.11,0.35,0.25,0.35
1380,Philipp Hofmann,GER,FW,Bochum,31,1993,32,27,2277,25.3,3,3,6,3,0,0,4,0,5.5,5.5,3.3,8.8,8,53,112,0.12,0.12,0.24,0.12,0.24,0.22,0.13,0.35,0.22,0.35
1381,Lucas Höler,GER,"FW,MF",Freiburg,30,1994,31,21,1867,20.7,6,4,10,6,0,1,3,0,7.7,6.9,2.9,9.8,21,47,122,0.29,0.19,0.48,0.29,0.48,0.37,0.14,0.51,0.33,0.47
1382,Benedict Hollerbach,GER,"FW,MF",Union Berlin,23,2001,34,30,2540,28.2,9,1,10,9,0,0,3,0,7.0,7.0,1.6,8.6,103,68,214,0.32,0.04,0.35,0.32,0.35,0.25,0.06,0.31,0.25,0.31
1383,Lewis Holtby,GER,MF,Holstein Kiel,33,1990,25,13,1238,13.8,0,1,1,0,0,0,1,1,0.5,0.5,1.5,2.1,14,47,34,0.0,0.07,0.07,0.0,0.07,0.04,0.11,0.15,0.04,0.15
1384,Gerrit Holtmann,PHI,"DF,FW",Bochum,29,1995,23,12,1136,12.6,2,1,3,2,0,0,2,0,2.0,2.0,2.9,4.9,50,33,97,0.16,0.08,0.24,0.16,0.24,0.16,0.23,0.39,0.16,0.39
1385,Franck Honorat,FRA,FW,Gladbach,27,1996,19,18,1439,16.0,4,7,11,4,0,0,0,0,4.5,4.5,5.3,9.8,63,45,124,0.25,0.44,0.69,0.25,0.69,0.28,0.33,0.61,0.28,0.61
1386,Mathias Honsak,AUT,"FW,DF",Heidenheim,27,1996,22,12,1181,13.1,5,1,6,5,0,0,1,0,3.3,3.3,1.6,4.9,37,29,58,0.38,0.08,0.46,0.38,0.46,0.26,0.12,0.38,0.26,0.38
1387,Timo Horn,GER,GK,Bochum,31,1993,13,13,1170,13.0,0,0,0,0,0,0,2,0,0.0,0.0,0.0,0.0,0,1,0,0.0,0.0,0.0,0.0,0.0,0.0,0.0,0.0,0.0,0.0
1388,Lukáš Hrádecký,FIN,GK,Leverkusen,34,1989,29,29,2610,29.0,0,0,0,0,0,0,1,0,0.0,0.0,0.0,0.0,0,0,0,0.0,0.0,0.0,0.0,0.0,0.0,0.0,0.0,0.0,0.0
1389,Robin Hranáč,CZE,DF,Hoffenheim,24,2000,4,2,219,2.4,0,0,0,0,0,0,0,0,0.0,0.0,0.0,0.0,2,4,0,0.0,0.0,0.0,0.0,0.0,0.0,0.0,0.0,0.0,0.0
1390,Hong Hyunseok,KOR,MF,Mainz 05,25,1999,23,4,530,5.9,0,1,1,0,0,0,0,0,0.5,0.5,1.5,1.9,10,23,31,0.0,0.17,0.17,0.0,0.17,0.08,0.25,0.33,0.08,0.33
1391,Oscar Højlund,DEN,MF,Eint Frankfurt,19,2005,20,7,722,8.0,1,0,1,1,0,0,0,0,1.0,1.0,1.1,2.0,17,49,9,0.12,0.0,0.12,0.12,0.12,0.12,0.13,0.25,0.12,0.25
1392,Arijon Ibrahimović,GER,FW,Bayern Munich,18,2005,1,0,1,0.0,0,0,0,0,0,0,0,0,0.0,0.0,0.0,0.0,0,0,0,0.0,0.0,0.0,0.0,0.0,0.0,0.0,0.0,0.0,0.0
1393,Andrej Ilic,SRB,FW,Union Berlin,24,2000,16,11,937,10.4,7,0,7,6,1,1,1,0,4.9,4.1,0.3,4.4,5,13,59,0.67,0.0,0.67,0.58,0.58,0.47,0.03,0.5,0.39,0.42
1394,Jackson Irvine,AUS,MF,St. Pauli,31,1993,29,29,2610,29.0,0,6,6,0,0,0,2,0,3.2,3.0,3.9,7.0,19,117,58,0.0,0.21,0.21,0.0,0.21,0.11,0.14,0.25,0.1,0.24
1395,Ko Itakura,JPN,DF,Gladbach,27,1997,31,31,2790,31.0,3,0,3,3,0,0,5,0,1.6,1.6,0.8,2.5,23,69,5,0.1,0.0,0.1,0.1,0.1,0.05,0.03,0.08,0.05,0.08
1396,Hiroki Ito,JPN,DF,Bayern Munich,25,1999,6,3,250,2.8,1,0,1,1,0,0,1,0,0.4,0.4,0.4,0.8,3,18,6,0.36,0.0,0.36,0.36,0.36,0.13,0.14,0.27,0.13,0.27
1397,Marko Ivezić,SRB,DF,Holstein Kiel,22,2001,23,18,1657,18.4,0,0,0,0,0,0,5,0,0.6,0.6,0.2,0.8,3,40,9,0.0,0.0,0.0,0.0,0.0,0.03,0.01,0.04,0.03,0.04
1398,Lee Jae-sung,KOR,MF,Mainz 05,31,1992,33,31,2650,29.4,7,6,13,7,0,0,4,0,5.3,5.3,5.0,10.3,28,105,165,0.24,0.2,0.44,0.24,0.44,0.18,0.17,0.35,0.18,0.35
1399,Kristijan Jakić,CRO,MF,Augsburg,27,1997,31,27,2306,25.6,0,1,1,0,0,0,2,0,0.8,0.8,1.2,2.0,24,106,49,0.0,0.04,0.04,0.0,0.04,0.03,0.05,0.08,0.03,0.08
1400,Luca Jaquez,SUI,DF,Stuttgart,21,2003,5,2,253,2.8,0,0,0,0,0,0,0,0,0.2,0.2,0.0,0.2,5,18,0,0.0,0.0,0.0,0.0,0.0,0.08,0.0,0.08,0.08,0.08
1401,Dominik Javorček,SVK,"DF,MF",Holstein Kiel,21,2002,13,4,386,4.3,0,2,2,0,0,0,2,0,0.0,0.0,1.0,1.0,7,4,23,0.0,0.47,0.47,0.0,0.47,0.0,0.23,0.24,0.0,0.24
1402,Finn Jeltsch,GER,DF,Stuttgart,18,2006,12,9,780,8.7,0,0,0,0,0,0,2,0,0.1,0.1,0.1,0.1,8,31,5,0.0,0.0,0.0,0.0,0.0,0.01,0.01,0.02,0.01,0.02
1403,Fredrik Jensen,FIN,MF,Augsburg,26,1997,20,9,763,8.5,0,0,0,0,0,0,0,0,0.7,0.7,0.7,1.4,16,20,58,0.0,0.0,0.0,0.0,0.0,0.08,0.08,0.16,0.08,0.16
1404,Moritz Jenz,GER,DF,Mainz 05,25,1999,19,18,1600,17.8,0,0,0,0,0,0,4,0,1.6,1.6,0.3,1.8,1,47,3,0.0,0.0,0.0,0.0,0.0,0.09,0.01,0.1,0.09,0.1
1405,Carl Johansson,SWE,DF,Holstein Kiel,30,1994,10,7,568,6.3,0,0,0,0,0,0,0,1,0.0,0.0,0.4,0.5,0,12,0,0.0,0.0,0.0,0.0,0.0,0.01,0.06,0.07,0.01,0.07
1406,Anthony Jung,GER,DF,Werder Bremen,32,1991,28,20,1898,21.1,0,0,0,0,0,0,1,0,0.0,0.0,0.1,0.1,20,121,6,0.0,0.0,0.0,0.0,0.0,0.0,0.0,0.0,0.0,0.0
1407,Josip Juranović,CRO,"DF,MF",Union Berlin,28,1995,17,13,1159,12.9,0,1,1,0,0,0,4,0,0.3,0.3,1.8,2.1,19,52,45,0.0,0.08,0.08,0.0,0.08,0.02,0.14,0.16,0.02,0.16
1408,David Jurásek,CZE,DF,Hoffenheim,23,2000,14,6,619,6.9,0,1,1,0,0,0,0,0,0.1,0.1,0.9,1.0,17,22,42,0.0,0.15,0.15,0.0,0.15,0.02,0.13,0.14,0.02,0.14
1409,Yusuf Kabadayı,GER,"FW,MF",Augsburg,20,2004,5,0,71,0.8,1,0,1,1,0,0,0,0,0.6,0.6,0.0,0.7,2,3,8,1.27,0.0,1.27,1.27,1.27,0.82,0.06,0.89,0.82,0.89
1410,Almugera Kabar,GER,DF,Dortmund,18,2006,5,1,137,1.5,0,0,0,0,0,0,2,1,0.0,0.0,0.5,0.5,5,6,2,0.0,0.0,0.0,0.0,0.0,0.0,0.36,0.36,0.0,0.36
1411,Issa Kaboré,BFA,"DF,FW",Werder Bremen,23,2001,9,3,308,3.4,0,0,0,0,0,0,0,0,0.7,0.7,0.8,1.5,15,8,35,0.0,0.0,0.0,0.0,0.0,0.2,0.25,0.45,0.2,0.45
1412,Pavel Kadeřábek,CZE,DF,Hoffenheim,32,1992,24,18,1576,17.5,2,0,2,2,0,0,6,0,0.8,0.8,2.0,2.7,15,47,86,0.11,0.0,0.11,0.11,0.11,0.04,0.11,0.16,0.04,0.16
1413,Jakub Kamiński,POL,"DF,MF",Wolfsburg,22,2002,22,12,1130,12.6,0,2,2,0,0,0,2,0,0.9,0.9,3.3,4.2,41,40,69,0.0,0.16,0.16,0.0,0.16,0.07,0.26,0.34,0.07,0.34
1414,Kevin Kampl,SVN,MF,RB Leipzig,33,1990,26,18,1593,17.7,1,0,1,1,0,0,5,0,0.8,0.8,1.4,2.2,21,106,32,0.06,0.0,0.06,0.06,0.06,0.05,0.08,0.13,0.05,0.13
1415,Harry Kane,ENG,FW,Bayern Munich,31,1993,31,28,2381,26.5,26,9,35,17,9,9,5,0,20.3,13.3,5.3,18.6,29,97,143,0.98,0.34,1.32,0.64,0.98,0.77,0.2,0.97,0.5,0.7
1416,Atakan Karazor,TUR,MF,Stuttgart,27,1996,32,31,2618,29.1,2,4,6,2,0,0,10,1,2.3,2.0,2.6,4.6,19,140,33,0.07,0.14,0.21,0.07,0.21,0.08,0.09,0.17,0.07,0.16
1417,Mikkel Kaufmann,DEN,FW,Heidenheim,23,2001,9,3,372,4.1,0,0,0,0,0,0,2,0,0.5,0.5,0.1,0.6,4,10,21,0.0,0.0,0.0,0.0,0.0,0.13,0.03,0.15,0.13,0.15
1418,Yannik Keitel,GER,MF,Stuttgart,24,2000,11,2,270,3.0,0,0,0,0,0,0,1,0,0.5,0.5,0.0,0.6,2,11,3,0.0,0.0,0.0,0.0,0.0,0.18,0.01,0.19,0.18,0.19
1419,Andu Kelati,GER,"MF,DF",Holstein Kiel,21,2002,8,2,288,3.2,1,1,2,1,0,0,2,1,0.9,0.9,0.8,1.7,3,19,11,0.31,0.31,0.62,0.31,0.62,0.27,0.26,0.53,0.27,0.53
1420,Thomas Keller,GER,"DF,MF",Heidenheim,24,1999,6,2,148,1.6,0,0,0,0,0,0,2,0,0.0,0.0,0.0,0.0,0,6,0,0.0,0.0,0.0,0.0,0.0,0.01,0.0,0.01,0.01,0.01
1421,Aljoscha Kemlein,GER,MF,Union Berlin,19,2004,15,11,922,10.2,1,0,1,1,0,0,3,0,0.9,0.9,0.6,1.5,5,42,19,0.1,0.0,0.1,0.1,0.1,0.09,0.06,0.15,0.09,0.15
1422,Luca Kerber,GER,"MF,DF",Heidenheim,22,2002,23,7,783,8.7,2,0,2,2,0,0,4,0,0.6,0.6,0.7,1.3,1,16,12,0.23,0.0,0.23,0.23,0.23,0.07,0.08,0.15,0.07,0.15
1423,Rani Khedira,GER,MF,Union Berlin,30,1994,32,31,2723,30.3,1,1,2,1,0,0,7,0,1.4,1.4,0.6,2.1,12,80,34,0.03,0.03,0.07,0.03,0.07,0.05,0.02,0.07,0.05,0.07
1424,Joshua Kimmich,GER,MF,Bayern Munich,29,1995,33,32,2847,31.6,3,7,10,3,0,0,4,0,1.8,1.8,7.4,9.2,51,362,77,0.09,0.22,0.32,0.09,0.32,0.06,0.24,0.29,0.06,0.29
1425,Tim Kleindienst,GER,FW,Gladbach,28,1995,31,31,2737,30.4,16,7,23,15,1,2,5,1,13.6,11.9,6.2,18.0,45,63,145,0.53,0.23,0.76,0.49,0.72,0.45,0.2,0.65,0.39,0.59
1426,Lukas Klostermann,GER,DF,RB Leipzig,28,1996,28,20,1838,20.4,1,0,1,1,0,0,5,0,0.3,0.3,0.1,0.4,16,83,26,0.05,0.0,0.05,0.05,0.05,0.02,0.01,0.02,0.02,0.02
1427,Ansgar Knauff,GER,"MF,DF",Eint Frankfurt,22,2002,30,18,1597,17.7,4,5,9,4,0,0,3,0,4.9,4.9,5.2,10.0,53,58,146,0.23,0.28,0.51,0.23,0.51,0.28,0.29,0.57,0.28,0.57
1428,Magnus Knudsen,NOR,MF,Holstein Kiel,23,2001,31,22,1850,20.6,0,1,1,0,0,0,7,0,0.7,0.7,1.3,2.0,16,54,25,0.0,0.05,0.05,0.0,0.05,0.03,0.06,0.1,0.03,0.1
1429,Gregor Kobel,SUI,GK,Dortmund,26,1997,32,32,2880,32.0,0,0,0,0,0,0,1,0,0.0,0.0,0.0,0.0,0,1,0,0.0,0.0,0.0,0.0,0.0,0.0,0.0,0.0,0.0,0.0
1430,Robin Koch,GER,DF,Eint Frankfurt,28,1996,30,30,2586,28.7,3,0,3,3,0,0,3,0,1.7,1.7,0.2,2.0,9,93,4,0.1,0.0,0.1,0.1,0.1,0.06,0.01,0.07,0.06,0.07
1431,Derrick Köhn,GER,"DF,FW",Werder Bremen,25,1999,27,14,1343,14.9,2,2,4,2,0,0,2,0,0.7,0.7,1.6,2.4,36,39,122,0.13,0.13,0.27,0.13,0.27,0.05,0.11,0.16,0.05,0.16
1432,Dominik Kohr,GER,"DF,MF",Mainz 05,30,1994,28,28,2295,25.5,2,0,2,2,0,0,11,1,1.6,1.6,0.6,2.1,26,101,31,0.08,0.0,0.08,0.08,0.08,0.06,0.02,0.08,0.06,0.08
1433,Marco Komenda,CRO,DF,Holstein Kiel,27,1996,19,17,1307,14.5,0,0,0,0,0,0,3,0,0.1,0.1,0.8,0.9,13,53,16,0.0,0.0,0.0,0.0,0.0,0.01,0.06,0.06,0.01,0.06
1434,Mert Kömür,GER,MF,Augsburg,19,2005,20,5,654,7.3,2,1,3,2,0,0,1,0,1.1,1.1,1.5,2.6,18,11,46,0.28,0.14,0.41,0.28,0.41,0.16,0.2,0.36,0.16,0.36
1435,Kacper Koscierski,GER,DF,Bochum,17,2007,1,0,7,0.1,0,0,0,0,0,0,0,0,0.0,0.0,0.0,0.0,0,0,0,0.0,0.0,0.0,0.0,0.0,0.0,0.0,0.0,0.0,0.0
1436,Henri Koudossou,GER,DF,Augsburg,24,1999,21,4,748,8.3,0,0,0,0,0,0,1,0,0.1,0.1,0.8,0.9,19,23,48,0.0,0.0,0.0,0.0,0.0,0.01,0.09,0.1,0.01,0.1
1437,Konstantinos Koulierakis,GRE,DF,Wolfsburg,20,2003,30,28,2468,27.4,0,2,2,0,0,0,4,0,1.0,1.0,1.0,1.9,20,104,8,0.0,0.07,0.07,0.0,0.07,0.03,0.04,0.07,0.03,0.07
1438,Matej Kovar,CZE,GK,Leverkusen,24,2000,5,5,450,5.0,0,0,0,0,0,0,0,0,0.0,0.0,0.0,0.0,0,0,0,0.0,0.0,0.0,0.0,0.0,0.0,0.0,0.0,0.0,0.0
1439,Andrej Kramarić,CRO,"MF,FW",Hoffenheim,33,1991,32,32,2767,30.7,11,8,19,8,3,3,4,0,11.8,9.5,4.3,13.7,75,143,202,0.36,0.26,0.62,0.26,0.52,0.38,0.14,0.52,0.31,0.45
1440,Frans Krätzig,GER,"DF,MF",Heidenheim,21,2003,16,15,1217,13.5,1,2,3,1,0,0,1,0,0.6,0.6,1.8,2.5,25,37,57,0.07,0.15,0.22,0.07,0.22,0.05,0.13,0.18,0.05,0.18
1441,Frans Krätzig,GER,DF,Stuttgart,21,2003,1,1,56,0.6,0,0,0,0,0,0,0,0,0.0,0.0,0.0,0.0,0,2,2,0.0,0.0,0.0,0.0,0.0,0.0,0.0,0.0,0.0,0.0
1442,Tom Krauß,GER,MF,Bochum,23,2001,14,13,1077,12.0,0,0,0,0,0,0,2,0,0.4,0.4,0.7,1.1,16,84,20,0.0,0.0,0.0,0.0,0.0,0.03,0.06,0.09,0.03,0.09
1443,Rasmus Kristensen,DEN,DF,Eint Frankfurt,27,1997,30,28,2513,27.9,5,3,8,5,0,0,4,0,2.5,2.5,3.1,5.6,51,172,162,0.18,0.11,0.29,0.18,0.29,0.09,0.11,0.2,0.09,0.2
1444,Lukas Kübler,GER,DF,Freiburg,31,1992,28,22,1842,20.5,5,1,6,5,0,0,5,0,2.7,2.7,0.8,3.5,24,78,49,0.24,0.05,0.29,0.24,0.29,0.13,0.04,0.17,0.13,0.17
1445,Jonah Kusi-Asare,SWE,FW,Bayern Munich,17,2007,1,0,3,0.0,0,0,0,0,0,0,0,0,0.0,0.0,0.0,0.0,0,0,0,0.0,0.0,0.0,0.0,0.0,1.12,0.0,1.12,1.12,1.12
1446,Moritz-Broni Kwarteng,GHA,"MF,FW",Bochum,26,1998,7,0,172,1.9,0,0,0,0,0,0,1,0,0.2,0.2,0.2,0.4,4,12,16,0.0,0.0,0.0,0.0,0.0,0.1,0.09,0.19,0.1,0.19
1447,Nediljko Labrović,CRO,GK,Augsburg,24,1999,15,15,1350,15.0,0,0,0,0,0,0,0,0,0.0,0.0,0.0,0.0,0,0,0,0.0,0.0,0.0,0.0,0.0,0.0,0.0,0.0,0.0,0.0
1448,Konrad Laimer,AUT,DF,Bayern Munich,27,1997,29,19,1699,18.9,2,2,4,2,0,0,8,0,2.1,2.1,2.7,4.8,87,141,113,0.11,0.11,0.21,0.11,0.21,0.11,0.14,0.25,0.11,0.25
1449,Stefan Lainer,AUT,DF,Gladbach,31,1992,21,6,757,8.4,1,0,1,1,0,0,2,0,0.3,0.3,1.0,1.3,25,25,32,0.12,0.0,0.12,0.12,0.12,0.04,0.12,0.15,0.04,0.15
1450,Hugo Larsson,SWE,MF,Eint Frankfurt,20,2004,33,28,2393,26.6,3,1,4,3,0,0,2,0,3.1,3.1,2.1,5.2,16,121,33,0.11,0.04,0.15,0.11,0.15,0.12,0.08,0.19,0.12,0.19
1451,Diogo Leite,POR,DF,Union Berlin,25,1999,30,29,2546,28.3,1,2,3,1,0,0,3,0,1.4,1.4,1.0,2.4,20,116,16,0.04,0.07,0.11,0.04,0.11,0.05,0.04,0.08,0.05,0.08
1452,Maxim Leitsch,GER,DF,Mainz 05,26,1998,14,6,674,7.5,1,0,1,1,0,0,2,0,1.2,1.2,0.2,1.4,4,25,5,0.13,0.0,0.13,0.13,0.13,0.16,0.03,0.19,0.16,0.19
1453,Jamie Leweling,GER,"MF,FW",Stuttgart,23,2001,27,22,1663,18.5,2,2,4,2,0,0,4,0,1.6,1.6,3.8,5.4,55,51,164,0.11,0.11,0.22,0.11,0.22,0.08,0.21,0.29,0.08,0.29
1454,Philipp Lienhart,AUT,DF,Freiburg,28,1996,32,31,2770,30.8,1,0,1,1,0,0,5,0,0.5,0.5,0.8,1.2,44,138,9,0.03,0.0,0.03,0.03,0.03,0.02,0.02,0.04,0.02,0.04
1455,Marin Ljubicic,CRO,"FW,MF",Union Berlin,22,2002,13,1,281,3.1,1,1,2,1,0,0,1,0,0.4,0.4,0.6,1.1,1,6,19,0.32,0.32,0.64,0.32,0.64,0.14,0.2,0.34,0.14,0.34
1456,Anthony Losilla,FRA,MF,Bochum,38,1986,21,13,1137,12.6,0,0,0,0,0,0,1,0,0.1,0.1,0.4,0.5,3,45,11,0.0,0.0,0.0,0.0,0.0,0.01,0.03,0.04,0.01,0.04
1457,Yannik Lührs,GER,DF,Dortmund,20,2003,3,1,127,1.4,0,0,0,0,0,0,0,0,0.0,0.0,0.0,0.0,2,1,1,0.0,0.0,0.0,0.0,0.0,0.0,0.03,0.03,0.0,0.03
1458,Castello Lukeba,FRA,DF,RB Leipzig,21,2002,23,18,1577,17.5,0,0,0,0,0,0,2,0,0.4,0.4,0.2,0.6,18,80,23,0.0,0.0,0.0,0.0,0.0,0.02,0.01,0.04,0.02,0.04
1459,Senne Lynen,BEL,MF,Werder Bremen,25,1999,32,32,2733,30.4,0,1,1,0,0,0,9,0,1.1,1.1,0.6,1.7,9,91,28,0.0,0.03,0.03,0.0,0.03,0.04,0.02,0.06,0.04,0.06
1460,Shuto Machino,JPN,"FW,MF",Holstein Kiel,24,1999,32,23,1953,21.7,11,2,13,9,2,2,2,0,6.5,4.9,3.0,7.9,30,59,108,0.51,0.09,0.6,0.41,0.51,0.3,0.14,0.44,0.23,0.36
1461,Arne Maier,GER,MF,Augsburg,25,1999,28,7,938,10.4,0,0,0,0,0,0,0,1,1.5,1.5,1.5,3.0,19,44,56,0.0,0.0,0.0,0.0,0.0,0.15,0.14,0.29,0.15,0.29
1462,Patrick Mainka,GER,DF,Heidenheim,29,1994,34,34,3060,34.0,1,1,2,1,0,0,3,0,1.9,1.9,0.3,2.3,21,102,12,0.03,0.03,0.06,0.03,0.06,0.06,0.01,0.07,0.06,0.07
1463,Lovro Majer,CRO,MF,Wolfsburg,26,1998,9,3,304,3.4,2,1,3,1,1,1,1,0,1.4,0.6,1.1,1.7,8,17,10,0.59,0.3,0.89,0.3,0.59,0.41,0.31,0.72,0.18,0.49
1464,Jordy Makengo,FRA,DF,Freiburg,22,2001,19,7,745,8.3,0,0,0,0,0,0,1,0,0.0,0.0,0.2,0.2,9,15,35,0.0,0.0,0.0,0.0,0.0,0.0,0.03,0.03,0.0,0.03
1465,Jarzinho Malanga,GER,DF,Stuttgart,18,2006,1,0,2,0.0,0,0,0,0,0,0,0,0,0.0,0.0,0.0,0.0,0,0,2,0.0,0.0,0.0,0.0,0.0,0.0,0.0,0.0,0.0,0.0
1466,Julián Malatini,ARG,DF,Werder Bremen,23,2001,10,5,454,5.0,1,1,2,1,0,0,1,0,0.2,0.2,0.5,0.7,8,24,4,0.2,0.2,0.4,0.2,0.4,0.05,0.09,0.14,0.05,0.14
1467,Donyell Malen,NED,"FW,MF",Dortmund,25,1999,14,6,614,6.8,3,0,3,3,0,0,1,0,2.9,2.9,0.2,3.2,23,17,75,0.44,0.0,0.44,0.44,0.44,0.43,0.03,0.46,0.43,0.46
1468,Lennard Maloney,USA,MF,Heidenheim,24,1999,11,10,760,8.4,0,0,0,0,0,0,1,0,0.3,0.3,0.0,0.4,1,14,0,0.0,0.0,0.0,0.0,0.0,0.04,0.0,0.04,0.04,0.04
1469,Lennard Maloney,USA,MF,Mainz 05,24,1999,5,0,26,0.3,0,0,0,0,0,0,1,0,0.0,0.0,0.0,0.0,1,0,0,0.0,0.0,0.0,0.0,0.0,0.0,0.0,0.0,0.0,0.0
1470,Johan Manzambi,SUI,"FW,MF",Freiburg,18,2005,11,4,335,3.7,2,1,3,2,0,0,2,0,1.3,1.3,0.4,1.8,7,10,12,0.54,0.27,0.81,0.54,0.81,0.36,0.12,0.47,0.36,0.47
1471,Omar Marmoush,EGY,FW,Eint Frankfurt,25,1999,17,17,1448,16.1,15,9,24,13,2,2,2,0,8.8,7.3,6.2,13.5,73,50,125,0.93,0.56,1.49,0.81,1.37,0.55,0.39,0.94,0.45,0.84
1472,Giorgos Masouras,GRE,"FW,MF",Bochum,30,1994,14,12,1055,11.7,2,1,3,2,0,0,1,0,3.9,3.9,1.1,5.0,26,19,82,0.17,0.09,0.26,0.17,0.26,0.33,0.09,0.43,0.33,0.43
1473,Erhan Mašović,SRB,DF,Bochum,25,1998,16,10,910,10.1,1,1,2,1,0,0,2,0,0.6,0.6,0.9,1.5,1,35,4,0.1,0.1,0.2,0.1,0.2,0.06,0.09,0.15,0.06,0.15
1474,Igor Matanovic,CRO,FW,Eint Frankfurt,21,2003,16,2,312,3.5,1,0,1,1,0,0,0,0,1.1,1.1,0.0,1.2,2,6,19,0.29,0.0,0.29,0.29,0.29,0.33,0.01,0.34,0.33,0.34
1475,Chrislain Matsima,FRA,DF,Augsburg,22,2002,30,28,2551,28.3,1,1,2,1,0,0,4,0,1.8,1.8,0.3,2.1,14,84,13,0.04,0.04,0.07,0.04,0.07,0.06,0.01,0.07,0.06,0.07
1476,Jean Mattéo Bahoya,FRA,"MF,FW",Eint Frankfurt,19,2005,24,10,921,10.2,2,3,5,2,0,0,3,0,1.9,1.9,1.7,3.6,24,28,93,0.2,0.29,0.49,0.2,0.49,0.18,0.17,0.35,0.18,0.35
1477,Maurides,BRA,FW,St. Pauli,30,1994,1,0,2,0.0,0,0,0,0,0,0,0,0,0.0,0.0,0.0,0.0,0,0,0,0.0,0.0,0.0,0.0,0.0,0.0,0.0,0.0,0.0,0.0
1478,Keke Maximilian Topp,GER,"FW,MF",Werder Bremen,20,2004,19,1,252,2.8,2,2,4,2,0,0,1,0,1.0,1.0,2.0,3.0,10,9,27,0.71,0.71,1.43,0.71,1.43,0.35,0.72,1.08,0.35,1.08
1479,Jakov Medić,CRO,DF,Bochum,25,1998,23,17,1603,17.8,1,0,1,1,0,0,2,0,0.9,0.9,0.2,1.0,2,27,3,0.06,0.0,0.06,0.06,0.06,0.05,0.01,0.06,0.05,0.06
1480,Connor Metcalfe,AUS,"MF,FW",St. Pauli,24,1999,10,3,358,4.0,0,0,0,0,0,0,2,1,0.7,0.7,0.2,0.9,6,8,11,0.0,0.0,0.0,0.0,0.0,0.18,0.04,0.22,0.18,0.22
1481,Karol Mets,EST,DF,St. Pauli,31,1993,10,10,900,10.0,0,0,0,0,0,0,1,0,0.1,0.1,0.2,0.3,5,54,2,0.0,0.0,0.0,0.0,0.0,0.01,0.02,0.03,0.01,0.03
1482,Alexander Meyer,GER,GK,Dortmund,33,1991,2,2,180,2.0,0,0,0,0,0,0,0,0,0.0,0.0,0.1,0.1,0,0,0,0.0,0.0,0.0,0.0,0.0,0.0,0.06,0.06,0.0,0.06
1483,Florian Micheler,AUT,MF,Hoffenheim,19,2005,1,0,32,0.4,0,0,0,0,0,0,1,0,0.0,0.0,0.0,0.0,1,1,1,0.0,0.0,0.0,0.0,0.0,0.0,0.0,0.0,0.0,0.0
1484,Enzo Millot,FRA,"MF,FW",Stuttgart,22,2002,29,22,1843,20.5,6,5,11,6,0,1,9,0,7.6,6.7,3.1,9.8,44,118,123,0.29,0.24,0.54,0.29,0.54,0.37,0.15,0.52,0.33,0.48
1485,Kim Min-jae,KOR,DF,Bayern Munich,27,1996,27,27,2283,25.4,2,0,2,2,0,0,2,0,1.6,1.6,0.3,1.9,16,181,5,0.08,0.0,0.08,0.08,0.08,0.06,0.01,0.08,0.06,0.08
1486,Maximilian Mittelstädt,GER,DF,Stuttgart,27,1997,31,28,2469,27.4,1,7,8,1,0,0,5,0,0.9,0.9,4.7,5.6,62,182,155,0.04,0.26,0.29,0.04,0.29,0.03,0.17,0.2,0.03,0.2
1487,Koji Miyoshi,JPN,"FW,MF",Bochum,27,1997,15,6,464,5.2,1,0,1,1,0,0,0,1,1.1,1.1,0.8,1.9,11,15,23,0.19,0.0,0.19,0.19,0.19,0.21,0.15,0.36,0.21,0.36
1488,Max Moerstedt,GER,FW,Hoffenheim,19,2006,12,5,451,5.0,0,0,0,0,0,0,2,0,0.8,0.8,0.6,1.3,6,10,36,0.0,0.0,0.0,0.0,0.0,0.15,0.12,0.27,0.15,0.27
1489,David Mokwa,FRA,"DF,FW",Hoffenheim,20,2004,2,0,22,0.2,0,0,0,0,0,0,0,0,0.3,0.3,0.0,0.3,0,0,0,0.0,0.0,0.0,0.0,0.0,1.21,0.0,1.21,1.21,1.21
1490,Steve Mounié,BEN,"FW,MF",Augsburg,29,1994,16,1,347,3.9,1,0,1,1,0,0,2,0,3.2,3.2,0.0,3.2,8,11,27,0.26,0.0,0.26,0.26,0.26,0.82,0.01,0.83,0.82,0.83
1491,Nordi Mukiele,FRA,DF,Leverkusen,26,1997,15,10,899,10.0,1,0,1,1,0,0,4,0,1.4,1.4,1.0,2.4,20,36,28,0.1,0.0,0.1,0.1,0.1,0.14,0.1,0.24,0.14,0.24
1492,Florian Müller,GER,GK,Freiburg,26,1997,9,8,753,8.4,0,0,0,0,0,0,0,0,0.0,0.0,0.0,0.0,0,0,0,0.0,0.0,0.0,0.0,0.0,0.0,0.0,0.0,0.0,0.0
1493,Kevin Müller,GER,GK,Heidenheim,33,1991,33,33,2939,32.7,0,0,0,0,0,0,0,0,0.0,0.0,0.0,0.0,0,1,0,0.0,0.0,0.0,0.0,0.0,0.0,0.0,0.0,0.0,0.0
1494,Marius Müller,GER,GK,Wolfsburg,31,1993,6,5,475,5.3,0,0,0,0,0,0,0,0,0.0,0.0,0.0,0.0,0,0,0,0.0,0.0,0.0,0.0,0.0,0.0,0.0,0.0,0.0,0.0
1495,Thomas Müller,GER,"MF,FW",Bayern Munich,34,1989,30,12,1225,13.6,1,4,5,1,0,0,3,0,3.8,3.8,2.9,6.7,24,50,143,0.07,0.29,0.37,0.07,0.37,0.28,0.21,0.49,0.28,0.49
1496,Jamal Musiala,GER,MF,Bayern Munich,21,2003,25,21,1798,20.0,12,2,14,12,0,0,3,0,9.3,9.3,4.5,13.8,71,107,156,0.6,0.1,0.7,0.6,0.7,0.46,0.23,0.69,0.46,0.69
1497,Florent Muslija,KVX,"FW,MF",Freiburg,26,1998,9,0,168,1.9,0,0,0,0,0,0,0,0,0.3,0.3,0.3,0.6,5,7,14,0.0,0.0,0.0,0.0,0.0,0.14,0.16,0.3,0.14,0.3
1498,Phillipp Mwene,AUT,DF,Mainz 05,30,1994,32,32,2607,29.0,1,4,5,1,0,0,7,0,1.5,1.5,1.9,3.4,62,106,144,0.03,0.14,0.17,0.03,0.17,0.05,0.06,0.12,0.05,0.12
1499,Joakim Mæhle,DEN,DF,Wolfsburg,27,1997,28,25,2188,24.3,3,4,7,3,0,0,6,0,2.0,2.0,2.2,4.3,59,88,117,0.12,0.16,0.29,0.12,0.29,0.08,0.09,0.18,0.08,0.18
1500,Nathan N'Goumou,CMR,FW,Gladbach,24,2000,19,9,828,9.2,2,1,3,2,0,0,0,0,1.9,1.9,1.3,3.2,30,16,85,0.22,0.11,0.33,0.22,0.33,0.2,0.14,0.34,0.2,0.34
1501,Stanley N'Soki,FRA,DF,Hoffenheim,25,1999,22,16,1308,14.5,0,0,0,0,0,0,3,1,0.1,0.1,0.4,0.5,10,52,6,0.0,0.0,0.0,0.0,0.0,0.01,0.03,0.03,0.01,0.03
1502,Nikolas Nartey,DEN,MF,Stuttgart,24,2000,1,0,22,0.2,0,0,0,0,0,0,0,0,0.0,0.0,0.0,0.0,0,0,0,0.0,0.0,0.0,0.0,0.0,0.0,0.0,0.0,0.0,0.0
1503,Paul Nebel,GER,MF,Mainz 05,21,2002,31,26,2345,26.1,10,4,14,10,0,0,5,1,5.8,5.8,4.1,9.8,67,91,219,0.38,0.15,0.54,0.38,0.54,0.22,0.16,0.38,0.22,0.38
1504,Kosta Nedeljković,SRB,DF,RB Leipzig,18,2005,10,6,479,5.3,0,0,0,0,0,0,1,0,0.5,0.5,0.3,0.7,10,16,27,0.0,0.0,0.0,0.0,0.0,0.09,0.05,0.14,0.09,0.14
1505,Ivan Nekić,CRO,DF,Holstein Kiel,23,2000,1,1,71,0.8,0,0,0,0,0,0,0,0,0.0,0.0,0.0,0.0,0,2,0,0.0,0.0,0.0,0.0,0.0,0.0,0.0,0.0,0.0,0.0
1506,David Nemeth,AUT,DF,St. Pauli,23,2001,24,24,2137,23.7,0,1,1,0,0,0,3,0,0.2,0.2,0.1,0.3,14,65,5,0.0,0.04,0.04,0.0,0.04,0.01,0.01,0.01,0.01,0.01
1507,Luca Netz,GER,DF,Gladbach,21,2003,24,8,969,10.8,0,2,2,0,0,0,2,0,0.2,0.2,1.9,2.1,16,28,55,0.0,0.19,0.19,0.0,0.19,0.02,0.18,0.2,0.02,0.2
1508,Manuel Neuer,GER,GK,Bayern Munich,38,1986,22,22,1980,22.0,0,0,0,0,0,0,0,0,0.0,0.0,0.5,0.5,0,10,0,0.0,0.0,0.0,0.0,0.0,0.0,0.02,0.02,0.0,0.02
1509,Florian Neuhaus,GER,MF,Gladbach,27,1997,18,2,382,4.2,0,1,1,0,0,0,1,0,0.6,0.6,0.3,0.9,10,27,8,0.0,0.24,0.24,0.0,0.24,0.14,0.08,0.22,0.14,0.22
1510,Moritz Nicolas,GER,GK,Gladbach,26,1997,19,19,1639,18.2,0,0,0,0,0,0,0,0,0.0,0.0,0.0,0.0,0,0,0,0.0,0.0,0.0,0.0,0.0,0.0,0.0,0.0,0.0,0.0
1511,Julian Niehues,GER,MF,Heidenheim,23,2001,8,0,154,1.7,0,0,0,0,0,0,1,0,0.2,0.2,0.1,0.4,0,6,3,0.0,0.0,0.0,0.0,0.0,0.15,0.08,0.22,0.15,0.22
1512,Justin Njinmah,GER,"FW,MF",Werder Bremen,23,2000,26,10,952,10.6,3,2,5,3,0,0,1,0,3.7,3.7,1.6,5.2,33,23,103,0.28,0.19,0.47,0.28,0.47,0.35,0.15,0.49,0.35,0.49
1513,Niels Nkounkou,FRA,"DF,MF",Eint Frankfurt,23,2000,12,4,382,4.2,0,0,0,0,0,0,1,0,0.2,0.2,1.3,1.5,17,15,21,0.0,0.0,0.0,0.0,0.0,0.04,0.31,0.35,0.04,0.35
1514,Felix Nmecha,GER,MF,Dortmund,23,2000,26,19,1509,16.8,4,1,5,4,0,0,3,0,1.3,1.3,1.1,2.4,21,85,27,0.24,0.06,0.3,0.24,0.3,0.08,0.07,0.15,0.08,0.15
1515,Lukas Nmecha,GER,"FW,MF",Wolfsburg,25,1998,19,3,467,5.2,3,0,3,3,0,0,1,0,4.5,4.5,0.3,4.8,8,6,32,0.58,0.0,0.58,0.58,0.58,0.87,0.05,0.92,0.87,0.92
1516,Arnaud Nordin,FRA,"DF,MF",Mainz 05,26,1998,6,0,80,0.9,0,0,0,0,0,0,0,0,0.0,0.0,0.5,0.5,3,1,15,0.0,0.0,0.0,0.0,0.0,0.03,0.51,0.54,0.03,0.54
1517,Alexander Nübel,GER,GK,Stuttgart,27,1996,34,34,3060,34.0,0,1,1,0,0,0,0,0,0.0,0.0,0.3,0.3,0,0,0,0.0,0.03,0.03,0.0,0.03,0.0,0.01,0.01,0.0,0.01
1518,Antonio Nusa,NOR,"MF,DF",RB Leipzig,19,2005,25,16,1558,17.3,3,3,6,3,0,0,0,0,1.6,1.6,2.8,4.4,57,52,123,0.17,0.17,0.35,0.17,0.35,0.09,0.16,0.26,0.09,0.26
1519,David Odogu,GER,DF,Wolfsburg,18,2006,3,2,195,2.2,0,0,0,0,0,0,0,0,0.2,0.2,0.0,0.2,1,8,0,0.0,0.0,0.0,0.0,0.0,0.1,0.0,0.1,0.1,0.1
1520,Tim Oermann,GER,DF,Bochum,20,2003,29,26,2213,24.6,0,2,2,0,0,0,0,0,0.2,0.2,0.6,0.8,15,61,16,0.0,0.08,0.08,0.0,0.08,0.01,0.02,0.03,0.01,0.03
1521,Ifechukwu Ogbus,SUI,DF,Freiburg,18,2005,2,0,19,0.2,0,0,0,0,0,0,0,0,0.0,0.0,0.0,0.0,0,0,0,0.0,0.0,0.0,0.0,0.0,0.0,0.0,0.0,0.0,0.0
1522,Finn Ole Becker,GER,MF,Hoffenheim,24,2000,13,7,670,7.4,0,1,1,0,0,0,1,0,0.1,0.1,0.3,0.4,3,45,7,0.0,0.13,0.13,0.0,0.13,0.02,0.04,0.05,0.02,0.05
1523,Michael Olise,FRA,"FW,MF",Bayern Munich,22,2001,34,28,2334,25.9,12,15,27,12,0,0,3,0,9.7,9.7,12.0,21.7,119,184,381,0.46,0.58,1.04,0.46,1.04,0.38,0.46,0.84,0.38,0.84
1524,Jonas Omlin,SUI,GK,Gladbach,30,1994,12,11,978,10.9,0,0,0,0,0,0,0,1,0.0,0.0,0.0,0.0,0,0,0,0.0,0.0,0.0,0.0,0.0,0.0,0.0,0.0,0.0,0.0
1525,Karim Onisiwo,AUT,"MF,FW",Mainz 05,32,1992,6,1,110,1.2,0,0,0,0,0,0,0,0,0.1,0.1,0.3,0.4,1,0,8,0.0,0.0,0.0,0.0,0.0,0.06,0.27,0.33,0.06,0.33
1526,Frank Onyeka,NGA,MF,Augsburg,26,1998,31,30,2586,28.7,0,1,1,0,0,0,8,0,1.4,1.4,1.3,2.7,46,106,71,0.0,0.03,0.03,0.0,0.03,0.05,0.04,0.09,0.05,0.09
1527,Loïs Openda,BEL,"FW,MF",RB Leipzig,24,2000,33,28,2453,27.3,9,5,14,9,0,1,5,1,9.0,8.2,3.4,11.6,58,47,229,0.33,0.18,0.51,0.33,0.51,0.33,0.12,0.45,0.3,0.43
1528,Gift Orban,NGA,FW,Hoffenheim,22,2002,13,7,687,7.6,4,0,4,4,0,0,2,0,3.4,3.4,0.2,3.6,8,7,35,0.52,0.0,0.52,0.52,0.52,0.44,0.03,0.47,0.44,0.47
1529,Willi Orban,HUN,DF,RB Leipzig,31,1992,25,25,2222,24.7,5,0,5,5,0,0,4,2,4.0,4.0,1.0,5.0,15,106,8,0.2,0.0,0.2,0.2,0.2,0.16,0.04,0.2,0.16,0.2
1530,Ivan Ordets,UKR,DF,Bochum,32,1992,22,21,1861,20.7,0,0,0,0,0,0,6,0,0.7,0.7,0.7,1.5,2,48,4,0.0,0.0,0.0,0.0,0.0,0.04,0.04,0.07,0.04,0.07
1531,Patrick Osterhage,GER,MF,Freiburg,24,2000,30,27,2267,25.2,1,0,1,1,0,0,6,1,1.7,1.7,1.4,3.1,26,73,50,0.04,0.0,0.04,0.04,0.04,0.07,0.06,0.12,0.07,0.12
1532,Assan Ouedraogo,GER,MF,RB Leipzig,18,2006,3,0,50,0.6,0,0,0,0,0,0,0,0,0.1,0.1,0.0,0.1,2,1,2,0.0,0.0,0.0,0.0,0.0,0.11,0.0,0.11,0.11,0.11
1533,Salih Özcan,TUR,MF,Wolfsburg,26,1998,11,3,353,3.9,0,0,0,0,0,0,0,0,0.1,0.1,0.8,0.9,6,22,5,0.0,0.0,0.0,0.0,0.0,0.03,0.2,0.23,0.03,0.23
1534,Salih Özcan,TUR,MF,Dortmund,26,1998,11,3,391,4.3,0,0,0,0,0,0,0,0,0.3,0.3,0.4,0.7,4,31,4,0.0,0.0,0.0,0.0,0.0,0.08,0.09,0.17,0.08,0.17
1535,Exequiel Palacios,ARG,MF,Leverkusen,25,1998,24,11,1155,12.8,1,6,7,1,0,0,2,0,1.5,1.5,2.3,3.8,15,97,40,0.08,0.47,0.55,0.08,0.55,0.12,0.18,0.3,0.12,0.3
1536,João Palhinha,POR,MF,Bayern Munich,29,1995,17,6,673,7.5,0,0,0,0,0,0,2,1,0.7,0.7,0.2,0.9,3,32,7,0.0,0.0,0.0,0.0,0.0,0.09,0.03,0.12,0.09,0.12
1537,Mats Pannewig,GER,MF,Bochum,19,2004,14,2,267,3.0,0,0,0,0,0,0,1,0,0.8,0.8,0.1,0.9,3,10,16,0.0,0.0,0.0,0.0,0.0,0.27,0.04,0.31,0.27,0.31
1538,Kevin Paredes,USA,DF,Wolfsburg,21,2003,2,2,123,1.4,0,1,1,0,0,0,1,0,0.4,0.4,0.1,0.4,1,7,12,0.0,0.73,0.73,0.0,0.73,0.27,0.05,0.32,0.27,0.32
1539,Felix Passlack,GER,"DF,MF",Bochum,26,1998,31,30,2334,25.9,1,6,7,1,0,0,4,0,1.3,1.3,3.9,5.2,43,65,118,0.04,0.23,0.27,0.04,0.27,0.05,0.15,0.2,0.05,0.2
1540,Aleksandar Pavlovic,GER,MF,Bayern Munich,20,2004,21,18,1451,16.1,1,0,1,1,0,0,2,0,0.6,0.6,0.2,0.8,15,128,33,0.06,0.0,0.06,0.06,0.06,0.03,0.01,0.05,0.03,0.05
1541,Mads Pedersen,DEN,DF,Augsburg,27,1996,7,2,235,2.6,0,0,0,0,0,0,0,0,0.1,0.1,0.0,0.1,1,11,10,0.0,0.0,0.0,0.0,0.0,0.03,0.0,0.03,0.03,0.03
1542,Jordan Pefok,USA,FW,Union Berlin,28,1996,18,10,908,10.1,0,1,1,0,0,0,2,0,3.2,3.2,0.9,4.1,3,12,40,0.0,0.1,0.1,0.0,0.1,0.32,0.09,0.4,0.32,0.4
1543,Daniel Peretz,ISR,GK,Bayern Munich,24,2000,3,3,270,3.0,0,0,0,0,0,0,1,0,0.0,0.0,0.0,0.0,0,1,0,0.0,0.0,0.0,0.0,0.0,0.0,0.0,0.0,0.0,0.0
1544,Noah Pesch,CRO,FW,Gladbach,19,2005,1,0,6,0.1,0,0,0,0,0,0,0,0,0.0,0.0,0.0,0.0,0,1,1,0.0,0.0,0.0,0.0,0.0,0.0,0.0,0.0,0.0,0.0
1545,Luca Philipp,GER,GK,Hoffenheim,23,2000,6,6,540,6.0,0,0,0,0,0,0,0,0,0.0,0.0,0.0,0.0,0,0,0,0.0,0.0,0.0,0.0,0.0,0.0,0.0,0.0,0.0,0.0
1546,Maximilian Philipp,GER,"MF,FW",Freiburg,30,1994,2,0,17,0.2,0,0,0,0,0,0,0,0,0.0,0.0,0.0,0.0,0,0,0,0.0,0.0,0.0,0.0,0.0,0.22,0.0,0.22,0.22,0.22
1547,Benedikt Pichler,AUT,FW,Holstein Kiel,27,1997,18,7,785,8.7,1,2,3,1,0,0,1,0,2.3,2.3,1.1,3.4,18,19,58,0.11,0.23,0.34,0.11,0.34,0.26,0.13,0.39,0.26,0.39
1548,Amos Pieper,GER,DF,Werder Bremen,26,1998,23,16,1498,16.6,0,0,0,0,0,0,3,0,0.4,0.4,0.6,1.0,11,62,3,0.0,0.0,0.0,0.0,0.0,0.03,0.04,0.06,0.03,0.06
1549,Marvin Pieringer,GER,"FW,MF",Heidenheim,24,1999,31,26,2206,24.5,7,4,11,4,3,3,7,0,8.9,6.6,4.0,10.6,23,59,115,0.29,0.16,0.45,0.16,0.33,0.36,0.16,0.53,0.27,0.43
1550,Alassane Pléa,FRA,"MF,FW",Gladbach,31,1993,30,24,1902,21.1,11,4,15,10,1,1,3,0,7.4,6.6,3.1,9.8,51,116,141,0.52,0.19,0.71,0.47,0.66,0.35,0.15,0.5,0.31,0.46
1551,Finn Porath,GER,"DF,MF",Holstein Kiel,27,1997,31,20,1970,21.9,2,3,5,2,0,0,3,0,1.9,1.8,2.0,3.8,42,58,69,0.09,0.14,0.23,0.09,0.23,0.09,0.09,0.18,0.08,0.18
1552,Yussuf Poulsen,DEN,"FW,MF",RB Leipzig,30,1994,22,2,378,4.2,2,0,2,2,0,0,1,0,3.3,3.3,0.6,3.9,2,12,30,0.48,0.0,0.48,0.48,0.48,0.8,0.13,0.93,0.8,0.93
1553,Alexander Prass,AUT,DF,Hoffenheim,23,2001,23,19,1566,17.4,0,1,1,0,0,0,1,0,0.9,0.9,2.8,3.6,28,63,66,0.0,0.06,0.06,0.0,0.06,0.05,0.16,0.21,0.05,0.21
1554,David Preu,GER,"MF,DF",Union Berlin,19,2004,5,1,121,1.3,0,0,0,0,0,0,1,0,0.1,0.1,0.0,0.1,1,3,9,0.0,0.0,0.0,0.0,0.0,0.1,0.0,0.1,0.1,0.1
1555,Grischa Prömel,GER,MF,Hoffenheim,29,1995,2,2,174,1.9,0,0,0,0,0,0,0,0,0.0,0.0,0.0,0.0,2,5,3,0.0,0.0,0.0,0.0,0.0,0.0,0.0,0.0,0.0,0.0
1556,Ivan Prtajin,CRO,FW,Union Berlin,28,1996,5,2,161,1.8,0,0,0,0,0,0,0,0,0.5,0.5,0.1,0.7,1,1,17,0.0,0.0,0.0,0.0,0.0,0.29,0.08,0.37,0.29,0.37
1557,Tymoteusz Puchacz,POL,DF,Holstein Kiel,25,1999,10,5,396,4.4,0,1,1,0,0,0,0,0,0.1,0.1,0.6,0.7,13,8,30,0.0,0.23,0.23,0.0,0.23,0.02,0.14,0.16,0.02,0.16
1558,Leopold Querfeld,AUT,DF,Union Berlin,20,2003,27,17,1747,19.4,2,2,4,2,0,0,8,0,1.1,1.1,1.0,2.2,3,49,5,0.1,0.1,0.21,0.1,0.21,0.06,0.05,0.11,0.06,0.11
1559,Grant Ranos,ARM,FW,Gladbach,21,2003,2,0,20,0.2,0,0,0,0,0,0,1,0,0.0,0.0,0.0,0.0,1,1,2,0.0,0.0,0.0,0.0,0.0,0.0,0.0,0.0,0.0,0.0
1560,David Raum,GER,DF,RB Leipzig,26,1998,22,21,1783,19.8,1,5,6,1,0,0,5,0,0.5,0.5,6.5,6.9,36,71,127,0.05,0.25,0.3,0.05,0.3,0.02,0.33,0.35,0.02,0.35
1561,Rocco Reitz,GER,MF,Gladbach,22,2002,27,21,1830,20.3,2,1,3,2,0,0,1,0,1.7,1.7,2.1,3.8,18,91,30,0.1,0.05,0.15,0.1,0.15,0.08,0.1,0.19,0.08,0.19
1562,Nicolai Remberg,GER,MF,Holstein Kiel,24,2000,32,26,2417,26.9,0,1,1,0,0,0,11,0,1.5,1.5,0.8,2.3,25,80,31,0.0,0.04,0.04,0.0,0.04,0.06,0.03,0.09,0.06,0.09
1563,Elvis Rexhbeçaj,KVX,MF,Augsburg,26,1997,27,22,1785,19.8,1,1,2,1,0,0,8,0,1.4,1.4,1.1,2.5,31,94,82,0.05,0.05,0.1,0.05,0.1,0.07,0.05,0.13,0.07,0.13
1564,Gio Reyna,USA,MF,Dortmund,21,2002,16,3,350,3.9,2,0,2,2,0,0,3,0,0.2,0.2,0.2,0.4,5,22,19,0.51,0.0,0.51,0.51,0.51,0.04,0.06,0.1,0.04,0.1
1565,Fabian Rieder,SUI,"MF,FW",Stuttgart,22,2002,21,8,867,9.6,1,3,4,1,0,0,1,0,1.4,1.4,2.0,3.4,20,38,61,0.1,0.31,0.42,0.1,0.42,0.14,0.21,0.35,0.14,0.35
1566,Lasse Rieß,GER,GK,Mainz 05,23,2001,2,2,180,2.0,0,0,0,0,0,0,0,0,0.0,0.0,0.0,0.0,0,0,0,0.0,0.0,0.0,0.0,0.0,0.0,0.0,0.0,0.0,0.0
1567,Lars Ritzka,GER,"DF,MF",St. Pauli,26,1998,21,11,922,10.2,1,0,1,1,0,0,1,0,0.4,0.4,0.2,0.6,8,21,34,0.1,0.0,0.1,0.1,0.1,0.04,0.02,0.06,0.04,0.06
1568,Mads Roerslev,DEN,DF,Wolfsburg,25,1999,7,2,298,3.3,0,0,0,0,0,0,0,0,0.0,0.0,0.0,0.0,7,13,18,0.0,0.0,0.0,0.0,0.0,0.0,0.01,0.01,0.0,0.01
1569,Merlin Röhl,GER,"MF,FW",Freiburg,22,2002,19,11,965,10.7,0,1,1,0,0,0,2,0,0.8,0.8,1.7,2.5,20,22,60,0.0,0.09,0.09,0.0,0.09,0.07,0.16,0.23,0.07,0.23
1570,Lasse Rosenboom,GER,DF,Holstein Kiel,22,2002,26,21,1734,19.3,2,2,4,2,0,0,3,0,1.9,1.9,1.1,3.0,19,34,50,0.1,0.1,0.21,0.1,0.21,0.1,0.06,0.16,0.1,0.16
1571,Max Rosenfelder,GER,DF,Freiburg,21,2003,25,13,1249,13.9,1,0,1,1,0,0,2,0,0.4,0.4,0.7,1.0,24,29,18,0.07,0.0,0.07,0.07,0.07,0.03,0.05,0.08,0.03,0.08
1572,Tom Rothe,GER,"DF,MF",Union Berlin,19,2004,26,19,1670,18.6,3,3,6,3,0,0,4,1,1.8,1.8,1.3,3.1,25,50,91,0.16,0.16,0.32,0.16,0.32,0.1,0.07,0.17,0.1,0.17
1573,Anthony Rouault,FRA,DF,Stuttgart,23,2001,18,14,1212,13.5,1,0,1,1,0,0,1,0,0.5,0.5,0.3,0.8,6,52,4,0.07,0.0,0.07,0.07,0.07,0.04,0.02,0.06,0.04,0.06
1574,Jérôme Roussillon,FRA,"DF,MF",Union Berlin,31,1993,7,1,136,1.5,0,0,0,0,0,0,0,0,0.1,0.1,0.0,0.1,2,11,7,0.0,0.0,0.0,0.0,0.0,0.06,0.0,0.06,0.06,0.06
1575,Julian Ryerson,NOR,DF,Dortmund,26,1997,29,27,2259,25.1,2,3,5,2,0,0,6,1,0.7,0.7,4.5,5.2,66,92,136,0.08,0.12,0.2,0.08,0.2,0.03,0.18,0.21,0.03,0.21
1576,Frederik Rønnow,DEN,GK,Union Berlin,31,1992,28,28,2520,28.0,0,0,0,0,0,0,2,0,0.1,0.1,0.0,0.1,0,1,0,0.0,0.0,0.0,0.0,0.0,0.0,0.0,0.0,0.0,0.0
1577,Elias Saad,TUN,"FW,MF",St. Pauli,24,1999,18,10,900,10.0,3,2,5,3,0,0,1,0,2.8,2.8,0.8,3.6,29,27,76,0.3,0.2,0.5,0.3,0.5,0.28,0.08,0.36,0.28,0.36
1578,Marcel Sabitzer,AUT,MF,Dortmund,30,1994,26,18,1616,18.0,1,0,1,1,0,0,3,0,1.8,1.8,1.6,3.3,24,97,70,0.06,0.0,0.06,0.06,0.06,0.1,0.09,0.19,0.1,0.19
1579,Faik Sakar,GER,MF,RB Leipzig,16,2008,1,0,1,0.0,0,0,0,0,0,0,0,0,0.0,0.0,0.0,0.0,0,0,0,0.0,0.0,0.0,0.0,0.0,0.0,0.0,0.0,0.0,0.0
1580,Manolis Saliakas,GRE,"MF,DF",St. Pauli,27,1996,30,26,2314,25.7,2,1,3,2,0,0,4,0,1.5,1.5,2.6,4.1,28,93,80,0.08,0.04,0.12,0.08,0.12,0.06,0.1,0.16,0.06,0.16
1581,Roland Sallai,HUN,"FW,MF",Freiburg,27,1997,2,0,46,0.5,0,0,0,0,0,0,0,0,0.1,0.1,0.1,0.2,4,3,2,0.0,0.0,0.0,0.0,0.0,0.25,0.16,0.41,0.25,0.41
1582,Diadie Samassékou,MLI,MF,Hoffenheim,28,1996,8,6,290,3.2,0,0,0,0,0,0,0,0,0.1,0.1,0.0,0.1,3,11,2,0.0,0.0,0.0,0.0,0.0,0.02,0.0,0.02,0.02,0.02
1583,Philipp Sander,GER,MF,Gladbach,26,1998,27,16,1400,15.6,1,0,1,1,0,0,2,0,1.2,1.2,0.6,1.8,16,60,29,0.06,0.0,0.06,0.06,0.06,0.08,0.04,0.12,0.08,0.12
1584,James Sands,USA,"MF,DF",St. Pauli,24,2000,7,5,453,5.0,0,0,0,0,0,0,1,0,0.1,0.1,0.0,0.1,0,16,6,0.0,0.0,0.0,0.0,0.0,0.01,0.0,0.01,0.01,0.01
1585,Leroy Sané,GER,FW,Bayern Munich,28,1996,30,17,1637,18.2,11,5,16,11,0,0,2,0,10.2,10.2,5.5,15.8,75,64,266,0.6,0.27,0.88,0.6,0.88,0.56,0.3,0.87,0.56,0.87
1586,Kaishu Sano,JPN,MF,Mainz 05,23,2000,34,34,3043,33.8,0,0,0,0,0,0,3,0,0.9,0.9,1.2,2.1,53,159,46,0.0,0.0,0.0,0.0,0.0,0.03,0.04,0.06,0.03,0.06
1587,Kauã Santos,BRA,GK,Eint Frankfurt,21,2003,9,8,765,8.5,0,0,0,0,0,0,0,0,0.0,0.0,0.0,0.0,0,1,0,0.0,0.0,0.0,0.0,0.0,0.0,0.0,0.0,0.0,0.0
1588,Joe Scally,USA,DF,Gladbach,21,2002,32,30,2578,28.6,0,0,0,0,0,0,6,0,0.4,0.4,1.1,1.5,52,68,69,0.0,0.0,0.0,0.0,0.0,0.01,0.04,0.05,0.01,0.05
1589,András Schäfer,HUN,MF,Union Berlin,25,1999,26,17,1534,17.0,1,1,2,1,0,0,3,0,0.6,0.6,0.9,1.5,23,55,42,0.06,0.06,0.12,0.06,0.12,0.04,0.05,0.09,0.04,0.09
1590,Patrik Schick,CZE,FW,Leverkusen,28,1996,31,19,1684,18.7,21,0,21,20,1,1,4,0,12.7,11.9,0.6,12.5,7,21,107,1.12,0.0,1.12,1.07,1.07,0.68,0.03,0.71,0.63,0.67
1591,Stefan Schimmer,GER,"FW,MF",Heidenheim,30,1994,13,0,247,2.7,0,0,0,0,0,0,1,0,1.1,1.1,0.3,1.3,0,3,15,0.0,0.0,0.0,0.0,0.0,0.39,0.09,0.48,0.39,0.48
1592,Xaver Schlager,AUT,MF,RB Leipzig,26,1997,4,2,181,2.0,0,0,0,0,0,0,1,0,0.1,0.1,0.7,0.8,5,6,2,0.0,0.0,0.0,0.0,0.0,0.03,0.35,0.38,0.03,0.38
1593,Keven Schlotterbeck,GER,DF,Augsburg,27,1997,18,15,1297,14.4,3,1,4,3,0,0,4,1,0.8,0.8,0.6,1.4,3,59,2,0.21,0.07,0.28,0.21,0.28,0.05,0.04,0.1,0.05,0.1
1594,Nico Schlotterbeck,GER,DF,Dortmund,24,1999,23,23,1982,22.0,0,4,4,0,0,0,7,2,1.3,1.3,2.1,3.4,37,195,14,0.0,0.18,0.18,0.0,0.18,0.06,0.09,0.15,0.06,0.15
1595,Romano Schmid,AUT,MF,Werder Bremen,24,2000,32,32,2834,31.5,5,4,9,4,1,1,4,0,4.3,3.5,6.2,9.7,107,279,201,0.16,0.13,0.29,0.13,0.25,0.14,0.2,0.33,0.11,0.31
1596,Jan Schöppner,GER,MF,Heidenheim,25,1999,33,32,2681,29.8,4,3,7,4,0,0,8,0,3.9,3.9,3.4,7.3,35,107,48,0.13,0.1,0.23,0.13,0.23,0.13,0.12,0.25,0.13,0.25
1597,Marvin Schulz,GER,"MF,DF",Holstein Kiel,29,1995,12,3,306,3.4,0,0,0,0,0,0,3,0,0.0,0.0,0.7,0.7,5,11,2,0.0,0.0,0.0,0.0,0.0,0.01,0.19,0.2,0.01,0.2
1598,Alexander Schwolow,GER,GK,Union Berlin,32,1992,6,6,540,6.0,0,0,0,0,0,0,0,0,0.0,0.0,0.0,0.0,0,0,0,0.0,0.0,0.0,0.0,0.0,0.0,0.0,0.0,0.0,0.0
1599,Léo Scienza,BRA,"FW,MF",Heidenheim,25,1998,25,13,1153,12.8,3,3,6,3,0,0,1,0,2.0,2.0,3.7,5.8,70,30,90,0.23,0.23,0.47,0.23,0.47,0.16,0.29,0.45,0.16,0.45
1600,Nicolas Seiwald,AUT,"MF,DF",RB Leipzig,23,2001,30,20,2084,23.2,0,0,0,0,0,0,2,0,0.2,0.2,1.7,2.0,17,140,30,0.0,0.0,0.0,0.0,0.0,0.01,0.08,0.08,0.01,0.08
1601,Benjamin Šeško,SVN,"FW,MF",RB Leipzig,21,2003,33,30,2380,26.4,13,5,18,11,2,2,2,1,10.0,8.4,2.1,10.5,47,46,141,0.49,0.19,0.68,0.42,0.61,0.38,0.08,0.46,0.32,0.4
1602,Armindo Sieb,GER,"FW,MF",Mainz 05,21,2003,27,5,762,8.5,2,2,4,2,0,0,2,0,2.8,2.8,1.1,3.9,28,18,64,0.24,0.24,0.47,0.24,0.47,0.33,0.13,0.47,0.33,0.47
1603,Tim Siersleben,GER,DF,Heidenheim,24,2000,16,14,1182,13.1,0,0,0,0,0,0,4,0,0.6,0.6,0.5,1.1,8,31,12,0.0,0.0,0.0,0.0,0.0,0.04,0.04,0.08,0.04,0.08
1604,Kiliann Sildillia,FRA,DF,Freiburg,22,2002,21,8,801,8.9,2,0,2,2,0,0,2,0,0.5,0.5,0.7,1.1,11,29,34,0.22,0.0,0.22,0.22,0.22,0.05,0.07,0.13,0.05,0.13
1605,André Silva,POR,FW,Werder Bremen,28,1995,7,4,375,4.2,1,0,1,0,1,2,1,0,2.6,1.0,0.4,1.4,6,10,28,0.24,0.0,0.24,0.0,0.0,0.62,0.09,0.71,0.24,0.33
1606,André Silva,POR,"FW,MF",RB Leipzig,28,1995,8,0,132,1.5,1,2,3,0,1,1,0,0,1.3,0.5,0.6,1.1,6,4,11,0.68,1.36,2.05,0.0,1.36,0.9,0.38,1.28,0.36,0.74
1607,Mohamed Simakan,FRA,DF,RB Leipzig,24,2000,1,1,54,0.6,0,0,0,0,0,0,0,0,0.0,0.0,0.3,0.3,3,7,4,0.0,0.0,0.0,0.0,0.0,0.0,0.46,0.46,0.0,0.46
1608,Xavi Simons,NED,MF,RB Leipzig,21,2003,25,25,2150,23.9,10,6,16,10,0,0,5,0,5.1,5.1,6.3,11.4,85,140,185,0.42,0.25,0.67,0.42,0.67,0.21,0.26,0.48,0.21,0.48
1609,Danel Sinani,LUX,"FW,MF",St. Pauli,27,1997,26,14,1250,13.9,2,2,4,2,0,0,3,0,1.7,1.7,3.0,4.6,16,60,64,0.14,0.14,0.29,0.14,0.29,0.12,0.21,0.33,0.12,0.33
1610,Tobias Sippel,GER,GK,Gladbach,36,1988,1,0,59,0.7,0,0,0,0,0,0,0,0,0.0,0.0,0.0,0.0,0,0,0,0.0,0.0,0.0,0.0,0.0,0.0,0.0,0.0,0.0,0.0
1611,Ibrahima Sissoko,MLI,MF,Bochum,26,1997,32,30,2610,29.0,2,1,3,2,0,0,11,1,1.7,1.7,1.6,3.3,35,105,69,0.07,0.03,0.1,0.07,0.1,0.06,0.05,0.11,0.06,0.11
1612,Tim Skarke,GER,"FW,MF",Union Berlin,27,1996,33,11,1164,12.9,0,2,2,0,0,0,1,0,2.1,2.1,1.2,3.3,26,25,96,0.0,0.15,0.15,0.0,0.15,0.16,0.09,0.25,0.16,0.25
1613,Ellyes Skhiri,TUN,MF,Eint Frankfurt,29,1995,30,26,2231,24.8,1,2,3,1,0,0,6,0,1.4,1.4,1.4,2.8,17,105,27,0.04,0.08,0.12,0.04,0.12,0.06,0.06,0.11,0.06,0.11
1614,Leo Skiri Østigård,NOR,DF,Hoffenheim,24,1999,11,11,927,10.3,0,0,0,0,0,0,0,1,0.3,0.3,0.1,0.4,0,51,1,0.0,0.0,0.0,0.0,0.0,0.03,0.01,0.04,0.03,0.04
1615,Andreas Skov Olsen,DEN,"FW,MF",Wolfsburg,24,1999,12,4,535,5.9,1,1,2,1,0,0,0,0,0.8,0.8,1.9,2.7,22,22,48,0.17,0.17,0.34,0.17,0.34,0.14,0.32,0.46,0.14,0.46
1616,Robert Skov,DEN,"DF,MF",Union Berlin,28,1996,15,11,852,9.5,2,2,4,1,1,1,1,0,1.7,0.9,2.4,3.3,25,36,45,0.21,0.21,0.42,0.11,0.32,0.18,0.25,0.43,0.1,0.35
1617,Steven Skrzybski,GER,"MF,FW",Holstein Kiel,31,1992,24,15,1323,14.7,6,3,9,5,1,1,0,0,3.5,2.7,2.9,5.6,17,64,71,0.41,0.2,0.61,0.34,0.54,0.24,0.2,0.44,0.19,0.38
1618,Eric Smith,SWE,"DF,MF",St. Pauli,27,1997,32,32,2827,31.4,1,1,2,1,0,0,7,0,1.4,1.4,1.5,2.9,16,118,11,0.03,0.03,0.06,0.03,0.06,0.05,0.05,0.09,0.05,0.09
1619,Anton Stach,GER,"MF,DF",Hoffenheim,25,1998,30,29,2585,28.7,1,2,3,1,0,0,8,0,2.0,2.0,2.2,4.2,33,152,36,0.03,0.07,0.1,0.03,0.1,0.07,0.08,0.15,0.07,0.15
1620,Jens Stage,DEN,MF,Werder Bremen,27,1996,28,26,2204,24.5,10,5,15,10,0,0,10,0,7.2,7.2,2.8,10.0,28,104,89,0.41,0.2,0.61,0.41,0.61,0.29,0.12,0.41,0.29,0.41
1621,Josip Stanišić,CRO,DF,Bayern Munich,24,2000,14,9,876,9.7,0,2,2,0,0,0,0,0,0.3,0.3,1.5,1.8,20,76,30,0.0,0.21,0.21,0.0,0.21,0.03,0.15,0.18,0.03,0.18
1622,Niklas Stark,GER,DF,Werder Bremen,29,1995,26,25,2106,23.4,0,1,1,0,0,0,6,1,1.1,1.1,0.1,1.2,7,62,3,0.0,0.04,0.04,0.0,0.04,0.05,0.0,0.05,0.05,0.05
1623,Pascal Stenzel,GER,DF,Stuttgart,28,1996,10,4,290,3.2,0,0,0,0,0,0,0,0,0.3,0.3,0.6,0.9,2,12,16,0.0,0.0,0.0,0.0,0.0,0.1,0.17,0.28,0.1,0.28
1624,Leonidas Stergiou,SUI,DF,Stuttgart,22,2002,12,11,852,9.5,1,2,3,1,0,0,0,1,1.1,1.1,0.9,2.0,11,39,32,0.11,0.21,0.32,0.11,0.32,0.11,0.1,0.21,0.11,0.21
1625,Finley Stevens,WAL,DF,St. Pauli,21,2003,1,0,1,0.0,0,0,0,0,0,0,0,0,0.0,0.0,0.0,0.0,0,0,0,0.0,0.0,0.0,0.0,0.0,0.0,0.0,0.0,0.0,0.0
1626,Angelo Stiller,GER,MF,Stuttgart,23,2001,32,31,2741,30.5,1,8,9,1,0,0,6,0,1.8,1.8,7.2,9.0,39,289,69,0.03,0.26,0.3,0.03,0.3,0.06,0.24,0.29,0.06,0.29
1627,Kevin Stöger,AUT,MF,Gladbach,30,1993,31,16,1551,17.2,3,3,6,1,2,2,3,0,3.9,2.3,5.3,7.6,40,121,95,0.17,0.17,0.35,0.06,0.23,0.22,0.31,0.53,0.13,0.44
1628,Niklas Süle,GER,DF,Dortmund,28,1995,15,12,1053,11.7,0,0,0,0,0,0,1,0,0.6,0.6,0.1,0.7,15,47,10,0.0,0.0,0.0,0.0,0.0,0.05,0.01,0.06,0.05,0.06
1629,Mattias Svanberg,SWE,MF,Wolfsburg,25,1999,20,14,1219,13.5,3,1,4,3,0,0,4,0,3.6,3.6,1.7,5.4,11,36,39,0.22,0.07,0.3,0.22,0.3,0.27,0.13,0.4,0.27,0.4
1630,Daniel Svensson,SWE,"DF,FW",Dortmund,22,2002,12,8,781,8.7,1,3,4,1,0,0,0,0,0.8,0.8,1.2,1.9,11,41,51,0.12,0.35,0.46,0.12,0.46,0.09,0.14,0.22,0.09,0.22
1631,Haris Tabakovic,BIH,FW,Hoffenheim,30,1994,22,6,821,9.1,3,1,4,3,0,0,0,0,3.3,3.3,1.2,4.6,4,7,45,0.33,0.11,0.44,0.33,0.44,0.37,0.14,0.5,0.37,0.5
1632,Jonathan Tah,GER,DF,Leverkusen,28,1996,33,33,2970,33.0,3,0,3,3,0,0,3,0,1.1,1.1,0.4,1.5,15,169,9,0.09,0.0,0.09,0.09,0.09,0.03,0.01,0.05,0.03,0.05
1633,Edmond Tapsoba,BFA,DF,Leverkusen,25,1999,29,29,2507,27.9,0,0,0,0,0,0,4,0,1.1,1.1,0.2,1.3,52,164,17,0.0,0.0,0.0,0.0,0.0,0.04,0.01,0.05,0.04,0.05
1634,Mathys Tel,FRA,"FW,MF",Bayern Munich,19,2005,8,2,256,2.8,0,1,1,0,0,0,0,0,0.7,0.7,0.3,1.0,6,9,34,0.0,0.35,0.35,0.0,0.35,0.26,0.1,0.36,0.26,0.36
1635,Nathan Tella,NGA,"MF,FW",Leverkusen,25,1999,27,17,1359,15.1,2,4,6,2,0,0,1,0,3.1,3.1,1.5,4.6,38,22,130,0.13,0.26,0.4,0.13,0.4,0.2,0.1,0.31,0.2,0.31
1636,Martin Terrier,FRA,"MF,FW",Leverkusen,27,1997,15,7,584,6.5,2,1,3,2,0,0,1,0,2.4,2.4,0.9,3.3,11,14,35,0.31,0.15,0.46,0.31,0.46,0.38,0.14,0.52,0.38,0.52
1637,Arthur Theate,BEL,DF,Eint Frankfurt,24,2000,31,31,2704,30.0,0,0,0,0,0,0,6,1,2.4,2.4,1.0,3.4,50,171,24,0.0,0.0,0.0,0.0,0.0,0.08,0.03,0.11,0.08,0.11
1638,Norman Theuerkauf,GER,MF,Heidenheim,37,1987,1,0,22,0.2,0,0,0,0,0,0,0,0,0.0,0.0,0.0,0.0,0,2,0,0.0,0.0,0.0,0.0,0.0,0.14,0.0,0.14,0.14,0.14
1639,Denis Thomalla,GER,MF,Heidenheim,31,1992,1,0,4,0.0,0,0,0,0,0,0,0,0,0.0,0.0,0.0,0.0,0,0,0,0.0,0.0,0.0,0.0,0.0,0.0,0.0,0.0,0.0,0.0
1640,Phillip Tietz,GER,FW,Augsburg,27,1997,34,19,1686,18.7,7,2,9,6,1,1,4,0,6.1,5.3,1.2,6.5,8,29,113,0.37,0.11,0.48,0.32,0.43,0.33,0.07,0.39,0.28,0.35
1641,Umut Tohumcu,GER,"MF,FW",Hoffenheim,19,2004,12,3,375,4.2,0,1,1,0,0,0,3,0,0.1,0.1,0.4,0.5,3,13,5,0.0,0.24,0.24,0.0,0.24,0.03,0.09,0.12,0.03,0.12
1642,John Tolkin,USA,"DF,MF",Holstein Kiel,22,2002,11,9,737,8.2,0,2,2,0,0,0,0,0,0.1,0.1,0.7,0.7,6,17,12,0.0,0.24,0.24,0.0,0.24,0.01,0.08,0.09,0.01,0.09
1643,Tiago Tomás,POR,"FW,MF",Wolfsburg,22,2002,32,23,1884,20.9,6,1,7,6,0,0,7,0,5.4,5.4,2.6,8.1,31,50,125,0.29,0.05,0.33,0.29,0.33,0.26,0.13,0.38,0.26,0.38
1644,Bazoumana Touré,CIV,"FW,MF",Hoffenheim,18,2006,13,7,609,6.8,0,3,3,0,0,0,1,0,1.4,1.4,1.9,3.3,24,14,56,0.0,0.44,0.44,0.0,0.44,0.21,0.28,0.49,0.21,0.49
1645,Lucas Tousart,FRA,MF,Union Berlin,27,1997,15,6,561,6.2,0,1,1,0,0,0,2,0,0.4,0.4,0.5,0.8,4,18,13,0.0,0.16,0.16,0.0,0.16,0.06,0.07,0.14,0.06,0.14
1646,Omar Traoré,GER,DF,Heidenheim,26,1998,30,30,2616,29.1,0,1,1,0,0,0,7,0,0.5,0.5,1.6,2.2,103,117,115,0.0,0.03,0.03,0.0,0.03,0.02,0.06,0.07,0.02,0.07
1647,Kevin Trapp,GER,GK,Eint Frankfurt,34,1990,26,26,2295,25.5,0,0,0,0,0,0,0,0,0.0,0.0,0.0,0.0,0,1,0,0.0,0.0,0.0,0.0,0.0,0.0,0.0,0.0,0.0,0.0
1648,Philipp Treu,GER,"MF,DF",St. Pauli,23,2000,33,33,2881,32.0,0,2,2,0,0,0,2,0,1.2,1.2,2.5,3.7,58,105,117,0.0,0.06,0.06,0.0,0.06,0.04,0.08,0.12,0.04,0.12
1649,Christopher Trimmel,AUT,"DF,MF",Union Berlin,37,1987,26,20,1740,19.3,0,3,3,0,0,0,5,0,0.2,0.2,2.1,2.3,18,73,45,0.0,0.16,0.16,0.0,0.16,0.01,0.11,0.12,0.01,0.12
1650,Tuta,BRA,"DF,MF",Eint Frankfurt,25,1999,30,26,2274,25.3,2,1,3,2,0,0,8,0,1.1,1.1,0.3,1.4,11,78,12,0.08,0.04,0.12,0.08,0.12,0.04,0.01,0.06,0.04,0.06
1651,Lukas Ullrich,GER,DF,Gladbach,20,2004,26,24,1903,21.1,1,2,3,1,0,0,4,0,0.9,0.9,1.8,2.7,31,39,71,0.05,0.09,0.14,0.05,0.14,0.04,0.09,0.13,0.04,0.13
1652,Sven Ulreich,GER,GK,Bayern Munich,35,1988,1,1,90,1.0,0,0,0,0,0,0,0,0,0.0,0.0,0.0,0.0,0,0,0,0.0,0.0,0.0,0.0,0.0,0.0,0.0,0.0,0.0,0.0
1653,Deniz Undav,GER,"FW,MF",Stuttgart,28,1996,27,20,1726,19.2,9,3,12,9,0,0,4,0,11.7,11.7,3.6,15.2,31,70,141,0.47,0.16,0.63,0.47,0.63,0.61,0.19,0.79,0.61,0.79
1654,Dayot Upamecano,FRA,DF,Bayern Munich,25,1998,20,20,1759,19.5,2,0,2,2,0,0,6,0,1.2,1.2,0.5,1.7,17,137,4,0.1,0.0,0.1,0.1,0.1,0.06,0.03,0.09,0.06,0.09
1655,Jonas Urbig,GER,GK,Bayern Munich,20,2003,8,8,720,8.0,0,0,0,0,0,0,0,0,0.0,0.0,0.0,0.0,0,3,0,0.0,0.0,0.0,0.0,0.0,0.0,0.0,0.0,0.0,0.0
1656,Can Uzun,TUR,"MF,FW",Eint Frankfurt,18,2005,20,6,675,7.5,4,1,5,4,0,0,1,0,3.0,3.0,1.1,4.1,11,42,45,0.53,0.13,0.67,0.53,0.67,0.4,0.15,0.55,0.4,0.55
1657,Josha Vagnoman,GER,"DF,MF",Stuttgart,23,2000,26,19,1834,20.4,1,1,2,1,0,0,4,0,1.5,1.5,2.1,3.5,24,47,96,0.05,0.05,0.1,0.05,0.1,0.07,0.1,0.17,0.07,0.17
1658,Siebe Van Der Heyden,BEL,"DF,MF",St. Pauli,26,1998,13,11,872,9.7,1,0,1,1,0,0,4,1,1.7,1.7,0.0,1.8,10,28,26,0.1,0.0,0.1,0.1,0.1,0.18,0.0,0.18,0.18,0.18
1659,Maarten Vandevoordt,BEL,GK,RB Leipzig,22,2002,6,4,429,4.8,0,0,0,0,0,0,0,0,0.0,0.0,0.0,0.0,0,4,0,0.0,0.0,0.0,0.0,0.0,0.0,0.0,0.0,0.0,0.0
1660,Ruben Vargas,SUI,"MF,FW",Augsburg,25,1998,8,3,305,3.4,0,0,0,0,0,0,3,0,0.7,0.7,0.7,1.4,9,13,24,0.0,0.0,0.0,0.0,0.0,0.2,0.2,0.4,0.2,0.4
1661,Nikola Vasilj,BIH,GK,St. Pauli,28,1995,33,33,2969,33.0,0,0,0,0,0,0,2,1,0.0,0.0,0.0,0.0,0,0,0,0.0,0.0,0.0,0.0,0.0,0.0,0.0,0.0,0.0,0.0
1662,Denis Vavro,SVK,DF,Wolfsburg,28,1996,29,27,2461,27.3,2,0,2,2,0,0,4,0,1.4,1.4,0.2,1.6,9,96,3,0.07,0.0,0.07,0.07,0.07,0.05,0.01,0.06,0.05,0.06
1663,Miloš Veljković,SRB,DF,Werder Bremen,28,1995,14,11,1029,11.4,0,1,1,0,0,0,1,0,0.6,0.6,0.2,0.7,9,64,2,0.0,0.09,0.09,0.0,0.09,0.05,0.01,0.06,0.05,0.06
1664,Nikolas Veratschnig,AUT,"DF,MF",Mainz 05,21,2003,15,2,364,4.0,0,0,0,0,0,0,1,0,0.2,0.2,0.3,0.5,7,7,30,0.0,0.0,0.0,0.0,0.0,0.06,0.08,0.13,0.06,0.13
1665,Arthur Vermeeren,BEL,MF,RB Leipzig,19,2005,28,18,1572,17.5,0,2,2,0,0,0,7,0,0.4,0.4,0.9,1.3,14,77,20,0.0,0.11,0.11,0.0,0.11,0.02,0.05,0.07,0.02,0.07
1666,Yorbe Vertessen,BEL,"MF,FW",Union Berlin,23,2001,17,7,718,8.0,1,0,1,1,0,0,2,0,1.3,1.3,1.6,2.9,18,16,42,0.13,0.0,0.13,0.13,0.13,0.16,0.2,0.36,0.16,0.36
1667,Gabriel Vidovic,CRO,MF,Bayern Munich,20,2003,4,0,24,0.3,0,0,0,0,0,0,0,0,0.1,0.1,0.0,0.1,0,0,3,0.0,0.0,0.0,0.0,0.0,0.41,0.0,0.41,0.41,0.41
1668,Gabriel Vidovic,CRO,MF,Mainz 05,20,2003,1,0,4,0.0,0,0,0,0,0,0,0,0,0.1,0.1,0.0,0.1,0,0,2,0.0,0.0,0.0,0.0,0.0,1.17,0.0,1.17,1.17,1.17
1669,Kevin Vogt,GER,DF,Union Berlin,32,1991,18,16,1367,15.2,1,0,1,0,1,1,6,0,0.8,0.0,0.0,0.0,11,70,2,0.07,0.0,0.07,0.0,0.0,0.05,0.0,0.05,0.0,0.0
1670,Kevin Volland,GER,"FW,MF",Union Berlin,32,1992,4,0,61,0.7,0,0,0,0,0,0,1,0,0.0,0.0,0.1,0.1,0,2,4,0.0,0.0,0.0,0.0,0.0,0.0,0.08,0.08,0.0,0.08
1671,Aster Vranckx,BEL,MF,Wolfsburg,21,2002,14,6,556,6.2,0,0,0,0,0,0,1,0,0.0,0.0,0.0,0.0,5,20,6,0.0,0.0,0.0,0.0,0.0,0.0,0.01,0.01,0.0,0.01
1672,Robert Wagner,GER,MF,St. Pauli,21,2003,12,5,407,4.5,0,0,0,0,0,0,1,0,0.1,0.1,0.0,0.1,1,10,9,0.0,0.0,0.0,0.0,0.0,0.02,0.0,0.02,0.02,0.02
1673,Elye Wahi,FRA,"FW,MF",Eint Frankfurt,21,2003,8,1,196,2.2,0,0,0,0,0,0,1,0,1.3,1.3,0.1,1.4,6,5,19,0.0,0.0,0.0,0.0,0.0,0.58,0.04,0.62,0.58,0.62
1674,Hauke Wahl,GER,DF,St. Pauli,30,1994,33,33,2970,33.0,0,0,0,0,0,0,1,0,0.9,0.9,0.5,1.4,30,142,10,0.0,0.0,0.0,0.0,0.0,0.03,0.02,0.04,0.03,0.04
1675,Paul Wanner,GER,"MF,FW",Heidenheim,18,2005,29,20,1771,19.7,3,2,5,2,1,1,2,0,3.7,2.9,1.3,4.1,28,64,65,0.15,0.1,0.25,0.1,0.2,0.19,0.06,0.25,0.15,0.21
1676,Kjell-Arik Wätjen,GER,MF,Dortmund,18,2006,2,0,16,0.2,0,0,0,0,0,0,0,0,0.0,0.0,0.0,0.0,0,0,0,0.0,0.0,0.0,0.0,0.0,0.0,0.0,0.0,0.0,0.0
1677,Julian Weigl,GER,MF,Gladbach,28,1995,33,33,2881,32.0,0,2,2,0,0,0,8,0,0.7,0.7,1.1,1.9,11,122,9,0.0,0.06,0.06,0.0,0.06,0.02,0.03,0.06,0.02,0.06
1678,Timon Weiner,GER,GK,Holstein Kiel,25,1999,25,25,2250,25.0,0,0,0,0,0,0,4,0,0.0,0.0,0.0,0.0,0,0,0,0.0,0.0,0.0,0.0,0.0,0.0,0.0,0.0,0.0,0.0
1679,Nelson Weiper,GER,"FW,MF",Mainz 05,19,2005,23,7,704,7.8,3,2,5,3,0,0,2,0,4.1,4.1,1.9,6.0,12,13,62,0.38,0.26,0.64,0.38,0.64,0.52,0.25,0.77,0.52,0.77
1680,Mitchell Weiser,GER,"DF,MF",Werder Bremen,30,1994,32,32,2868,31.9,5,9,14,5,0,0,9,1,5.4,5.4,4.7,10.1,65,125,200,0.16,0.28,0.44,0.16,0.44,0.17,0.15,0.32,0.17,0.32
1681,Noah Weißhaupt,GER,"FW,MF",St. Pauli,22,2001,19,13,1160,12.9,1,0,1,1,0,0,0,0,2.1,2.1,1.8,3.9,42,33,94,0.08,0.0,0.08,0.08,0.08,0.16,0.14,0.3,0.16,0.3
1682,Noah Weißhaupt,GER,FW,Freiburg,22,2001,3,0,80,0.9,0,0,0,0,0,0,0,0,0.0,0.0,0.0,0.0,8,6,10,0.0,0.0,0.0,0.0,0.0,0.05,0.0,0.05,0.05,0.05
1683,Silvan Widmer,SUI,DF,Mainz 05,31,1993,27,3,504,5.6,0,1,1,0,0,0,3,0,0.3,0.3,0.4,0.7,3,23,36,0.0,0.18,0.18,0.0,0.18,0.06,0.07,0.13,0.06,0.13
1684,Patrick Wimmer,AUT,"MF,FW",Wolfsburg,23,2001,29,22,1770,19.7,3,4,7,3,0,0,5,1,3.7,3.7,2.9,6.7,46,91,75,0.15,0.2,0.36,0.15,0.36,0.19,0.15,0.34,0.19,0.34
1685,Jonas Wind,DEN,"FW,MF",Wolfsburg,25,1999,31,21,1966,21.8,9,3,12,8,1,2,2,0,5.7,4.0,4.2,8.1,17,100,94,0.41,0.14,0.55,0.37,0.5,0.26,0.19,0.45,0.18,0.37
1686,Florian Wirtz,GER,"MF,FW",Leverkusen,21,2003,31,25,2351,26.1,10,12,22,8,2,4,3,0,9.4,6.1,7.0,13.1,131,176,309,0.38,0.46,0.84,0.31,0.77,0.36,0.27,0.63,0.23,0.5
1687,Dani de Wit,NED,"MF,FW",Bochum,26,1998,28,11,1153,12.8,2,1,3,2,0,0,1,0,2.1,2.1,0.5,2.7,5,33,37,0.16,0.08,0.23,0.16,0.23,0.17,0.04,0.21,0.17,0.21
1688,Maximilian Wittek,GER,DF,Bochum,28,1995,33,32,2706,30.1,0,0,0,0,0,0,8,0,1.4,1.4,4.4,5.7,47,141,83,0.0,0.0,0.0,0.0,0.0,0.04,0.14,0.19,0.04,0.19
1689,Marius Wolf,GER,DF,Augsburg,29,1995,32,28,2144,23.8,1,3,4,1,0,0,2,0,0.7,0.7,3.2,3.9,36,117,95,0.04,0.13,0.17,0.04,0.17,0.03,0.14,0.16,0.03,0.16
1690,Nick Woltemade,GER,"FW,MF",Stuttgart,22,2002,28,17,1622,18.0,12,2,14,10,2,3,5,1,10.2,8.0,4.6,12.6,31,52,141,0.67,0.11,0.78,0.55,0.67,0.57,0.25,0.82,0.44,0.7
1691,Jeong Woo-yeong,KOR,"MF,FW",Union Berlin,24,1999,23,17,1263,14.0,3,2,5,3,0,0,2,0,2.8,2.8,1.7,4.4,32,63,93,0.21,0.14,0.36,0.21,0.36,0.2,0.12,0.31,0.2,0.31
1692,Granit Xhaka,SUI,MF,Leverkusen,31,1992,33,33,2888,32.1,2,7,9,2,0,0,3,0,0.9,0.9,4.4,5.3,42,318,72,0.06,0.22,0.28,0.06,0.28,0.03,0.14,0.17,0.03,0.17
1693,Erencan Yardimci,TUR,"FW,MF",Hoffenheim,22,2002,8,3,313,3.5,0,0,0,0,0,0,2,0,1.0,1.0,0.0,1.0,4,4,12,0.0,0.0,0.0,0.0,0.0,0.3,0.0,0.3,0.3,0.3
1694,Dan-Axel Zagadou,FRA,"DF,MF",Stuttgart,25,1999,2,0,29,0.3,0,0,0,0,0,0,1,0,0.0,0.0,0.0,0.0,0,0,0,0.0,0.0,0.0,0.0,0.0,0.0,0.0,0.0,0.0,0.0
1695,David Zec,SVN,DF,Holstein Kiel,24,2000,18,18,1541,17.1,2,0,2,2,0,0,5,0,1.2,1.2,0.5,1.8,3,34,2,0.12,0.0,0.12,0.12,0.12,0.07,0.03,0.1,0.07,0.1
1696,Robin Zentner,GER,GK,Mainz 05,29,1994,32,32,2880,32.0,0,0,0,0,0,0,3,0,0.0,0.0,0.3,0.3,0,2,0,0.0,0.0,0.0,0.0,0.0,0.0,0.01,0.01,0.0,0.01
1697,Cedric Zesiger,SUI,DF,Augsburg,26,1998,15,15,1221,13.6,0,2,2,0,0,0,7,1,1.2,1.2,1.3,2.5,4,40,7,0.0,0.15,0.15,0.0,0.15,0.09,0.09,0.18,0.09,0.18
1698,Cedric Zesiger,SUI,DF,Wolfsburg,26,1998,7,5,522,5.8,0,0,0,0,0,0,4,0,0.1,0.1,0.0,0.1,3,19,2,0.0,0.0,0.0,0.0,0.0,0.01,0.0,0.01,0.01,0.01
1699,Michael Zetterer,GER,GK,Werder Bremen,29,1995,34,34,3060,34.0,0,0,0,0,0,0,2,0,0.0,0.0,0.0,0.0,0,3,0,0.0,0.0,0.0,0.0,0.0,0.0,0.0,0.0,0.0,0.0
1700,Budu Zivzivadze,GEO,FW,Heidenheim,30,1994,15,10,958,10.6,2,3,5,2,0,0,0,0,1.7,1.7,1.5,3.2,11,20,43,0.19,0.28,0.47,0.19,0.47,0.16,0.14,0.3,0.16,0.3
1701,Max Aarons,ENG,"DF,MF",Valencia,24,2000,4,1,120,1.3,0,0,0,0,0,0,2,0,0.0,0.0,0.0,0.0,0,6,10,0.0,0.0,0.0,0.0,0.0,0.0,0.02,0.02,0.0,0.02
1702,Rodrigo Abajas,ESP,DF,Valencia,21,2003,1,1,65,0.7,0,0,0,0,0,0,1,0,0.1,0.1,0.0,0.1,3,2,3,0.0,0.0,0.0,0.0,0.0,0.1,0.0,0.1,0.1,0.1
1703,Abel,ESP,DF,Osasuna,23,2000,35,20,2074,23.0,2,0,2,2,0,0,3,0,0.5,0.5,1.0,1.6,50,77,92,0.09,0.0,0.09,0.09,0.09,0.02,0.05,0.07,0.02,0.07
1704,Nabil Aberdin,FRA,MF,Getafe,21,2002,7,4,263,2.9,0,0,0,0,0,0,1,0,0.0,0.0,0.0,0.1,2,6,2,0.0,0.0,0.0,0.0,0.0,0.01,0.01,0.02,0.01,0.02
1705,Abdel Abqar,MAR,DF,Alavés,25,1999,29,29,2463,27.4,0,1,1,0,0,0,13,0,0.9,0.9,0.3,1.2,16,79,4,0.0,0.04,0.04,0.0,0.04,0.03,0.01,0.04,0.03,0.04
1706,Akor Adams,NGA,FW,Sevilla,24,2000,4,1,134,1.5,0,0,0,0,0,0,0,0,0.4,0.4,0.0,0.4,0,5,5,0.0,0.0,0.0,0.0,0.0,0.29,0.0,0.29,0.29,0.29
1707,Adrián,ESP,GK,Betis,37,1987,19,19,1710,19.0,0,0,0,0,0,0,3,0,0.0,0.0,0.0,0.0,0,0,0,0.0,0.0,0.0,0.0,0.0,0.0,0.0,0.0,0.0,0.0
1708,Julen Agirrezabala,ESP,GK,Athletic Club,23,2000,14,14,1206,13.4,0,0,0,0,0,0,1,1,0.0,0.0,0.0,0.0,0,0,0,0.0,0.0,0.0,0.0,0.0,0.0,0.0,0.0,0.0,0.0
1709,Lucien Agoume,FRA,MF,Sevilla,22,2002,35,24,2114,23.5,1,3,4,1,0,0,5,1,0.9,0.9,2.5,3.3,29,135,23,0.04,0.13,0.17,0.04,0.17,0.04,0.11,0.14,0.04,0.14
1710,Álvaro Aguado,ESP,MF,Espanyol,28,1996,16,4,443,4.9,0,1,1,0,0,0,3,0,0.6,0.6,0.6,1.2,15,37,4,0.0,0.2,0.2,0.0,0.2,0.12,0.12,0.24,0.12,0.24
1711,Lorenzo Aguado,ESP,DF,Real Madrid,21,2002,2,0,5,0.1,0,0,0,0,0,0,0,0,0.0,0.0,0.0,0.0,0,0,0,0.0,0.0,0.0,0.0,0.0,0.0,0.0,0.0,0.0,0.0
1712,Nayef Aguerd,MAR,DF,Real Sociedad,28,1996,21,21,1760,19.6,0,0,0,0,0,0,5,0,2.4,2.4,0.1,2.5,26,75,1,0.0,0.0,0.0,0.0,0.0,0.12,0.01,0.13,0.12,0.13
1713,Joseph Aidoo,GHA,DF,Valladolid,28,1995,8,6,583,6.5,0,0,0,0,0,0,0,0,0.0,0.0,0.0,0.0,1,14,0,0.0,0.0,0.0,0.0,0.0,0.01,0.0,0.01,0.01,0.01
1714,Joseph Aidoo,GHA,DF,Celta Vigo,28,1995,1,0,2,0.0,0,0,0,0,0,0,0,0,0.0,0.0,0.0,0.0,0,1,0,0.0,0.0,0.0,0.0,0.0,0.0,0.0,0.0,0.0,0.0
1715,Ilias Akhomach,MAR,"MF,FW",Villarreal,20,2004,11,7,584,6.5,1,0,1,1,0,0,1,0,0.6,0.6,1.0,1.6,30,12,64,0.15,0.0,0.15,0.15,0.15,0.09,0.15,0.23,0.09,0.23
1716,David Alaba,AUT,DF,Real Madrid,32,1992,7,4,317,3.5,0,0,0,0,0,0,1,0,0.0,0.0,0.1,0.1,2,7,4,0.0,0.0,0.0,0.0,0.0,0.0,0.02,0.02,0.0,0.02
1717,Ibrahim Alani,NGA,MF,Valladolid,18,2006,3,1,160,1.8,0,0,0,0,0,0,0,0,0.0,0.0,0.0,0.0,2,5,1,0.0,0.0,0.0,0.0,0.0,0.01,0.0,0.01,0.01,0.01
1718,Raúl Albiol,ESP,DF,Villarreal,38,1985,15,14,1188,13.2,0,0,0,0,0,0,5,0,0.1,0.1,0.0,0.1,3,34,0,0.0,0.0,0.0,0.0,0.0,0.01,0.0,0.01,0.01,0.01
1719,Omar Alderete,PAR,DF,Getafe,27,1996,34,34,2971,33.0,1,0,1,1,0,0,8,0,1.7,1.7,0.9,2.6,25,112,7,0.03,0.0,0.03,0.03,0.03,0.05,0.03,0.08,0.05,0.08
1720,Carles Aleñá,ESP,"MF,FW",Getafe,26,1998,10,5,452,5.0,0,0,0,0,0,0,1,0,0.9,0.9,0.1,1.0,3,12,10,0.0,0.0,0.0,0.0,0.0,0.18,0.02,0.2,0.18,0.2
1721,Carles Aleñá,ESP,"MF,FW",Alavés,26,1998,14,13,1090,12.1,0,2,2,0,0,0,1,0,0.7,0.7,1.3,2.0,18,58,43,0.0,0.17,0.17,0.0,0.17,0.06,0.11,0.17,0.06,0.17
1722,Alfon,ESP,"FW,MF",Celta Vigo,25,1999,26,14,1371,15.2,5,2,7,5,0,0,1,1,4.6,4.6,2.6,7.2,89,22,170,0.33,0.13,0.46,0.33,0.46,0.3,0.17,0.47,0.3,0.47
1723,Tadeo Allende,ARG,FW,Celta Vigo,25,1999,1,0,2,0.0,0,0,0,0,0,0,1,0,0.0,0.0,0.0,0.0,0,0,0,0.0,0.0,0.0,0.0,0.0,0.0,0.0,0.0,0.0,0.0
1724,Domingos André Ribeiro Almeida,POR,"MF,FW",Valencia,24,2000,34,24,1977,22.0,0,4,4,0,0,0,2,0,1.2,1.2,3.2,4.4,45,142,77,0.0,0.18,0.18,0.0,0.18,0.05,0.14,0.2,0.05,0.2
1725,Iker Almena,ESP,"FW,DF",Girona,20,2004,2,0,48,0.5,0,1,1,0,0,0,0,0,0.0,0.0,0.7,0.7,6,2,10,0.0,1.87,1.87,0.0,1.87,0.06,1.27,1.33,0.06,1.33
1726,Marcos Alonso,ESP,DF,Celta Vigo,33,1990,31,29,2647,29.4,3,0,3,0,3,3,10,2,4.0,1.6,1.3,2.9,64,215,49,0.1,0.0,0.1,0.0,0.0,0.14,0.04,0.18,0.05,0.1
1727,Adrià Altimira,ESP,"DF,FW",Leganés,23,2001,22,19,1630,18.1,0,0,0,0,0,0,6,0,0.3,0.3,0.5,0.8,23,42,69,0.0,0.0,0.0,0.0,0.0,0.02,0.03,0.04,0.02,0.04
1728,Sergi Altimira,ESP,MF,Betis,22,2001,32,22,1972,21.9,0,1,1,0,0,0,4,0,1.7,1.6,1.7,3.3,25,99,30,0.0,0.05,0.05,0.0,0.05,0.08,0.08,0.16,0.07,0.15
1729,Hugo Álvarez,ESP,"MF,DF",Celta Vigo,21,2003,26,16,1572,17.5,4,3,7,4,0,0,6,0,2.5,2.5,1.1,3.6,74,60,171,0.23,0.17,0.4,0.23,0.4,0.14,0.07,0.21,0.14,0.21
1730,Julián Álvarez,ARG,FW,Atlético Madrid,24,2000,37,30,2509,27.9,17,4,21,13,4,4,5,0,14.1,11.0,5.3,16.3,79,92,162,0.61,0.14,0.75,0.47,0.61,0.51,0.19,0.7,0.39,0.59
1731,Yeray Álvarez,ESP,DF,Athletic Club,29,1995,21,20,1781,19.8,1,0,1,1,0,0,4,0,0.5,0.5,0.2,0.7,19,105,0,0.05,0.0,0.05,0.05,0.05,0.02,0.01,0.04,0.02,0.04
1732,Selim Amallah,MAR,MF,Valladolid,27,1996,24,18,1376,15.3,3,1,4,2,1,1,6,0,3.5,2.7,1.1,3.8,24,57,27,0.2,0.07,0.26,0.13,0.2,0.23,0.07,0.3,0.18,0.25
1733,Amath,SEN,"FW,DF",Valladolid,28,1996,13,5,375,4.2,0,1,1,0,0,0,1,0,0.4,0.4,0.5,0.9,10,12,29,0.0,0.24,0.24,0.0,0.24,0.09,0.13,0.21,0.09,0.21
1734,Marcos André,BRA,FW,Valladolid,27,1996,22,14,1188,13.2,1,2,3,1,0,0,5,0,2.7,2.7,0.8,3.5,11,16,39,0.08,0.15,0.23,0.08,0.23,0.2,0.06,0.27,0.2,0.27
1735,Leandro Antonetti,PUR,FW,Sevilla,21,2003,2,0,28,0.3,0,0,0,0,0,0,0,0,0.1,0.1,0.0,0.2,1,0,3,0.0,0.0,0.0,0.0,0.0,0.45,0.09,0.54,0.45,0.54
1736,Antoniu,ESP,"FW,MF",Espanyol,21,2002,26,13,1022,11.4,0,1,1,0,0,0,3,0,0.9,0.9,1.1,1.9,35,28,63,0.0,0.09,0.09,0.0,0.09,0.08,0.1,0.17,0.08,0.17
1737,Antony,BRA,FW,Betis,24,2000,17,15,1362,15.1,5,2,7,5,0,0,2,1,2.9,2.9,3.5,6.3,94,67,157,0.33,0.13,0.46,0.33,0.46,0.19,0.23,0.42,0.19,0.42
1738,Anuar,MAR,"MF,FW",Valladolid,29,1995,26,21,1720,19.1,2,0,2,2,0,0,7,0,1.7,1.7,1.2,2.9,24,30,68,0.1,0.0,0.1,0.1,0.1,0.09,0.06,0.15,0.09,0.15
1739,Aritz Arambarri,ESP,DF,Leganés,26,1998,2,2,177,2.0,0,0,0,0,0,0,0,0,0.0,0.0,0.0,0.0,0,2,0,0.0,0.0,0.0,0.0,0.0,0.01,0.0,0.01,0.01,0.01
1740,Mauro Arambarri,URU,MF,Getafe,28,1995,35,31,2661,29.6,10,0,10,7,3,3,10,0,8.2,5.8,0.6,6.5,17,75,55,0.34,0.0,0.34,0.24,0.24,0.28,0.02,0.3,0.2,0.22
1741,Jon Aramburu,VEN,DF,Real Sociedad,22,2002,35,28,2460,27.3,1,1,2,1,0,0,8,0,0.4,0.4,1.1,1.6,26,97,53,0.04,0.04,0.07,0.04,0.07,0.02,0.04,0.06,0.02,0.06
1742,Ronald Araújo,URU,DF,Barcelona,25,1999,12,11,754,8.4,1,1,2,1,0,0,3,0,1.0,1.0,0.4,1.4,6,49,3,0.12,0.12,0.24,0.12,0.24,0.11,0.05,0.17,0.11,0.17
1743,Adu Ares,ESP,FW,Athletic Club,22,2001,1,0,19,0.2,0,0,0,0,0,0,0,0,0.0,0.0,0.0,0.0,1,3,2,0.0,0.0,0.0,0.0,0.0,0.0,0.0,0.0,0.0,0.0
1744,Jesús Areso,ESP,DF,Osasuna,25,1999,36,35,3079,34.2,0,3,3,0,0,0,9,0,0.2,0.2,3.5,3.7,101,106,203,0.0,0.09,0.09,0.0,0.09,0.01,0.1,0.11,0.01,0.11
1745,David Argüelles,ESP,MF,Getafe,22,2002,1,0,7,0.1,0,0,0,0,0,0,0,0,0.0,0.0,0.0,0.0,1,0,0,0.0,0.0,0.0,0.0,0.0,0.0,0.0,0.0,0.0,0.0
1746,José Arnaiz,ESP,"FW,MF",Osasuna,29,1995,15,1,133,1.5,0,0,0,0,0,0,0,0,0.3,0.3,0.1,0.5,6,4,20,0.0,0.0,0.0,0.0,0.0,0.22,0.1,0.32,0.22,0.32
1747,Sergio Arribas,ESP,DF,Betis,21,2003,1,1,90,1.0,0,0,0,0,0,0,0,0,0.0,0.0,0.0,0.0,0,1,4,0.0,0.0,0.0,0.0,0.0,0.0,0.0,0.0,0.0,0.0
1748,Takuma Asano,JPN,"FW,MF",Mallorca,29,1994,21,13,1054,11.7,2,1,3,2,0,0,0,0,2.7,2.7,0.7,3.4,28,20,76,0.17,0.09,0.26,0.17,0.26,0.23,0.06,0.29,0.23,0.29
1749,Raúl Asencio,ESP,DF,Real Madrid,21,2003,23,18,1670,18.6,0,1,1,0,0,0,3,0,0.1,0.1,0.6,0.7,5,27,4,0.0,0.05,0.05,0.0,0.05,0.01,0.03,0.04,0.01,0.04
1750,Iago Aspas,ESP,"FW,MF",Celta Vigo,36,1987,30,19,1745,19.4,10,5,15,5,5,6,6,1,8.7,4.0,4.6,8.6,50,132,143,0.52,0.26,0.77,0.26,0.52,0.45,0.24,0.69,0.21,0.44
1751,Yaser Asprilla,COL,"FW,MF",Girona,20,2003,27,15,1405,15.6,3,1,4,3,0,0,2,0,2.1,2.1,2.8,4.9,72,77,140,0.19,0.06,0.26,0.19,0.26,0.13,0.18,0.31,0.13,0.31
1752,Ezequiel Ávila,ARG,FW,Betis,30,1994,19,6,677,7.5,2,0,2,2,0,0,5,1,1.5,1.5,1.0,2.5,12,18,48,0.27,0.0,0.27,0.27,0.27,0.2,0.14,0.34,0.2,0.34
1753,Adam Aznou,MAR,DF,Valladolid,18,2006,13,10,876,9.7,0,0,0,0,0,0,1,0,0.3,0.3,0.3,0.6,16,25,26,0.0,0.0,0.0,0.0,0.0,0.03,0.03,0.06,0.03,0.06
1754,César Azpilicueta,ESP,DF,Atlético Madrid,34,1989,14,10,875,9.7,1,0,1,1,0,0,1,0,0.2,0.2,0.1,0.3,13,66,20,0.1,0.0,0.1,0.1,0.1,0.02,0.01,0.03,0.02,0.03
1755,Papa Ba,ESP,MF,Girona,19,2004,1,0,48,0.5,0,0,0,0,0,0,0,0,0.0,0.0,0.0,0.0,1,0,2,0.0,0.0,0.0,0.0,0.0,0.06,0.0,0.06,0.06,0.06
1756,Loïc Bade,FRA,DF,Sevilla,24,2000,32,31,2686,29.8,1,1,2,1,0,0,7,1,0.6,0.6,0.7,1.3,11,62,6,0.03,0.03,0.07,0.03,0.07,0.02,0.02,0.04,0.02,0.04
1757,Alex Baena,ESP,"MF,FW",Villarreal,23,2001,32,30,2595,28.8,7,9,16,7,0,1,9,0,7.1,6.3,11.7,18.1,91,189,154,0.24,0.31,0.55,0.24,0.55,0.25,0.41,0.65,0.22,0.63
1758,Juma Bah,SLE,DF,Valladolid,18,2006,12,10,864,9.6,0,0,0,0,0,0,1,0,0.3,0.3,0.0,0.3,0,13,1,0.0,0.0,0.0,0.0,0.0,0.03,0.0,0.03,0.03,0.03
1759,Eric Bailly,CIV,DF,Villarreal,30,1994,12,8,617,6.9,0,0,0,0,0,0,2,1,0.3,0.3,0.0,0.3,1,18,0,0.0,0.0,0.0,0.0,0.0,0.05,0.0,0.05,0.05,0.05
1760,Stefan Bajcetic,ESP,"MF,DF",Las Palmas,19,2004,14,12,969,10.8,1,0,1,1,0,0,4,0,0.3,0.3,0.2,0.5,8,39,9,0.09,0.0,0.09,0.09,0.09,0.03,0.02,0.05,0.03,0.05
1761,Cédric Bakambu,COD,FW,Betis,33,1991,25,6,710,7.9,2,2,4,2,0,0,4,0,3.2,3.2,0.6,3.7,9,14,43,0.25,0.25,0.51,0.25,0.51,0.4,0.07,0.47,0.4,0.47
1762,Alejandro Balde,ESP,DF,Barcelona,20,2003,32,26,2284,25.4,0,4,4,0,0,0,2,0,0.5,0.5,3.4,3.9,107,93,246,0.0,0.16,0.16,0.0,0.16,0.02,0.13,0.15,0.02,0.15
1763,Iván Balliu,ALB,DF,Rayo Vallecano,32,1992,25,12,1200,13.3,0,0,0,0,0,0,3,0,0.0,0.0,0.5,0.5,8,46,21,0.0,0.0,0.0,0.0,0.0,0.0,0.04,0.04,0.0,0.04
1764,Jonathan Bamba,CIV,"FW,MF",Celta Vigo,28,1996,12,10,811,9.0,0,1,1,0,0,0,1,0,0.8,0.8,1.8,2.6,31,30,71,0.0,0.11,0.11,0.0,0.11,0.09,0.2,0.29,0.09,0.29
1765,Adrian Baquerin,ESP,FW,Valladolid,17,2007,5,0,49,0.5,0,0,0,0,0,0,0,0,0.4,0.4,0.0,0.4,0,1,0,0.0,0.0,0.0,0.0,0.0,0.71,0.0,0.71,0.71,0.71
1766,Valentín Barco,ARG,"DF,FW",Sevilla,20,2004,7,3,288,3.2,0,0,0,0,0,0,0,0,0.3,0.3,0.6,0.9,4,13,13,0.0,0.0,0.0,0.0,0.0,0.09,0.2,0.28,0.09,0.28
1767,Borna Barišić,CRO,DF,Leganés,31,1992,1,1,9,0.1,0,0,0,0,0,0,0,0,0.0,0.0,0.0,0.0,0,0,0,0.0,0.0,0.0,0.0,0.0,0.0,0.0,0.0,0.0,0.0
1768,Kike Barja,ESP,"FW,MF",Osasuna,27,1997,15,3,315,3.5,0,1,1,0,0,0,3,0,0.2,0.2,1.2,1.4,22,4,39,0.0,0.29,0.29,0.0,0.29,0.05,0.34,0.39,0.05,0.39
1769,Enzo Barrenechea,ARG,MF,Valencia,23,2001,30,26,2191,24.3,1,2,3,1,0,0,6,0,1.3,1.3,0.9,2.3,21,126,16,0.04,0.08,0.12,0.04,0.12,0.05,0.04,0.09,0.05,0.09
1770,Ander Barrenetxea,ESP,"MF,FW",Real Sociedad,22,2001,30,14,1263,14.0,1,3,4,1,0,0,6,0,1.6,1.6,1.9,3.6,43,48,152,0.07,0.21,0.29,0.07,0.29,0.12,0.14,0.26,0.12,0.26
1771,Pablo Barrios,ESP,MF,Atlético Madrid,21,2003,31,28,2330,25.9,1,4,5,1,0,0,4,1,1.3,1.3,2.4,3.7,29,142,69,0.04,0.15,0.19,0.04,0.19,0.05,0.09,0.14,0.05,0.14
1772,Thierno Barry,FRA,FW,Villarreal,21,2002,35,25,2323,25.8,11,4,15,10,1,1,4,0,12.5,11.7,2.9,14.6,44,27,124,0.43,0.15,0.58,0.39,0.54,0.48,0.11,0.6,0.45,0.57
1773,Marc Bartra,ESP,DF,Betis,33,1991,25,23,2099,23.3,2,1,3,2,0,0,2,0,1.2,1.2,0.2,1.4,7,68,1,0.09,0.04,0.13,0.09,0.13,0.05,0.01,0.06,0.05,0.06
1774,Aboubacar Bassinga,CIV,MF,Las Palmas,19,2005,1,0,4,0.0,0,0,0,0,0,0,0,0,0.0,0.0,0.0,0.0,0,0,0,0.0,0.0,0.0,0.0,0.0,0.0,0.0,0.0,0.0,0.0
1775,Augusto Batalla,ARG,GK,Rayo Vallecano,28,1996,32,32,2880,32.0,0,0,0,0,0,0,6,0,0.0,0.0,0.0,0.0,0,2,0,0.0,0.0,0.0,0.0,0.0,0.0,0.0,0.0,0.0,0.0
1776,Rafael Bauza,ESP,MF,Espanyol,19,2005,5,2,183,2.0,0,0,0,0,0,0,1,0,0.1,0.1,0.0,0.1,1,7,3,0.0,0.0,0.0,0.0,0.0,0.04,0.0,0.04,0.04,0.04
1777,Sheraldo Becker,SUR,"FW,MF",Real Sociedad,29,1995,22,11,995,11.1,2,1,3,2,0,0,1,1,2.0,2.0,2.0,4.0,51,23,110,0.18,0.09,0.27,0.18,0.27,0.18,0.18,0.36,0.18,0.36
1778,Donny van de Beek,NED,MF,Girona,27,1997,26,16,1421,15.8,2,2,4,2,0,0,5,0,1.5,1.5,3.2,4.7,17,45,85,0.13,0.13,0.25,0.13,0.25,0.1,0.21,0.3,0.09,0.3
1779,Luken Beitia,ESP,DF,Real Sociedad,20,2004,1,0,8,0.1,0,0,0,0,0,0,0,0,0.0,0.0,0.0,0.0,0,0,0,0.0,0.0,0.0,0.0,0.0,0.0,0.0,0.0,0.0,0.0
1780,Ismael Bekhoucha,MAR,"MF,DF",Getafe,19,2004,5,0,69,0.8,0,0,0,0,0,0,2,0,0.0,0.0,0.0,0.0,1,1,1,0.0,0.0,0.0,0.0,0.0,0.0,0.0,0.0,0.0,0.0
1781,Héctor Bellerín,ESP,DF,Betis,29,1995,9,6,580,6.4,0,2,2,0,0,0,1,0,0.2,0.2,2.0,2.2,3,24,22,0.0,0.31,0.31,0.0,0.31,0.03,0.32,0.35,0.03,0.35
1782,Jude Bellingham,ENG,MF,Real Madrid,21,2003,31,29,2488,27.6,9,8,17,8,1,2,5,1,11.4,9.9,3.9,13.7,74,199,143,0.33,0.29,0.61,0.29,0.58,0.41,0.14,0.55,0.36,0.5
1783,Fran Beltrán,ESP,MF,Celta Vigo,25,1999,34,29,2421,26.9,2,1,3,2,0,0,3,0,1.0,1.0,1.8,2.8,28,152,29,0.07,0.04,0.11,0.07,0.11,0.04,0.07,0.1,0.04,0.1
1784,Carlos Benavídez,URU,MF,Alavés,26,1998,18,6,487,5.4,1,1,2,1,0,0,3,0,0.3,0.3,0.6,0.9,4,26,5,0.18,0.18,0.37,0.18,0.37,0.05,0.11,0.16,0.05,0.16
1785,Iker Benito,ESP,"FW,MF",Osasuna,21,2002,2,0,37,0.4,0,0,0,0,0,0,0,0,0.0,0.0,0.0,0.0,2,0,4,0.0,0.0,0.0,0.0,0.0,0.0,0.09,0.09,0.0,0.09
1786,Yuri Berchiche,ESP,DF,Athletic Club,34,1990,30,22,2044,22.7,0,2,2,0,0,0,5,0,0.6,0.6,2.2,2.8,43,161,66,0.0,0.09,0.09,0.0,0.09,0.02,0.1,0.12,0.02,0.12
1787,Álex Berenguer,ESP,"FW,MF",Athletic Club,29,1995,36,28,2339,26.0,6,7,13,6,0,1,5,0,6.8,6.0,5.0,11.0,65,78,216,0.23,0.27,0.5,0.23,0.5,0.26,0.19,0.45,0.23,0.42
1788,Marc Bernal,ESP,MF,Barcelona,17,2007,3,3,242,2.7,0,0,0,0,0,0,2,0,0.1,0.1,0.0,0.1,0,8,2,0.0,0.0,0.0,0.0,0.0,0.03,0.01,0.03,0.03,0.03
1789,Juan Bernat,ESP,"DF,MF",Villarreal,31,1993,10,1,212,2.4,0,1,1,0,0,0,0,0,0.3,0.3,0.4,0.7,4,8,23,0.0,0.42,0.42,0.0,0.42,0.12,0.17,0.29,0.12,0.29
1790,Juan Bernat,ESP,"MF,DF",Getafe,31,1993,14,9,699,7.8,0,1,1,0,0,0,0,0,0.1,0.1,0.7,0.8,2,14,36,0.0,0.13,0.13,0.0,0.13,0.02,0.09,0.11,0.02,0.11
1791,Juan Berrocal,ESP,DF,Getafe,25,1999,19,11,1063,11.8,0,0,0,0,0,0,8,1,0.4,0.4,0.0,0.4,1,25,1,0.0,0.0,0.0,0.0,0.0,0.03,0.0,0.03,0.03,0.03
1792,Antonio Blanco,ESP,MF,Alavés,24,2000,35,32,2727,30.3,0,1,1,0,0,0,11,1,0.8,0.8,1.6,2.4,13,146,19,0.0,0.03,0.03,0.0,0.03,0.03,0.05,0.08,0.03,0.08
1793,Daley Blind,NED,DF,Girona,34,1990,34,31,2780,30.9,0,2,2,0,0,0,2,0,0.5,0.5,1.6,2.1,71,272,61,0.0,0.06,0.06,0.0,0.06,0.02,0.05,0.07,0.02,0.07
1794,Adama Boiro,ESP,"DF,FW",Athletic Club,22,2002,18,13,1101,12.2,0,0,0,0,0,0,3,0,0.3,0.3,0.5,0.7,25,46,36,0.0,0.0,0.0,0.0,0.0,0.02,0.04,0.06,0.02,0.06
1795,Enzo Boyomo,CMR,DF,Osasuna,22,2001,34,33,2987,33.2,2,0,2,2,0,0,5,0,1.5,1.5,0.9,2.4,16,111,7,0.06,0.0,0.06,0.06,0.06,0.05,0.03,0.07,0.05,0.07
1796,Enzo Boyomo,CMR,DF,Valladolid,22,2001,3,3,270,3.0,0,0,0,0,0,0,0,0,0.1,0.1,0.0,0.1,1,7,0,0.0,0.0,0.0,0.0,0.0,0.02,0.0,0.02,0.02,0.02
1797,Darko Brašanac,SRB,MF,Leganés,32,1992,30,15,1617,18.0,1,2,3,1,0,0,4,0,1.8,1.8,0.4,2.2,6,43,53,0.06,0.11,0.17,0.06,0.17,0.1,0.02,0.12,0.1,0.12
1798,Tajon Buchanan,CAN,MF,Villarreal,25,1999,13,4,416,4.6,1,2,3,1,0,0,2,0,0.9,0.9,0.5,1.4,19,5,45,0.22,0.43,0.65,0.22,0.65,0.19,0.12,0.31,0.19,0.31
1799,Ante Budimir,CRO,FW,Osasuna,33,1991,38,34,2952,32.8,21,4,25,13,8,8,4,0,18.3,12.3,1.7,13.9,23,24,134,0.64,0.12,0.76,0.4,0.52,0.56,0.05,0.61,0.37,0.42
1800,Manu Bueno,ESP,"MF,FW",Sevilla,20,2004,9,1,140,1.6,1,0,1,1,0,0,0,0,0.1,0.1,0.0,0.1,2,5,5,0.64,0.0,0.64,0.64,0.64,0.08,0.0,0.08,0.08,0.08
1801,Endika Buján,ESP,FW,Athletic Club,21,2003,1,0,7,0.1,0,0,0,0,0,0,0,0,0.0,0.0,0.0,0.0,1,0,0,0.0,0.0,0.0,0.0,0.0,0.0,0.0,0.0,0.0,0.0
1802,Pau Cabanes,ESP,"MF,FW",Villarreal,19,2005,10,0,163,1.8,1,0,1,1,0,0,0,0,0.5,0.5,0.4,0.9,10,11,33,0.55,0.0,0.55,0.55,0.55,0.26,0.22,0.47,0.26,0.47
1803,Pau Cabanes,ESP,"MF,FW",Alavés,19,2005,6,2,188,2.1,0,0,0,0,0,0,1,0,0.0,0.0,0.0,0.1,15,5,15,0.0,0.0,0.0,0.0,0.0,0.02,0.01,0.03,0.02,0.03
1804,Leandro Cabrera,URU,DF,Espanyol,33,1991,33,32,2869,31.9,4,2,6,4,0,0,4,1,1.1,1.1,0.9,2.1,9,69,6,0.13,0.06,0.19,0.13,0.19,0.03,0.03,0.06,0.03,0.06
1805,Fernando Calero,ESP,"DF,MF",Espanyol,28,1995,21,6,715,7.9,1,0,1,1,0,0,1,0,0.3,0.3,0.0,0.3,0,17,2,0.13,0.0,0.13,0.13,0.13,0.03,0.01,0.04,0.03,0.04
1806,Eduardo Camavinga,FRA,"MF,DF",Real Madrid,21,2002,19,11,1102,12.2,1,2,3,1,0,0,2,0,0.4,0.4,0.8,1.2,26,61,31,0.08,0.16,0.25,0.08,0.25,0.04,0.06,0.1,0.04,0.1
1807,Sergio Camello,ESP,FW,Rayo Vallecano,23,2001,23,14,1134,12.6,3,2,5,3,0,0,2,0,4.1,4.1,2.0,6.1,20,27,68,0.24,0.16,0.4,0.24,0.4,0.32,0.16,0.48,0.32,0.48
1808,José Campaña,ESP,MF,Las Palmas,31,1993,25,15,1189,13.2,0,3,3,0,0,0,5,0,0.1,0.1,0.9,1.1,11,87,15,0.0,0.23,0.23,0.0,0.23,0.01,0.07,0.08,0.01,0.08
1809,Peio Canales,ESP,"MF,FW",Athletic Club,19,2005,8,2,259,2.9,0,0,0,0,0,0,0,0,0.2,0.2,0.2,0.4,6,6,11,0.0,0.0,0.0,0.0,0.0,0.07,0.08,0.15,0.07,0.15
1810,Antonio Candela,ITA,DF,Valladolid,24,2000,12,12,906,10.1,0,0,0,0,0,0,1,0,0.0,0.0,0.8,0.9,16,22,29,0.0,0.0,0.0,0.0,0.0,0.0,0.08,0.08,0.0,0.08
1811,Sergi Canós,ESP,"MF,FW",Valencia,27,1997,17,2,370,4.1,0,1,1,0,0,0,3,0,0.5,0.5,0.2,0.7,7,9,47,0.0,0.24,0.24,0.0,0.24,0.13,0.05,0.17,0.13,0.17
1812,Dani Cárdenas,ESP,GK,Rayo Vallecano,27,1997,6,6,540,6.0,0,0,0,0,0,0,0,0,0.0,0.0,0.0,0.0,0,0,0,0.0,0.0,0.0,0.0,0.0,0.0,0.0,0.0,0.0,0.0
1813,Irvin Cardona,FRA,"FW,MF",Espanyol,26,1997,16,5,606,6.7,1,1,2,1,0,0,1,0,1.1,1.1,0.6,1.7,14,15,43,0.15,0.15,0.3,0.15,0.3,0.16,0.09,0.25,0.16,0.25
1814,Marc Cardona,ESP,"FW,DF",Las Palmas,29,1995,11,0,132,1.5,0,0,0,0,0,0,2,0,0.4,0.4,0.0,0.4,2,3,12,0.0,0.0,0.0,0.0,0.0,0.26,0.0,0.26,0.26,0.26
1815,Sergi Cardona,ESP,DF,Villarreal,25,1999,35,34,2945,32.7,1,7,8,1,0,0,11,0,2.4,2.4,5.8,8.2,52,77,198,0.03,0.21,0.24,0.03,0.24,0.07,0.18,0.25,0.07,0.25
1816,Johnny Cardoso,USA,MF,Betis,22,2001,28,24,2144,23.8,3,1,4,3,0,0,4,0,2.0,2.0,0.9,3.0,19,71,28,0.13,0.04,0.17,0.13,0.17,0.09,0.04,0.12,0.09,0.12
1817,José Carlos González,ESP,DF,Las Palmas,18,2006,1,0,11,0.1,0,0,0,0,0,0,0,0,0.0,0.0,0.0,0.0,0,0,1,0.0,0.0,0.0,0.0,0.0,0.0,0.0,0.0,0.0,0.0
1818,Carmona,ESP,DF,Sevilla,22,2002,35,35,2942,32.7,0,0,0,0,0,0,11,0,0.5,0.5,2.0,2.5,45,109,57,0.0,0.0,0.0,0.0,0.0,0.02,0.06,0.08,0.02,0.08
1819,Sergio Carreira,ESP,"MF,DF",Celta Vigo,23,2000,23,19,1656,18.4,0,4,4,0,0,0,1,0,0.6,0.6,3.1,3.7,39,53,140,0.0,0.22,0.22,0.0,0.22,0.03,0.17,0.2,0.03,0.2
1820,Dani Carvajal,ESP,DF,Real Madrid,32,1992,8,7,609,6.8,1,0,1,1,0,0,1,0,1.3,1.3,0.2,1.5,13,27,48,0.15,0.0,0.15,0.15,0.15,0.19,0.03,0.22,0.19,0.22
1821,William Carvalho,POR,MF,Betis,32,1992,14,6,484,5.4,0,0,0,0,0,0,1,0,0.2,0.2,0.2,0.5,5,45,10,0.0,0.0,0.0,0.0,0.0,0.04,0.05,0.09,0.04,0.09
1822,Marc Casado,ESP,MF,Barcelona,20,2003,23,20,1611,17.9,1,3,4,1,0,0,4,1,1.1,1.1,1.4,2.4,12,107,24,0.06,0.17,0.22,0.06,0.22,0.06,0.08,0.13,0.06,0.13
1823,Catena,ESP,DF,Osasuna,29,1994,35,35,3074,34.2,1,3,4,1,0,0,11,0,2.2,2.2,2.3,4.5,9,89,4,0.03,0.09,0.12,0.03,0.12,0.07,0.07,0.13,0.07,0.13
1824,Maximiliano Caufriez,BEL,DF,Valencia,27,1997,1,1,90,1.0,0,0,0,0,0,0,0,0,0.0,0.0,0.0,0.0,0,1,0,0.0,0.0,0.0,0.0,0.0,0.0,0.0,0.0,0.0,0.0
1825,Dani Ceballos,ESP,MF,Real Madrid,27,1996,23,15,1215,13.5,0,0,0,0,0,0,4,0,0.4,0.4,1.6,2.0,42,150,17,0.0,0.0,0.0,0.0,0.0,0.03,0.12,0.15,0.03,0.15
1826,Franco Cervi,ARG,"FW,MF",Celta Vigo,30,1994,7,4,273,3.0,0,0,0,0,0,0,1,0,0.0,0.0,0.3,0.3,3,14,21,0.0,0.0,0.0,0.0,0.0,0.0,0.11,0.11,0.0,0.11
1827,Raúl Chasco,ESP,DF,Valladolid,20,2003,2,1,130,1.4,0,0,0,0,0,0,0,0,0.0,0.0,0.0,0.0,1,3,2,0.0,0.0,0.0,0.0,0.0,0.0,0.02,0.02,0.0,0.02
1828,Pep Chavarría,ESP,"DF,FW",Rayo Vallecano,26,1998,34,28,2585,28.7,0,1,1,0,0,0,3,0,1.2,1.2,1.9,3.1,59,114,133,0.0,0.03,0.03,0.0,0.03,0.04,0.07,0.11,0.04,0.11
1829,Walid Cheddira,MAR,FW,Espanyol,26,1998,22,5,640,7.1,1,1,2,1,0,0,3,0,1.0,1.0,1.2,2.2,8,12,34,0.14,0.14,0.28,0.14,0.28,0.14,0.17,0.31,0.14,0.31
1830,Chema,ESP,MF,Real Madrid,19,2005,2,0,12,0.1,0,0,0,0,0,0,0,0,0.0,0.0,0.0,0.0,0,0,0,0.0,0.0,0.0,0.0,0.0,0.0,0.0,0.0,0.0,0.0
1831,Julián Chicco,ARG,"MF,DF",Leganés,26,1998,14,2,302,3.4,0,1,1,0,0,0,0,0,0.5,0.5,0.2,0.6,8,16,7,0.0,0.3,0.3,0.0,0.3,0.14,0.05,0.19,0.14,0.19
1832,Chiquinho,POR,"MF,FW",Mallorca,24,2000,8,1,146,1.6,0,0,0,0,0,0,2,0,0.3,0.3,0.0,0.3,4,1,12,0.0,0.0,0.0,0.0,0.0,0.19,0.02,0.21,0.19,0.21
1833,Andreas Christensen,DEN,DF,Barcelona,28,1996,5,2,254,2.8,0,0,0,0,0,0,3,0,0.0,0.0,0.0,0.1,1,15,1,0.0,0.0,0.0,0.0,0.0,0.01,0.01,0.02,0.01,0.02
1834,Jasper Cillessen,NED,GK,Las Palmas,35,1989,27,27,2335,25.9,0,0,0,0,0,0,1,0,0.0,0.0,0.0,0.0,0,0,0,0.0,0.0,0.0,0.0,0.0,0.0,0.0,0.0,0.0,0.0
1835,Pathé Ciss,SEN,"MF,DF",Rayo Vallecano,30,1994,33,25,2140,23.8,4,1,5,4,0,0,12,0,1.8,1.7,1.1,2.8,19,128,12,0.17,0.04,0.21,0.17,0.21,0.08,0.05,0.12,0.07,0.12
1836,Seydouba Cissé,GUI,MF,Leganés,23,2001,34,31,2435,27.1,3,1,4,3,0,0,3,1,3.0,3.0,1.0,4.0,26,110,42,0.11,0.04,0.15,0.11,0.15,0.11,0.04,0.15,0.11,0.15
1837,Silvi Clúa,ESP,MF,Girona,19,2005,4,2,163,1.8,0,0,0,0,0,0,0,0,0.0,0.0,0.0,0.1,4,3,3,0.0,0.0,0.0,0.0,0.0,0.02,0.02,0.04,0.02,0.04
1838,Eray Cömert,SUI,"DF,MF",Valladolid,26,1998,25,21,1779,19.8,0,0,0,0,0,0,6,0,0.9,0.9,0.0,0.9,9,48,5,0.0,0.0,0.0,0.0,0.0,0.04,0.0,0.04,0.04,0.04
1839,Santi Comesaña,ESP,MF,Villarreal,27,1996,35,30,2560,28.4,4,2,6,4,0,0,7,0,4.6,4.6,2.0,6.6,39,154,58,0.14,0.07,0.21,0.14,0.21,0.16,0.07,0.23,0.16,0.23
1840,Diego Conde,ESP,GK,Villarreal,25,1998,22,22,1962,21.8,0,1,1,0,0,0,2,0,0.0,0.0,0.2,0.2,0,0,0,0.0,0.05,0.05,0.0,0.05,0.0,0.01,0.01,0.0,0.01
1841,Tomás Conechny,ARG,"FW,MF",Alavés,26,1998,22,9,847,9.4,1,0,1,1,0,0,8,0,2.4,2.4,0.3,2.7,14,23,61,0.11,0.0,0.11,0.11,0.11,0.26,0.03,0.29,0.26,0.29
1842,Copete,ESP,DF,Mallorca,24,1999,25,16,1528,17.0,0,0,0,0,0,0,6,0,0.5,0.5,0.0,0.5,10,47,2,0.0,0.0,0.0,0.0,0.0,0.03,0.0,0.03,0.03,0.03
1843,Iker Córdoba,ESP,DF,Valencia,18,2005,2,0,15,0.2,0,0,0,0,0,0,0,0,0.0,0.0,0.1,0.1,0,1,1,0.0,0.0,0.0,0.0,0.0,0.0,0.45,0.45,0.0,0.45
1844,Ángel Correa,ARG,"FW,MF",Atlético Madrid,29,1995,31,3,805,8.9,4,1,5,4,0,0,3,1,4.5,4.5,2.1,6.6,30,25,85,0.45,0.11,0.56,0.45,0.56,0.51,0.23,0.74,0.51,0.74
1845,Thierry Correia,POR,DF,Valencia,25,1999,11,9,768,8.5,0,0,0,0,0,0,1,0,0.3,0.3,0.3,0.6,16,44,48,0.0,0.0,0.0,0.0,0.0,0.04,0.04,0.08,0.04,0.08
1846,Coba da Costa,ESP,"MF,FW",Getafe,22,2002,19,12,1006,11.2,1,1,2,1,0,0,4,0,1.1,1.1,1.4,2.6,46,16,83,0.09,0.09,0.18,0.09,0.18,0.1,0.13,0.23,0.1,0.23
1847,Logan Costa,CPV,DF,Villarreal,23,2001,32,28,2587,28.7,2,1,3,2,0,0,3,0,0.7,0.7,0.6,1.3,25,116,10,0.07,0.03,0.1,0.07,0.1,0.02,0.02,0.05,0.02,0.05
1848,Samu Costa,POR,MF,Mallorca,23,2000,32,31,2649,29.4,0,2,2,0,0,0,10,1,1.8,1.8,1.2,3.0,24,116,69,0.0,0.07,0.07,0.0,0.07,0.06,0.04,0.1,0.06,0.1
1849,Thibaut Courtois,BEL,GK,Real Madrid,32,1992,30,30,2700,30.0,0,0,0,0,0,0,1,0,0.0,0.0,0.1,0.1,0,0,0,0.0,0.0,0.0,0.0,0.0,0.0,0.0,0.0,0.0,0.0
1850,Juan Cruz Armada,ESP,DF,Osasuna,32,1992,25,19,1492,16.6,0,0,0,0,0,0,4,0,0.1,0.1,0.0,0.2,9,53,12,0.0,0.0,0.0,0.0,0.0,0.01,0.0,0.01,0.01,0.01
1851,Juan Cruz,ESP,"FW,MF",Leganés,24,2000,34,26,2257,25.1,5,4,9,5,0,0,2,0,2.7,2.7,4.1,6.9,59,66,131,0.2,0.16,0.36,0.2,0.36,0.11,0.17,0.27,0.11,0.27
1852,Pau Cubarsí,ESP,DF,Barcelona,17,2007,35,29,2618,29.1,0,3,3,0,0,0,3,0,0.8,0.8,1.6,2.5,26,191,6,0.0,0.1,0.1,0.0,0.1,0.03,0.06,0.08,0.03,0.08
1853,Cucho,COL,FW,Betis,25,1999,15,14,1139,12.7,5,1,6,5,0,0,0,0,3.8,3.8,1.5,5.3,27,34,82,0.4,0.08,0.47,0.4,0.47,0.3,0.12,0.42,0.3,0.42
1854,Arnaut Danjuma,NED,FW,Villarreal,27,1997,3,3,200,2.2,2,0,2,2,0,0,1,0,0.8,0.8,0.0,0.8,4,1,17,0.9,0.0,0.9,0.9,0.9,0.37,0.01,0.38,0.37,0.38
1855,Arnaut Danjuma,NED,"FW,MF",Girona,27,1997,25,15,1335,14.8,2,0,2,2,0,0,2,0,3.6,3.6,1.7,5.3,91,41,185,0.13,0.0,0.13,0.13,0.13,0.24,0.11,0.35,0.24,0.35
1856,Sergi Darder,ESP,"MF,FW",Mallorca,30,1993,38,34,2744,30.5,2,6,8,2,0,0,4,0,2.1,2.1,3.7,5.8,37,142,83,0.07,0.2,0.26,0.07,0.26,0.07,0.12,0.19,0.07,0.19
1857,Rodrigo De Paul,ARG,MF,Atlético Madrid,30,1994,34,23,2106,23.4,3,5,8,3,0,0,7,0,1.3,1.3,5.6,6.9,85,231,64,0.13,0.21,0.34,0.13,0.34,0.06,0.24,0.29,0.06,0.29
1858,Mouctar Diakhaby,GUI,DF,Valencia,27,1996,13,7,653,7.3,2,0,2,2,0,0,0,0,1.5,1.5,0.0,1.5,5,14,2,0.28,0.0,0.28,0.28,0.28,0.2,0.0,0.21,0.2,0.21
1859,Assane Diao,SEN,FW,Betis,18,2005,10,2,277,3.1,1,2,3,1,0,0,0,0,0.8,0.8,1.5,2.3,9,1,27,0.32,0.65,0.97,0.32,0.97,0.26,0.5,0.75,0.26,0.75
1860,Moussa Diarra,MLI,DF,Alavés,23,2000,26,20,1866,20.7,0,0,0,0,0,0,6,0,0.0,0.0,0.1,0.2,12,70,31,0.0,0.0,0.0,0.0,0.0,0.0,0.01,0.01,0.0,0.01
1861,Brahim Díaz,MAR,"FW,MF",Real Madrid,24,1999,31,16,1385,15.4,4,2,6,4,0,0,0,0,5.3,5.3,3.3,8.6,39,74,110,0.26,0.13,0.39,0.26,0.39,0.34,0.22,0.56,0.34,0.56
1862,Daniel Díaz,ESP,MF,Real Sociedad,18,2006,1,0,10,0.1,0,0,0,0,0,0,0,0,0.0,0.0,0.0,0.0,0,0,0,0.0,0.0,0.0,0.0,0.0,0.0,0.0,0.0,0.0,0.0
1863,Pedro Díaz,ESP,MF,Rayo Vallecano,26,1998,26,12,1211,13.5,3,0,3,3,0,1,2,0,2.4,1.6,2.1,3.7,27,62,49,0.22,0.0,0.22,0.22,0.22,0.18,0.16,0.33,0.12,0.27
1864,Diego,ESP,FW,Leganés,24,2000,28,13,1195,13.3,3,0,3,3,0,0,2,0,3.8,3.8,0.2,4.0,9,16,49,0.23,0.0,0.23,0.23,0.23,0.28,0.02,0.3,0.28,0.3
1865,Stole Dimitrievski,MKD,GK,Valencia,30,1993,4,4,360,4.0,0,0,0,0,0,0,1,0,0.0,0.0,0.0,0.0,0,0,0,0.0,0.0,0.0,0.0,0.0,0.0,0.0,0.0,0.0,0.0
1866,Yan Diomandé,CIV,"MF,FW",Leganés,17,2006,10,6,545,6.1,2,1,3,2,0,0,1,0,1.4,1.4,0.9,2.3,37,16,64,0.33,0.17,0.5,0.33,0.5,0.24,0.14,0.38,0.24,0.38
1867,Álvaro djaló,ESP,FW,Athletic Club,24,1999,17,7,659,7.3,1,0,1,1,0,0,2,0,0.8,0.8,0.9,1.7,22,13,60,0.14,0.0,0.14,0.14,0.14,0.11,0.12,0.23,0.11,0.23
1868,Djené,TOG,"DF,MF",Getafe,32,1991,31,31,2548,28.3,0,0,0,0,0,0,10,1,0.3,0.3,0.6,0.9,18,74,21,0.0,0.0,0.0,0.0,0.0,0.01,0.02,0.03,0.01,0.03
1869,Marko Dmitrović,SRB,GK,Leganés,32,1992,32,32,2880,32.0,0,0,0,0,0,0,0,0,0.0,0.0,0.2,0.2,0,1,0,0.0,0.0,0.0,0.0,0.0,0.0,0.01,0.01,0.0,0.01
1870,Marc Domenech,ESP,"FW,MF",Mallorca,18,2006,10,3,303,3.4,0,0,0,0,0,0,0,0,0.7,0.7,0.2,0.9,1,4,21,0.0,0.0,0.0,0.0,0.0,0.22,0.06,0.27,0.22,0.27
1871,Carlos Dominguez,ESP,DF,Celta Vigo,23,2001,19,13,1181,13.1,0,0,0,0,0,0,1,0,0.2,0.2,0.1,0.3,15,66,4,0.0,0.0,0.0,0.0,0.0,0.02,0.0,0.02,0.02,0.02
1872,Israel Domínguez,ESP,FW,Sevilla,21,2003,1,0,18,0.2,0,0,0,0,0,0,0,0,0.0,0.0,0.0,0.0,0,0,0,0.0,0.0,0.0,0.0,0.0,0.0,0.0,0.0,0.0,0.0
1873,Sergi Dominguez,ESP,DF,Barcelona,19,2005,3,2,172,1.9,0,0,0,0,0,0,1,0,0.0,0.0,0.0,0.0,0,13,1,0.0,0.0,0.0,0.0,0.0,0.0,0.0,0.0,0.0,0.0
1874,Anastasios Douvikas,GRE,FW,Celta Vigo,24,1999,20,6,700,7.8,3,1,4,3,0,0,2,0,4.4,4.4,0.2,4.7,6,6,43,0.39,0.13,0.51,0.39,0.51,0.57,0.03,0.6,0.57,0.6
1875,Domingos Duarte,POR,DF,Getafe,29,1995,22,21,1859,20.7,1,0,1,1,0,0,4,2,0.2,0.2,0.1,0.3,3,47,3,0.05,0.0,0.05,0.05,0.05,0.01,0.0,0.01,0.01,0.01
1876,Duk,CPV,"MF,FW",Leganés,24,2000,10,1,179,2.0,0,0,0,0,0,0,1,0,0.0,0.0,0.7,0.7,10,3,21,0.0,0.0,0.0,0.0,0.0,0.01,0.33,0.34,0.01,0.34
1877,Pablo Durán,ESP,"FW,MF",Celta Vigo,23,2001,27,15,1394,15.5,4,4,8,4,0,0,3,0,3.6,3.6,2.8,6.5,24,30,124,0.26,0.26,0.52,0.26,0.52,0.24,0.18,0.42,0.24,0.42
1878,Hugo Duro,ESP,FW,Valencia,24,1999,31,25,2166,24.1,11,2,13,10,1,1,5,0,9.4,8.6,1.3,9.9,13,28,88,0.46,0.08,0.54,0.42,0.5,0.39,0.05,0.44,0.36,0.41
1879,Chidera Ejuke,NGA,FW,Sevilla,26,1998,25,9,966,10.7,2,1,3,2,0,0,0,0,1.1,1.1,1.9,3.0,75,38,101,0.19,0.09,0.28,0.19,0.28,0.1,0.17,0.28,0.1,0.28
1880,Aritz Elustondo,ESP,DF,Real Sociedad,30,1994,22,16,1457,16.2,0,0,0,0,0,0,2,1,0.4,0.4,0.2,0.6,17,51,4,0.0,0.0,0.0,0.0,0.0,0.03,0.01,0.04,0.03,0.04
1881,Adri Embarba,ESP,"FW,MF",Rayo Vallecano,32,1992,35,18,1607,17.9,1,1,2,1,0,0,4,0,2.1,2.1,2.7,4.8,47,45,114,0.06,0.06,0.11,0.06,0.11,0.12,0.15,0.27,0.12,0.27
1882,Endrick,BRA,FW,Real Madrid,18,2006,22,3,363,4.0,1,0,1,1,0,0,1,0,2.5,2.5,0.5,3.0,12,8,32,0.25,0.0,0.25,0.25,0.25,0.61,0.12,0.73,0.61,0.73
1883,Alfonso Espino,URU,DF,Rayo Vallecano,32,1992,16,9,833,9.3,0,1,1,0,0,0,4,0,0.4,0.4,0.6,1.1,10,39,29,0.0,0.11,0.11,0.0,0.11,0.05,0.07,0.12,0.05,0.12
1884,Dario Essugo,POR,MF,Las Palmas,19,2005,27,25,1938,21.5,1,0,1,1,0,0,11,2,0.7,0.7,0.4,1.0,18,76,8,0.05,0.0,0.05,0.05,0.05,0.03,0.02,0.05,0.03,0.05
1885,Etienne Eto'o,CMR,FW,Rayo Vallecano,21,2002,2,0,40,0.4,0,0,0,0,0,0,0,0,0.0,0.0,0.0,0.0,0,0,1,0.0,0.0,0.0,0.0,0.0,0.0,0.0,0.0,0.0,0.0
1886,Karl Etta,CMR,"MF,FW",Villarreal,20,2003,4,0,37,0.4,1,0,1,1,0,0,0,0,0.4,0.4,0.0,0.4,0,0,0,2.43,0.0,2.43,2.43,2.43,0.88,0.0,0.88,0.88,0.88
1887,Edu Expósito,ESP,MF,Espanyol,27,1996,19,12,1045,11.6,0,2,2,0,0,0,3,0,1.0,1.0,3.2,4.2,23,64,41,0.0,0.17,0.17,0.0,0.17,0.09,0.27,0.36,0.09,0.36
1888,Abde Ezzalzouli,MAR,"FW,MF",Betis,22,2001,32,23,1984,22.0,2,2,4,2,0,1,2,0,8.0,7.2,2.0,9.3,117,68,215,0.09,0.09,0.18,0.09,0.18,0.36,0.09,0.46,0.33,0.42
1889,Ansu Fati,ESP,FW,Barcelona,21,2002,6,3,233,2.6,0,0,0,0,0,0,1,0,1.0,1.0,0.2,1.1,7,6,32,0.0,0.0,0.0,0.0,0.0,0.38,0.06,0.44,0.38,0.44
1890,Nabil Fekir,FRA,MF,Betis,31,1993,2,2,180,2.0,0,1,1,0,0,0,0,0,0.7,0.7,0.6,1.2,9,10,18,0.0,0.5,0.5,0.0,0.5,0.34,0.28,0.62,0.34,0.62
1891,Kiko Femenía,ESP,DF,Villarreal,33,1991,28,27,2227,24.7,0,1,1,0,0,0,7,0,0.4,0.4,1.3,1.7,52,112,44,0.0,0.04,0.04,0.0,0.04,0.01,0.05,0.07,0.01,0.07
1892,Aitor Fernández,ESP,GK,Osasuna,33,1991,1,1,90,1.0,0,0,0,0,0,0,0,0,0.0,0.0,0.0,0.0,0,0,0,0.0,0.0,0.0,0.0,0.0,0.0,0.0,0.0,0.0,0.0
1893,Álvaro Fernández,ESP,GK,Sevilla,26,1998,9,8,747,8.3,0,0,0,0,0,0,2,0,0.0,0.0,0.1,0.1,0,0,0,0.0,0.0,0.0,0.0,0.0,0.0,0.02,0.02,0.0,0.02
1894,Pelayo Fernandez,ESP,DF,Rayo Vallecano,21,2003,2,1,98,1.1,0,0,0,0,0,0,1,0,0.0,0.0,0.0,0.0,0,1,0,0.0,0.0,0.0,0.0,0.0,0.0,0.0,0.0,0.0,0.0
1895,Roberto Férnandez,ESP,FW,Espanyol,22,2002,19,18,1497,16.6,6,0,6,6,0,0,1,0,3.6,3.6,0.6,4.2,7,17,50,0.36,0.0,0.36,0.36,0.36,0.21,0.04,0.25,0.21,0.25
1896,Valery Fernández,ESP,"MF,FW",Mallorca,24,1999,18,1,309,3.4,2,0,2,2,0,0,1,0,0.8,0.8,0.0,0.9,2,5,14,0.58,0.0,0.58,0.58,0.58,0.24,0.01,0.25,0.24,0.25
1897,André Ferreira,POR,GK,Valladolid,28,1996,6,6,540,6.0,0,0,0,0,0,0,0,0,0.0,0.0,0.0,0.0,0,0,0,0.0,0.0,0.0,0.0,0.0,0.0,0.0,0.0,0.0,0.0
1898,Mateo Flores,ESP,MF,Betis,20,2004,6,1,153,1.7,0,0,0,0,0,0,1,0,0.0,0.0,0.0,0.0,0,9,2,0.0,0.0,0.0,0.0,0.0,0.0,0.0,0.0,0.0,0.0
1899,Pablo Fornals,ESP,"MF,FW",Betis,28,1996,26,22,1827,20.3,2,0,2,2,0,0,2,0,1.8,1.8,3.3,5.1,32,146,85,0.1,0.0,0.1,0.1,0.1,0.09,0.16,0.25,0.09,0.25
1900,Héctor Fort,ESP,DF,Barcelona,17,2006,17,5,585,6.5,0,0,0,0,0,0,2,0,0.2,0.2,0.9,1.1,14,26,33,0.0,0.0,0.0,0.0,0.0,0.04,0.13,0.17,0.04,0.17
1901,Dimitri Foulquier,FRA,DF,Valencia,31,1993,32,25,2299,25.5,0,1,1,0,0,0,6,0,0.4,0.4,1.4,1.8,48,97,66,0.0,0.04,0.04,0.0,0.04,0.02,0.05,0.07,0.02,0.07
1902,Juan Foyth,ARG,DF,Villarreal,26,1998,19,17,1517,16.9,1,0,1,1,0,0,4,0,2.4,2.4,0.3,2.8,13,65,11,0.06,0.0,0.06,0.06,0.06,0.14,0.02,0.16,0.14,0.16
1903,Fran,ESP,GK,Real Madrid,19,2005,1,1,90,1.0,0,0,0,0,0,0,0,0,0.0,0.0,0.0,0.0,0,0,0,0.0,0.0,0.0,0.0,0.0,0.0,0.0,0.0,0.0,0.0
1904,Alejandro Francés,ESP,DF,Girona,21,2002,18,13,1173,13.0,0,0,0,0,0,0,2,0,0.2,0.2,0.3,0.6,18,63,21,0.0,0.0,0.0,0.0,0.0,0.02,0.03,0.04,0.02,0.04
1905,Enric Franquesa,ESP,"DF,FW",Leganés,27,1997,12,7,616,6.8,1,0,1,1,0,0,1,0,0.3,0.3,0.1,0.4,11,12,30,0.15,0.0,0.15,0.15,0.15,0.04,0.02,0.06,0.04,0.06
1906,Jorge de Frutos,ESP,"FW,MF",Rayo Vallecano,27,1997,36,30,2495,27.7,6,3,9,6,0,0,3,1,6.3,6.3,3.4,9.8,77,44,201,0.22,0.11,0.32,0.22,0.32,0.23,0.12,0.35,0.23,0.35
1907,Darío Fuentes,ESP,DF,Sevilla,21,2003,1,0,5,0.1,0,0,0,0,0,0,1,0,0.0,0.0,0.0,0.0,0,0,0,0.0,0.0,0.0,0.0,0.0,0.0,0.0,0.0,0.0,0.0
1908,Manuel Fuster,ESP,"FW,MF",Las Palmas,26,1997,28,8,1003,11.1,2,1,3,2,0,0,2,0,0.7,0.7,1.8,2.5,23,71,75,0.18,0.09,0.27,0.18,0.27,0.07,0.16,0.23,0.07,0.23
1909,Javi Galán,ESP,DF,Atlético Madrid,29,1994,25,21,1784,19.8,0,3,3,0,0,0,8,0,0.2,0.2,3.9,4.1,52,54,107,0.0,0.15,0.15,0.0,0.15,0.01,0.19,0.2,0.01,0.2
1910,Iñigo Ruiz de Galarreta,ESP,MF,Athletic Club,30,1993,26,18,1477,16.4,0,4,4,0,0,0,5,0,0.5,0.5,2.9,3.4,27,137,39,0.0,0.24,0.24,0.0,0.24,0.03,0.18,0.21,0.03,0.21
1911,Conor Gallagher,ENG,MF,Atlético Madrid,24,2000,32,19,1633,18.1,3,3,6,3,0,0,2,0,2.8,2.8,1.2,3.9,24,64,64,0.17,0.17,0.33,0.17,0.33,0.15,0.06,0.22,0.15,0.22
1912,Facundo Garcés,MAS,DF,Alavés,24,1999,10,7,678,7.5,0,0,0,0,0,0,2,0,0.1,0.1,0.8,0.9,3,12,3,0.0,0.0,0.0,0.0,0.0,0.01,0.11,0.12,0.01,0.12
1913,Álvaro García,ESP,"FW,MF",Rayo Vallecano,31,1992,36,28,2559,28.4,4,5,9,4,0,0,4,0,7.6,7.6,5.0,12.6,68,71,245,0.14,0.18,0.32,0.14,0.32,0.27,0.18,0.44,0.27,0.44
1914,Eric García,ESP,"DF,MF",Barcelona,23,2001,29,14,1566,17.4,2,3,5,2,0,0,4,0,2.3,2.3,0.8,3.1,18,109,22,0.11,0.17,0.29,0.11,0.29,0.13,0.05,0.18,0.13,0.18
1915,Fran Garcia,ESP,DF,Real Madrid,24,1999,31,24,2171,24.1,0,2,2,0,0,0,0,0,0.9,0.9,1.8,2.7,78,119,177,0.0,0.08,0.08,0.0,0.08,0.04,0.08,0.11,0.04,0.11
1916,Gonzalo García,ESP,"FW,DF",Real Madrid,20,2004,3,0,56,0.6,0,1,1,0,0,0,0,0,0.5,0.5,1.0,1.5,0,0,3,0.0,1.61,1.61,0.0,1.61,0.79,1.56,2.35,0.79,2.35
1917,Joan García,ESP,GK,Espanyol,23,2001,38,38,3420,38.0,0,0,0,0,0,0,2,0,0.1,0.1,0.0,0.1,0,1,0,0.0,0.0,0.0,0.0,0.0,0.0,0.0,0.0,0.0,0.0
1918,Pablo Garcia,ESP,FW,Betis,17,2006,3,0,38,0.4,0,0,0,0,0,0,0,0,0.0,0.0,0.0,0.0,2,0,8,0.0,0.0,0.0,0.0,0.0,0.0,0.0,0.0,0.0,0.0
1919,Rubén García,ESP,"FW,MF",Osasuna,31,1993,36,30,2413,26.8,5,5,10,5,0,0,2,0,3.2,3.2,3.6,6.8,37,112,157,0.19,0.19,0.37,0.19,0.37,0.12,0.13,0.25,0.12,0.25
1920,Unai García,ESP,DF,Osasuna,32,1992,3,1,65,0.7,0,0,0,0,0,0,0,0,0.0,0.0,0.0,0.0,0,3,0,0.0,0.0,0.0,0.0,0.0,0.0,0.0,0.0,0.0,0.0
1921,Yarek Gasiorowski,ESP,DF,Valencia,19,2005,15,9,947,10.5,0,0,0,0,0,0,1,0,1.1,1.1,0.1,1.2,9,38,0,0.0,0.0,0.0,0.0,0.0,0.11,0.01,0.12,0.11,0.12
1922,Gavi,ESP,"MF,FW",Barcelona,19,2004,26,14,1085,12.1,1,1,2,1,0,0,4,0,0.9,0.9,1.6,2.4,13,77,42,0.08,0.08,0.17,0.08,0.17,0.07,0.13,0.2,0.07,0.2
1923,Paulo Gazzaniga,ARG,GK,Girona,32,1992,36,36,3195,35.5,0,0,0,0,0,0,4,0,0.0,0.0,0.0,0.0,0,0,0,0.0,0.0,0.0,0.0,0.0,0.0,0.0,0.0,0.0,0.0
1924,Bryan Gil,ESP,"FW,MF",Girona,23,2001,25,21,1721,19.1,3,3,6,3,0,0,4,0,2.3,2.3,2.9,5.2,76,74,210,0.16,0.16,0.31,0.16,0.31,0.12,0.15,0.27,0.12,0.27
1925,Dani Gómez,ESP,FW,Valencia,26,1998,14,5,532,5.9,2,0,2,2,0,0,0,0,2.7,2.7,0.0,2.7,3,6,24,0.34,0.0,0.34,0.34,0.34,0.46,0.01,0.46,0.46,0.46
1926,Moi Gómez,ESP,"MF,FW",Osasuna,30,1994,26,6,796,8.8,0,0,0,0,0,0,1,0,0.5,0.5,0.8,1.2,13,49,16,0.0,0.0,0.0,0.0,0.0,0.05,0.08,0.14,0.05,0.14
1927,Sergi Gómez,ESP,DF,Espanyol,32,1992,12,6,664,7.4,0,0,0,0,0,0,1,0,0.3,0.3,0.0,0.3,0,8,1,0.0,0.0,0.0,0.0,0.0,0.04,0.0,0.04,0.04,0.04
1928,Sergio Gómez,ESP,"MF,DF",Real Sociedad,23,2000,37,31,2738,30.4,2,5,7,2,0,0,4,0,1.9,1.9,8.9,10.8,43,93,154,0.07,0.16,0.23,0.07,0.23,0.06,0.29,0.35,0.06,0.35
1929,Unai Gómez,ESP,"MF,FW",Athletic Club,21,2003,32,14,1284,14.3,1,3,4,1,0,0,1,0,1.9,1.9,0.8,2.7,19,23,49,0.07,0.21,0.28,0.07,0.28,0.13,0.06,0.19,0.13,0.19
1930,Fabio González,ESP,MF,Las Palmas,27,1997,2,0,53,0.6,0,0,0,0,0,0,0,0,0.1,0.1,0.0,0.1,0,6,0,0.0,0.0,0.0,0.0,0.0,0.12,0.0,0.12,0.12,0.12
1931,Peter González,DOM,"MF,FW",Getafe,22,2002,17,2,477,5.3,0,0,0,0,0,0,1,0,1.3,1.3,0.1,1.4,8,6,33,0.0,0.0,0.0,0.0,0.0,0.24,0.02,0.26,0.24,0.26
1932,Urko González,ESP,MF,Espanyol,23,2001,17,16,1374,15.3,0,2,2,0,0,0,2,0,0.5,0.5,0.7,1.3,18,62,8,0.0,0.13,0.13,0.0,0.13,0.04,0.05,0.08,0.04,0.08
1933,Urko González,ESP,MF,Real Sociedad,23,2001,1,1,45,0.5,0,0,0,0,0,0,1,0,0.0,0.0,0.0,0.0,0,1,0,0.0,0.0,0.0,0.0,0.0,0.0,0.0,0.0,0.0,0.0
1934,Andoni Gorosabel,ESP,DF,Athletic Club,27,1996,20,17,1485,16.5,0,2,2,0,0,0,5,0,0.3,0.3,1.8,2.1,17,51,59,0.0,0.12,0.12,0.0,0.12,0.02,0.11,0.13,0.02,0.13
1935,José Gragera,ESP,MF,Espanyol,23,2000,10,7,569,6.3,0,0,0,0,0,0,0,0,0.0,0.0,0.0,0.1,1,14,3,0.0,0.0,0.0,0.0,0.0,0.01,0.0,0.01,0.01,0.01
1936,Dominik Greif,SVK,GK,Mallorca,27,1997,31,31,2790,31.0,0,0,0,0,0,0,1,0,0.0,0.0,0.0,0.0,0,0,0,0.0,0.0,0.0,0.0,0.0,0.0,0.0,0.0,0.0,0.0
1937,Antoine Griezmann,FRA,"FW,MF",Atlético Madrid,33,1991,38,29,2469,27.4,8,7,15,7,1,2,2,0,7.4,5.9,7.1,12.9,46,143,177,0.29,0.26,0.55,0.26,0.51,0.27,0.26,0.53,0.21,0.47
1938,Florian Grillitsch,AUT,MF,Valladolid,28,1995,13,7,623,6.9,0,0,0,0,0,0,1,0,0.1,0.1,0.7,0.8,9,38,7,0.0,0.0,0.0,0.0,0.0,0.01,0.1,0.11,0.01,0.11
1939,Vicente Guaita,ESP,GK,Celta Vigo,37,1987,34,34,3060,34.0,0,0,0,0,0,0,0,0,0.0,0.0,0.0,0.0,0,1,0,0.0,0.0,0.0,0.0,0.0,0.0,0.0,0.0,0.0,0.0
1940,Sergi Guardiola,ESP,FW,Rayo Vallecano,33,1991,16,1,362,4.0,0,0,0,0,0,0,1,0,2.4,2.4,0.1,2.5,2,3,22,0.0,0.0,0.0,0.0,0.0,0.59,0.03,0.62,0.59,0.62
1941,Nemanja Gudelj,SRB,"MF,DF",Sevilla,32,1991,31,27,2493,27.7,1,1,2,0,1,1,6,0,1.6,0.8,0.6,1.5,14,64,5,0.04,0.04,0.07,0.0,0.04,0.06,0.02,0.08,0.03,0.05
1942,Javier Guerra,ESP,MF,Valencia,21,2003,36,31,2581,28.7,3,3,6,3,0,0,5,0,2.2,2.2,3.2,5.4,50,137,84,0.1,0.1,0.21,0.1,0.21,0.08,0.11,0.19,0.08,0.19
1943,Ander Guevara,ESP,MF,Alavés,27,1997,33,20,1947,21.6,0,1,1,0,0,0,3,0,0.9,0.9,0.6,1.5,14,112,19,0.0,0.05,0.05,0.0,0.05,0.04,0.03,0.07,0.04,0.07
1944,Pape Gueye,SEN,MF,Villarreal,25,1999,34,26,2224,24.7,4,0,4,4,0,0,6,2,3.4,3.4,1.1,4.5,36,156,69,0.16,0.0,0.16,0.16,0.16,0.14,0.04,0.18,0.14,0.18
1945,Hugo Guillamón,ESP,MF,Valencia,24,2000,12,4,364,4.0,0,0,0,0,0,0,2,0,0.1,0.1,0.0,0.1,0,15,5,0.0,0.0,0.0,0.0,0.0,0.02,0.01,0.03,0.02,0.03
1946,Carlos Guirao,ESP,MF,Betis,21,2003,2,2,110,1.2,0,0,0,0,0,0,0,0,0.0,0.0,0.0,0.0,1,2,2,0.0,0.0,0.0,0.0,0.0,0.0,0.0,0.0,0.0,0.0
1947,Arda Güler,TUR,"MF,FW",Real Madrid,19,2005,28,14,1250,13.9,3,4,7,3,0,0,1,0,3.3,3.3,4.5,7.7,34,93,86,0.22,0.29,0.5,0.22,0.5,0.24,0.32,0.56,0.24,0.56
1948,Gerard Gumbau,ESP,MF,Rayo Vallecano,29,1994,22,7,849,9.4,0,1,1,0,0,0,4,0,1.1,1.1,1.3,2.4,2,41,21,0.0,0.11,0.11,0.0,0.11,0.11,0.14,0.26,0.11,0.26
1949,Jon Guridi,ESP,"MF,FW",Alavés,29,1995,33,27,2080,23.1,3,1,4,2,1,1,6,0,4.2,3.4,1.2,4.6,27,79,90,0.13,0.04,0.17,0.09,0.13,0.18,0.05,0.23,0.15,0.2
1950,Gorka Guruzeta,ESP,FW,Athletic Club,27,1996,36,21,1840,20.4,7,2,9,7,0,0,2,0,6.7,6.6,1.5,8.1,8,31,64,0.34,0.1,0.44,0.34,0.44,0.33,0.07,0.4,0.32,0.4
1951,Miguel Gutiérrez,ESP,"DF,MF",Girona,23,2001,29,29,2458,27.3,1,5,6,1,0,0,4,0,1.6,1.6,4.1,5.8,63,103,199,0.04,0.18,0.22,0.04,0.22,0.06,0.15,0.21,0.06,0.21
1952,Munir El Haddadi,MAR,"FW,MF",Leganés,28,1995,25,10,862,9.6,4,0,4,4,0,0,1,1,1.6,1.6,0.8,2.3,11,29,42,0.42,0.0,0.42,0.42,0.42,0.16,0.08,0.24,0.16,0.24
1953,Sébastien Haller,CIV,FW,Leganés,30,1994,8,5,404,4.5,0,0,0,0,0,0,0,0,0.4,0.4,0.2,0.6,3,4,14,0.0,0.0,0.0,0.0,0.0,0.09,0.05,0.13,0.09,0.13
1954,Henrique,BRA,DF,Valladolid,30,1994,5,4,352,3.9,0,0,0,0,0,0,0,0,0.0,0.0,0.0,0.1,2,12,4,0.0,0.0,0.0,0.0,0.0,0.01,0.01,0.01,0.01,0.01
1955,Javi Hernández,ESP,DF,Leganés,26,1998,31,27,2389,26.5,2,1,3,2,0,0,6,0,0.8,0.8,1.5,2.2,40,80,90,0.08,0.04,0.11,0.08,0.11,0.03,0.06,0.08,0.03,0.08
1956,Aridane Hernández,ESP,DF,Rayo Vallecano,35,1989,14,11,1025,11.4,0,0,0,0,0,0,1,0,0.9,0.9,0.0,1.0,2,38,0,0.0,0.0,0.0,0.0,0.0,0.08,0.0,0.08,0.08,0.08
1957,Jorge Herrando,ESP,DF,Osasuna,23,2001,18,15,1366,15.2,1,0,1,1,0,0,3,0,1.2,1.2,0.0,1.2,7,38,1,0.07,0.0,0.07,0.07,0.07,0.08,0.0,0.08,0.08,0.08
1958,Ander Herrera,ESP,MF,Athletic Club,34,1989,8,2,273,3.0,0,0,0,0,0,1,2,0,1.7,0.9,0.1,1.1,2,16,5,0.0,0.0,0.0,0.0,0.0,0.57,0.04,0.61,0.31,0.35
1959,Sergio Herrera,ESP,GK,Osasuna,31,1993,37,37,3330,37.0,0,0,0,0,0,0,5,0,0.0,0.0,0.0,0.0,0,2,0,0.0,0.0,0.0,0.0,0.0,0.0,0.0,0.0,0.0,0.0
1960,Yangel Herrera,VEN,MF,Girona,26,1998,29,27,2257,25.1,4,3,7,4,0,0,10,1,3.6,3.6,1.5,5.1,31,110,99,0.16,0.12,0.28,0.16,0.28,0.14,0.06,0.2,0.14,0.2
1961,Juan Herzog,ESP,DF,Las Palmas,21,2003,19,15,1315,14.6,0,0,0,0,0,0,1,0,0.9,0.9,0.0,0.9,0,27,1,0.0,0.0,0.0,0.0,0.0,0.06,0.0,0.06,0.06,0.06
1962,Omar El Hilali,MAR,DF,Espanyol,20,2003,36,36,3153,35.0,0,2,2,0,0,0,11,0,0.0,0.0,0.8,0.9,35,84,61,0.0,0.06,0.06,0.0,0.06,0.0,0.02,0.02,0.0,0.02
1963,Roger Hinojo,ESP,DF,Espanyol,19,2005,1,0,9,0.1,0,0,0,0,0,0,0,0,0.0,0.0,0.0,0.0,1,0,2,0.0,0.0,0.0,0.0,0.0,0.0,0.0,0.0,0.0,0.0
1964,Dinko Horkaš,CRO,GK,Las Palmas,25,1999,13,11,1085,12.1,0,0,0,0,0,0,1,0,0.0,0.0,0.0,0.0,0,2,0,0.0,0.0,0.0,0.0,0.0,0.0,0.0,0.0,0.0,0.0
1965,Pablo Ibáñez,ESP,MF,Osasuna,25,1998,28,13,1294,14.4,1,1,2,1,0,0,4,0,1.6,1.6,1.6,3.2,21,51,31,0.07,0.07,0.14,0.07,0.14,0.11,0.11,0.22,0.11,0.22
1966,Stanis Idumbo,BEL,"FW,MF",Sevilla,19,2005,14,3,284,3.2,1,1,2,1,0,0,0,0,0.6,0.6,0.7,1.3,10,8,20,0.32,0.32,0.63,0.32,0.63,0.2,0.23,0.42,0.2,0.42
1967,Iglesias,ESP,DF,Getafe,26,1998,37,32,2888,32.1,0,1,1,0,0,0,4,0,1.6,1.6,2.2,3.8,32,84,67,0.0,0.03,0.03,0.0,0.03,0.05,0.07,0.12,0.05,0.12
1968,Borja Iglesias,ESP,FW,Celta Vigo,31,1993,37,24,1952,21.7,11,3,14,11,0,0,2,0,9.3,9.3,3.2,12.6,22,28,108,0.51,0.14,0.65,0.51,0.65,0.43,0.15,0.58,0.43,0.58
1969,Kelechi Iheanacho,NGA,FW,Sevilla,27,1996,9,5,400,4.4,0,0,0,0,0,0,0,0,1.5,1.5,0.3,1.8,6,5,17,0.0,0.0,0.0,0.0,0.0,0.33,0.07,0.41,0.33,0.41
1970,Isco,ESP,MF,Betis,32,1992,22,17,1547,17.2,9,8,17,4,5,6,5,0,8.6,3.9,4.4,8.2,38,152,112,0.52,0.47,0.99,0.23,0.7,0.5,0.25,0.76,0.22,0.48
1971,Diego Iturralde,ESP,FW,Sevilla,21,2003,1,1,37,0.4,0,0,0,0,0,0,0,0,0.1,0.1,0.0,0.1,0,0,1,0.0,0.0,0.0,0.0,0.0,0.21,0.0,0.21,0.21,0.21
1972,Ivan Jaime Pajuelo,ESP,MF,Valencia,23,2000,9,2,297,3.3,0,0,0,0,0,0,0,0,0.6,0.6,0.3,1.0,8,15,14,0.0,0.0,0.0,0.0,0.0,0.19,0.1,0.3,0.19,0.3
1973,Karl Jakob Hein,EST,GK,Valladolid,22,2002,31,31,2790,31.0,0,0,0,0,0,0,0,0,0.0,0.0,0.0,0.0,0,0,0,0.0,0.0,0.0,0.0,0.0,0.0,0.0,0.0,0.0,0.0
1974,Adnan Januzaj,BEL,"MF,FW",Las Palmas,29,1995,18,5,598,6.6,2,1,3,2,0,0,5,0,0.8,0.8,1.1,1.9,24,41,58,0.3,0.15,0.45,0.3,0.45,0.13,0.16,0.29,0.13,0.29
1975,Mikel Jauregizar,ESP,MF,Athletic Club,20,2003,34,25,2244,24.9,2,1,3,2,0,0,4,1,1.1,1.1,1.4,2.5,14,118,31,0.08,0.04,0.12,0.08,0.12,0.04,0.06,0.1,0.04,0.1
1976,John Joe,IRL,"MF,FW",Getafe,20,2003,4,0,48,0.5,0,0,0,0,0,0,1,0,0.1,0.1,0.0,0.1,1,0,6,0.0,0.0,0.0,0.0,0.0,0.26,0.0,0.26,0.26,0.26
1977,Jofre,ESP,"MF,FW",Espanyol,23,2001,37,26,2165,24.1,3,3,6,3,0,0,5,0,2.5,2.5,2.5,5.0,65,48,156,0.12,0.12,0.25,0.12,0.25,0.11,0.1,0.21,0.11,0.21
1978,Frenkie de Jong,NED,MF,Barcelona,27,1997,26,9,1143,12.7,2,2,4,2,0,0,3,0,0.7,0.7,2.0,2.6,36,120,24,0.16,0.16,0.31,0.16,0.31,0.05,0.16,0.21,0.05,0.21
1979,Joan Jordán,ESP,MF,Alavés,30,1994,25,15,1414,15.7,5,2,7,2,3,4,4,0,4.8,1.6,2.3,4.0,7,104,35,0.32,0.13,0.45,0.13,0.25,0.3,0.15,0.45,0.1,0.25
1980,Juanmi,ESP,"FW,MF",Getafe,31,1993,13,8,696,7.7,0,0,0,0,0,0,2,0,2.9,2.9,0.3,3.2,6,8,28,0.0,0.0,0.0,0.0,0.0,0.37,0.04,0.41,0.37,0.41
1981,Juanmi,ESP,"FW,MF",Betis,31,1993,11,2,244,2.7,0,0,0,0,0,0,2,0,0.7,0.7,0.4,1.0,4,4,18,0.0,0.0,0.0,0.0,0.0,0.25,0.14,0.39,0.25,0.39
1982,Juanpe,ESP,DF,Girona,33,1991,12,8,727,8.1,0,0,0,0,0,0,2,0,0.1,0.1,0.2,0.2,2,26,0,0.0,0.0,0.0,0.0,0.0,0.01,0.02,0.03,0.01,0.03
1983,Luiz Lúcio Reis Júnior,BRA,GK,Villarreal,23,2001,17,16,1458,16.2,0,0,0,0,0,0,2,0,0.0,0.0,0.0,0.0,0,0,0,0.0,0.0,0.0,0.0,0.0,0.0,0.0,0.0,0.0,0.0
1984,Vinicius Júnior,BRA,FW,Real Madrid,24,2000,30,24,2253,25.0,11,8,19,9,2,3,8,1,10.4,8.2,8.0,16.2,169,85,256,0.44,0.32,0.76,0.36,0.68,0.41,0.32,0.73,0.33,0.65
1985,Stanko Jurić,CRO,MF,Valladolid,27,1996,26,19,1729,19.2,0,0,0,0,0,0,7,1,0.8,0.8,0.5,1.3,5,57,8,0.0,0.0,0.0,0.0,0.0,0.04,0.02,0.07,0.04,0.07
1986,Willy Kambwala,FRA,DF,Villarreal,19,2004,19,12,1117,12.4,0,0,0,0,0,0,1,1,0.3,0.3,0.1,0.5,2,16,0,0.0,0.0,0.0,0.0,0.0,0.03,0.01,0.04,0.03,0.04
1987,Abdoulaye Keita,ESP,"FW,MF",Getafe,21,2002,3,1,95,1.1,0,0,0,0,0,0,0,0,0.0,0.0,0.0,0.0,1,2,4,0.0,0.0,0.0,0.0,0.0,0.05,0.0,0.05,0.05,0.05
1988,Kenedy,BRA,"MF,FW",Valladolid,28,1996,2,0,9,0.1,0,0,0,0,0,0,0,0,0.0,0.0,0.0,0.0,1,0,2,0.0,0.0,0.0,0.0,0.0,0.29,0.0,0.29,0.29,0.29
1989,Kiké,ESP,FW,Alavés,34,1989,35,29,2542,28.2,13,0,13,10,3,3,5,1,9.6,7.2,0.9,8.2,25,50,158,0.46,0.0,0.46,0.35,0.35,0.34,0.03,0.37,0.26,0.29
1990,Koke,ESP,MF,Atlético Madrid,32,1992,32,20,1926,21.4,1,1,2,1,0,0,4,0,1.1,1.1,1.4,2.5,22,132,18,0.05,0.05,0.09,0.05,0.09,0.05,0.07,0.12,0.05,0.12
1991,Jules Koundé,FRA,DF,Barcelona,25,1998,32,29,2605,28.9,2,3,5,2,0,0,4,0,1.8,1.8,3.9,5.7,44,165,190,0.07,0.1,0.17,0.07,0.17,0.06,0.13,0.2,0.06,0.2
1992,Alex Král,CZE,MF,Espanyol,26,1998,37,29,2714,30.2,0,1,1,0,0,0,1,0,1.5,1.5,1.5,3.0,49,78,79,0.0,0.03,0.03,0.0,0.03,0.05,0.05,0.1,0.05,0.1
1993,Ladislav Krejčí,CZE,DF,Girona,25,1999,28,27,2440,27.1,2,0,2,2,0,0,9,0,1.7,1.7,0.3,2.0,29,144,6,0.07,0.0,0.07,0.07,0.07,0.06,0.01,0.07,0.06,0.07
1994,Takefusa Kubo,JPN,"MF,FW",Real Sociedad,23,2001,36,27,2372,26.4,5,0,5,5,0,0,5,0,3.6,3.6,4.5,8.0,133,110,218,0.19,0.0,0.19,0.19,0.19,0.14,0.17,0.31,0.14,0.31
1995,Marash Kumbulla,ALB,DF,Espanyol,24,2000,35,34,2972,33.0,3,0,3,3,0,0,9,0,1.8,1.8,0.0,1.9,11,71,3,0.09,0.0,0.09,0.09,0.09,0.05,0.0,0.06,0.05,0.06
1996,Luca de la Torre,USA,MF,Celta Vigo,26,1998,1,0,4,0.0,0,0,0,0,0,0,0,0,0.0,0.0,0.0,0.0,0,0,0,0.0,0.0,0.0,0.0,0.0,0.0,0.0,0.0,0.0,0.0
1997,Yoel Lago,ESP,DF,Celta Vigo,20,2004,8,7,583,6.5,0,1,1,0,0,0,2,0,0.0,0.0,0.1,0.1,1,31,0,0.0,0.15,0.15,0.0,0.15,0.0,0.02,0.02,0.0,0.02
1998,Cyle Larin,CAN,FW,Mallorca,29,1995,32,21,1764,19.6,7,2,9,6,1,1,4,0,6.9,6.1,1.4,7.5,20,20,95,0.36,0.1,0.46,0.31,0.41,0.35,0.07,0.42,0.31,0.38
1999,Juanmi Latasa,ESP,FW,Valladolid,23,2001,28,14,1398,15.5,3,0,3,3,0,0,6,1,4.2,4.2,0.9,5.1,3,17,40,0.19,0.0,0.19,0.19,0.19,0.27,0.06,0.33,0.27,0.33
2000,Toni Lato,ESP,DF,Mallorca,26,1997,14,7,621,6.9,0,0,0,0,0,0,1,1,0.0,0.0,0.4,0.4,15,26,35,0.0,0.0,0.0,0.0,0.0,0.0,0.06,0.06,0.0,0.06
2001,Robin Le Normand,ESP,DF,Atlético Madrid,27,1996,27,24,2151,23.9,1,0,1,1,0,0,8,0,1.5,1.5,0.5,1.9,11,55,6,0.04,0.0,0.04,0.04,0.04,0.06,0.02,0.08,0.06,0.08
2002,Florian Lejeune,FRA,DF,Rayo Vallecano,33,1991,37,37,3325,36.9,2,3,5,2,0,0,8,0,3.6,3.6,1.9,5.4,21,143,5,0.05,0.08,0.14,0.05,0.14,0.1,0.05,0.15,0.1,0.15
2003,Iñigo Lekue,ESP,DF,Athletic Club,31,1993,16,8,773,8.6,0,0,0,0,0,0,1,0,0.2,0.2,0.5,0.7,13,35,21,0.0,0.0,0.0,0.0,0.0,0.02,0.06,0.08,0.02,0.08
2004,Thomas Lemar,FRA,MF,Atlético Madrid,28,1995,5,0,85,0.9,0,0,0,0,0,0,0,0,0.3,0.3,0.2,0.5,1,8,4,0.0,0.0,0.0,0.0,0.0,0.3,0.2,0.5,0.3,0.5
2005,Clément Lenglet,FRA,DF,Atlético Madrid,29,1995,23,23,1972,21.9,2,1,3,2,0,0,9,0,2.4,2.4,1.1,3.5,16,79,1,0.09,0.05,0.14,0.09,0.14,0.11,0.05,0.16,0.11,0.16
2006,Robert Lewandowski,POL,FW,Barcelona,35,1988,34,32,2667,29.6,27,2,29,24,3,4,1,0,27.1,24.0,2.3,26.3,27,48,164,0.91,0.07,0.98,0.81,0.88,0.92,0.08,0.99,0.81,0.89
2007,Samuel Lino,BRA,"MF,DF",Atlético Madrid,24,1999,31,21,1552,17.2,3,4,7,3,0,0,3,0,6.0,6.0,2.9,8.9,72,73,179,0.17,0.23,0.41,0.17,0.41,0.35,0.17,0.52,0.35,0.52
2008,Javier Llabrés,ESP,FW,Mallorca,21,2002,1,1,57,0.6,0,0,0,0,0,0,0,0,0.0,0.0,0.1,0.1,3,3,8,0.0,0.0,0.0,0.0,0.0,0.08,0.14,0.21,0.08,0.21
2009,Diego Llorente,ESP,DF,Betis,30,1993,30,29,2519,28.0,2,0,2,2,0,0,4,0,1.5,1.5,0.3,1.8,7,81,3,0.07,0.0,0.07,0.07,0.07,0.05,0.01,0.06,0.05,0.06
2010,Marcos Llorente,ESP,"DF,MF",Atlético Madrid,29,1995,33,28,2513,27.9,2,4,6,2,0,0,0,1,0.8,0.8,4.3,5.1,82,111,151,0.07,0.14,0.21,0.07,0.21,0.03,0.16,0.18,0.03,0.18
2011,Giovani Lo Celso,ARG,"MF,FW",Betis,28,1996,25,15,1457,16.2,8,3,11,6,2,3,4,0,4.8,2.4,4.9,7.3,26,132,66,0.49,0.19,0.68,0.37,0.56,0.29,0.3,0.59,0.15,0.45
2012,Enzo Loiodice,FRA,MF,Las Palmas,23,2000,17,7,684,7.6,0,0,0,0,0,0,3,0,0.3,0.3,0.2,0.4,3,31,3,0.0,0.0,0.0,0.0,0.0,0.04,0.02,0.06,0.04,0.06
2013,David López,ESP,DF,Mallorca,21,2003,2,2,169,1.9,0,0,0,0,0,0,0,0,0.0,0.0,0.0,0.0,0,4,0,0.0,0.0,0.0,0.0,0.0,0.0,0.0,0.0,0.0,0.0
2014,David López,ESP,DF,Girona,34,1989,29,27,2429,27.0,1,1,2,1,0,0,4,0,0.9,0.9,0.6,1.5,17,132,7,0.04,0.04,0.07,0.04,0.07,0.03,0.02,0.06,0.03,0.06
2015,Diego López,ESP,"MF,FW",Valencia,22,2002,38,35,2737,30.4,8,5,13,8,0,0,3,0,6.6,6.6,5.0,11.6,76,85,219,0.26,0.16,0.43,0.26,0.43,0.22,0.17,0.38,0.22,0.38
2016,Fer López,ESP,"FW,MF",Celta Vigo,21,2004,17,7,671,7.5,2,0,2,2,0,0,2,0,2.7,2.7,1.9,4.6,27,43,58,0.27,0.0,0.27,0.27,0.27,0.37,0.25,0.62,0.37,0.62
2017,Fermin López,ESP,"MF,FW",Barcelona,21,2003,28,12,1252,13.9,6,5,11,6,0,0,4,1,5.6,5.6,3.9,9.5,31,79,108,0.43,0.36,0.79,0.43,0.79,0.41,0.28,0.69,0.41,0.69
2018,Javi López,ESP,DF,Real Sociedad,22,2002,29,21,1936,21.5,0,0,0,0,0,0,4,0,0.1,0.1,0.4,0.5,36,73,64,0.0,0.0,0.0,0.0,0.0,0.01,0.02,0.03,0.01,0.03
2019,Pau López,ESP,GK,Girona,29,1994,1,0,45,0.5,0,0,0,0,0,0,0,0,0.0,0.0,0.0,0.0,0,0,0,0.0,0.0,0.0,0.0,0.0,0.0,0.0,0.0,0.0,0.0
2020,Roberto López,ESP,MF,Leganés,24,2000,13,3,396,4.4,0,1,1,0,0,0,0,0,0.5,0.5,0.9,1.4,3,20,11,0.0,0.23,0.23,0.0,0.23,0.11,0.2,0.31,0.11,0.31
2021,Unai López,ESP,MF,Rayo Vallecano,28,1995,32,23,1707,19.0,3,1,4,3,0,0,9,1,1.6,1.6,1.0,2.6,22,112,40,0.16,0.05,0.21,0.16,0.21,0.08,0.05,0.14,0.08,0.14
2022,Iker Losada,ESP,"FW,MF",Celta Vigo,22,2001,12,4,358,4.0,1,0,1,1,0,0,2,0,1.1,1.1,0.3,1.5,9,17,23,0.25,0.0,0.25,0.25,0.25,0.29,0.09,0.38,0.29,0.38
2023,Iker Losada,ESP,"MF,FW",Betis,22,2001,10,3,336,3.7,0,0,0,0,0,0,0,0,0.5,0.5,0.3,0.8,9,14,16,0.0,0.0,0.0,0.0,0.0,0.13,0.08,0.21,0.13,0.21
2024,Pol Lozano,ESP,MF,Espanyol,24,1999,30,27,1943,21.6,0,1,1,0,0,0,12,0,0.2,0.2,0.8,1.0,18,115,12,0.0,0.05,0.05,0.0,0.05,0.01,0.04,0.05,0.01,0.05
2025,José Luis Gayà,ESP,DF,Valencia,29,1995,23,22,1803,20.0,0,1,1,0,0,0,7,0,1.0,1.0,2.6,3.6,29,59,156,0.0,0.05,0.05,0.0,0.05,0.05,0.13,0.18,0.05,0.18
2026,Dodi Lukebakio,BEL,FW,Sevilla,26,1997,38,36,3092,34.4,11,2,13,10,1,1,3,1,10.1,9.3,4.5,13.8,131,93,247,0.32,0.06,0.38,0.29,0.35,0.29,0.13,0.42,0.27,0.4
2027,Daniel Luna,COL,MF,Mallorca,21,2003,2,0,20,0.2,0,0,0,0,0,0,0,0,0.0,0.0,0.0,0.0,1,0,2,0.0,0.0,0.0,0.0,0.0,0.0,0.0,0.0,0.0,0.0
2028,Andriy Lunin,UKR,GK,Real Madrid,25,1999,7,7,630,7.0,0,1,1,0,0,0,0,0,0.0,0.0,0.9,0.9,0,0,0,0.0,0.14,0.14,0.0,0.14,0.0,0.13,0.13,0.0,0.13
2029,Darwin Machís,VEN,"MF,FW",Valladolid,31,1993,18,7,639,7.1,0,1,1,0,0,0,0,0,0.9,0.9,0.5,1.4,17,19,43,0.0,0.14,0.14,0.0,0.14,0.12,0.07,0.2,0.12,0.2
2030,Pablo Maffeo,ESP,DF,Mallorca,27,1997,30,28,2368,26.3,0,2,2,0,0,0,7,0,0.3,0.3,4.1,4.4,46,74,122,0.0,0.08,0.08,0.0,0.08,0.01,0.16,0.17,0.01,0.17
2031,Jon Magunazelaia,ESP,MF,Real Sociedad,23,2001,2,0,7,0.1,0,0,0,0,0,0,0,0,0.0,0.0,0.0,0.0,0,1,0,0.0,0.0,0.0,0.0,0.0,0.0,0.0,0.0,0.0,0.0
2032,Giorgi Mamardashvili,GEO,GK,Valencia,23,2000,34,34,3060,34.0,0,0,0,0,0,0,2,0,0.0,0.0,0.1,0.1,1,0,0,0.0,0.0,0.0,0.0,0.0,0.0,0.0,0.0,0.0,0.0
2033,Reinildo Mandava,MOZ,DF,Atlético Madrid,30,1994,19,10,941,10.5,0,0,0,0,0,0,4,0,0.1,0.1,0.1,0.2,14,34,15,0.0,0.0,0.0,0.0,0.0,0.01,0.01,0.02,0.01,0.02
2034,Javier Manquillo,ESP,DF,Celta Vigo,30,1994,10,7,515,5.7,0,0,0,0,0,0,1,0,0.0,0.0,0.0,0.0,3,24,5,0.0,0.0,0.0,0.0,0.0,0.0,0.0,0.0,0.0,0.0
2035,Marcão,BRA,DF,Sevilla,28,1996,12,6,552,6.1,0,0,0,0,0,0,6,1,0.0,0.0,0.0,0.0,0,19,1,0.0,0.0,0.0,0.0,0.0,0.0,0.0,0.0,0.0,0.0
2036,Óscar de Marcos,ESP,DF,Athletic Club,35,1989,26,17,1564,17.4,0,4,4,0,0,0,0,0,1.0,1.0,2.6,3.6,26,102,78,0.0,0.23,0.23,0.0,0.23,0.06,0.15,0.21,0.06,0.21
2037,Alberto Marí,ESP,FW,Valencia,23,2001,1,0,7,0.1,0,0,0,0,0,0,0,0,0.0,0.0,0.0,0.0,0,1,2,0.0,0.0,0.0,0.0,0.0,0.0,0.0,0.0,0.0,0.0
2038,José María Giménez,URU,DF,Atlético Madrid,29,1995,27,20,1999,22.2,0,1,1,0,0,0,5,0,0.4,0.4,0.2,0.7,3,64,1,0.0,0.05,0.05,0.0,0.05,0.02,0.01,0.03,0.02,0.03
2039,Arkaitz Mariezkurrena,ESP,"FW,MF",Real Sociedad,19,2005,9,1,241,2.7,2,0,2,2,0,0,1,0,1.0,1.0,0.1,1.1,3,4,12,0.75,0.0,0.75,0.75,0.75,0.36,0.06,0.41,0.36,0.41
2040,Pablo Marín,ESP,MF,Real Sociedad,21,2003,23,14,1239,13.8,1,2,3,1,0,0,3,0,1.4,1.4,1.0,2.4,20,45,47,0.07,0.15,0.22,0.07,0.22,0.1,0.07,0.17,0.1,0.17
2041,Mika Mármol,ESP,DF,Las Palmas,23,2001,30,27,2399,26.7,0,1,1,0,0,0,5,0,0.4,0.4,1.5,1.9,33,106,62,0.0,0.04,0.04,0.0,0.04,0.02,0.06,0.07,0.02,0.07
2042,Mario Maroto,ESP,MF,Valladolid,20,2003,2,0,64,0.7,0,1,1,0,0,0,0,0,0.0,0.0,0.1,0.1,0,2,0,0.0,1.41,1.41,0.0,1.41,0.02,0.09,0.12,0.02,0.12
2043,Unai Marrero,ESP,GK,Real Sociedad,22,2001,2,2,180,2.0,0,0,0,0,0,0,0,0,0.0,0.0,0.0,0.0,0,0,0,0.0,0.0,0.0,0.0,0.0,0.0,0.0,0.0,0.0,0.0
2044,Carlos Martín,ESP,"FW,MF",Alavés,22,2002,26,16,1333,14.8,2,2,4,2,0,0,3,0,2.3,2.3,2.7,5.0,13,21,67,0.14,0.14,0.27,0.14,0.27,0.15,0.19,0.34,0.15,0.34
2045,Diego Martín,ESP,FW,Las Palmas,20,2003,2,0,40,0.4,0,0,0,0,0,0,0,0,0.0,0.0,0.0,0.0,1,2,5,0.0,0.0,0.0,0.0,0.0,0.08,0.0,0.08,0.08,0.08
2046,Gerard Martín,ESP,DF,Barcelona,22,2002,28,11,1038,11.5,1,3,4,1,0,0,2,0,0.5,0.5,1.1,1.6,10,40,122,0.09,0.26,0.35,0.09,0.35,0.04,0.1,0.14,0.04,0.14
2047,Iván Martín,ESP,MF,Girona,25,1999,32,24,2039,22.7,1,1,2,1,0,0,1,0,1.8,1.8,1.9,3.6,57,131,76,0.04,0.04,0.09,0.04,0.09,0.08,0.08,0.16,0.08,0.16
2048,Jon Martin,ESP,DF,Real Sociedad,18,2006,13,6,904,10.0,0,1,1,0,0,0,2,0,0.6,0.6,0.2,0.8,4,34,0,0.0,0.1,0.1,0.0,0.1,0.06,0.02,0.08,0.06,0.08
2049,Mario Martín,ESP,MF,Valladolid,20,2004,30,20,1748,19.4,0,1,1,0,0,0,8,3,1.8,1.8,1.4,3.2,18,66,22,0.0,0.05,0.05,0.0,0.05,0.09,0.07,0.16,0.09,0.16
2050,Arnau Martinez,ESP,"DF,MF",Girona,21,2003,32,30,2624,29.2,2,2,4,2,0,0,3,0,1.2,1.2,2.2,3.5,41,162,102,0.07,0.07,0.14,0.07,0.14,0.04,0.08,0.12,0.04,0.12
2051,Iñigo Martínez,ESP,DF,Barcelona,33,1991,28,28,2490,27.7,0,4,4,0,0,0,5,0,0.5,0.5,2.6,3.1,70,260,11,0.0,0.14,0.14,0.0,0.14,0.02,0.1,0.11,0.02,0.11
2052,Javi Martínez,ESP,MF,Osasuna,24,1999,1,0,6,0.1,0,0,0,0,0,0,0,0,0.0,0.0,0.0,0.0,0,1,0,0.0,0.0,0.0,0.0,0.0,0.0,0.0,0.0,0.0,0.0
2053,Ramón Martínez,ESP,DF,Sevilla,21,2002,5,2,261,2.9,1,0,1,1,0,0,0,0,0.3,0.3,0.1,0.4,1,5,2,0.34,0.0,0.34,0.34,0.34,0.12,0.02,0.14,0.12,0.14
2054,Toni Martínez,ESP,FW,Alavés,27,1997,28,9,1012,11.2,4,0,4,4,0,0,1,0,3.6,3.6,0.6,4.2,13,11,57,0.36,0.0,0.36,0.36,0.36,0.32,0.05,0.37,0.32,0.37
2055,Javi Martón,ESP,"FW,MF",Athletic Club,25,1999,3,0,53,0.6,0,0,0,0,0,0,1,0,0.0,0.0,0.0,0.0,0,0,3,0.0,0.0,0.0,0.0,0.0,0.0,0.0,0.0,0.0,0.0
2056,Marvin,ESP,"DF,FW",Las Palmas,24,2000,23,9,1038,11.5,0,0,0,0,0,0,4,0,0.2,0.2,1.1,1.3,29,30,72,0.0,0.0,0.0,0.0,0.0,0.02,0.1,0.12,0.02,0.12
2057,Omar Mascarell,EQG,MF,Mallorca,31,1993,32,21,1992,22.1,1,0,1,1,0,0,5,1,0.5,0.5,0.2,0.7,10,75,12,0.05,0.0,0.05,0.05,0.05,0.02,0.01,0.03,0.02,0.03
2058,Jaime Mata,ESP,"FW,MF",Las Palmas,35,1988,30,4,656,7.3,0,0,0,0,0,0,9,0,2.6,2.6,0.1,2.8,6,10,48,0.0,0.0,0.0,0.0,0.0,0.36,0.02,0.38,0.36,0.38
2059,Borja Mayoral,ESP,FW,Getafe,27,1997,24,7,1114,12.4,5,1,6,4,1,1,0,0,3.4,2.6,0.9,3.6,10,13,43,0.4,0.08,0.48,0.32,0.4,0.28,0.07,0.35,0.21,0.29
2060,Kylian Mbappé,FRA,FW,Real Madrid,25,1998,34,34,2907,32.3,31,3,34,24,7,9,3,1,25.9,18.6,7.7,26.3,150,140,386,0.96,0.09,1.05,0.74,0.84,0.8,0.24,1.04,0.58,0.81
2061,Oliver McBurnie,SCO,FW,Las Palmas,28,1996,34,20,1837,20.4,3,6,9,3,0,0,3,0,4.8,4.8,2.8,7.6,7,27,75,0.15,0.29,0.44,0.15,0.44,0.24,0.14,0.37,0.24,0.37
2062,Scott McKenna,SCO,DF,Las Palmas,27,1996,29,28,2466,27.4,0,0,0,0,0,0,5,1,1.1,1.1,0.7,1.8,11,45,3,0.0,0.0,0.0,0.0,0.0,0.04,0.03,0.07,0.04,0.07
2063,Mateo Mejía,ESP,FW,Sevilla,21,2003,1,0,11,0.1,0,0,0,0,0,0,0,0,0.0,0.0,0.0,0.0,0,0,0,0.0,0.0,0.0,0.0,0.0,0.0,0.0,0.0,0.0,0.0
2064,Arthur Melo,BRA,MF,Girona,27,1996,15,10,941,10.5,0,0,0,0,0,0,2,0,0.2,0.2,0.2,0.4,24,70,17,0.0,0.0,0.0,0.0,0.0,0.02,0.02,0.04,0.02,0.04
2065,Brais Méndez,ESP,MF,Real Sociedad,27,1997,27,19,1531,17.0,3,2,5,3,0,0,4,0,3.5,3.5,2.0,5.5,32,91,86,0.18,0.12,0.29,0.18,0.29,0.21,0.12,0.33,0.21,0.33
2066,Ferland Mendy,FRA,DF,Real Madrid,29,1995,14,12,1005,11.2,0,1,1,0,0,0,1,1,0.0,0.0,0.5,0.5,12,36,40,0.0,0.09,0.09,0.0,0.09,0.0,0.05,0.05,0.0,0.05
2067,Nobel Mendy,FRA,DF,Betis,19,2004,2,1,108,1.2,0,0,0,0,0,0,1,0,0.0,0.0,0.0,0.0,0,3,0,0.0,0.0,0.0,0.0,0.0,0.0,0.0,0.0,0.0,0.0
2068,Víctor Meseguer,ESP,MF,Valladolid,25,1999,14,2,418,4.6,0,0,0,0,0,0,1,0,0.7,0.7,0.0,0.7,2,22,22,0.0,0.0,0.0,0.0,0.0,0.15,0.01,0.15,0.15,0.15
2069,Miguel,ESP,FW,Leganés,24,1999,34,17,1724,19.2,1,3,4,0,1,2,3,0,4.9,3.3,1.4,4.8,14,16,90,0.05,0.16,0.21,0.0,0.16,0.26,0.07,0.33,0.17,0.25
2070,Éder Militão,BRA,DF,Real Madrid,26,1998,12,11,938,10.4,1,1,2,1,0,0,2,0,0.6,0.6,0.5,1.1,7,46,1,0.1,0.1,0.19,0.1,0.19,0.06,0.05,0.11,0.06,0.11
2071,Luis Milla,ESP,MF,Getafe,29,1994,33,32,2875,31.9,1,4,5,0,1,1,6,0,1.8,1.0,3.9,4.9,32,152,30,0.03,0.13,0.16,0.0,0.13,0.06,0.12,0.18,0.03,0.15
2072,Pere Milla,ESP,"MF,FW",Espanyol,31,1992,20,1,456,5.1,3,0,3,3,0,0,3,0,1.5,1.5,0.3,1.8,9,13,27,0.59,0.0,0.59,0.59,0.59,0.29,0.06,0.35,0.29,0.35
2073,Óscar Mingueza,ESP,"MF,DF",Celta Vigo,25,1999,34,31,2729,30.3,4,6,10,4,0,0,6,1,1.5,1.5,5.6,7.1,69,200,194,0.13,0.2,0.33,0.13,0.33,0.05,0.19,0.23,0.05,0.23
2074,Kim Minsu,KOR,"MF,FW",Girona,18,2006,3,0,22,0.2,0,0,0,0,0,0,0,0,0.0,0.0,0.0,0.0,0,0,2,0.0,0.0,0.0,0.0,0.0,0.0,0.0,0.0,0.0,0.0
2075,Bojan Miovski,MKD,FW,Girona,25,1999,17,12,869,9.7,2,1,3,2,0,0,0,0,2.7,2.7,0.2,2.9,4,4,33,0.21,0.1,0.31,0.21,0.31,0.28,0.02,0.3,0.28,0.3
2076,Rafa Mir,ESP,"FW,MF",Valencia,27,1997,20,5,753,8.4,1,2,3,1,0,0,4,0,3.0,3.0,0.7,3.8,10,20,28,0.12,0.24,0.36,0.12,0.36,0.36,0.09,0.45,0.36,0.45
2077,Luka Modrić,CRO,MF,Real Madrid,38,1985,35,17,1827,20.3,2,6,8,2,0,0,7,0,1.6,1.6,7.0,8.5,62,208,63,0.1,0.3,0.39,0.1,0.39,0.08,0.34,0.42,0.08,0.42
2078,Johan Mojica,COL,DF,Mallorca,31,1992,36,30,2755,30.6,1,2,3,1,0,0,5,0,0.9,0.9,4.1,5.0,66,130,142,0.03,0.07,0.1,0.03,0.1,0.03,0.13,0.16,0.03,0.16
2079,Alberto Moleiro,ESP,"FW,MF",Las Palmas,20,2003,35,32,2714,30.2,6,1,7,6,0,0,5,0,5.6,5.6,3.3,8.9,97,116,179,0.2,0.03,0.23,0.2,0.23,0.19,0.11,0.3,0.19,0.3
2080,Nahuel Molina,ARG,DF,Atlético Madrid,26,1998,30,17,1590,17.7,0,3,3,0,0,0,1,0,0.8,0.8,1.5,2.3,35,61,96,0.0,0.17,0.17,0.0,0.17,0.05,0.08,0.13,0.05,0.13
2081,Jon Moncayola,ESP,MF,Osasuna,26,1998,32,26,2099,23.3,0,0,0,0,0,0,8,0,1.6,1.6,3.7,5.3,25,107,51,0.0,0.0,0.0,0.0,0.0,0.07,0.16,0.23,0.07,0.23
2082,Gonzalo Montiel,ARG,"DF,MF",Sevilla,27,1997,6,1,113,1.3,0,0,0,0,0,0,1,0,0.0,0.0,0.0,0.0,3,2,3,0.0,0.0,0.0,0.0,0.0,0.02,0.0,0.02,0.02,0.02
2083,Gerard Moreno,ESP,FW,Villarreal,32,1992,17,6,721,8.0,3,2,5,0,3,3,0,0,4.2,1.8,3.6,5.5,19,53,60,0.37,0.25,0.62,0.0,0.25,0.53,0.45,0.98,0.23,0.69
2084,Xavier Moreno,ESP,FW,Valladolid,19,2004,1,1,45,0.5,0,0,0,0,0,0,0,0,0.0,0.0,0.0,0.0,1,1,5,0.0,0.0,0.0,0.0,0.0,0.0,0.0,0.0,0.0,0.0
2085,Mateu Morey,ESP,DF,Mallorca,24,2000,16,8,741,8.2,0,0,0,0,0,0,1,0,0.4,0.4,0.3,0.7,17,17,32,0.0,0.0,0.0,0.0,0.0,0.05,0.03,0.08,0.05,0.08
2086,Ilaix Moriba,GUI,MF,Celta Vigo,21,2003,33,22,2132,23.7,1,1,2,1,0,0,9,1,1.7,1.7,1.5,3.2,34,119,64,0.04,0.04,0.08,0.04,0.08,0.07,0.06,0.14,0.07,0.14
2087,Manu Morlanes,ESP,MF,Mallorca,25,1999,23,15,1338,14.9,0,0,0,0,0,0,7,0,0.6,0.6,0.3,0.9,16,88,39,0.0,0.0,0.0,0.0,0.0,0.04,0.02,0.06,0.04,0.06
2088,Raúl Moro,ESP,"MF,FW",Valladolid,21,2002,33,26,2341,26.0,4,5,9,4,0,0,2,0,4.1,4.1,5.7,9.8,112,81,190,0.15,0.19,0.35,0.15,0.35,0.16,0.22,0.38,0.16,0.38
2089,Cristhian Mosquera,ESP,DF,Valencia,20,2004,37,37,3319,36.9,1,0,1,1,0,0,6,0,0.4,0.4,0.0,0.4,35,123,6,0.03,0.0,0.03,0.03,0.03,0.01,0.0,0.01,0.01,0.01
2090,Santiago Mouriño,URU,DF,Alavés,22,2002,25,20,1849,20.5,0,1,1,0,0,0,7,0,0.9,0.9,0.9,1.8,14,46,1,0.0,0.05,0.05,0.0,0.05,0.05,0.04,0.09,0.05,0.09
2091,Abdul Mumin,GHA,DF,Rayo Vallecano,26,1998,24,24,2017,22.4,2,1,3,2,0,0,6,1,0.6,0.6,0.2,0.8,12,40,6,0.09,0.04,0.13,0.09,0.13,0.03,0.01,0.03,0.03,0.03
2092,Aihen Muñoz,ESP,DF,Real Sociedad,26,1997,21,13,1098,12.2,0,0,0,0,0,0,5,0,0.2,0.2,0.3,0.4,26,38,28,0.0,0.0,0.0,0.0,0.0,0.01,0.02,0.04,0.01,0.04
2093,Álex Muñoz,ESP,DF,Las Palmas,30,1994,21,18,1415,15.7,3,0,3,3,0,0,3,0,0.9,0.9,0.5,1.4,15,45,53,0.19,0.0,0.19,0.19,0.19,0.05,0.03,0.09,0.05,0.09
2094,Iker Muñoz,ESP,MF,Osasuna,21,2002,23,4,610,6.8,0,1,1,0,0,0,2,0,0.5,0.5,1.0,1.4,6,24,10,0.0,0.15,0.15,0.0,0.15,0.07,0.14,0.21,0.07,0.21
2095,Javier Muñoz,ESP,"MF,DF",Las Palmas,29,1995,35,28,2588,28.8,1,3,4,1,0,0,5,0,1.3,1.3,2.5,3.7,36,108,91,0.03,0.1,0.14,0.03,0.14,0.04,0.09,0.13,0.04,0.13
2096,Víctor Muñoz,ESP,"FW,DF",Real Madrid,21,2003,2,0,36,0.4,0,0,0,0,0,0,0,0,0.5,0.5,0.0,0.5,3,0,9,0.0,0.0,0.0,0.0,0.0,1.23,0.0,1.23,1.23,1.23
2097,Vedat Muriqi,KVX,FW,Mallorca,30,1994,29,24,2058,22.9,7,2,9,5,2,3,1,2,9.7,7.3,2.2,9.5,23,30,103,0.31,0.09,0.39,0.22,0.31,0.42,0.1,0.52,0.32,0.41
2098,Juan Musso,ARG,GK,Atlético Madrid,30,1994,2,2,180,2.0,0,0,0,0,0,0,0,0,0.0,0.0,0.0,0.0,0,0,0,0.0,0.0,0.0,0.0,0.0,0.0,0.0,0.0,0.0,0.0
2099,Matija Nastasić,SRB,DF,Leganés,31,1993,26,24,2110,23.4,1,0,1,1,0,0,3,0,0.1,0.1,0.1,0.2,1,59,0,0.04,0.0,0.04,0.04,0.04,0.0,0.01,0.01,0.0,0.01
2100,Natan,BRA,DF,Betis,23,2001,31,23,2175,24.2,1,1,2,1,0,0,5,1,0.3,0.3,0.6,1.0,12,52,6,0.04,0.04,0.08,0.04,0.08,0.01,0.03,0.04,0.01,0.04
2101,Pau Navarro,ESP,DF,Villarreal,19,2005,17,8,916,10.2,0,0,0,0,0,0,1,0,0.0,0.0,0.0,0.0,3,40,7,0.0,0.0,0.0,0.0,0.0,0.0,0.0,0.0,0.0,0.0
2102,Roberto Navarro,ESP,"MF,FW",Mallorca,22,2002,23,15,1278,14.2,1,0,1,1,0,0,3,0,2.0,2.0,1.9,3.9,45,51,85,0.07,0.0,0.07,0.07,0.07,0.14,0.14,0.28,0.14,0.28
2103,Jesús Navas,ESP,"FW,MF",Sevilla,38,1985,15,3,424,4.7,1,0,1,1,0,0,0,0,0.5,0.5,0.5,1.0,13,23,48,0.21,0.0,0.21,0.21,0.21,0.11,0.11,0.22,0.11,0.22
2104,Yvan Neyou,CMR,MF,Leganés,27,1997,30,27,2312,25.7,1,1,2,1,0,0,14,0,0.6,0.6,0.6,1.3,24,96,30,0.04,0.04,0.08,0.04,0.08,0.03,0.03,0.05,0.03,0.05
2105,Tanguy Nianzou,FRA,DF,Sevilla,22,2002,6,6,518,5.8,0,0,0,0,0,0,3,1,0.2,0.2,0.0,0.2,4,10,0,0.0,0.0,0.0,0.0,0.0,0.03,0.0,0.03,0.03,0.03
2106,Saúl Ñíguez,ESP,MF,Sevilla,29,1994,24,17,1553,17.3,1,6,7,1,0,0,8,1,2.8,2.8,2.5,5.3,13,66,39,0.06,0.35,0.41,0.06,0.41,0.16,0.14,0.31,0.16,0.31
2107,Tamás Nikitscher,HUN,"MF,DF",Valladolid,24,1999,13,9,858,9.5,0,0,0,0,0,0,2,0,0.1,0.1,0.0,0.1,2,13,7,0.0,0.0,0.0,0.0,0.0,0.01,0.0,0.01,0.01,0.01
2108,Adrian Niño,ESP,FW,Atlético Madrid,20,2004,1,0,12,0.1,0,0,0,0,0,0,0,0,0.2,0.2,0.0,0.2,0,0,1,0.0,0.0,0.0,0.0,0.0,1.44,0.0,1.44,1.44,1.44
2109,Hugo Novoa,ESP,"DF,MF",Alavés,21,2003,5,2,237,2.6,0,0,0,0,0,0,0,0,0.5,0.5,0.2,0.7,7,2,10,0.0,0.0,0.0,0.0,0.0,0.18,0.07,0.26,0.18,0.26
2110,Randy Nteka,ANG,FW,Rayo Vallecano,26,1997,24,16,1129,12.5,3,0,3,3,0,0,6,0,2.6,2.6,0.5,3.1,10,8,44,0.24,0.0,0.24,0.24,0.24,0.21,0.04,0.25,0.21,0.25
2111,Unai Núñez,ESP,DF,Athletic Club,27,1997,10,7,645,7.2,0,0,0,0,0,0,4,0,0.2,0.2,0.1,0.3,2,26,0,0.0,0.0,0.0,0.0,0.0,0.03,0.01,0.04,0.03,0.04
2112,Ørjan Nyland,NOR,GK,Sevilla,33,1990,30,30,2673,29.7,0,0,0,0,0,0,2,0,0.0,0.0,0.3,0.3,0,1,0,0.0,0.0,0.0,0.0,0.0,0.0,0.01,0.01,0.0,0.01
2113,Allan Nyom,CMR,"DF,MF",Getafe,36,1988,20,10,887,9.9,1,2,3,1,0,0,4,0,0.5,0.5,0.3,0.8,5,22,21,0.1,0.2,0.3,0.1,0.3,0.05,0.03,0.09,0.05,0.09
2114,Jan Oblak,SVN,GK,Atlético Madrid,31,1993,36,36,3240,36.0,0,0,0,0,0,0,0,0,0.0,0.0,0.0,0.0,0,0,0,0.0,0.0,0.0,0.0,0.0,0.0,0.0,0.0,0.0,0.0
2115,Lucas Ocampos,ARG,FW,Sevilla,30,1994,2,2,175,1.9,0,1,1,0,0,0,0,0,0.2,0.2,0.3,0.5,5,7,20,0.0,0.51,0.51,0.0,0.51,0.08,0.17,0.25,0.08,0.25
2116,Álvaro Odriozola,ESP,DF,Real Sociedad,28,1995,2,0,43,0.5,0,0,0,0,0,0,1,0,0.0,0.0,0.0,0.0,0,3,0,0.0,0.0,0.0,0.0,0.0,0.0,0.0,0.0,0.0,0.0
2117,Thiago Ojeda,ARG,MF,Villarreal,21,2003,1,0,8,0.1,0,0,0,0,0,0,1,0,0.0,0.0,0.0,0.0,1,2,0,0.0,0.0,0.0,0.0,0.0,0.12,0.0,0.12,0.12,0.12
2118,Aingeru Olabarrieta,ESP,FW,Athletic Club,18,2005,1,1,54,0.6,0,0,0,0,0,0,0,0,0.0,0.0,0.0,0.0,2,1,3,0.0,0.0,0.0,0.0,0.0,0.0,0.0,0.0,0.0,0.0
2119,Olasagasti,ESP,MF,Real Sociedad,23,2000,22,7,857,9.5,1,1,2,1,0,0,2,0,0.9,0.9,0.8,1.7,11,38,41,0.11,0.11,0.21,0.11,0.21,0.1,0.08,0.18,0.1,0.18
2120,Brian Oliván,ESP,DF,Espanyol,30,1994,17,12,1017,11.3,0,1,1,0,0,0,2,0,0.4,0.4,1.1,1.5,21,40,57,0.0,0.09,0.09,0.0,0.09,0.03,0.1,0.13,0.03,0.13
2121,Lucas Oliveira Rosa,BRA,DF,Valladolid,24,2000,21,21,1890,21.0,0,1,1,0,0,0,6,0,0.9,0.9,2.0,2.8,31,50,74,0.0,0.05,0.05,0.0,0.05,0.04,0.09,0.13,0.04,0.13
2122,Dani Olmo,ESP,"MF,FW",Barcelona,26,1998,25,13,1212,13.5,10,3,13,8,2,2,1,0,6.5,4.9,3.0,7.9,33,81,97,0.74,0.22,0.97,0.59,0.82,0.48,0.22,0.7,0.37,0.59
2123,Aimar Oroz,ESP,MF,Osasuna,22,2001,37,35,2966,33.0,5,4,9,4,1,1,8,0,4.2,3.5,2.9,6.5,74,163,142,0.15,0.12,0.27,0.12,0.24,0.13,0.09,0.22,0.11,0.2
2124,Ángel Ortíz,ESP,DF,Betis,20,2004,5,4,353,3.9,0,1,1,0,0,0,0,0,0.0,0.0,0.1,0.2,4,15,20,0.0,0.25,0.25,0.0,0.25,0.01,0.03,0.04,0.01,0.04
2125,Gabriel Osei Misehouy,NED,"FW,MF",Girona,19,2005,9,1,257,2.9,1,0,1,1,0,0,0,0,0.9,0.9,0.3,1.2,5,15,22,0.35,0.0,0.35,0.35,0.35,0.31,0.09,0.41,0.31,0.41
2126,David Otorbi,ESP,MF,Valencia,16,2007,1,0,14,0.2,0,0,0,0,0,0,0,0,0.0,0.0,0.0,0.0,1,0,0,0.0,0.0,0.0,0.0,0.0,0.0,0.0,0.0,0.0,0.0
2127,Jesús Owono,EQG,GK,Alavés,23,2001,6,5,487,5.4,0,0,0,0,0,0,0,0,0.0,0.0,0.0,0.0,0,0,0,0.0,0.0,0.0,0.0,0.0,0.0,0.0,0.0,0.0,0.0
2128,Mikel Oyarzabal,ESP,FW,Real Sociedad,27,1997,35,28,2250,25.0,9,3,12,5,4,4,4,1,9.9,6.8,2.4,9.2,31,28,133,0.36,0.12,0.48,0.2,0.32,0.4,0.1,0.5,0.27,0.37
2129,Cenk Özkacar,TUR,DF,Valladolid,23,2000,11,8,757,8.4,0,0,0,0,0,0,1,0,0.1,0.1,0.0,0.1,2,15,0,0.0,0.0,0.0,0.0,0.0,0.01,0.0,0.02,0.01,0.02
2130,Jon Pacheco,ESP,DF,Real Sociedad,23,2001,14,9,854,9.5,0,0,0,0,0,0,3,0,0.1,0.1,0.1,0.2,12,27,0,0.0,0.0,0.0,0.0,0.0,0.01,0.01,0.02,0.01,0.02
2131,Alex Padilla,ESP,GK,Athletic Club,20,2003,5,3,321,3.6,0,0,0,0,0,0,0,0,0.0,0.0,0.0,0.0,0,0,0,0.0,0.0,0.0,0.0,0.0,0.0,0.0,0.0,0.0,0.0
2132,Isaac Palazón Camacho,ESP,"MF,FW",Rayo Vallecano,29,1994,35,25,2162,24.0,4,4,8,4,0,0,5,0,4.7,4.7,4.4,9.2,30,117,123,0.17,0.17,0.33,0.17,0.33,0.2,0.18,0.38,0.2,0.38
2133,Aitor Paredes,ESP,DF,Athletic Club,24,2000,23,21,1812,20.1,3,0,3,3,0,0,4,1,2.3,2.3,0.1,2.3,4,46,2,0.15,0.0,0.15,0.15,0.15,0.11,0.0,0.12,0.11,0.12
2134,Daniel Parejo,ESP,MF,Villarreal,35,1989,36,26,2273,25.3,3,3,6,2,1,2,8,0,2.5,0.8,1.8,2.7,19,176,26,0.12,0.12,0.24,0.08,0.2,0.1,0.07,0.17,0.03,0.11
2135,Iago Parente,ESP,DF,Valladolid,18,2006,1,1,71,0.8,0,0,0,0,0,0,0,0,0.0,0.0,0.0,0.0,0,4,1,0.0,0.0,0.0,0.0,0.0,0.0,0.04,0.04,0.0,0.04
2136,Álvaro Pascual,ESP,FW,Sevilla,22,2002,8,4,408,4.5,1,0,1,1,0,0,1,0,1.1,1.1,0.0,1.1,4,3,27,0.22,0.0,0.22,0.22,0.22,0.24,0.01,0.25,0.24,0.25
2137,Alfonso Pedraza,ESP,"DF,MF",Villarreal,28,1996,12,4,460,5.1,0,2,2,0,0,0,0,0,0.5,0.5,1.4,1.9,21,9,43,0.0,0.39,0.39,0.0,0.39,0.09,0.27,0.37,0.09,0.37
2138,Pedri,ESP,MF,Barcelona,21,2002,37,35,2879,32.0,4,5,9,4,0,0,3,0,2.2,2.2,7.4,9.6,92,360,136,0.13,0.16,0.28,0.13,0.28,0.07,0.23,0.3,0.07,0.3
2139,Adrià Pedrosa,ESP,DF,Sevilla,26,1998,31,27,2298,25.5,1,1,2,1,0,0,7,0,0.9,0.9,1.6,2.5,41,79,96,0.04,0.04,0.08,0.04,0.08,0.04,0.06,0.1,0.04,0.1
2140,Pejiño,ESP,FW,Las Palmas,28,1996,1,0,16,0.2,0,0,0,0,0,0,0,0,0.0,0.0,0.0,0.0,1,1,2,0.0,0.0,0.0,0.0,0.0,0.17,0.0,0.17,0.17,0.17
2141,Andy Pelmard,FRA,DF,Las Palmas,24,2000,4,2,205,2.3,0,0,0,0,0,0,1,0,0.0,0.0,0.0,0.1,1,13,5,0.0,0.0,0.0,0.0,0.0,0.0,0.02,0.03,0.0,0.03
2142,Iñaki Peña,ESP,GK,Barcelona,25,1999,16,15,1396,15.5,0,0,0,0,0,0,1,0,0.0,0.0,0.0,0.0,0,3,0,0.0,0.0,0.0,0.0,0.0,0.0,0.0,0.0,0.0,0.0
2143,Rubén Peña,ESP,"FW,DF",Osasuna,33,1991,25,7,775,8.6,0,0,0,0,0,0,1,0,0.7,0.7,0.6,1.3,18,27,57,0.0,0.0,0.0,0.0,0.0,0.08,0.07,0.15,0.08,0.15
2144,Nicolas Pépé,CIV,"FW,MF",Villarreal,29,1995,28,15,1500,16.7,3,6,9,3,0,0,3,0,3.8,3.8,4.8,8.6,76,60,159,0.18,0.36,0.54,0.18,0.54,0.23,0.29,0.52,0.23,0.52
2145,Peque,ESP,"MF,FW",Sevilla,21,2002,26,14,1134,12.6,1,1,2,1,0,0,1,0,2.5,2.5,1.2,3.7,14,35,44,0.08,0.08,0.16,0.08,0.16,0.2,0.1,0.29,0.2,0.29
2146,Ayoze Pérez,ESP,FW,Villarreal,31,1993,30,22,1970,21.9,19,2,21,19,0,0,4,0,12.7,12.7,3.0,15.7,59,73,124,0.87,0.09,0.96,0.87,0.96,0.58,0.13,0.71,0.58,0.71
2147,Carles Pérez,ESP,"MF,FW",Getafe,26,1998,27,15,1431,15.9,3,0,3,3,0,0,2,0,2.4,2.4,1.5,3.9,31,20,77,0.19,0.0,0.19,0.19,0.19,0.15,0.1,0.24,0.15,0.24
2148,Francisco Perez,ESP,"FW,MF",Valencia,21,2002,26,4,570,6.3,0,0,0,0,0,0,1,0,0.3,0.3,2.6,2.9,24,13,71,0.0,0.0,0.0,0.0,0.0,0.05,0.4,0.45,0.05,0.45
2149,Kike Pérez,ESP,MF,Valladolid,27,1997,19,14,1191,13.2,2,0,2,2,0,0,6,0,2.1,2.1,1.0,3.1,19,67,28,0.15,0.0,0.15,0.15,0.15,0.16,0.08,0.24,0.16,0.24
2150,Luis Pérez,ESP,DF,Valladolid,29,1995,30,28,2558,28.4,0,0,0,0,0,0,2,0,0.2,0.2,2.1,2.2,41,89,117,0.0,0.0,0.0,0.0,0.0,0.01,0.07,0.08,0.01,0.08
2151,Romain Perraud,FRA,DF,Betis,26,1997,28,22,2002,22.2,2,2,4,2,0,0,8,1,0.6,0.6,1.6,2.1,51,62,106,0.09,0.09,0.18,0.09,0.18,0.02,0.07,0.1,0.02,0.1
2152,Valentín Pezzolesi,ESP,DF,Las Palmas,17,2007,1,0,6,0.1,0,0,0,0,0,0,0,0,0.0,0.0,0.0,0.0,0,0,0,0.0,0.0,0.0,0.0,0.0,0.0,0.0,0.0,0.0,0.0
2153,Pica,ESP,DF,Alavés,22,2002,9,5,499,5.5,0,0,0,0,0,0,1,0,0.3,0.3,0.0,0.4,3,15,0,0.0,0.0,0.0,0.0,0.0,0.06,0.01,0.06,0.06,0.06
2154,Yeremi Pino,ESP,"MF,FW",Villarreal,21,2002,34,25,1934,21.5,4,7,11,4,0,0,11,0,3.9,3.9,5.3,9.2,42,66,213,0.19,0.33,0.51,0.19,0.51,0.18,0.25,0.43,0.18,0.43
2155,Portu,ESP,"FW,MF",Girona,32,1992,27,6,779,8.7,1,2,3,1,0,0,4,0,1.6,1.6,1.7,3.3,20,16,79,0.12,0.23,0.35,0.12,0.35,0.19,0.19,0.38,0.19,0.38
2156,Beñat Prados,ESP,MF,Athletic Club,23,2001,30,21,1715,19.1,1,0,1,1,0,0,7,0,1.0,1.0,1.1,2.1,20,78,32,0.05,0.0,0.05,0.05,0.05,0.05,0.06,0.11,0.05,0.11
2157,Abdón Prats,ESP,"FW,MF",Mallorca,31,1992,24,3,456,5.1,2,0,2,1,1,1,4,0,2.2,1.5,0.1,1.6,0,7,14,0.39,0.0,0.39,0.2,0.2,0.45,0.03,0.47,0.29,0.32
2158,Javi Puado,ESP,"FW,MF",Espanyol,26,1998,35,35,2974,33.0,12,4,16,7,5,5,8,0,11.6,7.7,3.0,10.7,73,75,113,0.36,0.12,0.48,0.21,0.33,0.35,0.09,0.44,0.23,0.32
2159,Dani Raba,ESP,"FW,MF",Leganés,28,1995,29,24,1879,20.9,8,6,14,4,4,5,6,0,7.5,3.6,5.3,8.9,42,69,101,0.38,0.29,0.67,0.19,0.48,0.36,0.25,0.61,0.17,0.43
2160,Arnau Rafús,ESP,GK,Valladolid,21,2003,1,1,90,1.0,0,0,0,0,0,0,0,0,0.0,0.0,0.0,0.0,0,0,0,0.0,0.0,0.0,0.0,0.0,0.0,0.0,0.0,0.0,0.0
2161,Antonio Raillo,ESP,DF,Mallorca,32,1991,36,36,3207,35.6,2,0,2,2,0,0,7,1,2.0,2.0,1.6,3.7,31,108,20,0.06,0.0,0.06,0.06,0.06,0.06,0.05,0.1,0.06,0.1
2162,Benito Ramírez,ESP,"DF,FW",Las Palmas,29,1995,19,2,478,5.3,0,0,0,0,0,0,2,1,0.3,0.3,0.9,1.2,14,16,62,0.0,0.0,0.0,0.0,0.0,0.06,0.16,0.22,0.06,0.22
2163,Sandro Ramírez,ESP,"FW,MF",Las Palmas,29,1995,31,25,2034,22.6,9,3,12,8,1,1,6,0,4.1,3.3,3.4,6.7,52,52,121,0.4,0.13,0.53,0.35,0.49,0.18,0.15,0.33,0.15,0.29
2164,Jacobo Ramón,ESP,DF,Real Madrid,19,2005,3,2,204,2.3,1,0,1,1,0,0,1,0,0.2,0.2,0.2,0.4,0,1,2,0.44,0.0,0.44,0.44,0.44,0.07,0.09,0.16,0.07,0.16
2165,Raphinha,BRA,"FW,MF",Barcelona,27,1996,36,32,2839,31.5,18,9,27,16,2,2,4,0,19.2,17.6,12.7,30.3,94,135,349,0.57,0.29,0.86,0.51,0.79,0.61,0.4,1.01,0.56,0.96
2166,Andrei Ratiu,ROU,DF,Rayo Vallecano,26,1998,35,34,3065,34.1,2,3,5,2,0,0,5,0,1.8,1.8,5.7,7.5,122,145,167,0.06,0.09,0.15,0.06,0.15,0.05,0.17,0.22,0.05,0.22
2167,Raúl,ESP,"FW,MF",Osasuna,23,2000,32,5,750,8.3,4,0,4,4,0,0,1,0,3.5,3.5,0.7,4.1,10,16,49,0.48,0.0,0.48,0.48,0.48,0.41,0.08,0.5,0.41,0.5
2168,Abderrahman Rebbach,ALG,"FW,MF",Alavés,25,1998,8,4,385,4.3,0,0,0,0,0,0,1,0,0.2,0.2,0.3,0.5,16,5,34,0.0,0.0,0.0,0.0,0.0,0.04,0.07,0.11,0.04,0.11
2169,Álex Remiro,ESP,GK,Real Sociedad,29,1995,36,36,3240,36.0,0,0,0,0,0,0,0,0,0.0,0.0,0.0,0.0,0,1,0,0.0,0.0,0.0,0.0,0.0,0.0,0.0,0.0,0.0,0.0
2170,Daniel Requena,ESP,MF,Villarreal,20,2004,1,0,10,0.1,0,0,0,0,0,0,0,0,0.0,0.0,0.0,0.0,0,0,1,0.0,0.0,0.0,0.0,0.0,0.0,0.0,0.0,0.0,0.0
2171,Diego Rico,ESP,DF,Getafe,31,1993,33,32,2819,31.3,0,3,3,0,0,0,9,1,0.4,0.4,2.7,3.1,27,136,84,0.0,0.1,0.1,0.0,0.1,0.01,0.09,0.1,0.01,0.1
2172,Luis Rioja,ESP,FW,Alavés,30,1993,1,0,23,0.3,0,0,0,0,0,0,0,0,0.0,0.0,0.1,0.1,4,1,3,0.0,0.0,0.0,0.0,0.0,0.0,0.57,0.57,0.0,0.57
2173,Luis Rioja,ESP,"MF,FW",Valencia,30,1993,36,33,2831,31.5,5,3,8,3,2,2,6,0,3.3,1.7,4.5,6.2,93,103,228,0.16,0.1,0.25,0.1,0.19,0.1,0.14,0.25,0.05,0.2
2174,Rodrigo Riquelme,ESP,"MF,DF",Atlético Madrid,24,2000,16,4,516,5.7,0,1,1,0,0,0,0,0,0.9,0.9,0.8,1.7,43,24,62,0.0,0.17,0.17,0.0,0.17,0.16,0.14,0.3,0.16,0.3
2175,Alberto Risco,ESP,"MF,FW",Getafe,18,2005,5,0,69,0.8,0,0,0,0,0,0,0,0,0.2,0.2,0.1,0.3,3,3,6,0.0,0.0,0.0,0.0,0.0,0.22,0.19,0.41,0.22,0.41
2176,Mihailo Ristić,SRB,"DF,MF",Celta Vigo,28,1995,10,6,429,4.8,0,1,1,0,0,0,1,0,0.0,0.0,0.2,0.2,8,10,11,0.0,0.21,0.21,0.0,0.21,0.01,0.04,0.05,0.01,0.05
2177,Gorka Rivera Alonso,ESP,"DF,MF",Getafe,19,2004,1,0,20,0.2,0,0,0,0,0,0,0,0,0.0,0.0,0.0,0.0,0,1,0,0.0,0.0,0.0,0.0,0.0,0.0,0.0,0.0,0.0,0.0
2178,Marc Roca,ESP,MF,Betis,27,1996,14,11,906,10.1,2,2,4,2,0,0,4,0,1.1,1.1,1.0,2.1,11,59,13,0.2,0.2,0.4,0.2,0.4,0.11,0.1,0.21,0.11,0.21
2179,Rodri,ESP,FW,Betis,24,2000,3,1,118,1.3,0,0,0,0,0,0,0,0,0.2,0.2,0.1,0.2,4,8,11,0.0,0.0,0.0,0.0,0.0,0.13,0.06,0.19,0.13,0.19
2180,Adrian Rodriguez,ESP,GK,Alavés,23,2000,2,1,122,1.4,0,0,0,0,0,0,1,0,0.0,0.0,0.0,0.0,0,0,0,0.0,0.0,0.0,0.0,0.0,0.0,0.0,0.0,0.0,0.0
2181,Álvaro Rodríguez,URU,FW,Getafe,20,2004,22,7,852,9.5,2,0,2,2,0,0,6,0,1.2,1.2,0.3,1.5,6,13,50,0.21,0.0,0.21,0.21,0.21,0.13,0.03,0.16,0.13,0.16
2182,Óscar Rodríguez Arnaiz,ESP,"MF,FW",Leganés,26,1998,29,12,1330,14.8,1,4,5,1,0,0,6,1,2.1,2.1,2.2,4.3,24,60,66,0.07,0.27,0.34,0.07,0.34,0.14,0.15,0.29,0.14,0.29
2183,Arturo Rodríguez,ESP,FW,Las Palmas,17,2006,1,0,21,0.2,0,0,0,0,0,0,0,0,0.0,0.0,0.0,0.0,1,0,2,0.0,0.0,0.0,0.0,0.0,0.0,0.0,0.0,0.0,0.0
2184,Damián Rodríguez,ESP,MF,Celta Vigo,21,2003,17,10,927,10.3,0,0,0,0,0,0,3,0,0.1,0.1,0.8,0.9,8,71,12,0.0,0.0,0.0,0.0,0.0,0.01,0.08,0.09,0.01,0.09
2185,Dani Rodríguez,ESP,"MF,FW",Mallorca,36,1988,37,26,2162,24.0,4,7,11,4,0,0,5,0,2.8,2.8,3.1,6.0,37,78,108,0.17,0.29,0.46,0.17,0.46,0.12,0.13,0.25,0.12,0.25
2186,Daniel Rodriguez,ESP,FW,Barcelona,18,2005,1,1,37,0.4,0,0,0,0,0,0,0,0,0.0,0.0,0.0,0.0,4,2,9,0.0,0.0,0.0,0.0,0.0,0.06,0.0,0.06,0.06,0.06
2187,James Rodríguez,COL,"MF,FW",Rayo Vallecano,33,1991,6,1,140,1.6,0,0,0,0,0,0,1,0,0.3,0.3,0.2,0.5,3,13,7,0.0,0.0,0.0,0.0,0.0,0.19,0.11,0.29,0.19,0.29
2188,Javi Rodríguez,ESP,DF,Celta Vigo,21,2003,36,26,2514,27.9,3,2,5,3,0,0,7,0,2.3,2.3,1.0,3.3,29,114,51,0.11,0.07,0.18,0.11,0.18,0.08,0.04,0.12,0.08,0.12
2189,Jesus Rodríguez,ESP,FW,Betis,18,2005,21,15,1111,12.3,2,0,2,2,0,0,0,0,2.3,2.3,0.2,2.5,53,35,99,0.16,0.0,0.16,0.16,0.16,0.18,0.02,0.2,0.18,0.2
2190,Kirian Rodríguez,ESP,MF,Las Palmas,28,1996,21,21,1758,19.5,0,3,3,0,0,0,2,0,1.6,1.6,1.5,3.0,25,128,39,0.0,0.15,0.15,0.0,0.15,0.08,0.07,0.16,0.08,0.16
2191,Ricardo Rodríguez,SUI,DF,Betis,31,1992,18,15,1274,14.2,0,1,1,0,0,0,0,0,0.2,0.2,0.4,0.6,19,63,32,0.0,0.07,0.07,0.0,0.07,0.01,0.03,0.04,0.01,0.04
2192,Rodrygo,BRA,"FW,MF",Real Madrid,23,2001,30,22,1928,21.4,6,5,11,6,0,0,0,0,4.0,3.9,3.0,6.9,113,108,253,0.28,0.23,0.51,0.28,0.51,0.19,0.14,0.33,0.18,0.32
2193,Leo Román,ESP,GK,Mallorca,24,2000,7,7,630,7.0,0,0,0,0,0,0,0,0,0.0,0.0,0.0,0.0,0,0,0,0.0,0.0,0.0,0.0,0.0,0.0,0.0,0.0,0.0,0.0
2194,Carlos Romero,ESP,DF,Espanyol,22,2001,34,28,2554,28.4,2,1,3,2,0,0,7,0,2.0,2.0,2.1,4.2,50,64,113,0.07,0.04,0.11,0.07,0.11,0.07,0.07,0.15,0.07,0.15
2195,Isaac Romero,ESP,FW,Sevilla,24,2000,31,26,2156,24.0,4,2,6,4,0,1,10,1,6.8,6.0,2.1,8.1,21,29,95,0.17,0.08,0.25,0.17,0.25,0.28,0.09,0.37,0.25,0.34
2196,Luka Romero,ARG,"FW,MF",Alavés,19,2004,6,2,199,2.2,0,0,0,0,0,1,0,0,0.8,0.0,0.2,0.2,3,0,12,0.0,0.0,0.0,0.0,0.0,0.37,0.08,0.45,0.01,0.09
2197,Oriol Romeu,ESP,MF,Girona,32,1991,25,17,1356,15.1,0,0,0,0,0,0,5,0,0.1,0.1,0.3,0.4,22,73,8,0.0,0.0,0.0,0.0,0.0,0.01,0.02,0.03,0.01,0.03
2198,Vitor Roque,BRA,FW,Betis,19,2005,22,14,1235,13.7,4,0,4,4,0,0,4,0,6.1,6.1,1.2,7.3,24,17,57,0.29,0.0,0.29,0.29,0.29,0.44,0.09,0.53,0.44,0.53
2199,Valentin Rosier,FRA,DF,Leganés,27,1996,32,28,2595,28.8,1,2,3,1,0,0,8,0,0.9,0.9,1.1,2.0,41,74,89,0.03,0.07,0.1,0.03,0.1,0.03,0.04,0.07,0.03,0.07
2200,Antonio Rüdiger,GER,DF,Real Madrid,31,1993,29,26,2291,25.5,0,0,0,0,0,0,3,0,1.7,1.7,0.5,2.3,20,94,4,0.0,0.0,0.0,0.0,0.0,0.07,0.02,0.09,0.07,0.09
2201,Aitor Ruibal,ESP,"DF,FW",Betis,28,1996,29,13,1313,14.6,1,3,4,1,0,0,5,0,0.9,0.9,2.4,3.3,21,50,64,0.07,0.21,0.27,0.07,0.27,0.06,0.17,0.23,0.06,0.23
2202,Abel Ruiz,ESP,FW,Girona,24,2000,23,17,1346,15.0,4,0,4,3,1,2,3,0,4.6,3.0,0.5,3.5,21,23,71,0.27,0.0,0.27,0.2,0.2,0.31,0.03,0.34,0.2,0.23
2203,Ferrán Ruiz,ESP,MF,Girona,21,2003,1,0,18,0.2,0,0,0,0,0,0,0,0,0.0,0.0,0.0,0.0,0,1,0,0.0,0.0,0.0,0.0,0.0,0.0,0.0,0.0,0.0,0.0
2204,Youssouf Sabaly,SEN,DF,Betis,31,1993,22,20,1581,17.6,0,1,1,0,0,0,1,0,0.2,0.2,0.8,1.0,25,62,63,0.0,0.06,0.06,0.0,0.06,0.01,0.05,0.06,0.01,0.06
2205,Umar Sadiq,NGA,FW,Valencia,27,1997,16,9,825,9.2,5,0,5,5,0,0,4,0,3.4,3.4,0.7,4.1,9,7,49,0.55,0.0,0.55,0.55,0.55,0.37,0.08,0.45,0.37,0.45
2206,Umar Sadiq,NGA,FW,Real Sociedad,27,1997,7,2,227,2.5,0,0,0,0,0,0,1,0,0.2,0.2,0.2,0.4,5,5,18,0.0,0.0,0.0,0.0,0.0,0.09,0.06,0.15,0.09,0.15
2207,Jorge Sáenz,ESP,DF,Leganés,27,1996,23,19,1690,18.8,1,0,1,1,0,0,4,1,1.3,1.3,0.1,1.4,5,36,2,0.05,0.0,0.05,0.05,0.05,0.07,0.01,0.07,0.07,0.07
2208,Jan Salas,ESP,"MF,FW",Mallorca,18,2005,4,0,43,0.5,0,0,0,0,0,0,0,0,0.1,0.1,0.0,0.1,1,4,4,0.0,0.0,0.0,0.0,0.0,0.12,0.0,0.12,0.12,0.12
2209,Kike Salas,ESP,DF,Sevilla,22,2002,31,25,2238,24.9,3,2,5,3,0,0,6,0,1.9,1.9,0.6,2.5,7,59,18,0.12,0.08,0.2,0.12,0.2,0.08,0.02,0.1,0.08,0.1
2210,Albert Sambi Lokonga,BEL,MF,Sevilla,24,1999,22,16,1471,16.3,0,2,2,0,0,0,4,0,0.9,0.9,1.0,1.9,24,93,20,0.0,0.12,0.12,0.0,0.12,0.06,0.06,0.12,0.06,0.12
2211,Chuky san jose,ESP,MF,Valladolid,20,2004,18,9,728,8.1,2,0,2,2,0,0,1,0,2.2,2.2,1.2,3.4,6,15,27,0.25,0.0,0.25,0.25,0.25,0.28,0.15,0.42,0.28,0.42
2212,Oihan Sancet,ESP,MF,Athletic Club,24,2000,29,19,1620,18.0,15,1,16,12,3,3,2,0,9.7,7.3,1.9,9.2,52,90,115,0.83,0.06,0.89,0.67,0.72,0.54,0.1,0.64,0.4,0.51
2213,Antonio Sánchez,ESP,"MF,DF",Mallorca,27,1997,33,12,1395,15.5,0,0,0,0,0,0,3,0,1.1,1.1,0.6,1.7,18,38,53,0.0,0.0,0.0,0.0,0.0,0.07,0.04,0.11,0.07,0.11
2214,Iván Sánchez,ESP,"MF,FW",Valladolid,31,1992,32,11,1404,15.6,2,1,3,2,0,0,4,0,0.7,0.7,2.9,3.5,60,77,93,0.13,0.06,0.19,0.13,0.19,0.04,0.19,0.23,0.04,0.23
2215,Javi Sánchez,ESP,DF,Valladolid,27,1997,25,25,2026,22.5,2,0,2,2,0,0,6,0,0.5,0.5,0.3,0.8,4,34,4,0.09,0.0,0.09,0.09,0.09,0.02,0.01,0.03,0.02,0.03
2216,Juanlu Sánchez,ESP,"MF,DF",Sevilla,20,2003,32,18,1722,19.1,4,4,8,4,0,0,6,1,2.1,2.1,2.8,5.0,44,68,83,0.21,0.21,0.42,0.21,0.42,0.11,0.15,0.26,0.11,0.26
2217,Manu Sánchez,ESP,DF,Alavés,23,2000,33,30,2634,29.3,1,0,1,1,0,0,6,1,1.7,1.7,1.2,2.9,47,78,97,0.03,0.0,0.03,0.03,0.03,0.06,0.04,0.1,0.06,0.1
2218,Maroan Sannadi,MAR,FW,Athletic Club,23,2001,16,7,754,8.4,1,1,2,1,0,0,0,0,3.5,3.5,0.6,4.1,21,15,67,0.12,0.12,0.24,0.12,0.24,0.41,0.07,0.48,0.41,0.48
2219,Jesús Santiago,ESP,MF,Getafe,20,2004,19,4,372,4.1,0,0,0,0,0,0,5,0,0.0,0.0,0.0,0.0,4,16,4,0.0,0.0,0.0,0.0,0.0,0.01,0.0,0.01,0.01,0.01
2220,Aleksandar Sedlar,SRB,DF,Alavés,32,1991,9,7,594,6.6,0,0,0,0,0,0,1,1,0.0,0.0,0.0,0.0,2,12,1,0.0,0.0,0.0,0.0,0.0,0.0,0.0,0.0,0.0,0.0
2221,Sergi,ESP,DF,Leganés,32,1992,36,33,2957,32.9,2,0,2,2,0,0,2,1,1.5,1.5,0.4,1.9,3,77,2,0.06,0.0,0.06,0.06,0.06,0.05,0.01,0.06,0.05,0.06
2222,Nicolás Serrano,ESP,FW,Athletic Club,21,2003,4,1,112,1.2,0,0,0,0,0,0,0,0,0.2,0.2,0.0,0.2,2,4,18,0.0,0.0,0.0,0.0,0.0,0.13,0.02,0.15,0.13,0.15
2223,Fábio Silva,POR,FW,Las Palmas,22,2002,24,22,1866,20.7,10,3,13,8,2,3,7,0,8.8,6.4,2.0,8.4,30,26,119,0.48,0.14,0.63,0.39,0.53,0.42,0.1,0.52,0.31,0.41
2224,Rui Silva,POR,GK,Betis,30,1994,15,15,1350,15.0,0,0,0,0,0,0,1,0,0.0,0.0,0.1,0.1,0,0,0,0.0,0.0,0.0,0.0,0.0,0.0,0.01,0.01,0.0,0.01
2225,Giuliano Simeone,ARG,MF,Atlético Madrid,21,2002,33,26,1926,21.4,2,6,8,2,0,0,4,0,2.2,2.2,5.2,7.4,69,49,189,0.09,0.28,0.37,0.09,0.37,0.1,0.24,0.35,0.1,0.35
2226,Unai Simón,ESP,GK,Athletic Club,27,1997,21,21,1890,21.0,0,0,0,0,0,0,0,0,0.0,0.0,0.0,0.0,0,0,0,0.0,0.0,0.0,0.0,0.0,0.0,0.0,0.0,0.0,0.0
2227,Daley Sinkgraven,NED,DF,Las Palmas,29,1995,2,1,91,1.0,0,0,0,0,0,0,0,0,0.0,0.0,0.0,0.0,2,3,7,0.0,0.0,0.0,0.0,0.0,0.0,0.02,0.02,0.0,0.02
2228,Jailson Siqueira,BRA,"DF,MF",Celta Vigo,28,1995,13,6,614,6.8,0,0,0,0,0,0,2,0,0.1,0.1,0.0,0.2,10,43,3,0.0,0.0,0.0,0.0,0.0,0.02,0.0,0.02,0.02,0.02
2229,Antonio Sivera,ESP,GK,Alavés,27,1996,32,32,2810,31.2,0,0,0,0,0,0,6,1,0.0,0.0,0.1,0.1,0,1,0,0.0,0.0,0.0,0.0,0.0,0.0,0.0,0.0,0.0,0.0
2230,Justin Smith,CAN,MF,Espanyol,21,2003,5,3,209,2.3,0,0,0,0,0,0,0,0,0.0,0.0,0.0,0.0,4,6,7,0.0,0.0,0.0,0.0,0.0,0.0,0.02,0.02,0.0,0.02
2231,Alex Sola,ESP,"MF,FW",Getafe,25,1999,19,13,1029,11.4,0,1,1,0,0,0,4,0,1.0,1.0,0.7,1.6,24,23,61,0.0,0.09,0.09,0.0,0.09,0.08,0.06,0.14,0.08,0.14
2232,Arnau Solà,ESP,MF,Villarreal,21,2003,1,0,13,0.1,0,0,0,0,0,0,0,0,0.0,0.0,0.0,0.0,0,0,0,0.0,0.0,0.0,0.0,0.0,0.0,0.0,0.0,0.0,0.0
2233,Jhon Solis,COL,MF,Girona,19,2004,19,3,535,5.9,1,0,1,1,0,0,3,0,0.7,0.7,0.1,0.7,9,29,15,0.17,0.0,0.17,0.17,0.17,0.11,0.01,0.12,0.11,0.12
2234,David Soria,ESP,GK,Getafe,31,1993,38,38,3420,38.0,0,0,0,0,0,0,2,0,0.0,0.0,0.0,0.0,0,1,0,0.0,0.0,0.0,0.0,0.0,0.0,0.0,0.0,0.0,0.0
2235,Juan Soriano,ESP,GK,Leganés,26,1997,6,6,540,6.0,0,0,0,0,0,0,1,1,0.0,0.0,0.0,0.0,0,0,0,0.0,0.0,0.0,0.0,0.0,0.0,0.0,0.0,0.0,0.0
2236,Hugo Sotelo,ESP,MF,Celta Vigo,20,2003,24,15,1254,13.9,0,0,0,0,0,0,5,0,0.2,0.2,1.7,1.8,21,83,38,0.0,0.0,0.0,0.0,0.0,0.01,0.12,0.13,0.01,0.13
2237,Djibril Sow,SUI,MF,Sevilla,27,1997,30,24,2062,22.9,2,1,3,2,0,0,5,0,2.4,2.4,1.6,4.0,23,100,50,0.09,0.04,0.13,0.09,0.13,0.1,0.07,0.18,0.1,0.18
2238,Carl Starfelt,SWE,DF,Celta Vigo,29,1995,28,26,2270,25.2,1,0,1,1,0,0,5,0,0.5,0.5,0.2,0.7,11,66,1,0.04,0.0,0.04,0.04,0.04,0.02,0.01,0.03,0.02,0.03
2239,Orri Steinn Óskarsson,ISL,FW,Real Sociedad,19,2004,23,9,944,10.5,3,0,3,3,0,0,1,0,5.2,5.2,0.2,5.4,6,9,50,0.29,0.0,0.29,0.29,0.29,0.5,0.02,0.52,0.5,0.52
2240,Stoichkov,ESP,"MF,FW",Alavés,30,1993,16,6,699,7.8,0,1,1,0,0,0,1,0,1.1,1.1,1.2,2.3,9,26,41,0.0,0.13,0.13,0.0,0.13,0.14,0.15,0.3,0.14,0.3
2241,Cristhian Stuani,URU,FW,Girona,37,1986,32,6,1078,12.0,11,2,13,8,3,3,4,0,8.1,5.8,0.6,6.5,2,10,36,0.92,0.17,1.09,0.67,0.83,0.68,0.05,0.73,0.49,0.54
2242,Álex Suárez,ESP,DF,Las Palmas,31,1993,30,30,2460,27.3,0,0,0,0,0,0,12,0,0.5,0.5,0.1,0.6,6,53,3,0.0,0.0,0.0,0.0,0.0,0.02,0.0,0.02,0.02,0.02
2243,Denis Suárez,ESP,MF,Villarreal,30,1994,21,7,608,6.8,1,1,2,1,0,0,0,0,0.9,0.9,1.5,2.4,27,35,24,0.15,0.15,0.3,0.15,0.3,0.14,0.22,0.36,0.14,0.36
2244,Luka Sučić,CRO,MF,Real Sociedad,21,2002,29,21,1792,19.9,1,1,2,1,0,0,4,0,3.3,3.3,2.6,5.9,30,79,56,0.05,0.05,0.1,0.05,0.1,0.17,0.13,0.3,0.17,0.3
2245,Suso,ESP,"FW,MF",Sevilla,30,1993,16,4,606,6.7,0,2,2,0,0,0,3,0,0.7,0.7,1.6,2.3,20,43,74,0.0,0.3,0.3,0.0,0.3,0.11,0.24,0.35,0.11,0.35
2246,Williot Swedberg,SWE,"FW,MF",Celta Vigo,20,2004,32,15,1348,15.0,4,5,9,4,0,0,1,0,5.2,5.2,2.6,7.9,34,28,116,0.27,0.33,0.6,0.27,0.6,0.35,0.17,0.52,0.35,0.52
2247,Mamadou Sylla,SEN,"FW,MF",Valladolid,30,1994,29,17,1583,17.6,5,1,6,1,4,4,5,0,5.1,2.0,1.7,3.6,15,22,52,0.28,0.06,0.34,0.06,0.11,0.29,0.09,0.39,0.11,0.21
2248,Wojciech Szczęsny,POL,GK,Barcelona,34,1990,15,15,1350,15.0,0,0,0,0,0,0,0,0,0.0,0.0,0.0,0.0,0,0,0,0.0,0.0,0.0,0.0,0.0,0.0,0.0,0.0,0.0,0.0
2249,Alexander Sørloth,NOR,FW,Atlético Madrid,28,1995,35,15,1566,17.4,20,2,22,19,1,1,4,0,16.8,16.0,1.6,17.6,32,31,81,1.15,0.11,1.26,1.09,1.21,0.97,0.09,1.06,0.92,1.01
2250,Renato Tapia,PER,"MF,DF",Leganés,29,1995,34,28,2424,26.9,1,0,1,1,0,0,8,0,0.6,0.6,0.4,1.0,17,83,20,0.04,0.0,0.04,0.04,0.04,0.02,0.01,0.04,0.02,0.04
2251,César Tárrega,ESP,DF,Valencia,22,2002,34,34,3026,33.6,2,0,2,2,0,0,7,0,1.9,1.9,0.1,2.1,20,79,1,0.06,0.0,0.06,0.06,0.06,0.06,0.0,0.06,0.06,0.06
2252,Aurélien Tchouaméni,FRA,"DF,MF",Real Madrid,24,2000,32,31,2689,29.9,0,0,0,0,0,0,5,0,1.7,1.7,0.6,2.2,19,154,13,0.0,0.0,0.0,0.0,0.0,0.06,0.02,0.07,0.06,0.07
2253,Álvaro Tejero,ESP,"MF,DF",Espanyol,28,1996,28,13,1238,13.8,1,4,5,1,0,0,2,0,0.6,0.6,2.9,3.5,27,46,72,0.07,0.29,0.36,0.07,0.36,0.04,0.21,0.26,0.04,0.26
2254,Martín Tejón,ESP,"MF,DF",Valencia,20,2004,4,0,49,0.5,0,0,0,0,0,0,0,0,0.1,0.1,0.0,0.1,0,4,6,0.0,0.0,0.0,0.0,0.0,0.16,0.05,0.21,0.16,0.21
2255,Nahuel Tenaglia,ARG,DF,Alavés,28,1996,34,33,2922,32.5,2,1,3,2,0,0,11,0,2.2,2.2,1.6,3.7,42,103,98,0.06,0.03,0.09,0.06,0.09,0.07,0.05,0.12,0.07,0.12
2256,Marc-André ter Stegen,GER,GK,Barcelona,32,1992,8,8,674,7.5,0,0,0,0,0,0,0,0,0.0,0.0,0.0,0.0,0,2,0,0.0,0.0,0.0,0.0,0.0,0.0,0.0,0.0,0.0,0.0
2257,Ramón Terrats,ESP,"MF,FW",Villarreal,23,2000,11,1,131,1.5,0,0,0,0,0,0,1,0,0.1,0.1,0.3,0.3,1,7,3,0.0,0.0,0.0,0.0,0.0,0.04,0.19,0.22,0.04,0.22
2258,Ramón Terrats,ESP,"MF,FW",Getafe,23,2000,15,15,1219,13.5,4,1,5,4,0,0,1,0,2.2,2.2,2.5,4.7,8,36,37,0.3,0.07,0.37,0.3,0.37,0.16,0.19,0.35,0.16,0.35
2259,Raúl de Tomás,ESP,"DF,FW",Rayo Vallecano,29,1994,2,0,22,0.2,0,0,0,0,0,0,0,0,0.0,0.0,0.0,0.0,0,0,2,0.0,0.0,0.0,0.0,0.0,0.0,0.0,0.0,0.0,0.0
2260,Pablo Torre,ESP,"MF,FW",Barcelona,21,2003,10,4,310,3.4,3,1,4,3,0,0,0,0,0.4,0.4,0.8,1.1,5,17,20,0.87,0.29,1.16,0.87,1.16,0.11,0.23,0.33,0.11,0.33
2261,David Torres,ESP,DF,Valladolid,21,2003,18,15,1387,15.4,0,0,0,0,0,0,5,0,0.3,0.3,0.0,0.3,11,37,3,0.0,0.0,0.0,0.0,0.0,0.02,0.0,0.02,0.02,0.02
2262,Ferrán Torres,ESP,"FW,MF",Barcelona,24,2000,27,12,1106,12.3,10,6,16,10,0,0,1,1,8.0,8.0,3.1,11.0,23,35,98,0.81,0.49,1.3,0.81,1.3,0.65,0.25,0.9,0.65,0.9
2263,Lucas Torró,ESP,MF,Osasuna,30,1994,35,35,2957,32.9,3,0,3,3,0,0,10,0,2.3,2.3,1.2,3.5,10,109,30,0.09,0.0,0.09,0.09,0.09,0.07,0.04,0.11,0.07,0.11
2264,Hamari Traoré,MLI,DF,Real Sociedad,32,1992,11,9,700,7.8,0,1,1,0,0,0,2,0,0.0,0.0,0.2,0.3,12,26,20,0.0,0.13,0.13,0.0,0.13,0.01,0.03,0.04,0.01,0.04
2265,Óscar Trejo,ARG,MF,Rayo Vallecano,36,1988,19,6,496,5.5,1,0,1,1,0,0,1,0,0.6,0.6,1.0,1.6,15,37,28,0.18,0.0,0.18,0.18,0.18,0.11,0.18,0.28,0.11,0.28
2266,Viktor Tsyhankov,UKR,"FW,MF",Girona,26,1997,27,23,1913,21.3,2,5,7,2,0,0,1,0,2.8,2.8,3.9,6.7,62,65,195,0.09,0.24,0.33,0.09,0.33,0.13,0.18,0.31,0.13,0.31
2267,Beñat Turrientes,ESP,MF,Real Sociedad,22,2002,21,11,942,10.5,0,0,0,0,0,0,4,0,0.6,0.6,0.2,0.7,18,42,28,0.0,0.0,0.0,0.0,0.0,0.05,0.01,0.07,0.05,0.07
2268,Christantus Uche,NGA,"FW,MF",Getafe,21,2003,33,30,2486,27.6,4,6,10,4,0,0,8,2,3.8,3.8,2.9,6.7,43,49,148,0.14,0.22,0.36,0.14,0.36,0.14,0.1,0.24,0.14,0.24
2269,Naci Ünüvar,NED,"MF,DF",Espanyol,21,2003,2,0,31,0.3,0,0,0,0,0,0,0,0,0.0,0.0,0.0,0.1,1,1,4,0.0,0.0,0.0,0.0,0.0,0.14,0.09,0.23,0.14,0.23
2270,Óscar Valentín,ESP,MF,Rayo Vallecano,29,1994,34,18,1835,20.4,0,0,0,0,0,0,5,0,0.4,0.4,0.9,1.3,13,86,8,0.0,0.0,0.0,0.0,0.0,0.02,0.04,0.06,0.02,0.06
2271,Germán Valera,ESP,MF,Valencia,22,2002,8,1,148,1.6,0,0,0,0,0,0,0,0,0.1,0.1,0.0,0.2,1,2,10,0.0,0.0,0.0,0.0,0.0,0.08,0.01,0.09,0.08,0.09
2272,Martin Valjent,SVK,DF,Mallorca,28,1995,31,31,2763,30.7,3,0,3,3,0,0,4,0,0.8,0.8,0.1,0.9,23,91,17,0.1,0.0,0.1,0.1,0.1,0.03,0.0,0.03,0.03,0.03
2273,Jesús Vallejo,ESP,DF,Real Madrid,27,1997,4,1,138,1.5,0,1,1,0,0,0,0,0,0.0,0.0,0.1,0.1,0,5,1,0.0,0.65,0.65,0.0,0.65,0.0,0.08,0.08,0.0,0.08
2274,Federico Valverde,URU,"MF,DF",Real Madrid,26,1998,36,34,3032,33.7,6,4,10,6,0,0,4,0,2.7,2.7,3.1,5.8,66,226,76,0.18,0.12,0.3,0.18,0.3,0.08,0.09,0.17,0.08,0.17
2275,Siebe Van Der Heyden,BEL,"DF,MF",Mallorca,26,1998,2,1,97,1.1,0,0,0,0,0,0,0,0,0.0,0.0,0.1,0.1,1,5,1,0.0,0.0,0.0,0.0,0.0,0.03,0.07,0.1,0.03,0.1
2276,Ruben Vargas,SUI,"FW,MF",Sevilla,25,1998,11,9,671,7.5,2,1,3,2,0,0,0,0,2.0,2.0,0.8,2.7,29,14,63,0.27,0.13,0.4,0.27,0.4,0.26,0.1,0.37,0.26,0.37
2277,José Luis García Vayá,ESP,MF,Valencia,25,1998,34,18,1742,19.4,2,2,4,0,2,2,8,1,2.1,0.5,2.1,2.6,13,142,19,0.1,0.1,0.21,0.0,0.1,0.11,0.11,0.22,0.03,0.14
2278,Jesus Vazquez,ESP,DF,Valencia,21,2003,19,10,919,10.2,0,0,0,0,0,0,3,0,0.1,0.1,0.6,0.8,32,21,48,0.0,0.0,0.0,0.0,0.0,0.01,0.06,0.08,0.01,0.08
2279,Lucas Vázquez,ESP,DF,Real Madrid,33,1991,32,25,2189,24.3,1,5,6,1,0,0,4,0,1.4,1.4,4.7,6.1,37,99,194,0.04,0.21,0.25,0.04,0.25,0.06,0.19,0.25,0.06,0.25
2280,Alejo Véliz,ARG,FW,Espanyol,20,2003,27,10,1127,12.5,1,0,1,1,0,0,3,0,2.3,2.3,0.6,2.8,2,8,27,0.08,0.0,0.08,0.08,0.08,0.18,0.04,0.22,0.18,0.22
2281,Mikel Vesga,ESP,MF,Athletic Club,31,1993,25,10,988,11.0,0,0,0,0,0,1,1,0,1.2,0.4,1.0,1.4,10,64,22,0.0,0.0,0.0,0.0,0.0,0.11,0.09,0.2,0.04,0.13
2282,Carlos Vicente,ESP,"FW,MF",Alavés,25,1999,37,35,3092,34.4,5,5,10,4,1,1,3,0,3.5,2.7,5.4,8.1,104,68,226,0.15,0.15,0.29,0.12,0.26,0.1,0.16,0.26,0.08,0.24
2283,Pau Victor,ESP,FW,Barcelona,22,2001,21,2,319,3.5,2,1,3,2,0,0,2,0,3.0,3.0,0.9,3.9,6,11,28,0.56,0.28,0.85,0.56,0.85,0.85,0.24,1.09,0.85,1.09
2284,Nacho Vidal,ESP,DF,Osasuna,29,1995,5,1,124,1.4,0,0,0,0,0,0,0,0,0.0,0.0,0.0,0.0,3,1,5,0.0,0.0,0.0,0.0,0.0,0.0,0.0,0.0,0.0,0.0
2285,Fran Vieites,ESP,GK,Betis,25,1999,4,4,360,4.0,0,0,0,0,0,0,0,0,0.0,0.0,0.0,0.0,0,0,0,0.0,0.0,0.0,0.0,0.0,0.01,0.0,0.01,0.01,0.01
2286,Sergio Viera,ESP,MF,Las Palmas,19,2005,2,1,96,1.1,0,0,0,0,0,0,1,0,0.0,0.0,0.0,0.0,0,2,2,0.0,0.0,0.0,0.0,0.0,0.02,0.0,0.02,0.02,0.02
2287,Asier Villalibre,ESP,FW,Alavés,26,1997,16,2,333,3.7,1,1,2,0,1,1,2,0,1.6,0.8,1.0,1.8,4,7,18,0.27,0.27,0.54,0.0,0.27,0.43,0.27,0.69,0.21,0.48
2288,Iván Villar,ESP,GK,Celta Vigo,27,1997,4,4,360,4.0,0,0,0,0,0,0,0,0,0.0,0.0,0.0,0.0,0,0,0,0.0,0.0,0.0,0.0,0.0,0.0,0.0,0.0,0.0,0.0
2289,Viti,ESP,DF,Las Palmas,26,1997,29,23,1982,22.0,0,2,2,0,0,0,5,0,0.1,0.1,1.4,1.4,43,44,65,0.0,0.09,0.09,0.0,0.09,0.0,0.06,0.06,0.0,0.06
2290,Daniel Vivian,ESP,DF,Athletic Club,25,1999,32,28,2608,29.0,4,0,4,4,0,0,3,0,1.9,1.9,0.4,2.3,36,185,6,0.14,0.0,0.14,0.14,0.14,0.07,0.01,0.08,0.07,0.08
2291,Krapyvtsov Vladyslav,UKR,GK,Girona,19,2005,2,2,180,2.0,0,0,0,0,0,0,0,0,0.0,0.0,0.0,0.0,0,0,0,0.0,0.0,0.0,0.0,0.0,0.0,0.0,0.0,0.0,0.0
2292,Iñaki Williams,GHA,FW,Athletic Club,30,1994,35,29,2652,29.5,6,8,14,6,0,0,1,0,7.6,7.6,7.8,15.4,107,76,302,0.2,0.27,0.48,0.2,0.48,0.26,0.27,0.52,0.26,0.52
2293,Nico Williams,ESP,FW,Athletic Club,22,2002,29,22,1996,22.2,5,5,10,5,0,0,1,0,4.2,4.2,3.5,7.7,118,69,254,0.23,0.23,0.45,0.23,0.45,0.19,0.16,0.35,0.19,0.35
2294,Axel Witsel,BEL,DF,Atlético Madrid,35,1989,14,9,852,9.5,0,1,1,0,0,0,1,0,0.0,0.0,0.5,0.6,2,21,1,0.0,0.11,0.11,0.0,0.11,0.0,0.06,0.06,0.0,0.06
2295,Lamine Yamal,ESP,FW,Barcelona,17,2007,35,31,2856,31.7,9,13,22,9,0,0,3,0,9.8,9.8,13.9,23.8,181,160,433,0.28,0.41,0.69,0.28,0.69,0.31,0.44,0.75,0.31,0.75
2296,Daniel Yáñez,ESP,FW,Real Madrid,17,2007,1,0,2,0.0,0,0,0,0,0,0,0,0,0.0,0.0,0.0,0.0,0,0,0,0.0,0.0,0.0,0.0,0.0,0.0,0.0,0.0,0.0,0.0
2297,Bertuğ Yıldırım,TUR,FW,Getafe,22,2002,22,14,1083,12.0,1,0,1,1,0,0,7,0,2.5,2.5,1.2,3.7,8,14,48,0.08,0.0,0.08,0.08,0.08,0.21,0.1,0.31,0.21,0.31
2298,Arsen Zakharyan,RUS,"MF,FW",Real Sociedad,21,2003,3,1,73,0.8,1,0,1,1,0,0,0,0,0.2,0.2,0.1,0.3,0,3,4,1.23,0.0,1.23,1.23,1.23,0.24,0.12,0.36,0.24,0.36
2299,Bryan Zaragoza,ESP,"FW,MF",Osasuna,23,2001,27,22,1836,20.4,1,6,7,1,0,0,4,0,2.7,2.7,3.2,5.9,105,50,140,0.05,0.29,0.34,0.05,0.34,0.13,0.16,0.29,0.13,0.29
2300,Martín Zubimendi,ESP,MF,Real Sociedad,25,1999,36,33,2962,32.9,2,1,3,2,0,0,6,0,2.6,2.6,1.1,3.7,38,195,43,0.06,0.03,0.09,0.06,0.09,0.08,0.03,0.11,0.08,0.11
2301,Igor Zubeldia,ESP,DF,Real Sociedad,27,1997,28,27,2269,25.2,0,0,0,0,0,0,6,1,0.6,0.6,0.4,1.1,22,101,3,0.0,0.0,0.0,0.0,0.0,0.02,0.02,0.04,0.02,0.04
2302,Keyliane Abdallah,FRA,FW,Marseille,18,2006,1,0,3,0.0,0,0,0,0,0,0,0,0,0.0,0.0,0.0,0.0,1,0,0,0.0,0.0,0.0,0.0,0.0,0.0,0.0,0.0,0.0,0.0
2303,Yunis Abdelhamid,MAR,DF,Saint-Étienne,36,1987,16,11,1033,11.5,0,0,0,0,0,0,2,0,0.2,0.2,0.1,0.4,4,22,3,0.0,0.0,0.0,0.0,0.0,0.02,0.01,0.03,0.02,0.03
2304,Himad Abdelli,ALG,"MF,FW",Angers,24,1999,32,32,2842,31.6,6,1,7,3,3,4,4,0,6.4,3.2,3.2,6.4,107,207,111,0.19,0.03,0.22,0.1,0.13,0.2,0.1,0.3,0.1,0.2
2305,Mohamed Abdelmoneim,EGY,DF,Nice,25,1999,12,10,855,9.5,0,0,0,0,0,0,2,0,0.0,0.0,0.0,0.0,6,52,5,0.0,0.0,0.0,0.0,0.0,0.0,0.0,0.0,0.0,0.0
2306,Ali Abdi,TUN,"DF,MF",Nice,30,1993,25,17,1393,15.5,5,2,7,5,0,0,2,0,4.3,4.3,1.9,6.2,35,42,101,0.32,0.13,0.45,0.32,0.45,0.28,0.12,0.4,0.28,0.4
2307,Matthis Abline,FRA,FW,Nantes,21,2003,34,33,2768,30.8,9,2,11,8,1,1,3,0,8.5,7.7,3.8,11.5,75,48,169,0.29,0.07,0.36,0.26,0.33,0.28,0.12,0.4,0.25,0.37
2308,Abner,BRA,DF,Lyon,24,2000,19,12,1090,12.1,1,1,2,1,0,0,1,0,0.6,0.6,1.1,1.7,31,66,55,0.08,0.08,0.17,0.08,0.17,0.05,0.09,0.14,0.05,0.14
2309,Zakaria Aboukhlal,MAR,"MF,FW",Toulouse,24,2000,26,22,1901,21.1,7,2,9,6,1,2,4,0,10.2,8.6,1.6,10.2,34,22,164,0.33,0.09,0.43,0.28,0.38,0.48,0.07,0.56,0.41,0.48
2310,Akor Adams,NGA,FW,Montpellier,24,2000,15,13,1075,11.9,3,1,4,3,0,0,2,0,4.3,4.3,1.0,5.3,11,6,45,0.25,0.08,0.33,0.25,0.33,0.36,0.08,0.44,0.36,0.44
2311,Martin Adeline,FRA,MF,Reims,20,2003,1,0,26,0.3,0,0,0,0,0,0,0,0,0.0,0.0,0.0,0.0,1,0,1,0.0,0.0,0.0,0.0,0.0,0.0,0.0,0.0,0.0,0.0
2312,Adryelson,BRA,DF,Lyon,26,1998,1,0,1,0.0,0,0,0,0,0,0,1,0,0.0,0.0,0.0,0.0,0,1,0,0.0,0.0,0.0,0.0,0.0,0.0,0.0,0.0,0.0,0.0
2313,Emmanuel Agbadou,CIV,DF,Reims,27,1997,14,14,1260,14.0,0,0,0,0,0,0,3,0,0.5,0.5,0.3,0.8,10,77,0,0.0,0.0,0.0,0.0,0.0,0.04,0.02,0.06,0.04,0.06
2314,Jeremy Agbonifo,SWE,"FW,MF",Lens,18,2005,8,1,300,3.3,1,0,1,1,0,0,1,0,0.7,0.7,0.2,0.9,13,6,36,0.3,0.0,0.3,0.3,0.3,0.21,0.06,0.26,0.21,0.26
2315,Ruben Aguilar,FRA,"DF,MF",Lens,31,1993,16,13,1124,12.5,1,2,3,1,0,0,4,0,0.8,0.8,1.9,2.7,32,74,101,0.08,0.16,0.24,0.08,0.24,0.06,0.15,0.21,0.06,0.21
2316,Naouirou Ahamada,FRA,"MF,FW",Rennes,22,2002,3,0,58,0.6,0,0,0,0,0,0,0,0,0.0,0.0,0.0,0.0,2,1,1,0.0,0.0,0.0,0.0,0.0,0.03,0.0,0.03,0.03,0.03
2317,Jean-Eudes Aholou,CIV,MF,Angers,30,1994,26,26,1959,21.8,2,0,2,2,0,0,7,0,1.8,1.8,1.0,2.8,15,68,16,0.09,0.0,0.09,0.09,0.09,0.08,0.05,0.13,0.08,0.13
2318,Ayman Aiki,FRA,"FW,MF",Saint-Étienne,19,2005,5,1,127,1.4,0,0,0,0,0,0,0,0,0.1,0.1,0.0,0.1,4,5,8,0.0,0.0,0.0,0.0,0.0,0.07,0.02,0.09,0.07,0.09
2319,Ludovic Ajorque,FRA,FW,Brest,30,1994,31,29,2495,27.7,13,2,15,13,0,1,5,0,10.4,9.6,3.1,12.7,10,41,124,0.47,0.07,0.54,0.47,0.54,0.38,0.11,0.49,0.35,0.46
2320,Ümit Akdag,ROU,DF,Toulouse,20,2003,9,6,500,5.6,0,0,0,0,0,0,2,0,0.1,0.1,0.1,0.1,4,29,9,0.0,0.0,0.0,0.0,0.0,0.01,0.01,0.03,0.01,0.03
2321,Sergio Akieme,ESP,DF,Reims,26,1997,30,29,2523,28.0,2,3,5,2,0,0,5,0,1.5,1.5,2.5,4.0,55,86,97,0.07,0.11,0.18,0.07,0.18,0.05,0.09,0.14,0.05,0.14
2322,Maghnes Akliouche,FRA,"FW,MF",Monaco,22,2002,32,27,2406,26.7,5,10,15,4,1,1,2,0,9.2,8.4,7.3,15.7,127,173,226,0.19,0.37,0.56,0.15,0.52,0.35,0.27,0.62,0.32,0.59
2323,Paul Akouokou,CIV,MF,Lyon,26,1997,2,0,19,0.2,0,0,0,0,0,0,1,0,0.0,0.0,0.0,0.0,0,1,0,0.0,0.0,0.0,0.0,0.0,0.0,0.0,0.0,0.0,0.0
2324,Clément Akpa,CIV,DF,Auxerre,22,2001,31,29,2486,27.6,0,1,1,0,0,0,7,0,0.3,0.3,0.9,1.2,27,74,24,0.0,0.04,0.04,0.0,0.04,0.01,0.03,0.04,0.01,0.04
2325,Chuba Akpom,ENG,FW,Lille,28,1995,14,6,639,7.1,3,1,4,2,1,2,0,0,5.0,3.4,0.5,3.9,6,7,38,0.42,0.14,0.56,0.28,0.42,0.7,0.08,0.78,0.48,0.56
2326,Mohamed Ali Cho,FRA,"FW,MF",Nice,20,2004,27,21,1621,18.0,3,4,7,3,0,0,2,0,4.0,4.0,4.0,7.9,81,59,133,0.17,0.22,0.39,0.17,0.39,0.22,0.22,0.44,0.22,0.44
2327,Jim Allevinah,GAB,FW,Angers,29,1995,28,23,1750,19.4,1,3,4,1,0,0,3,0,4.2,4.2,2.5,6.7,57,48,99,0.05,0.15,0.21,0.05,0.21,0.22,0.13,0.35,0.22,0.35
2328,Thiago Almada,ARG,"MF,FW",Lyon,23,2001,16,9,951,10.6,1,4,5,1,0,0,3,0,2.0,2.0,2.6,4.6,38,97,50,0.09,0.38,0.47,0.09,0.47,0.19,0.25,0.44,0.19,0.44
2329,Jordan Amavi,FRA,DF,Brest,30,1994,11,8,790,8.8,0,0,0,0,0,0,2,0,0.3,0.3,0.2,0.4,22,36,21,0.0,0.0,0.0,0.0,0.0,0.03,0.02,0.05,0.03,0.05
2330,Kelvin Amian,FRA,DF,Nantes,26,1998,30,23,2165,24.1,1,0,1,1,0,0,5,0,1.0,1.0,0.8,1.8,32,73,77,0.04,0.0,0.04,0.04,0.04,0.04,0.03,0.08,0.04,0.08
2331,Michael Amir Murillo,PAN,DF,Marseille,28,1996,30,27,2437,27.1,1,3,4,1,0,0,3,0,1.5,1.5,3.3,4.8,43,140,100,0.04,0.11,0.15,0.04,0.15,0.06,0.12,0.18,0.06,0.18
2332,Samuel Amo-Ameyaw,ENG,"DF,MF",Strasbourg,18,2006,9,3,320,3.6,2,0,2,2,0,0,0,0,0.7,0.7,0.6,1.3,11,12,18,0.56,0.0,0.56,0.56,0.56,0.2,0.16,0.35,0.2,0.35
2333,Mathis Amougou,FRA,MF,Saint-Étienne,18,2006,17,9,859,9.5,0,0,0,0,0,0,2,0,0.5,0.5,0.4,0.8,8,36,17,0.0,0.0,0.0,0.0,0.0,0.05,0.04,0.09,0.05,0.09
2334,Benjamin André,FRA,MF,Lille,33,1990,30,30,2692,29.9,0,3,3,0,0,0,12,0,1.4,1.4,1.9,3.3,29,209,72,0.0,0.1,0.1,0.0,0.1,0.05,0.06,0.11,0.05,0.11
2335,Kyllian Antonio,FRA,"DF,MF",Lens,16,2008,3,2,139,1.5,0,0,0,0,0,0,0,0,0.1,0.1,0.0,0.1,1,0,0,0.0,0.0,0.0,0.0,0.0,0.03,0.0,0.03,0.03,0.03
2336,Dennis Appiah,FRA,DF,Saint-Étienne,32,1992,29,22,2128,23.6,0,1,1,0,0,0,2,0,0.2,0.2,2.1,2.3,51,108,110,0.0,0.04,0.04,0.0,0.04,0.01,0.09,0.1,0.01,0.1
2337,Carlens Arcus,HAI,DF,Angers,28,1996,28,25,2047,22.7,0,1,1,0,0,0,3,0,0.0,0.0,1.4,1.4,39,70,79,0.0,0.04,0.04,0.0,0.04,0.0,0.06,0.06,0.0,0.06
2338,Hákon Arnar Haraldsson,ISL,"MF,FW",Lille,21,2003,25,21,1755,19.5,5,3,8,5,0,0,3,0,3.8,3.8,2.8,6.6,52,102,143,0.26,0.15,0.41,0.26,0.41,0.19,0.14,0.34,0.19,0.34
2339,Marco Asensio,ESP,"FW,MF",Paris S-G,28,1996,12,8,618,6.9,2,4,6,2,0,0,0,0,5.6,5.6,2.7,8.3,19,36,49,0.29,0.58,0.87,0.29,0.87,0.82,0.39,1.21,0.82,1.21
2340,Lorenz Assignon,TOG,"DF,MF",Rennes,24,2000,32,27,2357,26.2,3,4,7,3,0,0,9,0,2.2,2.2,3.5,5.7,98,116,206,0.11,0.15,0.27,0.11,0.27,0.08,0.14,0.22,0.08,0.22
2341,Dehmaine Assoumani,FRA,"MF,FW",Nantes,19,2005,12,0,98,1.1,0,0,0,0,0,0,0,0,0.1,0.1,0.9,1.0,4,1,15,0.0,0.0,0.0,0.0,0.0,0.08,0.83,0.91,0.08,0.91
2342,Valentin Atangana Edoa,FRA,MF,Reims,18,2005,34,33,2854,31.7,1,0,1,1,0,0,7,0,2.5,2.5,1.1,3.6,41,93,38,0.03,0.0,0.03,0.03,0.03,0.08,0.03,0.11,0.08,0.11
2343,Florian Ayé,FRA,FW,Auxerre,27,1997,26,4,575,6.4,2,0,2,2,0,0,0,0,1.9,1.9,0.1,2.0,5,7,30,0.31,0.0,0.31,0.31,0.31,0.3,0.02,0.32,0.3,0.32
2344,André Ayew,GHA,FW,Le Havre,34,1989,27,15,1453,16.1,4,1,5,4,0,0,2,0,4.3,4.3,0.2,4.6,5,18,43,0.25,0.06,0.31,0.25,0.31,0.27,0.02,0.28,0.27,0.28
2345,Neil El Aynaoui,FRA,MF,Lens,23,2001,24,17,1588,17.6,8,1,9,5,3,3,4,0,4.0,1.6,2.0,3.6,11,75,29,0.45,0.06,0.51,0.28,0.34,0.23,0.11,0.34,0.09,0.21
2346,Shavy Babicka,GAB,"MF,FW",Toulouse,24,2000,30,11,1186,13.2,4,2,6,4,0,0,2,0,3.9,3.9,1.6,5.5,36,21,122,0.3,0.15,0.46,0.3,0.46,0.3,0.12,0.42,0.3,0.42
2347,Juma Bah,SLE,DF,Lens,18,2006,10,8,686,7.6,0,0,0,0,0,0,2,0,0.1,0.1,0.2,0.3,3,9,1,0.0,0.0,0.0,0.0,0.0,0.01,0.02,0.03,0.01,0.03
2348,Theo Bair,CAN,FW,Auxerre,24,1999,29,11,939,10.4,2,1,3,2,0,0,1,0,3.0,3.0,1.2,4.2,15,16,42,0.19,0.1,0.29,0.19,0.29,0.29,0.11,0.4,0.29,0.4
2349,Mitchel Bakker,NED,"FW,DF",Lille,24,2000,24,14,1139,12.7,3,2,5,3,0,0,3,1,3.0,3.0,2.7,5.6,43,57,120,0.24,0.16,0.4,0.24,0.4,0.23,0.21,0.44,0.23,0.44
2350,Darryl Bakola,FRA,"DF,MF",Marseille,16,2007,2,0,14,0.2,0,0,0,0,0,0,1,0,0.0,0.0,0.0,0.0,0,0,0,0.0,0.0,0.0,0.0,0.0,0.0,0.0,0.0,0.0,0.0
2351,Dilane Bakwa,FRA,"MF,DF",Strasbourg,21,2002,30,29,2497,27.7,6,8,14,6,0,0,4,0,4.7,4.7,6.6,11.3,107,129,249,0.22,0.29,0.5,0.22,0.5,0.17,0.24,0.41,0.17,0.41
2352,Leonardo Balerdi,ARG,DF,Marseille,25,1999,27,27,2273,25.3,0,0,0,0,0,0,9,1,0.9,0.9,0.7,1.7,13,105,5,0.0,0.0,0.0,0.0,0.0,0.04,0.03,0.07,0.04,0.07
2353,Fodé Ballo-Touré,SEN,"DF,MF",Le Havre,27,1997,10,9,589,6.5,0,0,0,0,0,0,0,0,0.0,0.0,0.1,0.1,15,13,14,0.0,0.0,0.0,0.0,0.0,0.0,0.02,0.02,0.0,0.02
2354,Folarin Balogun,USA,FW,Monaco,23,2001,13,7,615,6.8,4,0,4,4,0,0,0,0,4.8,4.8,0.9,5.6,21,9,73,0.59,0.0,0.59,0.59,0.59,0.7,0.13,0.82,0.7,0.82
2355,Abdoulaye Bamba,CIV,DF,Angers,34,1990,19,16,1510,16.8,0,0,0,0,0,0,2,0,0.1,0.1,0.3,0.4,1,16,3,0.0,0.0,0.0,0.0,0.0,0.01,0.02,0.02,0.01,0.02
2356,Mohamed Bamba,CIV,MF,Reims,19,2004,2,0,10,0.1,0,0,0,0,0,0,0,0,0.0,0.0,0.0,0.0,0,3,0,0.0,0.0,0.0,0.0,0.0,0.0,0.0,0.0,0.0,0.0
2357,Valentín Barco,ARG,"MF,DF",Strasbourg,20,2004,14,14,1157,12.9,0,2,2,0,0,0,2,0,0.5,0.5,1.5,2.0,20,64,55,0.0,0.16,0.16,0.0,0.16,0.04,0.11,0.15,0.04,0.15
2358,Bradley Barcola,FRA,FW,Paris S-G,21,2002,34,27,2181,24.2,14,10,24,14,0,0,2,0,13.4,13.4,10.1,23.5,137,96,374,0.58,0.41,0.99,0.58,0.99,0.55,0.42,0.97,0.55,0.97
2359,Melvin Bard,FRA,"DF,MF",Nice,23,2000,24,22,1938,21.5,2,1,3,2,0,0,4,2,2.2,2.2,1.9,4.1,53,88,95,0.09,0.05,0.14,0.09,0.14,0.1,0.09,0.19,0.1,0.19
2360,Gabriel Bares,SUI,"MF,DF",Montpellier,23,2000,6,0,56,0.6,0,0,0,0,0,0,0,0,0.0,0.0,0.0,0.0,1,3,0,0.0,0.0,0.0,0.0,0.0,0.0,0.0,0.0,0.0,0.0
2361,Téo Barisic,FRA,DF,Lyon,19,2004,1,0,2,0.0,0,0,0,0,0,0,0,0,0.0,0.0,0.0,0.0,0,0,0,0.0,0.0,0.0,0.0,0.0,0.0,0.0,0.0,0.0,0.0
2362,Dylan Batubinsika,COD,DF,Saint-Étienne,28,1996,25,22,2016,22.4,1,0,1,1,0,0,3,1,0.8,0.8,0.2,1.0,11,51,1,0.04,0.0,0.04,0.04,0.04,0.04,0.01,0.04,0.04,0.04
2363,Haris Belkebla,ALG,MF,Angers,30,1994,22,21,1792,19.9,0,1,1,0,0,0,1,0,0.1,0.1,0.9,1.0,8,69,15,0.0,0.05,0.05,0.0,0.05,0.0,0.05,0.05,0.0,0.05
2364,Yassin Belkhdim,FRA,MF,Angers,22,2002,29,16,1523,16.9,1,1,2,1,0,0,4,0,0.8,0.8,0.6,1.4,17,37,31,0.06,0.06,0.12,0.06,0.12,0.05,0.04,0.08,0.05,0.08
2365,Eliesse Ben Seghir,MAR,"MF,FW",Monaco,19,2005,33,19,1750,19.4,6,3,9,4,2,2,0,0,5.5,4.1,5.2,9.3,85,122,170,0.31,0.15,0.46,0.21,0.36,0.29,0.27,0.55,0.21,0.48
2366,Ismaël Bennacer,ALG,MF,Marseille,26,1997,12,8,646,7.2,0,2,2,0,0,0,2,0,0.1,0.1,1.8,1.9,14,72,8,0.0,0.28,0.28,0.0,0.28,0.01,0.25,0.26,0.01,0.26
2367,Saïd Benrahma,ALG,"FW,MF",Lyon,28,1995,13,9,735,8.2,1,3,4,1,0,0,0,0,2.0,2.0,2.1,4.0,41,32,109,0.12,0.37,0.49,0.12,0.49,0.24,0.25,0.49,0.24,0.49
2368,Nabil Bentaleb,ALG,MF,Lille,29,1994,10,3,329,3.7,1,0,1,1,0,0,0,0,0.7,0.7,0.0,0.8,2,23,5,0.27,0.0,0.27,0.27,0.27,0.2,0.01,0.21,0.2,0.21
2369,Lucas Beraldo,BRA,DF,Paris S-G,20,2003,25,22,2011,22.3,1,0,1,1,0,0,6,0,0.9,0.9,0.4,1.2,9,131,0,0.04,0.0,0.04,0.04,0.04,0.04,0.02,0.06,0.04,0.06
2370,Maxime Bernauer,FRA,DF,Saint-Étienne,26,1998,11,9,763,8.5,0,0,0,0,0,0,4,1,0.1,0.1,0.0,0.1,7,41,0,0.0,0.0,0.0,0.0,0.0,0.01,0.0,0.01,0.01,0.01
2371,Dimitry Bertaud,COD,GK,Montpellier,26,1998,4,4,360,4.0,0,0,0,0,0,0,0,0,0.0,0.0,0.0,0.0,0,0,0,0.0,0.0,0.0,0.0,0.0,0.0,0.0,0.0,0.0,0.0
2372,Mika Biereth,DEN,FW,Monaco,21,2003,16,16,1228,13.6,13,2,15,12,1,2,0,0,11.3,9.7,4.5,14.2,14,24,110,0.95,0.15,1.1,0.88,1.03,0.83,0.33,1.16,0.71,1.04
2373,Emmanuel Biumla,FRA,DF,Angers,19,2005,17,15,1336,14.8,1,0,1,1,0,0,2,0,0.7,0.7,0.0,0.8,3,16,0,0.07,0.0,0.07,0.07,0.07,0.05,0.0,0.05,0.05,0.05
2374,Marco Bizot,NED,GK,Brest,33,1991,32,32,2880,32.0,0,0,0,0,0,0,4,0,0.0,0.0,0.0,0.0,0,1,0,0.0,0.0,0.0,0.0,0.0,0.0,0.0,0.0,0.0,0.0
2375,Ludovic Blas,FRA,"MF,FW",Rennes,26,1997,29,26,2293,25.5,6,8,14,6,0,0,6,0,5.0,5.0,4.6,9.6,83,116,184,0.24,0.31,0.55,0.24,0.55,0.2,0.18,0.38,0.2,0.38
2376,Augustine Boakye,GHA,"FW,MF",Saint-Étienne,23,2000,17,8,733,8.1,3,0,3,3,0,0,5,0,1.8,1.8,0.9,2.7,25,35,60,0.37,0.0,0.37,0.37,0.37,0.22,0.11,0.34,0.22,0.34
2377,Mathéo Bodmer,FRA,MF,Le Havre,20,2004,1,0,6,0.1,0,0,0,0,0,0,0,0,0.0,0.0,0.0,0.0,0,0,0,0.0,0.0,0.0,0.0,0.0,0.0,0.0,0.0,0.0,0.0
2378,Jeremie Boga,CIV,"MF,FW",Nice,27,1997,21,12,1054,11.7,1,2,3,1,0,0,0,0,2.3,2.3,2.8,5.1,64,39,75,0.09,0.17,0.26,0.09,0.26,0.2,0.24,0.44,0.2,0.44
2379,Moïse Bombito,CAN,DF,Nice,24,2000,27,25,2192,24.4,0,0,0,0,0,0,3,1,0.7,0.7,0.2,1.0,27,97,10,0.0,0.0,0.0,0.0,0.0,0.03,0.01,0.04,0.03,0.04
2380,Saïmon Bouabré,FRA,"MF,FW",Monaco,18,2006,3,1,97,1.1,0,0,0,0,0,0,0,0,0.0,0.0,0.0,0.0,3,2,5,0.0,0.0,0.0,0.0,0.0,0.0,0.0,0.0,0.0,0.0
2381,Ayyoub Bouaddi,FRA,MF,Lille,16,2007,24,11,1151,12.8,0,1,1,0,0,0,2,0,0.1,0.1,1.0,1.1,11,37,26,0.0,0.08,0.08,0.0,0.08,0.01,0.08,0.08,0.01,0.08
2382,Badredine Bouanani,ALG,"MF,FW",Nice,19,2004,26,11,1099,12.2,3,3,6,2,1,1,2,0,2.7,1.9,2.4,4.3,47,44,93,0.25,0.25,0.49,0.16,0.41,0.22,0.19,0.42,0.16,0.35
2383,Benjamin Bouchouari,MAR,MF,Saint-Étienne,22,2001,25,20,1772,19.7,1,0,1,1,0,0,6,0,0.6,0.6,0.9,1.5,48,133,54,0.05,0.0,0.05,0.05,0.05,0.03,0.05,0.08,0.03,0.08
2384,Hicham Boudaoui,ALG,MF,Nice,24,1999,29,27,2435,27.1,2,3,5,2,0,0,9,0,2.7,2.7,3.0,5.8,54,124,75,0.07,0.11,0.18,0.07,0.18,0.1,0.11,0.21,0.1,0.21
2385,Justin Bourgault,FRA,DF,Brest,18,2005,2,2,122,1.4,1,0,1,1,0,0,0,0,0.1,0.1,0.1,0.2,2,4,12,0.74,0.0,0.74,0.74,0.74,0.05,0.1,0.15,0.05,0.15
2386,Benjamin Bourigeaud,FRA,MF,Rennes,30,1994,1,1,80,0.9,1,0,1,1,0,0,0,0,0.2,0.2,0.0,0.2,0,4,4,1.13,0.0,1.13,1.13,1.13,0.17,0.0,0.17,0.17,0.17
2387,Bilal Brahimi,ALG,MF,Nice,24,2000,2,1,76,0.8,0,0,0,0,0,0,0,0,0.0,0.0,0.0,0.1,3,4,10,0.0,0.0,0.0,0.0,0.0,0.05,0.01,0.07,0.05,0.07
2388,Lilian Brassier,FRA,DF,Marseille,24,1999,12,9,779,8.7,0,0,0,0,0,0,3,0,0.2,0.2,0.0,0.3,11,40,8,0.0,0.0,0.0,0.0,0.0,0.03,0.0,0.03,0.03,0.03
2389,Lilian Brassier,FRA,DF,Rennes,24,1999,14,14,1234,13.7,1,1,2,1,0,0,1,0,1.5,1.5,0.3,1.8,21,75,11,0.07,0.07,0.15,0.07,0.15,0.11,0.02,0.13,0.11,0.13
2390,Anthony Briançon,FRA,DF,Saint-Étienne,29,1994,1,0,1,0.0,0,0,0,0,0,0,0,0,0.0,0.0,0.0,0.0,0,0,0,0.0,0.0,0.0,0.0,0.0,0.0,0.0,0.0,0.0,0.0
2391,Aurélio Buta,POR,DF,Reims,27,1997,27,24,1970,21.9,0,1,1,0,0,0,5,0,0.3,0.3,0.8,1.1,28,83,64,0.0,0.05,0.05,0.0,0.05,0.01,0.04,0.05,0.01,0.05
2392,Marcin Bułka,POL,GK,Nice,24,1999,34,34,3060,34.0,0,0,0,0,0,0,0,0,0.0,0.0,0.2,0.2,0,2,0,0.0,0.0,0.0,0.0,0.0,0.0,0.01,0.01,0.0,0.01
2393,Rémy Cabella,FRA,"FW,MF",Lille,34,1990,23,12,1011,11.2,1,2,3,1,0,0,1,0,4.0,4.0,2.3,6.2,45,77,130,0.09,0.18,0.27,0.09,0.27,0.35,0.2,0.55,0.35,0.55
2394,Mathieu Cafaro,FRA,"MF,FW",Saint-Étienne,27,1997,15,9,732,8.1,1,0,1,1,0,0,3,1,1.5,1.5,1.3,2.8,19,16,51,0.12,0.0,0.12,0.12,0.12,0.18,0.16,0.34,0.18,0.34
2395,Duje Ćaleta-Car,CRO,DF,Lyon,27,1996,19,17,1584,17.6,1,0,1,1,0,0,8,0,2.1,2.1,0.1,2.2,4,46,0,0.06,0.0,0.06,0.06,0.06,0.12,0.01,0.13,0.12,0.13
2396,Issiaga Camara,GUI,MF,Nice,19,2005,4,0,20,0.2,0,0,0,0,0,0,0,0,0.0,0.0,0.0,0.0,1,2,1,0.0,0.0,0.0,0.0,0.0,0.0,0.0,0.0,0.0,0.0
2397,Lamine Camara,SEN,MF,Monaco,20,2004,29,25,2054,22.8,2,7,9,2,0,0,10,1,2.3,2.3,4.4,6.7,25,141,46,0.09,0.31,0.39,0.09,0.39,0.1,0.19,0.29,0.1,0.29
2398,Mahdi Camara,FRA,"MF,FW",Brest,26,1998,34,31,2659,29.5,5,3,8,5,0,0,5,0,4.1,4.1,2.0,6.2,58,111,112,0.17,0.1,0.27,0.17,0.27,0.14,0.07,0.21,0.14,0.21
2399,Ousmane Camara,FRA,DF,Angers,21,2003,3,3,252,2.8,0,0,0,0,0,0,1,0,0.1,0.1,0.0,0.1,0,3,0,0.0,0.0,0.0,0.0,0.0,0.03,0.01,0.04,0.03,0.04
2400,Axel Camblan,FRA,"MF,FW",Brest,20,2003,2,0,26,0.3,0,0,0,0,0,0,0,0,0.0,0.0,0.0,0.0,2,2,1,0.0,0.0,0.0,0.0,0.0,0.17,0.0,0.17,0.17,0.17
2401,Jaydee Canvot,FRA,"DF,MF",Toulouse,18,2006,18,12,1106,12.3,0,0,0,0,0,0,2,0,0.2,0.2,0.7,0.9,9,41,0,0.0,0.0,0.0,0.0,0.0,0.02,0.06,0.08,0.02,0.08
2402,Pierrick Capelle,FRA,MF,Angers,37,1987,16,3,483,5.4,0,0,0,0,0,0,4,0,0.2,0.2,1.2,1.4,10,22,17,0.0,0.0,0.0,0.0,0.0,0.04,0.22,0.26,0.04,0.26
2403,Gabin Capuano,FRA,FW,Lens,18,2006,1,0,11,0.1,0,0,0,0,0,0,0,0,0.0,0.0,0.0,0.0,0,0,1,0.0,0.0,0.0,0.0,0.0,0.0,0.0,0.0,0.0,0.0
2404,Maxence Caqueret,FRA,MF,Lyon,24,2000,9,6,573,6.4,0,0,0,0,0,0,1,0,0.7,0.7,0.4,1.1,14,50,15,0.0,0.0,0.0,0.0,0.0,0.1,0.07,0.17,0.1,0.17
2405,Simon Cara,FRA,"MF,FW",Montpellier,19,2005,2,0,9,0.1,0,0,0,0,0,0,0,0,0.0,0.0,0.0,0.0,0,0,1,0.0,0.0,0.0,0.0,0.0,0.0,0.0,0.0,0.0,0.0
2406,Valentin Carboni,ARG,"MF,FW",Marseille,19,2005,4,1,103,1.1,0,0,0,0,0,0,1,0,0.0,0.0,0.1,0.2,4,4,8,0.0,0.0,0.0,0.0,0.0,0.04,0.1,0.14,0.04,0.14
2407,Irvin Cardona,FRA,FW,Saint-Étienne,26,1997,15,13,1063,11.8,5,3,8,5,0,1,2,0,4.5,3.7,1.4,5.0,30,32,135,0.42,0.25,0.68,0.42,0.68,0.41,0.13,0.54,0.34,0.47
2408,Patrik Carlgren,SWE,GK,Nantes,32,1992,5,4,417,4.6,0,0,0,0,0,0,0,0,0.0,0.0,0.0,0.0,0,0,0,0.0,0.0,0.0,0.0,0.0,0.0,0.0,0.0,0.0,0.0
2409,Josué Casimir,FRA,"FW,MF",Le Havre,22,2001,27,23,1997,22.2,4,4,8,4,0,0,5,0,3.3,3.3,3.4,6.7,71,41,151,0.18,0.18,0.36,0.18,0.36,0.15,0.15,0.3,0.15,0.3
2410,Cristian Cásseres Jr.,VEN,MF,Toulouse,24,2000,32,31,2696,30.0,1,3,4,1,0,0,11,0,1.0,1.0,2.6,3.6,31,128,46,0.03,0.1,0.13,0.03,0.13,0.03,0.09,0.12,0.03,0.12
2411,Jean-Charles Castelletto,CMR,"DF,MF",Nantes,29,1995,30,30,2620,29.1,0,0,0,0,0,0,5,1,1.8,1.8,0.1,1.9,21,87,19,0.0,0.0,0.0,0.0,0.0,0.06,0.0,0.06,0.06,0.06
2412,Enzo Caumont,FRA,MF,Angers,20,2004,2,0,34,0.4,0,0,0,0,0,0,1,0,0.0,0.0,0.0,0.0,0,1,0,0.0,0.0,0.0,0.0,0.0,0.0,0.0,0.0,0.0,0.0
2413,Fabien Centonze,FRA,DF,Nantes,28,1996,7,3,265,2.9,0,0,0,0,0,0,0,0,0.0,0.0,0.2,0.2,10,15,31,0.0,0.0,0.0,0.0,0.0,0.0,0.05,0.05,0.0,0.05
2414,Brendan Chardonnet,FRA,DF,Brest,29,1994,27,27,2416,26.8,1,0,1,1,0,0,6,0,0.8,0.8,1.2,2.0,7,51,5,0.04,0.0,0.04,0.04,0.04,0.03,0.04,0.07,0.03,0.07
2415,Jhoanner Chávez,ECU,"DF,MF",Lens,22,2002,10,7,596,6.6,1,0,1,1,0,0,1,0,0.3,0.3,0.7,1.0,14,9,36,0.15,0.0,0.15,0.15,0.15,0.04,0.11,0.15,0.04,0.15
2416,Théo Chennahi,FRA,DF,Montpellier,19,2005,4,2,181,2.0,0,0,0,0,0,0,2,0,0.2,0.2,0.0,0.2,1,0,3,0.0,0.0,0.0,0.0,0.0,0.08,0.01,0.09,0.08,0.09
2417,Sidiki Cherif,FRA,FW,Angers,17,2006,7,3,324,3.6,0,0,0,0,0,0,0,0,0.7,0.7,0.2,0.9,8,3,16,0.0,0.0,0.0,0.0,0.0,0.2,0.05,0.25,0.2,0.25
2418,Rayan Cherki,FRA,"FW,MF",Lyon,20,2003,30,22,2041,22.7,8,11,19,8,0,0,3,0,5.0,5.0,11.1,16.1,106,206,184,0.35,0.49,0.84,0.35,0.84,0.22,0.49,0.71,0.22,0.71
2419,Lucas Chevalier,FRA,GK,Lille,22,2001,34,34,3060,34.0,0,0,0,0,0,0,0,0,0.0,0.0,0.9,0.9,0,1,0,0.0,0.0,0.0,0.0,0.0,0.0,0.03,0.03,0.0,0.03
2420,Pedro Chirivella,ESP,MF,Nantes,27,1997,30,28,2348,26.1,0,2,2,0,0,0,6,0,0.5,0.5,1.8,2.2,16,170,25,0.0,0.08,0.08,0.0,0.08,0.02,0.07,0.09,0.02,0.09
2421,Joris Chotard,FRA,MF,Montpellier,22,2001,26,23,1892,21.0,1,0,1,1,0,0,5,0,1.3,1.3,0.5,1.7,20,80,35,0.05,0.0,0.05,0.05,0.05,0.06,0.02,0.09,0.06,0.09
2422,Djaoui Cissé,FRA,MF,Rennes,20,2004,14,14,1121,12.5,1,0,1,1,0,0,4,0,0.4,0.4,0.2,0.7,16,84,14,0.08,0.0,0.08,0.08,0.08,0.03,0.02,0.05,0.03,0.05
2423,Yoann Cissé,FRA,MF,Auxerre,19,2004,2,0,5,0.1,0,0,0,0,0,0,0,0,0.0,0.0,0.0,0.0,0,0,2,0.0,0.0,0.0,0.0,0.0,0.0,0.0,0.0,0.0,0.0
2424,Jonathan Clauss,FRA,"DF,MF",Nice,31,1992,28,27,2303,25.6,3,8,11,3,0,0,7,0,2.2,2.2,7.7,9.9,53,105,160,0.12,0.31,0.43,0.12,0.43,0.09,0.3,0.39,0.09,0.39
2425,Marcus Coco,FRA,DF,Nantes,28,1996,20,10,951,10.6,0,1,1,0,0,0,3,2,0.1,0.1,1.2,1.3,12,34,40,0.0,0.09,0.09,0.0,0.09,0.01,0.12,0.12,0.01,0.12
2426,Alois Confais,FRA,MF,Le Havre,27,1996,1,0,3,0.0,0,0,0,0,0,0,0,0,0.0,0.0,0.0,0.0,0,0,0,0.0,0.0,0.0,0.0,0.0,0.0,0.0,0.0,0.0,0.0
2427,Francis Coquelin,FRA,MF,Nantes,33,1991,6,3,224,2.5,1,1,2,1,0,0,1,0,1.0,1.0,1.1,2.1,3,8,2,0.4,0.4,0.8,0.4,0.8,0.42,0.44,0.86,0.42,0.86
2428,Derek Cornelius,CAN,DF,Marseille,26,1997,21,17,1420,15.8,0,0,0,0,0,0,9,2,0.9,0.9,0.1,1.0,10,68,11,0.0,0.0,0.0,0.0,0.0,0.06,0.01,0.06,0.06,0.06
2429,Pierre Cornud,FRA,DF,Saint-Étienne,27,1996,11,7,576,6.4,0,0,0,0,0,0,2,0,0.0,0.0,0.3,0.3,11,19,17,0.0,0.0,0.0,0.0,0.0,0.0,0.05,0.05,0.0,0.05
2430,David Costa,POR,"MF,FW",Lens,23,2001,11,3,352,3.9,0,0,0,0,0,0,0,1,1.2,1.2,0.4,1.6,14,24,20,0.0,0.0,0.0,0.0,0.0,0.31,0.1,0.41,0.31,0.41
2431,Logan Costa,CPV,DF,Toulouse,23,2001,1,1,90,1.0,0,0,0,0,0,0,0,0,0.0,0.0,0.5,0.5,1,4,1,0.0,0.0,0.0,0.0,0.0,0.0,0.5,0.5,0.0,0.5
2432,Grégoire Coudert,FRA,GK,Brest,25,1999,2,2,180,2.0,0,0,0,0,0,0,0,0,0.0,0.0,0.0,0.0,0,0,0,0.0,0.0,0.0,0.0,0.0,0.0,0.0,0.0,0.0,0.0
2433,Lasso Coulibaly,CIV,"FW,MF",Auxerre,21,2002,3,0,45,0.5,1,0,1,1,0,0,0,0,0.3,0.3,0.1,0.3,0,0,4,2.0,0.0,2.0,2.0,2.0,0.56,0.13,0.69,0.56,0.69
2434,Mamadou Coulibaly,FRA,MF,Monaco,20,2004,1,0,8,0.1,0,0,0,0,0,0,0,0,0.1,0.1,0.0,0.1,0,0,1,0.0,0.0,0.0,0.0,0.0,0.85,0.0,0.85,0.85,0.85
2435,Soumaïla Coulibaly,FRA,DF,Brest,20,2003,7,5,438,4.9,0,0,0,0,0,0,1,0,0.2,0.2,0.1,0.3,1,16,0,0.0,0.0,0.0,0.0,0.0,0.03,0.02,0.05,0.03,0.05
2436,Tanguy Coulibaly,FRA,"FW,MF",Montpellier,23,2001,25,17,1485,16.5,3,0,3,3,0,0,4,2,3.5,3.5,1.3,4.8,48,20,97,0.18,0.0,0.18,0.18,0.18,0.22,0.08,0.31,0.22,0.31
2437,Marius Courcoul,FRA,"MF,DF",Angers,17,2007,8,3,309,3.4,0,0,0,0,0,0,0,0,0.1,0.1,0.0,0.1,5,7,7,0.0,0.0,0.0,0.0,0.0,0.03,0.01,0.04,0.03,0.04
2438,Nicolas Cozza,FRA,"DF,MF",Nantes,25,1999,27,23,2051,22.8,1,0,1,1,0,0,3,1,1.4,1.4,1.4,2.8,25,64,56,0.04,0.0,0.04,0.04,0.04,0.06,0.06,0.12,0.06,0.12
2439,Charlie Cresswell,ENG,DF,Toulouse,21,2002,31,29,2592,28.8,3,1,4,3,0,0,5,0,3.3,3.3,1.7,5.0,8,69,13,0.1,0.03,0.14,0.1,0.14,0.11,0.06,0.17,0.11,0.17
2440,Kévin Danois,FRA,MF,Auxerre,20,2004,22,16,1460,16.2,0,0,0,0,0,0,1,0,1.5,1.5,2.2,3.7,19,95,50,0.0,0.0,0.0,0.0,0.0,0.09,0.13,0.23,0.09,0.23
2441,Kevin Danso,AUT,DF,Lens,25,1998,12,12,1080,12.0,0,0,0,0,0,0,3,0,0.5,0.5,1.0,1.5,9,52,1,0.0,0.0,0.0,0.0,0.0,0.04,0.09,0.13,0.04,0.13
2442,Dante,BRA,DF,Nice,40,1983,25,21,1964,21.8,0,0,0,0,0,0,5,1,0.5,0.5,0.2,0.6,18,96,8,0.0,0.0,0.0,0.0,0.0,0.02,0.01,0.03,0.02,0.03
2443,Pape Daouda Diongue,SEN,"MF,FW",Strasbourg,19,2006,9,1,78,0.9,1,0,1,1,0,0,0,0,1.0,1.0,0.2,1.2,2,2,3,1.15,0.0,1.15,1.15,1.15,1.18,0.23,1.41,1.18,1.41
2444,Mohamed Daramy,DEN,FW,Reims,22,2002,2,0,16,0.2,0,0,0,0,0,0,0,0,0.0,0.0,0.1,0.1,3,0,2,0.0,0.0,0.0,0.0,0.0,0.2,0.32,0.51,0.2,0.51
2445,Jonathan David,CAN,FW,Lille,24,2000,32,28,2554,28.4,16,5,21,10,6,7,4,0,16.2,10.7,4.4,15.1,40,65,184,0.56,0.18,0.74,0.35,0.53,0.57,0.16,0.73,0.38,0.53
2446,Zuriko Davitashvili,GEO,"FW,MF",Saint-Étienne,23,2001,33,32,2778,30.9,9,8,17,7,2,2,3,0,8.1,6.6,4.7,11.3,95,73,224,0.29,0.26,0.55,0.23,0.49,0.27,0.16,0.43,0.22,0.38
2447,Théo De Percin,MTQ,GK,Auxerre,23,2001,2,2,180,2.0,0,0,0,0,0,0,0,0,0.0,0.0,0.0,0.0,0,0,0,0.0,0.0,0.0,0.0,0.0,0.0,0.0,0.0,0.0,0.0
2448,Thibault De Smet,BEL,DF,Reims,26,1998,5,2,192,2.1,0,0,0,0,0,0,0,0,0.1,0.1,0.0,0.1,1,9,2,0.0,0.0,0.0,0.0,0.0,0.07,0.0,0.07,0.07,0.07
2449,Amar Dedić,BIH,DF,Marseille,21,2002,10,2,314,3.5,0,1,1,0,0,0,1,0,0.9,0.9,0.9,1.8,21,16,46,0.0,0.29,0.29,0.0,0.29,0.26,0.25,0.51,0.26,0.51
2450,Romain Del Castillo,FRA,FW,Brest,28,1996,26,14,1259,14.0,6,4,10,3,3,4,0,0,4.7,1.5,3.4,4.9,29,61,106,0.43,0.29,0.71,0.21,0.5,0.33,0.24,0.58,0.11,0.35
2451,Thomas Delaine,FRA,DF,Strasbourg,32,1992,2,0,9,0.1,0,0,0,0,0,0,0,0,0.0,0.0,0.0,0.0,0,0,1,0.0,0.0,0.0,0.0,0.0,0.0,0.0,0.0,0.0,0.0
2452,Andy Delort,ALG,FW,Montpellier,32,1991,9,8,607,6.7,0,0,0,0,0,0,1,0,1.3,1.3,0.9,2.2,4,6,20,0.0,0.0,0.0,0.0,0.0,0.23,0.15,0.38,0.23,0.38
2453,Ousmane Dembélé,FRA,FW,Paris S-G,27,1997,29,20,1730,19.2,21,6,27,20,1,1,1,0,16.6,15.8,8.2,24.0,127,137,252,1.09,0.31,1.4,1.04,1.35,0.86,0.43,1.29,0.82,1.25
2454,Rémy Descamps,FRA,GK,Lyon,28,1996,1,1,90,1.0,0,0,0,0,0,0,0,0,0.0,0.0,0.0,0.0,0,0,0,0.0,0.0,0.0,0.0,0.0,0.0,0.0,0.0,0.0,0.0
2455,Arthur Desmas,FRA,GK,Le Havre,30,1994,18,18,1620,18.0,0,0,0,0,0,0,2,0,0.0,0.0,0.0,0.0,0,0,0,0.0,0.0,0.0,0.0,0.0,0.0,0.0,0.0,0.0,0.0
2456,Mamadou Diakhon,FRA,"FW,MF",Reims,18,2005,28,5,858,9.5,2,1,3,2,0,0,2,0,1.0,1.0,1.1,2.2,61,17,77,0.21,0.1,0.31,0.21,0.31,0.11,0.12,0.23,0.11,0.23
2457,Bafodé Diakité,FRA,DF,Lille,23,2001,31,31,2766,30.7,4,1,5,4,0,0,8,1,2.3,2.3,0.2,2.5,15,90,3,0.13,0.03,0.16,0.13,0.16,0.08,0.01,0.08,0.08,0.08
2458,Oumar Diakité,CIV,FW,Reims,20,2003,26,20,1628,18.1,4,1,5,4,0,1,6,0,5.5,4.7,1.1,5.8,24,44,93,0.22,0.06,0.28,0.22,0.28,0.3,0.06,0.36,0.26,0.32
2459,Habib Diarra,SEN,"MF,FW",Strasbourg,20,2004,30,27,2352,26.1,4,5,9,2,2,2,6,0,3.3,1.8,4.5,6.3,61,116,114,0.15,0.19,0.34,0.08,0.27,0.13,0.17,0.3,0.07,0.24
2460,Krépin Diatta,SEN,"DF,FW",Monaco,25,1999,19,3,508,5.6,0,0,0,0,0,0,3,0,0.2,0.2,0.8,1.0,17,21,41,0.0,0.0,0.0,0.0,0.0,0.03,0.14,0.17,0.03,0.17
2461,Kandet Diawara,GUI,FW,Le Havre,24,2000,1,0,4,0.0,0,0,0,0,0,0,0,0,0.0,0.0,0.0,0.0,0,0,0,0.0,0.0,0.0,0.0,0.0,0.0,0.0,0.0,0.0,0.0
2462,Mahamadou Diawara,FRA,MF,Le Havre,19,2005,15,6,582,6.5,0,1,1,0,0,0,0,0,0.4,0.4,0.4,0.8,9,16,6,0.0,0.15,0.15,0.0,0.15,0.06,0.06,0.12,0.06,0.12
2463,Mahamadou Diawara,FRA,MF,Lyon,19,2005,2,0,16,0.2,0,0,0,0,0,0,0,0,0.0,0.0,0.0,0.0,1,1,0,0.0,0.0,0.0,0.0,0.0,0.0,0.0,0.0,0.0,0.0
2464,Bamba Dieng,SEN,FW,Angers,24,2000,18,5,532,5.9,3,0,3,2,1,1,1,0,3.1,2.3,0.0,2.4,6,7,35,0.51,0.0,0.51,0.34,0.34,0.53,0.01,0.53,0.39,0.4
2465,Kembo Diliwidi,FRA,DF,Lens,18,2006,1,0,4,0.0,0,0,0,0,0,0,0,0,0.0,0.0,0.0,0.0,0,1,0,0.0,0.0,0.0,0.0,0.0,0.0,0.0,0.0,0.0,0.0
2466,Sinaly Diomande,CIV,DF,Auxerre,23,2001,23,22,1945,21.6,3,2,5,3,0,0,6,0,1.1,1.1,0.6,1.7,8,72,8,0.14,0.09,0.23,0.14,0.23,0.05,0.03,0.08,0.05,0.08
2467,Lois Diony,FRA,FW,Angers,31,1992,1,0,21,0.2,0,0,0,0,0,0,0,0,0.0,0.0,0.0,0.0,0,0,2,0.0,0.0,0.0,0.0,0.0,0.0,0.0,0.0,0.0,0.0
2468,Sérigné Diop,SEN,FW,Brest,19,2005,2,0,4,0.0,0,0,0,0,0,0,0,0,0.0,0.0,0.0,0.0,0,0,0,0.0,0.0,0.0,0.0,0.0,0.0,0.0,0.0,0.0,0.0
2469,Sofiane Diop,FRA,"MF,FW",Nice,24,2000,28,8,1064,11.8,6,4,10,6,0,0,3,0,6.0,6.0,2.9,8.9,26,64,70,0.51,0.34,0.85,0.51,0.85,0.51,0.24,0.75,0.51,0.75
2470,Andy Diouf,FRA,MF,Lens,21,2003,34,27,2225,24.7,1,2,3,1,0,0,2,0,2.9,2.9,2.8,5.7,82,116,94,0.04,0.08,0.12,0.04,0.12,0.12,0.11,0.23,0.12,0.23
2471,Yehvann Diouf,SEN,GK,Reims,24,1999,34,34,3060,34.0,0,0,0,0,0,0,1,0,0.1,0.1,0.0,0.1,0,1,0,0.0,0.0,0.0,0.0,0.0,0.0,0.0,0.0,0.0,0.0
2472,Assane Dioussé,SEN,MF,Auxerre,26,1997,17,7,663,7.4,0,0,0,0,0,0,1,0,0.1,0.1,0.2,0.3,1,33,6,0.0,0.0,0.0,0.0,0.0,0.01,0.03,0.04,0.01,0.04
2473,Álex Domínguez,ESP,GK,Toulouse,26,1998,1,0,19,0.2,0,0,0,0,0,0,0,0,0.0,0.0,0.0,0.0,0,0,0,0.0,0.0,0.0,0.0,0.0,0.0,0.0,0.0,0.0,0.0
2474,Gianluigi Donnarumma,ITA,GK,Paris S-G,25,1999,24,24,2091,23.2,0,0,0,0,0,0,2,0,0.0,0.0,0.0,0.0,0,0,0,0.0,0.0,0.0,0.0,0.0,0.0,0.0,0.0,0.0,0.0
2475,Sékou Doucoure,FRA,DF,Nantes,19,2005,2,0,12,0.1,0,0,0,0,0,0,0,0,0.0,0.0,0.0,0.0,0,0,0,0.0,0.0,0.0,0.0,0.0,0.0,0.0,0.0,0.0,0.0
2476,Désiré Doué,FRA,"FW,MF",Paris S-G,19,2005,31,18,1730,19.2,6,6,12,6,0,0,1,0,5.1,5.1,7.8,13.0,97,139,232,0.31,0.31,0.62,0.31,0.62,0.27,0.41,0.67,0.27,0.67
2477,Guela Doué,CIV,DF,Strasbourg,21,2002,32,30,2717,30.2,1,2,3,1,0,0,7,0,0.8,0.8,0.7,1.5,51,173,54,0.03,0.07,0.1,0.03,0.1,0.03,0.02,0.05,0.03,0.05
2478,Douglas,BRA,MF,Nantes,27,1997,28,28,2307,25.6,4,2,6,4,0,0,8,0,3.4,3.4,1.5,4.9,14,125,34,0.16,0.08,0.23,0.16,0.23,0.13,0.06,0.19,0.13,0.19
2479,Ismaël Doukouré,FRA,"DF,MF",Strasbourg,21,2003,31,31,2639,29.3,1,1,2,1,0,0,7,0,0.6,0.6,1.1,1.6,20,116,9,0.03,0.03,0.07,0.03,0.07,0.02,0.04,0.06,0.02,0.06
2480,Kamory Doumbia,MLI,"MF,FW",Brest,21,2003,30,13,1322,14.7,3,2,5,3,0,0,1,0,2.7,2.7,1.2,3.9,17,72,54,0.2,0.14,0.34,0.2,0.34,0.19,0.08,0.27,0.19,0.27
2481,Amidou Doumbouya,FRA,DF,Nice,16,2007,2,0,46,0.5,0,0,0,0,0,0,0,0,0.0,0.0,0.0,0.0,1,1,0,0.0,0.0,0.0,0.0,0.0,0.0,0.0,0.0,0.0,0.0
2482,Jean-Kevin Duverne,HAI,DF,Nantes,27,1997,9,7,537,6.0,0,0,0,0,0,0,2,0,0.3,0.3,0.1,0.4,6,22,8,0.0,0.0,0.0,0.0,0.0,0.05,0.02,0.06,0.05,0.06
2483,Stefan Džodić,SRB,"DF,MF",Montpellier,19,2005,7,2,242,2.7,0,0,0,0,0,0,2,1,0.1,0.1,0.0,0.1,2,10,0,0.0,0.0,0.0,0.0,0.0,0.03,0.0,0.03,0.03,0.03
2484,Aron Dønnum,NOR,"DF,MF",Toulouse,26,1998,32,31,2689,29.9,2,2,4,2,0,0,6,0,2.1,2.1,4.6,6.7,94,126,142,0.07,0.07,0.13,0.07,0.13,0.07,0.15,0.22,0.07,0.22
2485,Noah Edjouma,FRA,"MF,FW",Toulouse,18,2005,10,1,171,1.9,2,0,2,2,0,0,0,1,1.3,1.3,0.1,1.3,8,7,17,1.05,0.0,1.05,1.05,1.05,0.67,0.03,0.7,0.67,0.7
2486,Jacques Ekomie,GAB,"DF,FW",Angers,20,2003,18,7,697,7.7,0,0,0,0,0,0,1,0,0.0,0.0,0.0,0.0,13,20,24,0.0,0.0,0.0,0.0,0.0,0.0,0.0,0.0,0.0,0.0
2487,Pierre Ekwah Elimby,FRA,MF,Saint-Étienne,22,2002,29,29,2575,28.6,1,0,1,1,0,0,3,0,0.7,0.7,1.0,1.7,20,146,21,0.03,0.0,0.03,0.03,0.03,0.03,0.04,0.06,0.03,0.06
2488,Meschak Elia,COD,FW,Nantes,26,1997,8,1,170,1.9,1,0,1,1,0,0,0,0,1.1,1.1,0.2,1.3,9,5,22,0.53,0.0,0.53,0.53,0.53,0.59,0.1,0.69,0.59,0.69
2489,Breel Embolo,SUI,"FW,MF",Monaco,27,1997,29,19,1841,20.5,6,4,10,6,0,0,5,0,10.8,10.8,5.6,16.4,22,55,140,0.29,0.2,0.49,0.29,0.49,0.53,0.28,0.8,0.53,0.8
2490,Emanuel Emegha,NED,FW,Strasbourg,21,2003,27,27,2293,25.5,14,3,17,14,0,0,5,0,17.0,17.0,2.4,19.4,37,14,104,0.55,0.12,0.67,0.55,0.67,0.67,0.1,0.76,0.67,0.76
2491,Romain Faivre,FRA,"MF,FW",Brest,26,1998,20,10,899,10.0,3,2,5,2,1,1,2,0,2.6,1.8,1.9,3.7,24,44,49,0.3,0.2,0.5,0.2,0.4,0.26,0.19,0.45,0.18,0.37
2492,Khalil Fayad,FRA,"MF,FW",Montpellier,20,2004,20,10,1028,11.4,0,0,0,0,0,0,5,0,1.3,1.3,0.3,1.5,25,50,42,0.0,0.0,0.0,0.0,0.0,0.11,0.02,0.13,0.11,0.13
2493,Luiz Felipe,ITA,DF,Marseille,27,1997,4,2,122,1.4,0,0,0,0,0,0,1,0,0.0,0.0,0.0,0.0,0,4,0,0.0,0.0,0.0,0.0,0.0,0.0,0.0,0.0,0.0,0.0
2494,Zinedine Ferhat,ALG,"FW,MF",Angers,31,1993,24,8,849,9.4,2,0,2,2,0,0,1,0,1.4,1.4,2.4,3.7,16,40,64,0.21,0.0,0.21,0.21,0.21,0.14,0.25,0.4,0.14,0.4
2495,Edimilson Fernandes,SUI,"MF,DF",Brest,28,1996,19,12,1105,12.3,0,1,1,0,0,0,1,0,0.4,0.4,0.6,1.0,7,40,3,0.0,0.08,0.08,0.0,0.08,0.03,0.05,0.08,0.03,0.08
2496,Matias Fernandez-Pardo,BEL,"FW,MF",Lille,19,2005,22,12,1065,11.8,4,2,6,4,0,0,4,0,2.9,2.9,2.8,5.7,46,26,85,0.34,0.17,0.51,0.34,0.51,0.24,0.24,0.48,0.24,0.48
2497,Jordan Ferri,FRA,MF,Montpellier,32,1992,25,21,1773,19.7,0,2,2,0,0,0,6,1,0.4,0.4,0.9,1.3,19,137,42,0.0,0.1,0.1,0.0,0.1,0.02,0.05,0.07,0.02,0.07
2498,Karol Fila,POL,MF,Strasbourg,26,1998,1,0,5,0.1,0,0,0,0,0,0,1,0,0.0,0.0,0.0,0.0,0,0,0,0.0,0.0,0.0,0.0,0.0,0.0,0.0,0.0,0.0,0.0
2499,Malick Fofana,BEL,FW,Lyon,19,2005,29,16,1589,17.7,5,4,9,5,0,0,2,0,3.8,3.8,3.7,7.6,112,45,205,0.28,0.23,0.51,0.28,0.51,0.22,0.21,0.43,0.22,0.43
2500,Rayan Fofana,FRA,"FW,MF",Lens,18,2006,2,0,25,0.3,0,0,0,0,0,0,0,0,0.0,0.0,0.0,0.0,0,0,2,0.0,0.0,0.0,0.0,0.0,0.0,0.0,0.0,0.0,0.0
2501,Seko Fofana,CIV,MF,Rennes,29,1995,16,9,844,9.4,1,1,2,1,0,0,3,0,1.8,1.8,1.2,2.9,32,72,38,0.11,0.11,0.21,0.11,0.21,0.19,0.13,0.31,0.19,0.31
2502,Yahia Fofana,CIV,GK,Angers,23,2000,33,33,2970,33.0,0,0,0,0,0,0,4,0,0.0,0.0,0.1,0.1,0,0,0,0.0,0.0,0.0,0.0,0.0,0.0,0.0,0.0,0.0,0.0
2503,Lamine Fomba,FRA,MF,Saint-Étienne,26,1998,7,3,217,2.4,0,0,0,0,0,0,2,0,0.0,0.0,0.3,0.3,5,18,5,0.0,0.0,0.0,0.0,0.0,0.01,0.12,0.13,0.01,0.13
2504,Przemysław Frankowski,POL,DF,Lens,29,1995,18,16,1387,15.4,4,2,6,2,2,2,3,0,2.3,0.7,2.5,3.2,33,117,95,0.26,0.13,0.39,0.13,0.26,0.15,0.16,0.31,0.05,0.21
2505,Angelo Fulgini,FRA,"MF,FW",Lens,27,1996,23,11,1045,11.6,1,1,2,1,0,0,3,0,2.4,2.4,3.8,6.2,29,69,113,0.09,0.09,0.17,0.09,0.17,0.21,0.33,0.53,0.21,0.53
2506,Kyogo Furuhashi,JPN,FW,Rennes,29,1995,6,1,123,1.4,0,0,0,0,0,0,0,0,0.1,0.1,0.0,0.1,0,0,3,0.0,0.0,0.0,0.0,0.0,0.09,0.0,0.09,0.09,0.09
2507,Gauthier Gallon,FRA,GK,Rennes,31,1993,1,0,45,0.5,0,0,0,0,0,0,0,0,0.0,0.0,0.0,0.0,0,0,0,0.0,0.0,0.0,0.0,0.0,0.0,0.0,0.0,0.0,0.0
2508,Ignatius Ganago,CMR,"FW,MF",Nantes,25,1999,11,1,241,2.7,0,0,0,0,0,0,1,0,0.4,0.4,0.3,0.7,5,9,26,0.0,0.0,0.0,0.0,0.0,0.15,0.09,0.25,0.15,0.25
2509,Ulisses Garcia,SUI,DF,Marseille,28,1996,20,10,930,10.3,2,2,4,2,0,0,2,0,1.5,1.5,1.4,2.9,23,53,87,0.19,0.19,0.39,0.19,0.39,0.15,0.14,0.28,0.15,0.28
2510,Jean-Philippe Gbamin,CIV,MF,Nantes,28,1995,14,2,216,2.4,0,0,0,0,0,0,1,0,0.5,0.5,0.0,0.5,2,12,1,0.0,0.0,0.0,0.0,0.0,0.22,0.0,0.22,0.22,0.22
2511,Mory Gbane,CIV,"DF,MF",Reims,23,2000,13,13,1125,12.5,0,1,1,0,0,0,2,0,0.2,0.2,0.6,0.8,3,35,9,0.0,0.08,0.08,0.0,0.08,0.01,0.05,0.06,0.01,0.06
2512,Yann Gboho,FRA,"MF,FW",Toulouse,23,2001,31,27,2333,25.9,5,4,9,5,0,0,2,0,5.4,5.4,3.5,8.9,116,103,189,0.19,0.15,0.35,0.19,0.35,0.21,0.14,0.35,0.21,0.35
2513,Denis Genreau,AUS,MF,Toulouse,25,1999,8,2,222,2.5,0,0,0,0,0,0,0,0,0.3,0.3,0.5,0.8,9,13,7,0.0,0.0,0.0,0.0,0.0,0.12,0.19,0.31,0.12,0.31
2514,Aleksandr Golovin,RUS,"MF,FW",Monaco,28,1996,19,13,1153,12.8,3,0,3,3,0,0,1,0,2.3,2.3,2.4,4.7,39,112,72,0.23,0.0,0.23,0.23,0.23,0.18,0.19,0.37,0.18,0.37
2515,André Gomes,POR,MF,Lille,31,1993,20,16,1276,14.2,0,0,0,0,0,0,3,0,0.5,0.5,0.7,1.3,18,101,28,0.0,0.0,0.0,0.0,0.0,0.04,0.05,0.09,0.04,0.09
2516,Angel Gomes,ENG,MF,Lille,23,2000,14,10,736,8.2,1,1,2,1,0,1,1,0,1.7,0.9,2.1,3.0,15,49,47,0.12,0.12,0.24,0.12,0.24,0.21,0.26,0.47,0.11,0.37
2517,Carlos Gómez,COL,"MF,DF",Rennes,21,2002,17,2,381,4.2,3,0,3,3,0,0,1,0,1.3,1.3,0.2,1.6,9,9,47,0.71,0.0,0.71,0.71,0.71,0.31,0.06,0.37,0.31,0.37
2518,Mathieu Gorgelin,FRA,GK,Le Havre,33,1990,16,16,1440,16.0,0,0,0,0,0,0,2,0,0.0,0.0,0.0,0.0,0,0,0,0.0,0.0,0.0,0.0,0.0,0.0,0.0,0.0,0.0,0.0
2519,Amine Gouiri,ALG,"FW,MF",Marseille,24,2000,14,12,1048,11.6,10,3,13,10,0,0,0,0,8.4,8.4,3.6,12.1,17,20,97,0.86,0.26,1.12,0.86,1.12,0.73,0.31,1.04,0.73,1.04
2520,Amine Gouiri,ALG,"MF,FW",Rennes,24,2000,19,11,1037,11.5,3,2,5,3,0,0,2,0,3.5,3.5,0.4,3.9,22,46,63,0.26,0.17,0.43,0.26,0.43,0.3,0.03,0.34,0.3,0.34
2521,Jonathan Gradit,FRA,DF,Lens,31,1992,25,24,2112,23.5,0,0,0,0,0,0,4,0,0.8,0.8,0.7,1.5,18,127,4,0.0,0.0,0.0,0.0,0.0,0.03,0.03,0.06,0.03,0.06
2522,Samuel Grandsir,FRA,"MF,FW",Le Havre,27,1996,6,0,84,0.9,0,0,0,0,0,0,0,0,0.0,0.0,0.6,0.6,5,6,5,0.0,0.0,0.0,0.0,0.0,0.0,0.67,0.67,0.0,0.67
2523,Mason Greenwood,ENG,"FW,MF",Marseille,22,2001,34,32,2804,31.2,21,5,26,14,7,9,3,0,16.3,9.1,5.7,14.8,126,157,295,0.67,0.16,0.83,0.45,0.61,0.52,0.18,0.71,0.29,0.48
2524,Albert Grønbaek,DEN,"MF,FW",Rennes,23,2001,16,9,813,9.0,2,1,3,2,0,0,1,0,1.5,1.5,1.0,2.5,23,30,58,0.22,0.11,0.33,0.22,0.33,0.17,0.12,0.28,0.17,0.28
2525,Gabriel Gudmundsson,SWE,DF,Lille,25,1999,30,20,1785,19.8,2,0,2,2,0,0,3,0,0.7,0.7,1.4,2.1,71,91,115,0.1,0.0,0.1,0.1,0.1,0.04,0.07,0.11,0.04,0.11
2526,Axel Gueguin,FRA,FW,Montpellier,19,2005,1,0,23,0.3,0,0,0,0,0,0,0,0,0.0,0.0,0.0,0.0,0,1,1,0.0,0.0,0.0,0.0,0.0,0.0,0.0,0.0,0.0,0.0
2527,Evann Guessand,CIV,"FW,MF",Nice,23,2001,33,30,2565,28.5,12,8,20,12,0,0,2,0,9.2,9.2,5.4,14.6,87,79,162,0.42,0.28,0.7,0.42,0.7,0.32,0.19,0.51,0.32,0.51
2528,Bahereba Guirassy,FRA,"FW,MF",Nantes,17,2006,19,2,348,3.9,2,0,2,2,0,0,0,0,0.7,0.7,0.1,0.8,15,6,34,0.52,0.0,0.52,0.52,0.52,0.18,0.02,0.2,0.18,0.2
2529,Massadio Haïdara,MLI,DF,Brest,31,1992,22,20,1678,18.6,0,0,0,0,0,0,3,2,0.3,0.3,0.5,0.8,44,77,76,0.0,0.0,0.0,0.0,0.0,0.02,0.03,0.04,0.02,0.04
2530,Achraf Hakimi,MAR,DF,Paris S-G,25,1998,25,24,2066,23.0,4,6,10,4,0,0,4,0,2.9,2.9,6.2,9.1,93,183,274,0.17,0.26,0.44,0.17,0.44,0.13,0.27,0.4,0.13,0.4
2531,Florent Hanin,ALG,DF,Angers,34,1990,33,31,2672,29.7,1,2,3,1,0,0,2,0,0.9,0.9,1.9,2.8,48,99,108,0.03,0.07,0.1,0.03,0.1,0.03,0.06,0.1,0.03,0.1
2532,Amine Harit,MAR,MF,Marseille,27,1997,13,8,519,5.8,2,4,6,2,0,0,1,1,0.8,0.8,2.4,3.2,13,35,34,0.35,0.69,1.04,0.35,1.04,0.14,0.42,0.56,0.14,0.56
2533,Hans Hateboer,NED,DF,Rennes,30,1994,26,18,1684,18.7,0,0,0,0,0,0,3,0,0.4,0.4,1.5,1.9,28,92,63,0.0,0.0,0.0,0.0,0.0,0.02,0.08,0.1,0.02,0.1
2534,Kjetil Haug,NOR,GK,Toulouse,26,1998,6,5,498,5.5,0,0,0,0,0,0,0,0,0.0,0.0,0.0,0.0,0,0,0,0.0,0.0,0.0,0.0,0.0,0.0,0.0,0.0,0.0,0.0
2535,Luis Henrique,BRA,"DF,FW",Marseille,22,2001,33,29,2613,29.0,7,7,14,7,0,0,0,0,4.2,4.2,4.2,8.3,84,143,280,0.24,0.24,0.48,0.24,0.48,0.14,0.14,0.29,0.14,0.29
2536,Lucas Hernández,FRA,DF,Paris S-G,28,1996,16,10,877,9.7,0,0,0,0,0,0,2,0,0.0,0.0,0.1,0.1,6,50,4,0.0,0.0,0.0,0.0,0.0,0.0,0.01,0.01,0.0,0.01
2537,Ki-Jana Hoever,NED,DF,Auxerre,22,2002,30,26,2124,23.6,1,2,3,1,0,0,4,1,0.5,0.5,2.7,3.2,59,79,128,0.04,0.08,0.13,0.04,0.13,0.02,0.11,0.13,0.02,0.13
2538,Cédric Hountondji,BEN,DF,Angers,30,1994,3,3,270,3.0,0,0,0,0,0,0,0,0,0.0,0.0,0.0,0.0,0,1,0,0.0,0.0,0.0,0.0,0.0,0.0,0.0,0.0,0.0,0.0
2539,Ilyes Housni,FRA,"FW,MF",Le Havre,19,2005,12,3,230,2.6,0,0,0,0,0,0,0,0,0.2,0.2,0.2,0.4,8,4,24,0.0,0.0,0.0,0.0,0.0,0.09,0.08,0.17,0.09,0.17
2540,Pierre Højbjerg,DEN,MF,Marseille,28,1995,30,30,2664,29.6,2,4,6,2,0,0,5,0,3.3,3.3,3.9,7.1,36,263,43,0.07,0.14,0.2,0.07,0.2,0.11,0.13,0.24,0.11,0.24
2541,Hafiz Ibrahim,NGA,FW,Reims,18,2005,11,2,391,4.3,0,1,1,0,0,0,2,1,0.5,0.5,0.6,1.1,6,2,16,0.0,0.23,0.23,0.0,0.23,0.12,0.14,0.25,0.12,0.25
2542,George Ilenikhena,NGA,FW,Monaco,17,2006,23,6,717,8.0,3,2,5,3,0,0,0,0,5.1,5.1,1.4,6.5,8,10,58,0.38,0.25,0.63,0.38,0.63,0.64,0.18,0.81,0.64,0.81
2543,Rareş Ilie,ROU,MF,Nice,21,2003,2,0,13,0.1,0,0,0,0,0,0,0,0,0.0,0.0,0.4,0.4,2,3,1,0.0,0.0,0.0,0.0,0.0,0.25,2.47,2.72,0.25,2.72
2544,Ismaily,BRA,DF,Lille,34,1990,16,10,904,10.0,0,1,1,0,0,0,4,0,0.7,0.7,1.0,1.7,15,54,51,0.0,0.1,0.1,0.0,0.1,0.07,0.1,0.17,0.07,0.17
2545,Yanis Issoufou,FRA,"MF,FW",Montpellier,17,2006,4,1,77,0.9,0,0,0,0,0,0,0,0,0.1,0.1,0.0,0.1,3,2,2,0.0,0.0,0.0,0.0,0.0,0.07,0.0,0.07,0.07,0.07
2546,Junya Ito,JPN,"FW,MF",Reims,31,1993,33,31,2690,29.9,4,3,7,4,0,0,1,0,4.6,4.6,7.1,11.7,100,133,256,0.13,0.1,0.23,0.13,0.23,0.16,0.24,0.39,0.16,0.39
2547,Jérémy Jacquet,FRA,DF,Rennes,19,2005,11,11,927,10.3,0,1,1,0,0,0,0,0,0.8,0.8,0.8,1.6,8,40,4,0.0,0.1,0.1,0.0,0.1,0.08,0.08,0.16,0.08,0.16
2548,Ismail Jakobs,SEN,DF,Monaco,24,1999,2,2,180,2.0,0,0,0,0,0,0,0,0,0.0,0.0,0.2,0.2,9,6,17,0.0,0.0,0.0,0.0,0.0,0.0,0.11,0.11,0.0,0.11
2549,Jordan James,WAL,MF,Rennes,20,2004,23,14,1178,13.1,0,1,1,0,0,0,4,0,0.9,0.9,1.9,2.8,21,67,15,0.0,0.08,0.08,0.0,0.08,0.07,0.15,0.21,0.07,0.21
2550,Malcolm Jeng,SWE,DF,Reims,19,2005,3,2,107,1.2,0,0,0,0,0,0,0,0,0.0,0.0,0.0,0.0,0,3,0,0.0,0.0,0.0,0.0,0.0,0.0,0.0,0.0,0.0,0.0
2551,John Joe,IRL,MF,Reims,20,2003,13,5,545,6.1,0,0,0,0,0,0,0,0,0.2,0.2,0.0,0.2,6,14,9,0.0,0.0,0.0,0.0,0.0,0.03,0.0,0.03,0.03,0.03
2552,Karl-Johan Johnsson,SWE,GK,Strasbourg,34,1990,3,3,270,3.0,0,0,0,0,0,0,0,0,0.0,0.0,0.0,0.0,0,0,0,0.0,0.0,0.0,0.0,0.0,0.0,0.0,0.0,0.0,0.0
2553,Paul Joly,FRA,DF,Auxerre,24,2000,26,10,1009,11.2,0,1,1,0,0,0,3,1,0.6,0.6,1.3,1.9,28,51,61,0.0,0.09,0.09,0.0,0.09,0.05,0.12,0.17,0.05,0.17
2554,Jota,POR,"FW,MF",Rennes,25,1999,9,3,334,3.7,1,0,1,1,0,0,0,0,1.3,1.3,0.3,1.6,13,16,35,0.27,0.0,0.27,0.27,0.27,0.36,0.08,0.44,0.36,0.44
2555,Antoine Joujou,FRA,"MF,FW",Le Havre,21,2003,26,9,943,10.5,0,2,2,0,0,0,1,0,0.6,0.6,3.0,3.7,44,18,85,0.0,0.19,0.19,0.0,0.19,0.06,0.29,0.35,0.06,0.35
2556,Jubal,BRA,DF,Auxerre,30,1993,30,30,2640,29.3,6,0,6,3,3,4,7,0,5.2,2.0,0.9,2.9,1,33,3,0.2,0.0,0.2,0.1,0.1,0.18,0.03,0.21,0.07,0.1
2557,Hamed Junior Traorè,CIV,MF,Auxerre,24,2000,26,26,2093,23.3,10,2,12,10,0,0,5,0,7.9,7.9,2.7,10.6,66,99,146,0.43,0.09,0.52,0.43,0.52,0.34,0.12,0.46,0.34,0.46
2558,Yaya Kader Fofana,MLI,"MF,FW",Reims,20,2004,12,8,634,7.0,1,1,2,1,0,0,4,0,0.6,0.6,1.7,2.3,19,22,29,0.14,0.14,0.28,0.14,0.28,0.09,0.24,0.32,0.09,0.32
2559,Tino Kadewere,ZIM,"MF,FW",Nantes,28,1996,12,6,512,5.7,1,2,3,1,0,0,1,0,1.7,1.7,1.0,2.7,5,19,27,0.18,0.35,0.53,0.18,0.53,0.3,0.17,0.47,0.3,0.47
2560,Arnaud Kalimuendo,FRA,"FW,MF",Rennes,22,2002,33,31,2578,28.6,17,3,20,12,5,8,2,0,14.9,8.9,2.0,10.9,50,72,167,0.59,0.1,0.7,0.42,0.52,0.52,0.07,0.59,0.31,0.38
2561,Justin-Noël Kalumba,FRA,"FW,MF",Angers,19,2004,2,0,31,0.3,0,0,0,0,0,0,0,0,0.0,0.0,0.0,0.0,1,0,3,0.0,0.0,0.0,0.0,0.0,0.05,0.0,0.05,0.05,0.05
2562,Warren Kamanzi,NOR,"DF,MF",Toulouse,23,2000,24,11,1022,11.4,1,1,2,1,0,0,3,0,1.3,1.3,1.0,2.2,29,33,62,0.09,0.09,0.18,0.09,0.18,0.11,0.08,0.2,0.11,0.2
2563,Glen Kamara,FIN,MF,Rennes,28,1995,13,8,662,7.4,0,1,1,0,0,0,0,0,0.2,0.2,0.2,0.3,5,34,22,0.0,0.14,0.14,0.0,0.14,0.02,0.02,0.05,0.02,0.05
2564,Noham Kamara,FRA,DF,Paris S-G,17,2007,2,0,76,0.8,0,0,0,0,0,0,0,0,0.0,0.0,0.0,0.0,2,5,0,0.0,0.0,0.0,0.0,0.0,0.0,0.0,0.0,0.0,0.0
2565,Nordine Kandil,FRA,MF,Strasbourg,22,2001,1,0,10,0.1,0,0,0,0,0,0,0,0,0.0,0.0,0.0,0.0,1,0,0,0.0,0.0,0.0,0.0,0.0,0.0,0.0,0.0,0.0,0.0
2566,Lee Kang-in,KOR,"FW,MF",Paris S-G,23,2001,30,19,1663,18.5,6,6,12,6,0,0,1,0,3.5,3.5,5.6,9.1,50,143,138,0.32,0.32,0.65,0.32,0.65,0.19,0.3,0.5,0.19,0.5
2567,Yassine Kechta,MAR,"MF,FW",Le Havre,22,2002,31,25,2096,23.3,2,0,2,2,0,0,4,0,2.5,2.5,1.2,3.7,44,97,85,0.09,0.0,0.09,0.09,0.09,0.11,0.05,0.16,0.11,0.16
2568,Thilo Kehrer,GER,DF,Monaco,27,1996,27,27,2383,26.5,4,0,4,4,0,0,1,0,1.5,1.5,0.3,1.8,16,139,2,0.15,0.0,0.15,0.15,0.15,0.06,0.01,0.07,0.06,0.07
2569,Reda Khadra,GER,"MF,FW",Reims,23,2001,4,0,78,0.9,0,0,0,0,0,0,0,0,0.0,0.0,0.0,0.0,4,4,7,0.0,0.0,0.0,0.0,0.0,0.0,0.03,0.03,0.0,0.03
2570,Wahbi Khazri,TUN,"FW,MF",Montpellier,33,1991,30,10,1118,12.4,1,1,2,1,0,0,4,0,2.3,2.3,2.2,4.4,24,33,53,0.08,0.08,0.16,0.08,0.16,0.19,0.18,0.37,0.19,0.37
2571,Abdukodir Khusanov,UZB,DF,Lens,20,2004,13,11,975,10.8,0,0,0,0,0,0,2,1,0.2,0.2,0.3,0.6,2,43,6,0.0,0.0,0.0,0.0,0.0,0.02,0.03,0.05,0.02,0.05
2572,Presnel Kimpembe,FRA,DF,Paris S-G,28,1995,2,0,23,0.3,0,0,0,0,0,0,0,0,0.0,0.0,0.0,0.0,0,1,0,0.0,0.0,0.0,0.0,0.0,0.0,0.0,0.0,0.0,0.0
2573,Joshua King,NOR,"FW,MF",Toulouse,32,1992,28,21,1673,18.6,6,3,9,6,0,0,2,0,6.6,6.6,2.0,8.7,39,29,108,0.32,0.16,0.48,0.32,0.48,0.36,0.11,0.47,0.36,0.47
2574,Cédric Kipré,CIV,DF,Reims,27,1996,28,26,2190,24.3,0,1,1,0,0,0,4,2,0.6,0.6,1.3,2.0,16,77,3,0.0,0.04,0.04,0.0,0.04,0.03,0.06,0.08,0.03,0.08
2575,Hervé Koffi,BFA,GK,Lens,27,1996,5,5,450,5.0,0,0,0,0,0,0,2,0,0.0,0.0,0.0,0.0,0,0,0,0.0,0.0,0.0,0.0,0.0,0.0,0.0,0.0,0.0,0.0
2576,Philipp Köhn,SUI,GK,Monaco,26,1998,19,19,1710,19.0,0,0,0,0,0,0,1,0,0.0,0.0,0.0,0.0,0,0,0,0.0,0.0,0.0,0.0,0.0,0.0,0.0,0.0,0.0,0.0
2577,Koka,EGY,FW,Le Havre,31,1993,16,10,851,9.5,3,1,4,2,1,1,2,0,4.9,4.2,0.6,4.8,0,12,20,0.32,0.11,0.42,0.21,0.32,0.52,0.07,0.59,0.44,0.51
2578,Randal Kolo Muani,FRA,FW,Paris S-G,25,1998,10,2,358,4.0,2,1,3,1,1,1,0,0,4.7,3.9,0.9,4.7,8,5,35,0.5,0.25,0.75,0.25,0.5,1.17,0.21,1.39,0.98,1.19
2579,Geoffrey Kondogbia,CTA,"DF,MF",Marseille,31,1993,25,22,2020,22.4,0,0,0,0,0,0,1,0,0.5,0.5,0.2,0.7,20,105,11,0.0,0.0,0.0,0.0,0.0,0.02,0.01,0.03,0.02,0.03
2580,Abdoul Koné,FRA,DF,Reims,19,2005,4,1,133,1.5,0,0,0,0,0,0,0,0,0.0,0.0,0.0,0.0,0,3,1,0.0,0.0,0.0,0.0,0.0,0.0,0.0,0.0,0.0,0.0
2581,Amadou Koné,MLI,MF,Reims,19,2005,24,17,1293,14.4,0,0,0,0,0,0,3,1,0.5,0.5,0.3,0.9,19,68,12,0.0,0.0,0.0,0.0,0.0,0.04,0.02,0.06,0.04,0.06
2582,Ismaël Koné,CAN,"MF,FW",Marseille,22,2002,8,3,360,4.0,0,0,0,0,0,0,0,0,0.3,0.3,0.4,0.6,2,10,10,0.0,0.0,0.0,0.0,0.0,0.07,0.09,0.16,0.07,0.16
2583,Ismaël Koné,CAN,MF,Rennes,22,2002,13,4,469,5.2,2,1,3,2,0,0,1,0,0.2,0.2,1.3,1.5,16,30,16,0.38,0.19,0.58,0.38,0.58,0.03,0.25,0.28,0.03,0.28
2584,Emmanuel Koum Mbondo,FRA,DF,Marseille,18,2006,1,0,12,0.1,0,0,0,0,0,0,0,0,0.0,0.0,0.0,0.0,0,0,0,0.0,0.0,0.0,0.0,0.0,0.0,0.0,0.0,0.0,0.0
2585,Boubakar Kouyaté,MLI,DF,Montpellier,27,1997,11,8,756,8.4,0,0,0,0,0,0,6,1,0.5,0.5,0.0,0.5,3,12,0,0.0,0.0,0.0,0.0,0.0,0.06,0.0,0.06,0.06,0.06
2586,Goduine Koyalipou,CTA,FW,Lens,24,2000,15,12,885,9.8,4,0,4,4,0,0,0,0,4.8,4.8,0.8,5.6,15,20,68,0.41,0.0,0.41,0.41,0.41,0.49,0.08,0.57,0.49,0.57
2587,Sael Kumbedi,FRA,DF,Lyon,19,2005,14,12,951,10.6,0,0,0,0,0,0,2,0,0.3,0.3,0.3,0.6,23,37,71,0.0,0.0,0.0,0.0,0.0,0.03,0.03,0.06,0.03,0.06
2588,Daler Kuzyaev,RUS,MF,Le Havre,31,1993,12,6,567,6.3,1,0,1,1,0,0,1,0,0.2,0.2,0.6,0.8,4,32,9,0.16,0.0,0.16,0.16,0.16,0.03,0.09,0.12,0.03,0.12
2589,Khvicha Kvaratskhelia,GEO,FW,Paris S-G,23,2001,14,11,916,10.2,4,3,7,4,0,0,0,0,3.3,3.3,4.9,8.2,50,43,131,0.39,0.29,0.69,0.39,0.69,0.32,0.48,0.8,0.32,0.8
2590,Rémy Labeau Lascary,GLP,"FW,MF",Lens,21,2003,14,6,637,7.1,2,1,3,2,0,0,5,0,2.5,2.5,1.1,3.6,17,7,71,0.28,0.14,0.42,0.28,0.42,0.36,0.15,0.51,0.36,0.51
2591,Gaëtan Laborde,FRA,FW,Nice,30,1994,28,20,1829,20.3,11,4,15,7,4,4,1,0,11.7,8.6,3.5,12.0,30,40,131,0.54,0.2,0.74,0.34,0.54,0.58,0.17,0.75,0.42,0.59
2592,Alexandre Lacazette,FRA,FW,Lyon,33,1991,30,24,2051,22.8,15,2,17,10,5,6,5,0,16.3,11.7,3.4,15.0,24,66,159,0.66,0.09,0.75,0.44,0.53,0.71,0.15,0.86,0.51,0.66
2593,Younes Lachaab,FRA,"MF,FW",Lille,19,2005,2,0,9,0.1,0,0,0,0,0,0,0,0,0.1,0.1,0.0,0.1,1,0,1,0.0,0.0,0.0,0.0,0.0,0.95,0.0,0.95,0.95,0.95
2594,Alban Lafont,FRA,GK,Nantes,25,1999,12,12,1080,12.0,0,0,0,0,0,0,1,0,0.0,0.0,0.0,0.0,0,0,0,0.0,0.0,0.0,0.0,0.0,0.0,0.0,0.0,0.0,0.0
2595,Kenny Lala,MAD,DF,Brest,32,1991,30,29,2686,29.8,3,2,5,0,3,3,5,0,3.0,0.6,4.3,4.9,58,138,91,0.1,0.07,0.17,0.0,0.07,0.1,0.14,0.24,0.02,0.17
2596,Mohamed Lamine Bayo,GUI,FW,Lille,26,1998,12,4,309,3.4,2,1,3,2,0,0,1,0,2.2,2.2,0.5,2.7,4,4,20,0.58,0.29,0.87,0.58,0.87,0.65,0.15,0.8,0.65,0.8
2597,Gautier Larsonneur,FRA,GK,Saint-Étienne,27,1997,34,34,3060,34.0,0,0,0,0,0,0,5,0,0.0,0.0,0.0,0.0,0,0,0,0.0,0.0,0.0,0.0,0.0,0.0,0.0,0.0,0.0,0.0
2598,Julien Le Cardinal,FRA,DF,Brest,26,1997,16,15,1378,15.3,0,1,1,0,0,0,3,0,0.4,0.4,0.3,0.7,7,39,1,0.0,0.07,0.07,0.0,0.07,0.03,0.02,0.05,0.03,0.05
2599,Jérémy Le Douaron,FRA,FW,Brest,26,1998,2,1,102,1.1,0,0,0,0,0,0,0,0,0.2,0.2,0.0,0.2,1,1,7,0.0,0.0,0.0,0.0,0.0,0.14,0.0,0.14,0.14,0.14
2600,Benjamin Lecomte,FRA,GK,Montpellier,33,1991,30,30,2700,30.0,0,0,0,0,0,0,0,0,0.0,0.0,0.1,0.1,0,1,0,0.0,0.0,0.0,0.0,0.0,0.0,0.0,0.0,0.0,0.0
2601,Pierre Lees-Melou,FRA,MF,Brest,31,1993,20,17,1526,17.0,2,2,4,2,0,0,7,0,1.3,1.3,2.8,4.0,23,105,36,0.12,0.12,0.24,0.12,0.24,0.07,0.16,0.24,0.07,0.24
2602,Jordan Lefort,FRA,DF,Angers,30,1993,34,34,3060,34.0,0,1,1,0,0,0,3,0,0.6,0.6,1.1,1.6,6,89,13,0.0,0.03,0.03,0.0,0.03,0.02,0.03,0.05,0.02,0.05
2603,Félix Lemaréchal,FRA,"MF,FW",Strasbourg,20,2003,27,20,1779,19.8,4,3,7,4,0,0,2,0,3.5,3.5,2.9,6.4,35,58,90,0.2,0.15,0.35,0.2,0.35,0.18,0.15,0.32,0.18,0.32
2604,Donovan Léon,GUF,GK,Auxerre,31,1992,32,32,2880,32.0,0,2,2,0,0,0,4,0,0.0,0.0,0.4,0.4,0,1,0,0.0,0.06,0.06,0.0,0.06,0.0,0.01,0.01,0.0,0.01
2605,Esteban Lepaul,FRA,FW,Angers,24,2000,28,18,1629,18.1,9,0,9,9,0,0,2,0,5.1,5.1,0.8,6.0,26,20,68,0.5,0.0,0.5,0.5,0.5,0.28,0.05,0.33,0.28,0.33
2606,Johann Lepenant,FRA,MF,Nantes,21,2002,29,23,2048,22.8,2,1,3,2,0,0,3,0,1.4,1.4,0.9,2.3,25,89,62,0.09,0.04,0.13,0.09,0.13,0.06,0.04,0.1,0.06,0.1
2607,Louis Leroux,FRA,"MF,DF",Nantes,18,2006,16,8,816,9.1,2,1,3,2,0,0,1,0,1.5,1.5,1.3,2.8,11,31,14,0.22,0.11,0.33,0.22,0.33,0.16,0.15,0.31,0.16,0.31
2608,Pol Lirola,ESP,DF,Marseille,26,1997,19,5,680,7.6,1,2,3,1,0,0,1,1,0.6,0.6,0.7,1.3,12,21,40,0.13,0.26,0.4,0.13,0.4,0.08,0.09,0.17,0.08,0.17
2609,Gautier Lloris,FRA,DF,Le Havre,29,1995,31,31,2768,30.8,2,1,3,2,0,0,5,0,1.2,1.2,0.9,2.0,13,99,7,0.07,0.03,0.1,0.07,0.1,0.04,0.03,0.07,0.04,0.07
2610,Bradley Locko,FRA,DF,Brest,22,2002,2,1,97,1.1,0,0,0,0,0,0,1,0,0.0,0.0,0.0,0.0,1,2,2,0.0,0.0,0.0,0.0,0.0,0.02,0.0,0.02,0.02,0.02
2611,Elysée Logbo,FRA,FW,Le Havre,20,2004,1,0,27,0.3,0,0,0,0,0,0,0,0,0.2,0.2,0.0,0.2,0,0,2,0.0,0.0,0.0,0.0,0.0,0.61,0.0,0.61,0.61,0.61
2612,Anthony Lopes,POR,GK,Nantes,33,1990,18,18,1563,17.4,0,0,0,0,0,0,2,0,0.0,0.0,0.0,0.0,0,0,0,0.0,0.0,0.0,0.0,0.0,0.0,0.0,0.0,0.0,0.0
2613,Jordan Lotomba,SUI,"MF,DF",Nice,25,1998,2,0,35,0.4,0,0,0,0,0,0,0,0,0.0,0.0,0.0,0.0,4,3,2,0.0,0.0,0.0,0.0,0.0,0.0,0.0,0.0,0.0,0.0
2614,Tom Louchet,FRA,"DF,MF",Nice,21,2003,22,7,775,8.6,1,0,1,1,0,0,1,0,0.8,0.8,1.2,1.9,19,36,37,0.12,0.0,0.12,0.12,0.12,0.09,0.14,0.22,0.09,0.22
2615,Milos Lukovic,SRB,"FW,MF",Strasbourg,18,2005,2,0,12,0.1,0,0,0,0,0,0,0,0,0.0,0.0,0.0,0.0,0,0,0,0.0,0.0,0.0,0.0,0.0,0.0,0.0,0.0,0.0,0.0
2616,Othmane Maamma,MAR,"FW,MF",Montpellier,18,2005,12,2,361,4.0,1,1,2,1,0,0,1,0,0.7,0.7,0.2,0.9,8,2,24,0.25,0.25,0.5,0.25,0.5,0.23,0.06,0.29,0.23,0.29
2617,Deiver Machado,COL,"DF,MF",Lens,30,1993,27,20,1805,20.1,1,4,5,1,0,0,7,2,2.3,2.3,2.1,4.3,42,45,80,0.05,0.2,0.25,0.05,0.25,0.11,0.1,0.22,0.11,0.22
2618,Lanroy Machine,FRA,FW,Angers,18,2005,2,0,8,0.1,0,0,0,0,0,0,0,0,0.1,0.1,0.0,0.1,0,0,1,0.0,0.0,0.0,0.0,0.0,0.62,0.0,0.62,0.62,0.62
2619,Yvann Macon,FRA,DF,Saint-Étienne,25,1998,12,10,790,8.8,0,0,0,0,0,0,4,0,0.3,0.3,0.2,0.5,25,46,40,0.0,0.0,0.0,0.0,0.0,0.04,0.03,0.07,0.04,0.07
2620,Eros Maddy,NED,DF,Auxerre,23,2001,2,0,15,0.2,0,0,0,0,0,0,1,0,0.0,0.0,0.1,0.1,1,1,4,0.0,0.0,0.0,0.0,0.0,0.0,0.52,0.52,0.0,0.52
2621,Soungoutou Magassa,FRA,MF,Monaco,20,2003,21,12,1025,11.4,0,1,1,0,0,0,5,1,0.5,0.5,0.9,1.4,6,63,11,0.0,0.09,0.09,0.0,0.09,0.04,0.08,0.12,0.04,0.12
2622,Hugo Magnetti,FRA,MF,Brest,26,1998,32,27,2323,25.8,1,0,1,1,0,0,5,0,0.8,0.8,0.4,1.2,21,80,20,0.04,0.0,0.04,0.04,0.04,0.03,0.02,0.05,0.03,0.05
2623,Frank Magri,CMR,"FW,MF",Toulouse,24,1999,31,17,1516,16.8,5,1,6,5,0,0,5,1,6.0,6.0,1.5,7.5,17,25,80,0.3,0.06,0.36,0.3,0.36,0.36,0.09,0.45,0.36,0.45
2624,Ainsley Maitland-Niles,ENG,DF,Lyon,26,1997,32,20,1985,22.1,1,4,5,1,0,0,1,0,2.9,2.9,3.4,6.4,33,102,110,0.05,0.18,0.23,0.05,0.23,0.13,0.16,0.29,0.13,0.29
2625,Radosław Majecki,POL,GK,Monaco,24,1999,15,15,1350,15.0,0,0,0,0,0,0,1,0,0.0,0.0,0.0,0.0,0,1,0,0.0,0.0,0.0,0.0,0.0,0.0,0.0,0.0,0.0,0.0
2626,Hamidou Makalou,MLI,"FW,MF",Brest,18,2006,4,0,32,0.4,0,0,0,0,0,0,0,0,0.0,0.0,0.0,0.0,1,2,0,0.0,0.0,0.0,0.0,0.0,0.0,0.0,0.0,0.0,0.0
2627,Nikola Maksimović,SRB,DF,Montpellier,32,1991,7,7,581,6.5,0,0,0,0,0,0,2,0,0.0,0.0,0.0,0.1,1,11,0,0.0,0.0,0.0,0.0,0.0,0.0,0.01,0.01,0.0,0.01
2628,Aaron Malouda,FRA,FW,Lille,18,2005,1,0,2,0.0,0,0,0,0,0,0,0,0,0.0,0.0,0.0,0.0,0,0,0,0.0,0.0,0.0,0.0,0.0,0.0,0.0,0.0,0.0,0.0
2629,Hianga Mananga Mbock,FRA,MF,Brest,24,1999,1,0,21,0.2,0,0,0,0,0,0,0,0,0.0,0.0,0.0,0.0,0,0,0,0.0,0.0,0.0,0.0,0.0,0.07,0.0,0.07,0.07,0.07
2630,Steve Mandanda,FRA,GK,Rennes,39,1985,18,17,1486,16.5,0,0,0,0,0,0,0,0,0.0,0.0,0.1,0.1,0,0,1,0.0,0.0,0.0,0.0,0.0,0.0,0.01,0.01,0.0,0.01
2631,Aïssa Mandi,ALG,DF,Lille,32,1991,24,20,1733,19.3,0,0,0,0,0,0,3,0,0.3,0.3,0.4,0.8,12,82,21,0.0,0.0,0.0,0.0,0.0,0.02,0.02,0.04,0.02,0.04
2632,Orel Mangala,BEL,MF,Lyon,26,1998,1,1,67,0.7,0,0,0,0,0,0,0,0,0.1,0.1,0.0,0.1,1,7,3,0.0,0.0,0.0,0.0,0.0,0.07,0.03,0.1,0.07,0.1
2633,Sekou Mara,FRA,"FW,MF",Strasbourg,22,2002,25,7,768,8.5,1,1,2,1,0,0,2,0,2.0,2.0,1.0,3.0,9,11,47,0.12,0.12,0.23,0.12,0.23,0.23,0.11,0.35,0.23,0.35
2634,Marquinhos,BRA,DF,Paris S-G,30,1994,22,19,1725,19.2,2,0,2,2,0,0,3,0,1.1,1.1,0.8,1.9,29,151,4,0.1,0.0,0.1,0.1,0.1,0.06,0.04,0.1,0.06,0.1
2635,Ange Martial Tia,MLI,"MF,DF",Reims,17,2006,6,2,171,1.9,0,0,0,0,0,0,0,0,1.3,1.3,0.0,1.3,2,8,9,0.0,0.0,0.0,0.0,0.0,0.68,0.01,0.7,0.68,0.7
2636,Jonas Martin,FRA,MF,Brest,34,1990,17,5,496,5.5,1,0,1,1,0,0,2,0,0.4,0.4,0.3,0.7,8,21,9,0.18,0.0,0.18,0.18,0.18,0.07,0.06,0.14,0.07,0.14
2637,Han-Noah Massengo,FRA,MF,Auxerre,23,2001,17,11,1046,11.6,0,0,0,0,0,0,5,0,0.4,0.4,0.4,0.8,13,28,13,0.0,0.0,0.0,0.0,0.0,0.03,0.03,0.07,0.03,0.07
2638,Clinton Mata,ANG,DF,Lyon,31,1992,29,27,2370,26.3,0,4,4,0,0,0,6,0,0.2,0.2,1.4,1.6,20,88,23,0.0,0.15,0.15,0.0,0.15,0.01,0.05,0.06,0.01,0.06
2639,Eliot Matazo,BEL,MF,Monaco,22,2002,3,1,68,0.8,0,0,0,0,0,0,0,0,0.0,0.0,0.1,0.1,0,7,3,0.0,0.0,0.0,0.0,0.0,0.0,0.08,0.08,0.0,0.08
2640,Nemanja Matić,SRB,MF,Lyon,35,1988,29,25,2010,22.3,0,1,1,0,0,0,1,0,0.1,0.1,1.3,1.3,35,150,15,0.0,0.04,0.04,0.0,0.04,0.0,0.06,0.06,0.0,0.06
2641,Rudy Matondo,FRA,MF,Auxerre,16,2008,5,0,66,0.7,0,0,0,0,0,0,1,0,0.0,0.0,0.0,0.0,1,2,1,0.0,0.0,0.0,0.0,0.0,0.0,0.0,0.0,0.0,0.0
2642,Azor Matusiwa,NED,MF,Rennes,26,1998,29,23,2078,23.1,1,3,4,1,0,0,3,0,1.2,1.2,1.8,3.1,19,134,26,0.04,0.13,0.17,0.04,0.17,0.05,0.08,0.13,0.05,0.13
2643,Neal Maupay,FRA,FW,Marseille,27,1996,22,13,1042,11.6,4,4,8,4,0,0,3,1,4.1,4.1,2.2,6.3,12,37,81,0.35,0.35,0.69,0.35,0.69,0.36,0.19,0.54,0.36,0.54
2644,Christian Mawissa,FRA,DF,Monaco,19,2005,22,17,1501,16.7,0,0,0,0,0,0,3,0,0.1,0.1,0.0,0.1,13,44,10,0.0,0.0,0.0,0.0,0.0,0.0,0.0,0.01,0.0,0.01
2645,Senny Mayulu,FRA,MF,Paris S-G,18,2006,20,8,808,9.0,2,2,4,2,0,0,1,0,2.9,2.9,2.1,4.9,29,46,56,0.22,0.22,0.45,0.22,0.45,0.32,0.23,0.55,0.32,0.55
2646,Ethan Mbappé,FRA,"MF,FW",Lille,17,2006,10,1,222,2.5,0,0,0,0,0,0,3,0,1.1,1.1,1.5,2.6,6,8,32,0.0,0.0,0.0,0.0,0.0,0.44,0.6,1.05,0.44,1.05
2647,Ibrahim Mbaye,FRA,"FW,MF",Paris S-G,16,2008,9,4,340,3.8,1,1,2,1,0,0,0,0,1.8,1.8,1.1,2.9,15,9,54,0.26,0.26,0.53,0.26,0.53,0.48,0.3,0.78,0.48,0.78
2648,Mark McKenzie,USA,DF,Toulouse,25,1999,30,29,2496,27.7,1,1,2,1,0,0,1,1,1.4,1.4,0.5,1.9,10,97,5,0.04,0.04,0.07,0.04,0.07,0.05,0.02,0.07,0.05,0.07
2649,Facundo Medina,ARG,DF,Lens,25,1999,29,29,2543,28.3,0,1,1,0,0,0,15,1,1.8,1.8,2.0,3.8,46,174,42,0.0,0.04,0.04,0.0,0.04,0.06,0.07,0.13,0.06,0.13
2650,Henrik Meister,DEN,FW,Rennes,20,2003,4,0,63,0.7,1,0,1,1,0,0,0,0,0.1,0.1,0.3,0.3,2,1,4,1.43,0.0,1.43,1.43,1.43,0.09,0.37,0.45,0.09,0.45
2651,Bamo Meïté,CIV,DF,Montpellier,22,2001,7,6,424,4.7,0,0,0,0,0,0,2,1,0.0,0.0,0.0,0.0,1,7,1,0.0,0.0,0.0,0.0,0.0,0.0,0.0,0.0,0.0,0.0
2652,Bamo Meïté,CIV,DF,Marseille,22,2001,3,0,26,0.3,0,0,0,0,0,0,0,0,0.0,0.0,0.0,0.0,0,0,0,0.0,0.0,0.0,0.0,0.0,0.0,0.0,0.0,0.0,0.0
2653,Mohamed Meité,FRA,FW,Rennes,16,2007,12,5,544,6.0,2,0,2,2,0,0,0,0,2.5,2.5,0.6,3.1,8,6,37,0.33,0.0,0.33,0.33,0.33,0.41,0.1,0.51,0.41,0.51
2654,Farid El Melali,ALG,FW,Angers,27,1997,32,22,1893,21.0,2,3,5,2,0,0,1,0,3.6,3.6,3.1,6.7,62,43,113,0.1,0.14,0.24,0.1,0.24,0.17,0.15,0.32,0.17,0.32
2655,Nuno Mendes,POR,DF,Paris S-G,22,2002,24,19,1676,18.6,1,3,4,1,0,0,3,0,2.2,2.2,5.0,7.2,58,127,108,0.05,0.16,0.21,0.05,0.21,0.12,0.27,0.39,0.12,0.39
2656,Antoine Mendy,SEN,DF,Nice,20,2004,18,8,825,9.2,0,0,0,0,0,0,2,0,0.6,0.6,0.1,0.7,12,35,15,0.0,0.0,0.0,0.0,0.0,0.06,0.01,0.07,0.06,0.07
2657,Nampalys Mendy,SEN,MF,Lens,32,1992,10,7,588,6.5,0,1,1,0,0,0,2,0,0.2,0.2,0.1,0.3,2,28,3,0.0,0.15,0.15,0.0,0.15,0.03,0.01,0.04,0.03,0.04
2658,Gideon Mensah,GHA,DF,Auxerre,26,1998,29,26,2280,25.3,0,1,1,0,0,0,2,0,0.2,0.2,2.6,2.8,52,93,101,0.0,0.04,0.04,0.0,0.04,0.01,0.1,0.11,0.01,0.11
2659,Quentin Merlin,FRA,DF,Marseille,22,2002,27,21,1589,17.7,1,3,4,1,0,0,1,0,2.1,2.1,3.0,5.0,40,86,169,0.06,0.17,0.23,0.06,0.23,0.12,0.17,0.28,0.12,0.28
2660,Rafik Messali,FRA,DF,Toulouse,21,2003,13,5,456,5.1,0,1,1,0,0,0,0,0,0.3,0.3,1.0,1.3,13,21,29,0.0,0.2,0.2,0.0,0.2,0.05,0.2,0.25,0.05,0.25
2661,Thomas Meunier,BEL,DF,Lille,32,1991,30,21,1928,21.4,2,0,2,2,0,0,5,0,1.9,1.9,0.7,2.5,64,136,148,0.09,0.0,0.09,0.09,0.09,0.09,0.03,0.12,0.09,0.12
2662,Lucas Michal,FRA,"FW,MF",Monaco,19,2005,8,0,117,1.3,0,0,0,0,0,0,0,0,0.2,0.2,0.9,1.1,4,4,11,0.0,0.0,0.0,0.0,0.0,0.17,0.7,0.87,0.17,0.87
2663,Georges Mikautadze,GEO,FW,Lyon,23,2000,34,13,1449,16.1,11,6,17,8,3,4,2,0,10.3,7.0,4.3,11.4,37,54,140,0.68,0.37,1.06,0.5,0.87,0.64,0.27,0.91,0.44,0.71
2664,Igor Miladinović,SRB,"FW,MF",Saint-Étienne,21,2003,3,0,26,0.3,0,0,0,0,0,0,0,0,0.0,0.0,0.0,0.0,0,1,1,0.0,0.0,0.0,0.0,0.0,0.0,0.0,0.0,0.0,0.0
2665,Takumi Minamino,JPN,"MF,FW",Monaco,29,1995,31,27,2231,24.8,6,3,9,6,0,0,4,0,8.9,8.9,6.6,15.5,51,114,193,0.24,0.12,0.36,0.24,0.36,0.36,0.26,0.62,0.36,0.62
2666,Lucas Mincarelli,FRA,DF,Montpellier,20,2004,10,8,715,7.9,1,0,1,1,0,0,0,0,0.6,0.6,0.3,0.9,15,25,16,0.13,0.0,0.13,0.13,0.13,0.08,0.03,0.11,0.08,0.11
2667,Terem Moffi,NGA,FW,Nice,25,1999,5,0,58,0.6,1,0,1,1,0,0,0,0,2.3,2.3,0.0,2.3,1,1,4,1.55,0.0,1.55,1.55,1.55,3.53,0.0,3.53,3.53,3.53
2668,Mostafa Mohamed,EGY,FW,Nantes,26,1997,30,11,1252,13.9,5,0,5,5,0,0,3,0,5.5,5.5,0.4,5.9,11,20,50,0.36,0.0,0.36,0.36,0.36,0.4,0.03,0.43,0.4,0.43
2669,Florent Mollet,FRA,"MF,FW",Nantes,32,1991,9,3,242,2.7,0,0,0,0,0,0,1,0,0.3,0.3,0.3,0.7,3,9,12,0.0,0.0,0.0,0.0,0.0,0.12,0.13,0.24,0.12,0.24
2670,Diego Moreira,POR,"DF,MF",Strasbourg,19,2004,32,29,2568,28.5,2,7,9,2,0,0,4,1,2.0,2.0,7.3,9.3,99,87,245,0.07,0.25,0.32,0.07,0.32,0.07,0.25,0.33,0.07,0.33
2671,Gabriel Moscardo,BRA,"MF,DF",Reims,18,2005,6,0,84,0.9,0,0,0,0,0,0,1,0,0.2,0.2,0.0,0.2,1,3,3,0.0,0.0,0.0,0.0,0.0,0.22,0.0,0.22,0.22,0.22
2672,Yael Mouanga,FRA,DF,Montpellier,19,2005,14,10,946,10.5,0,0,0,0,0,0,3,0,0.1,0.1,0.2,0.3,4,22,2,0.0,0.0,0.0,0.0,0.0,0.01,0.02,0.03,0.01,0.03
2673,Aimen Moueffek,FRA,MF,Saint-Étienne,23,2001,22,13,1039,11.5,0,1,1,0,0,0,2,0,1.1,1.1,1.1,2.2,20,43,31,0.0,0.09,0.09,0.0,0.09,0.09,0.1,0.19,0.09,0.19
2674,Youssoufa Moukoko,GER,"FW,MF",Nice,19,2004,11,2,204,2.3,2,1,3,2,0,0,0,0,2.2,2.2,0.8,3.0,2,6,12,0.88,0.44,1.32,0.88,1.32,0.96,0.36,1.32,0.96,1.32
2675,Louis Mouton,FRA,MF,Saint-Étienne,22,2002,24,12,1045,11.6,0,1,1,0,0,0,2,0,1.3,1.3,1.3,2.6,18,54,51,0.0,0.09,0.09,0.0,0.09,0.11,0.11,0.22,0.11,0.22
2676,Ngal'Ayel Mukau,COD,MF,Lille,19,2004,22,14,1190,13.2,0,1,1,0,0,0,4,0,0.8,0.8,0.7,1.5,19,57,43,0.0,0.08,0.08,0.0,0.08,0.06,0.05,0.11,0.06,0.11
2677,Marshall Munetsi,ZIM,MF,Reims,28,1996,19,19,1692,18.8,4,2,6,4,0,0,5,0,4.0,4.0,2.0,5.9,8,26,48,0.21,0.11,0.32,0.21,0.32,0.21,0.11,0.32,0.21,0.32
2678,Almoatasem Al Musrati,LBY,MF,Monaco,28,1996,10,3,386,4.3,1,1,2,1,0,0,0,0,0.5,0.5,0.4,0.9,2,41,5,0.23,0.23,0.47,0.23,0.47,0.11,0.1,0.21,0.11,0.21
2679,Junior Mwanga,FRA,MF,Le Havre,21,2003,11,11,952,10.6,1,2,3,1,0,0,1,1,1.3,1.3,1.0,2.3,15,42,15,0.09,0.19,0.28,0.09,0.28,0.12,0.1,0.22,0.12,0.22
2680,Junior Mwanga,FRA,MF,Strasbourg,21,2003,8,2,296,3.3,0,0,0,0,0,0,0,0,0.0,0.0,0.0,0.0,2,10,2,0.0,0.0,0.0,0.0,0.0,0.0,0.01,0.01,0.0,0.01
2681,Loïc N'Gatta,FRA,DF,Auxerre,20,2003,2,0,13,0.1,0,0,0,0,0,0,1,0,0.0,0.0,0.0,0.0,2,1,0,0.0,0.0,0.0,0.0,0.0,0.0,0.0,0.0,0.0,0.0
2682,Djylian N'Guessan,FRA,FW,Saint-Étienne,15,2008,8,3,181,2.0,0,0,0,0,0,0,0,0,0.4,0.4,0.1,0.5,1,9,16,0.0,0.0,0.0,0.0,0.0,0.2,0.07,0.27,0.2,0.27
2683,Mickael Nade,FRA,DF,Saint-Étienne,25,1999,26,25,2306,25.6,1,2,3,1,0,0,1,0,0.7,0.7,0.6,1.3,17,72,2,0.04,0.08,0.12,0.04,0.12,0.03,0.02,0.05,0.03,0.05
2684,Bilal Nadir,MAR,MF,Marseille,20,2003,15,5,383,4.3,1,0,1,1,0,0,2,0,0.6,0.6,0.4,1.0,18,18,25,0.23,0.0,0.23,0.23,0.23,0.14,0.1,0.24,0.14,0.24
2685,Mahamadou Nagida,CMR,DF,Rennes,19,2005,12,4,430,4.8,2,0,2,2,0,0,1,0,1.5,1.5,0.3,1.8,22,15,55,0.42,0.0,0.42,0.42,0.42,0.31,0.07,0.38,0.31,0.38
2686,Keito Nakamura,JPN,"FW,MF",Reims,24,2000,32,31,2649,29.4,11,2,13,11,0,0,5,0,9.1,9.1,2.9,12.1,90,82,197,0.37,0.07,0.44,0.37,0.44,0.31,0.1,0.41,0.31,0.41
2687,Sebastian Nanasi,SWE,"MF,FW",Strasbourg,22,2002,31,26,2107,23.4,6,4,10,6,0,0,1,0,6.5,6.5,4.9,11.4,53,126,127,0.26,0.17,0.43,0.26,0.43,0.28,0.21,0.49,0.28,0.49
2688,Yael Nandjou,FRA,DF,Nice,19,2005,3,2,154,1.7,0,0,0,0,0,0,0,0,0.2,0.2,0.7,1.0,2,3,9,0.0,0.0,0.0,0.0,0.0,0.13,0.44,0.57,0.13,0.57
2689,Youssouf Ndayishimiye,BDI,DF,Nice,25,1998,23,22,1932,21.5,3,0,3,3,0,0,5,0,0.9,0.9,0.2,1.1,17,86,9,0.14,0.0,0.14,0.14,0.14,0.04,0.01,0.05,0.04,0.05
2690,Junior Ndiaye,FRA,FW,Montpellier,19,2005,15,4,441,4.9,0,0,0,0,0,0,0,0,0.5,0.5,0.4,0.9,5,7,26,0.0,0.0,0.0,0.0,0.0,0.1,0.09,0.19,0.1,0.19
2691,Rassoul Ndiaye,SEN,MF,Le Havre,22,2001,27,11,1061,11.8,1,0,1,1,0,0,2,0,1.7,1.7,0.6,2.4,6,46,30,0.08,0.0,0.08,0.08,0.08,0.15,0.05,0.2,0.15,0.2
2692,Wilfried Ndollo,CMR,DF,Montpellier,19,2005,8,3,401,4.5,0,0,0,0,0,0,0,0,0.0,0.0,0.0,0.0,5,7,18,0.0,0.0,0.0,0.0,0.0,0.0,0.01,0.01,0.0,0.01
2693,Tanguy Ndombele,FRA,MF,Nice,27,1996,18,12,1131,12.6,1,2,3,1,0,0,2,0,2.4,2.4,2.4,4.8,22,61,36,0.08,0.16,0.24,0.08,0.24,0.19,0.19,0.38,0.19,0.38
2694,Loïc Nego,HUN,"DF,FW",Le Havre,33,1991,31,28,2459,27.3,0,0,0,0,0,0,4,0,0.8,0.8,0.7,1.4,64,102,123,0.0,0.0,0.0,0.0,0.0,0.03,0.03,0.05,0.03,0.05
2695,João Neves,POR,"MF,DF",Paris S-G,19,2004,29,22,1844,20.5,3,8,11,3,0,0,1,0,3.0,3.0,4.0,7.0,35,144,80,0.15,0.39,0.54,0.15,0.54,0.15,0.2,0.34,0.15,0.34
2696,Mikayil Ngor Faye,SEN,DF,Rennes,20,2004,11,7,688,7.6,0,0,0,0,0,0,1,1,0.4,0.4,0.0,0.4,12,35,4,0.0,0.0,0.0,0.0,0.0,0.05,0.0,0.05,0.05,0.05
2697,Steve Ngoura,FRA,FW,Le Havre,19,2005,8,2,289,3.2,0,0,0,0,0,0,0,0,1.3,1.3,0.4,1.7,3,8,19,0.0,0.0,0.0,0.0,0.0,0.4,0.14,0.54,0.4,0.54
2698,Bernard Nguene,CMR,FW,Nice,17,2006,1,0,13,0.1,0,0,0,0,0,0,0,0,0.0,0.0,0.0,0.0,0,0,1,0.0,0.0,0.0,0.0,0.0,0.0,0.0,0.0,0.0,0.0
2699,Moussa Niakhate,SEN,DF,Lyon,28,1996,31,30,2726,30.3,0,0,0,0,0,0,2,0,0.1,0.1,1.0,1.1,34,111,5,0.0,0.0,0.0,0.0,0.0,0.0,0.03,0.04,0.0,0.04
2700,Abdoulaye Niakhate Ndiaye,SEN,DF,Brest,22,2002,22,19,1707,19.0,1,0,1,1,0,0,4,1,1.0,1.0,0.0,1.0,5,39,4,0.05,0.0,0.05,0.05,0.05,0.05,0.0,0.05,0.05,0.05
2701,Ibrahima Niane,SEN,FW,Angers,25,1999,24,8,943,10.5,3,1,4,2,1,1,0,0,5.7,4.9,1.0,6.0,19,9,50,0.29,0.1,0.38,0.19,0.29,0.55,0.1,0.64,0.47,0.57
2702,Rasmus Nicolaisen,DEN,DF,Toulouse,27,1997,7,7,623,6.9,0,1,1,0,0,0,0,0,0.4,0.4,0.2,0.7,3,27,2,0.0,0.14,0.14,0.0,0.14,0.06,0.03,0.1,0.06,0.1
2703,Arnaud Nordin,FRA,FW,Montpellier,26,1998,16,14,1166,13.0,4,1,5,3,1,2,2,0,4.1,2.5,0.9,3.4,51,23,111,0.31,0.08,0.39,0.23,0.31,0.32,0.07,0.39,0.19,0.26
2704,Plamedi Nsingi,CON,MF,Nantes,23,2000,1,0,16,0.2,0,0,0,0,0,0,0,0,0.2,0.2,0.0,0.2,0,0,0,0.0,0.0,0.0,0.0,0.0,1.21,0.0,1.21,1.21,1.21
2705,Ernest Nuamah,GHA,"FW,MF",Lyon,20,2003,23,13,1052,11.7,3,1,4,3,0,0,2,0,2.2,2.2,1.5,3.7,44,33,131,0.26,0.09,0.34,0.26,0.34,0.19,0.13,0.32,0.19,0.32
2706,Rabby Nzingoula,CGO,MF,Montpellier,18,2005,27,20,1689,18.8,1,0,1,1,0,0,11,0,1.0,1.0,1.6,2.6,25,40,38,0.05,0.0,0.05,0.05,0.05,0.06,0.09,0.14,0.06,0.14
2707,M'Bala Nzola,ANG,FW,Lens,27,1996,21,16,1460,16.2,6,1,7,6,0,0,3,1,8.6,8.6,1.3,9.9,26,22,118,0.37,0.06,0.43,0.37,0.43,0.53,0.08,0.61,0.53,0.61
2708,Marwann Nzuzi,FRA,DF,Saint-Étienne,20,2004,2,2,125,1.4,0,0,0,0,0,0,2,0,0.0,0.0,0.1,0.1,2,2,5,0.0,0.0,0.0,0.0,0.0,0.02,0.05,0.08,0.02,0.08
2709,Hamzat Ojediran,NGA,"MF,FW",Lens,20,2003,17,1,416,4.6,1,0,1,1,0,0,5,0,0.6,0.6,0.4,1.0,4,22,2,0.22,0.0,0.22,0.22,0.22,0.12,0.09,0.22,0.12,0.22
2710,Joseph Okumu,KEN,DF,Reims,27,1997,22,20,1695,18.8,1,0,1,1,0,0,5,1,1.0,1.0,0.1,1.2,18,116,1,0.05,0.0,0.05,0.05,0.05,0.05,0.01,0.06,0.05,0.06
2711,Kazeem Olaigbe,BEL,"MF,FW",Rennes,21,2003,10,3,299,3.3,0,2,2,0,0,0,0,0,0.3,0.3,1.9,2.2,17,18,32,0.0,0.6,0.6,0.0,0.6,0.09,0.57,0.67,0.09,0.67
2712,Ben Old,NZL,"FW,MF",Saint-Étienne,21,2002,13,4,528,5.9,0,0,0,0,0,0,0,0,1.0,1.0,0.8,1.8,16,14,48,0.0,0.0,0.0,0.0,0.0,0.17,0.14,0.31,0.17,0.31
2713,Warmed Omari,COM,DF,Lyon,24,2000,1,0,8,0.1,0,0,0,0,0,0,0,0,0.0,0.0,0.0,0.0,0,0,0,0.0,0.0,0.0,0.0,0.0,0.0,0.0,0.0,0.0,0.0
2714,Becir Omeragic,SUI,DF,Montpellier,22,2002,22,21,1799,20.0,0,0,0,0,0,0,1,0,0.3,0.3,0.1,0.4,21,51,3,0.0,0.0,0.0,0.0,0.0,0.01,0.01,0.02,0.01,0.02
2715,Andrew Omobamidele,IRL,DF,Strasbourg,22,2002,10,6,539,6.0,0,0,0,0,0,0,5,1,0.0,0.0,0.0,0.0,0,9,0,0.0,0.0,0.0,0.0,0.0,0.0,0.0,0.0,0.0,0.0
2716,Ado Onaiwu,JPN,"MF,FW",Auxerre,28,1995,31,9,957,10.6,4,1,5,4,0,0,1,1,4.0,4.0,1.1,5.1,17,33,74,0.38,0.09,0.47,0.38,0.47,0.37,0.1,0.47,0.37,0.47
2717,Christopher Operi,CIV,"DF,FW",Le Havre,27,1997,13,13,1169,13.0,0,2,2,0,0,0,2,1,0.3,0.3,2.2,2.5,28,52,65,0.0,0.15,0.15,0.0,0.15,0.02,0.17,0.19,0.02,0.19
2718,Fredrik Oppegard,NOR,DF,Auxerre,21,2002,9,2,273,3.0,0,0,0,0,0,0,0,0,0.1,0.1,0.1,0.2,5,7,11,0.0,0.0,0.0,0.0,0.0,0.04,0.03,0.07,0.04,0.07
2719,Victor Orakpo,NGA,FW,Nice,18,2006,4,0,36,0.4,0,0,0,0,0,0,0,0,0.3,0.3,0.0,0.3,2,1,4,0.0,0.0,0.0,0.0,0.0,0.81,0.0,0.81,0.81,0.81
2720,Ike Orazi,IRL,MF,Reims,17,2007,1,0,3,0.0,0,0,0,0,0,0,0,0,0.0,0.0,0.0,0.0,1,0,1,0.0,0.0,0.0,0.0,0.0,0.0,0.0,0.0,0.0,0.0
2721,Gift Orban,NGA,"FW,DF",Lyon,22,2002,3,2,186,2.1,2,0,2,2,0,0,1,0,1.2,1.2,0.0,1.2,1,2,12,0.97,0.0,0.97,0.97,0.97,0.59,0.01,0.6,0.59,0.6
2722,Gabriel Osho,NGA,DF,Auxerre,25,1998,20,20,1654,18.4,1,0,1,1,0,0,1,1,1.0,1.0,0.1,1.1,12,43,2,0.05,0.0,0.05,0.05,0.05,0.05,0.01,0.06,0.05,0.06
2723,Jibril Othman,TUN,FW,Saint-Étienne,20,2004,1,0,5,0.1,0,0,0,0,0,0,0,0,0.0,0.0,0.0,0.0,0,0,0,0.0,0.0,0.0,0.0,0.0,0.0,0.0,0.0,0.0,0.0
2724,Guimissongui Ouattara,FRA,"DF,FW",Strasbourg,18,2005,17,3,471,5.2,1,1,2,1,0,0,1,0,0.3,0.3,0.5,0.8,7,18,14,0.19,0.19,0.38,0.19,0.38,0.06,0.1,0.16,0.06,0.16
2725,Kassoum Ouattara,FRA,"DF,FW",Monaco,19,2004,12,5,391,4.3,0,1,1,0,0,0,2,0,0.2,0.2,1.2,1.4,15,16,35,0.0,0.23,0.23,0.0,0.23,0.04,0.28,0.31,0.04,0.31
2726,Zinédine Ould Khaled,FRA,MF,Angers,24,2000,10,4,343,3.8,0,0,0,0,0,0,1,0,0.0,0.0,0.0,0.0,2,11,5,0.0,0.0,0.0,0.0,0.0,0.01,0.0,0.01,0.01,0.01
2727,Beres Owusu,FRA,DF,Saint-Étienne,20,2003,1,1,90,1.0,0,0,0,0,0,0,0,0,0.0,0.0,0.0,0.0,0,3,0,0.0,0.0,0.0,0.0,0.0,0.0,0.03,0.03,0.0,0.03
2728,Elisha Owusu,GHA,MF,Auxerre,26,1997,28,28,2344,26.0,1,3,4,1,0,0,7,0,0.4,0.4,1.0,1.4,8,78,33,0.04,0.12,0.15,0.04,0.15,0.01,0.04,0.05,0.01,0.05
2729,Willian Pacho,ECU,DF,Paris S-G,22,2001,28,23,2132,23.7,0,1,1,0,0,0,2,0,0.3,0.3,0.3,0.6,3,53,1,0.0,0.04,0.04,0.0,0.04,0.01,0.01,0.02,0.01,0.02
2730,Nicolas Pallois,FRA,DF,Nantes,36,1987,26,23,2017,22.4,0,2,2,0,0,0,9,0,0.4,0.4,0.4,0.8,6,52,5,0.0,0.09,0.09,0.0,0.09,0.02,0.02,0.04,0.02,0.04
2731,Nicolas Pays,FRA,"FW,MF",Montpellier,20,2003,9,4,447,5.0,0,0,0,0,0,0,0,0,1.3,1.3,0.1,1.5,21,14,53,0.0,0.0,0.0,0.0,0.0,0.27,0.03,0.29,0.27,0.29
2732,Kévin Pedro,FRA,DF,Saint-Étienne,18,2006,1,0,10,0.1,0,0,0,0,0,0,0,0,0.0,0.0,0.0,0.0,2,0,1,0.0,0.0,0.0,0.0,0.0,0.0,0.0,0.0,0.0,0.0
2733,Jordan Pefok,USA,FW,Reims,28,1996,7,6,380,4.2,1,0,1,1,0,0,0,0,0.9,0.9,0.7,1.6,3,4,7,0.24,0.0,0.24,0.24,0.24,0.21,0.17,0.38,0.21,0.38
2734,Théo Pellenard,FRA,DF,Auxerre,30,1994,2,0,45,0.5,0,0,0,0,0,0,0,0,0.0,0.0,0.0,0.0,1,1,1,0.0,0.0,0.0,0.0,0.0,0.0,0.0,0.0,0.0,0.0
2735,Timothee Pembele,FRA,DF,Le Havre,21,2002,20,12,1113,12.4,1,0,1,1,0,0,3,0,1.3,1.3,0.1,1.4,27,43,44,0.08,0.0,0.08,0.08,0.08,0.1,0.01,0.11,0.1,0.11
2736,Faris Pemi Moumbagna,CMR,FW,Marseille,24,2000,1,0,8,0.1,0,0,0,0,0,0,0,0,0.0,0.0,0.0,0.0,0,0,0,0.0,0.0,0.0,0.0,0.0,0.0,0.0,0.0,0.0,0.0
2737,Óscar Perea,COL,"MF,DF",Strasbourg,18,2005,2,0,14,0.2,0,0,0,0,0,0,0,0,0.0,0.0,0.0,0.0,1,2,4,0.0,0.0,0.0,0.0,0.0,0.09,0.0,0.09,0.09,0.09
2738,Mathias Pereira Lage,POR,"FW,MF",Brest,27,1996,29,18,1571,17.5,2,7,9,2,0,0,4,0,3.3,3.3,3.5,6.8,32,41,100,0.11,0.4,0.52,0.11,0.52,0.19,0.2,0.39,0.19,0.39
2739,Lucas Perri,BRA,GK,Lyon,26,1997,33,33,2970,33.0,0,0,0,0,0,0,1,0,0.0,0.0,0.0,0.0,0,0,0,0.0,0.0,0.0,0.0,0.0,0.0,0.0,0.0,0.0,0.0
2740,Gaëtan Perrin,FRA,"MF,FW",Auxerre,28,1996,34,31,2691,29.9,10,11,21,10,0,0,2,0,6.1,6.1,7.8,13.9,83,142,125,0.33,0.37,0.7,0.33,0.7,0.2,0.26,0.47,0.2,0.47
2741,Prosper Peter,NGA,"MF,FW",Angers,16,2007,2,0,27,0.3,0,0,0,0,0,0,0,0,0.0,0.0,0.0,0.0,0,0,1,0.0,0.0,0.0,0.0,0.0,0.0,0.0,0.0,0.0,0.0
2742,Léo Pétrot,FRA,DF,Saint-Étienne,27,1997,31,29,2634,29.3,0,3,3,0,0,0,4,0,0.6,0.6,1.6,2.2,28,93,100,0.0,0.1,0.1,0.0,0.1,0.02,0.06,0.08,0.02,0.08
2743,Đorđe Petrović,SRB,GK,Strasbourg,24,1999,31,31,2790,31.0,0,0,0,0,0,0,2,0,0.0,0.0,0.0,0.0,1,1,0,0.0,0.0,0.0,0.0,0.0,0.0,0.0,0.0,0.0,0.0
2744,Tom Pouilly,FRA,"DF,MF",Lens,21,2003,10,2,273,3.0,0,0,0,0,0,0,1,0,0.4,0.4,0.4,0.9,12,11,34,0.0,0.0,0.0,0.0,0.0,0.14,0.15,0.28,0.14,0.28
2745,Adrien Rabiot,FRA,MF,Marseille,29,1995,29,27,2485,27.6,9,4,13,9,0,0,4,0,7.3,7.3,3.8,11.1,79,168,174,0.33,0.14,0.47,0.33,0.47,0.26,0.14,0.4,0.26,0.4
2746,Gonçalo Ramos,POR,FW,Paris S-G,23,2001,22,12,1066,11.8,10,3,13,8,2,3,1,0,13.6,11.3,2.2,13.4,11,24,63,0.84,0.25,1.1,0.68,0.93,1.15,0.18,1.33,0.95,1.13
2747,Lilian Raolisoa,FRA,"DF,FW",Angers,24,2000,29,14,1318,14.6,0,3,3,0,0,0,1,2,0.7,0.7,2.0,2.7,33,47,62,0.0,0.2,0.2,0.0,0.2,0.05,0.13,0.18,0.05,0.18
2748,Rayan Raveloson,MAD,"MF,DF",Auxerre,27,1997,13,7,724,8.0,1,0,1,1,0,0,3,0,0.8,0.8,0.2,1.0,5,31,12,0.12,0.0,0.12,0.12,0.12,0.1,0.02,0.12,0.1,0.12
2749,Guillaume Restes,FRA,GK,Toulouse,19,2005,29,29,2543,28.3,0,1,1,0,0,0,2,0,0.0,0.0,0.1,0.1,0,0,0,0.0,0.04,0.04,0.0,0.04,0.0,0.0,0.0,0.0,0.0
2750,Alexsandro Ribeiro,BRA,DF,Lille,24,1999,30,30,2700,30.0,1,1,2,1,0,0,10,0,1.6,1.6,0.4,2.0,25,178,8,0.03,0.03,0.07,0.03,0.07,0.05,0.01,0.07,0.05,0.07
2751,Alejandro Rodriguez,POR,MF,Lyon,16,2008,1,0,20,0.2,0,0,0,0,0,0,0,0,0.0,0.0,0.0,0.0,0,0,1,0.0,0.0,0.0,0.0,0.0,0.0,0.0,0.0,0.0,0.0
2752,Valentin Rongier,FRA,"MF,DF",Marseille,29,1994,25,17,1562,17.4,3,1,4,3,0,0,5,0,1.0,1.0,1.1,2.1,25,110,28,0.17,0.06,0.23,0.17,0.23,0.06,0.06,0.12,0.06,0.12
2753,Pablo Rosario,DOM,"MF,DF",Nice,27,1997,29,21,1775,19.7,3,1,4,2,1,1,6,1,3.8,3.0,0.6,3.5,17,89,25,0.15,0.05,0.2,0.1,0.15,0.19,0.03,0.22,0.15,0.18
2754,Anthony Rouault,FRA,DF,Rennes,23,2001,11,11,972,10.8,0,0,0,0,0,0,3,0,0.5,0.5,0.0,0.5,3,36,0,0.0,0.0,0.0,0.0,0.0,0.05,0.0,0.05,0.05,0.05
2755,Jon Rowe,ENG,"FW,MF",Marseille,21,2003,28,6,807,9.0,3,3,6,3,0,0,2,0,3.5,3.5,4.5,8.0,30,31,96,0.33,0.33,0.67,0.33,0.67,0.39,0.5,0.89,0.39,0.89
2756,Fabián Ruiz Peña,ESP,MF,Paris S-G,28,1996,30,21,1923,21.4,4,5,9,4,0,0,1,0,4.3,4.3,4.7,9.0,47,205,92,0.19,0.23,0.42,0.19,0.42,0.2,0.22,0.42,0.2,0.42
2757,Gerónimo Rulli,ARG,GK,Marseille,32,1992,34,34,3060,34.0,0,0,0,0,0,0,1,0,0.0,0.0,0.1,0.1,0,1,0,0.0,0.0,0.0,0.0,0.0,0.0,0.0,0.0,0.0,0.0
2758,Mathew Ryan,AUS,GK,Lens,32,1992,14,14,1260,14.0,0,0,0,0,0,0,0,0,0.0,0.0,0.0,0.0,0,0,0,0.0,0.0,0.0,0.0,0.0,0.0,0.0,0.0,0.0,0.0
2759,Emmanuel Sabbi,USA,"FW,MF",Le Havre,26,1997,15,7,653,7.3,0,0,0,0,0,0,1,0,1.9,1.9,0.6,2.5,11,15,39,0.0,0.0,0.0,0.0,0.0,0.27,0.08,0.35,0.27,0.35
2760,Falaye Sacko,MLI,DF,Montpellier,29,1995,16,14,1233,13.7,0,1,1,0,0,0,1,0,0.0,0.0,0.2,0.2,21,59,34,0.0,0.07,0.07,0.0,0.07,0.0,0.01,0.01,0.0,0.01
2761,Matvei Safonov,RUS,GK,Paris S-G,25,1999,10,9,879,9.8,0,0,0,0,0,0,0,0,0.0,0.0,0.0,0.0,0,0,0,0.0,0.0,0.0,0.0,0.0,0.0,0.0,0.0,0.0,0.0
2762,Modibo Sagnan,MLI,DF,Montpellier,25,1999,27,24,2141,23.8,2,0,2,2,0,0,10,0,0.7,0.7,0.6,1.3,13,51,3,0.08,0.0,0.08,0.08,0.08,0.03,0.03,0.06,0.03,0.06
2763,Osame Sahraoui,MAR,"FW,MF",Lille,23,2001,30,10,1293,14.4,3,3,6,3,0,0,1,0,2.9,2.9,3.6,6.5,69,89,159,0.21,0.21,0.42,0.21,0.42,0.2,0.25,0.45,0.2,0.45
2764,Wesley Saïd,FRA,FW,Lens,29,1995,24,11,905,10.1,3,0,3,3,0,0,4,0,3.2,3.2,1.0,4.2,16,24,53,0.3,0.0,0.3,0.3,0.3,0.32,0.1,0.42,0.32,0.42
2765,Théo Sainte-Luce,FRA,DF,Montpellier,25,1998,16,11,1018,11.3,1,0,1,1,0,0,3,0,1.0,1.0,0.8,1.8,19,22,33,0.09,0.0,0.09,0.09,0.09,0.1,0.07,0.17,0.1,0.17
2766,Ibrahim Salah,MAR,FW,Brest,22,2001,12,4,358,4.0,1,1,2,1,0,0,0,0,0.6,0.6,0.6,1.1,15,7,40,0.25,0.25,0.5,0.25,0.5,0.15,0.14,0.29,0.15,0.29
2767,Amine Salama,FRA,FW,Reims,24,2000,17,2,373,4.1,0,0,0,0,0,0,0,0,0.7,0.7,0.3,1.0,12,9,28,0.0,0.0,0.0,0.0,0.0,0.17,0.08,0.25,0.17,0.25
2768,Mohammed Salisu,GHA,DF,Monaco,25,1999,15,11,1023,11.4,1,0,1,1,0,0,2,0,0.8,0.8,0.1,0.8,8,68,3,0.09,0.0,0.09,0.09,0.09,0.07,0.0,0.07,0.07,0.07
2769,Yoann Salmier,GUF,DF,Le Havre,31,1992,13,9,797,8.9,0,0,0,0,0,0,3,0,0.8,0.8,0.2,1.1,7,24,1,0.0,0.0,0.0,0.0,0.0,0.1,0.02,0.12,0.1,0.12
2770,Mama Samba Baldé,GNB,FW,Lyon,28,1995,2,0,33,0.4,0,0,0,0,0,0,0,0,0.1,0.1,0.0,0.1,1,1,2,0.0,0.0,0.0,0.0,0.0,0.31,0.0,0.31,0.31,0.31
2771,Mama Samba Baldé,GNB,FW,Brest,28,1995,27,12,1149,12.8,2,3,5,2,0,0,4,0,3.0,3.0,2.1,5.1,35,22,100,0.16,0.23,0.39,0.16,0.39,0.24,0.17,0.4,0.24,0.4
2772,Brice Samba,FRA,GK,Rennes,30,1994,17,17,1529,17.0,0,0,0,0,0,0,3,0,0.0,0.0,0.0,0.0,0,1,0,0.0,0.0,0.0,0.0,0.0,0.0,0.0,0.0,0.0,0.0
2773,Brice Samba,FRA,GK,Lens,30,1994,15,15,1350,15.0,0,0,0,0,0,0,1,0,0.0,0.0,0.0,0.0,0,1,0,0.0,0.0,0.0,0.0,0.0,0.0,0.0,0.0,0.0,0.0
2774,Arouna Sangante,SEN,DF,Le Havre,22,2002,16,16,1244,13.8,3,0,3,3,0,0,4,1,1.0,1.0,0.1,1.1,11,48,3,0.22,0.0,0.22,0.22,0.22,0.07,0.01,0.08,0.07,0.08
2775,Nhoa Sangui,FRA,"DF,MF",Reims,18,2006,26,10,1158,12.9,0,2,2,0,0,0,3,0,0.1,0.1,0.5,0.6,21,45,53,0.0,0.16,0.16,0.0,0.16,0.01,0.04,0.05,0.01,0.05
2776,Morgan Sanson,FRA,MF,Nice,29,1994,6,3,235,2.6,3,0,3,3,0,0,0,0,1.5,1.5,0.1,1.6,5,13,17,1.15,0.0,1.15,1.15,1.15,0.58,0.02,0.6,0.58,0.6
2777,Baptiste Santamaria,FRA,MF,Nice,29,1995,13,11,927,10.3,0,0,0,0,0,0,1,0,0.9,0.9,1.0,1.9,10,45,11,0.0,0.0,0.0,0.0,0.0,0.09,0.09,0.18,0.09,0.18
2778,Baptiste Santamaria,FRA,MF,Rennes,29,1995,10,5,482,5.4,0,1,1,0,0,0,1,0,0.1,0.1,0.3,0.4,3,28,9,0.0,0.19,0.19,0.0,0.19,0.02,0.05,0.07,0.02,0.07
2779,Andrey Santos,BRA,MF,Strasbourg,20,2004,32,32,2855,31.7,10,3,13,10,0,0,8,0,5.1,5.1,3.3,8.4,29,149,26,0.32,0.09,0.41,0.32,0.41,0.16,0.1,0.27,0.16,0.27
2780,Tiago Santos,POR,DF,Lille,22,2002,7,4,404,4.5,0,0,0,0,0,0,1,0,0.4,0.4,0.6,1.0,24,17,43,0.0,0.0,0.0,0.0,0.0,0.09,0.13,0.22,0.09,0.22
2781,Malang Sarr,FRA,DF,Lens,25,1999,21,15,1385,15.4,0,0,0,0,0,0,0,0,0.3,0.3,0.3,0.6,4,54,1,0.0,0.0,0.0,0.0,0.0,0.02,0.02,0.04,0.02,0.04
2782,Mamadou Sarr,FRA,DF,Strasbourg,18,2005,27,27,2365,26.3,0,1,1,0,0,0,4,0,0.8,0.8,0.3,1.1,7,52,1,0.0,0.04,0.04,0.0,0.04,0.03,0.01,0.04,0.03,0.04
2783,Martin Satriano,URU,"FW,DF",Lens,23,2001,7,0,88,1.0,0,0,0,0,0,0,0,0,0.4,0.4,0.1,0.5,2,2,14,0.0,0.0,0.0,0.0,0.0,0.37,0.12,0.5,0.37,0.5
2784,Téji Savanier,FRA,MF,Montpellier,32,1991,31,27,2363,26.3,2,5,7,0,2,2,4,1,3.8,2.3,6.9,9.1,26,183,108,0.08,0.19,0.27,0.0,0.19,0.15,0.27,0.42,0.09,0.36
2785,Niklas Schmidt,GER,MF,Toulouse,26,1998,9,2,205,2.3,0,1,1,0,0,0,0,0,0.1,0.1,0.7,0.8,2,23,1,0.0,0.44,0.44,0.0,0.44,0.03,0.31,0.34,0.03,0.34
2786,Jérémy Sebas,MTQ,"FW,MF",Strasbourg,21,2003,13,1,190,2.1,0,0,0,0,0,0,0,0,0.7,0.7,0.0,0.7,6,3,10,0.0,0.0,0.0,0.0,0.0,0.35,0.01,0.35,0.35,0.35
2787,Alidu Seidu,GHA,DF,Rennes,24,2000,11,10,803,8.9,0,0,0,0,0,0,4,0,0.1,0.1,0.3,0.4,23,41,17,0.0,0.0,0.0,0.0,0.0,0.01,0.03,0.05,0.01,0.05
2788,Hiroki Sekine,JPN,DF,Reims,21,2002,15,9,887,9.9,0,0,0,0,0,0,1,0,0.1,0.1,0.2,0.4,22,39,40,0.0,0.0,0.0,0.0,0.0,0.01,0.02,0.04,0.01,0.04
2789,Marvin Senaya,TOG,DF,Strasbourg,23,2001,10,1,227,2.5,0,0,0,0,0,0,3,0,0.0,0.0,0.1,0.1,1,5,2,0.0,0.0,0.0,0.0,0.0,0.01,0.05,0.06,0.01,0.06
2790,Djibril Sidibé,FRA,DF,Toulouse,32,1992,28,24,2101,23.3,0,3,3,0,0,0,1,0,0.4,0.4,2.9,3.3,16,121,50,0.0,0.13,0.13,0.0,0.13,0.02,0.13,0.14,0.02,0.14
2791,Vincent Sierro,SUI,MF,Toulouse,28,1995,29,27,2402,26.7,5,1,6,3,2,2,4,0,4.2,2.7,3.6,6.3,15,147,27,0.19,0.04,0.22,0.11,0.15,0.16,0.14,0.29,0.1,0.24
2792,Caio Henrique Oliveira Silva,BRA,DF,Monaco,27,1997,27,21,1929,21.4,0,6,6,0,0,0,3,0,0.2,0.2,5.0,5.2,57,102,142,0.0,0.28,0.28,0.0,0.28,0.01,0.24,0.24,0.01,0.24
2793,Abdallah Sima,SEN,"FW,MF",Brest,23,2001,27,14,1238,13.8,7,2,9,7,0,0,2,0,5.9,5.9,1.0,6.9,36,24,92,0.51,0.15,0.65,0.51,0.65,0.43,0.07,0.5,0.43,0.5
2794,Moses Simon,NGA,"FW,MF",Nantes,29,1995,32,31,2609,29.0,8,10,18,4,4,4,2,0,5.8,2.7,6.7,9.4,147,59,222,0.28,0.34,0.62,0.14,0.48,0.2,0.23,0.43,0.09,0.32
2795,Lassine Sinayoko,MLI,"FW,MF",Auxerre,24,1999,34,25,2299,25.5,5,8,13,4,1,1,5,0,6.5,5.7,5.5,11.3,53,62,193,0.2,0.31,0.51,0.16,0.47,0.25,0.22,0.47,0.22,0.44
2796,Wilfried Singo,CIV,DF,Monaco,23,2000,27,23,2096,23.3,1,2,3,1,0,0,4,0,1.9,1.9,1.5,3.4,35,118,27,0.04,0.09,0.13,0.04,0.13,0.08,0.06,0.14,0.08,0.14
2797,Ayanda Sishuba,BEL,FW,Rennes,19,2005,1,0,3,0.0,0,0,0,0,0,0,0,0,0.0,0.0,0.0,0.0,0,0,0,0.0,0.0,0.0,0.0,0.0,0.0,0.0,0.0,0.0,0.0
2798,Ibrahim Sissoko,MLI,FW,Saint-Étienne,28,1995,20,8,819,9.1,3,1,4,2,1,1,1,0,4.3,3.5,0.6,4.1,14,12,36,0.33,0.11,0.44,0.22,0.33,0.48,0.06,0.54,0.39,0.45
2799,Niama Sissoko,MLI,"FW,MF",Reims,18,2005,4,0,47,0.5,0,0,0,0,0,0,0,0,0.3,0.3,0.0,0.3,1,1,2,0.0,0.0,0.0,0.0,0.0,0.54,0.0,0.54,0.54,0.54
2800,Leo Skiri Østigård,NOR,DF,Rennes,24,1999,16,14,1227,13.6,1,0,1,1,0,0,4,0,0.7,0.7,0.2,0.9,3,50,1,0.07,0.0,0.07,0.07,0.07,0.05,0.02,0.07,0.05,0.07
2801,Milan Škriniar,SVK,DF,Paris S-G,29,1995,5,4,382,4.2,0,0,0,0,0,0,1,0,0.2,0.2,0.1,0.3,3,20,0,0.0,0.0,0.0,0.0,0.0,0.04,0.02,0.06,0.04,0.06
2802,Naatan Skyttä,FIN,FW,Toulouse,22,2002,1,0,5,0.1,0,0,0,0,0,0,0,0,0.0,0.0,0.0,0.0,0,0,0,0.0,0.0,0.0,0.0,0.0,0.0,0.0,0.0,0.0,0.0
2803,Eduard Sobol,UKR,DF,Strasbourg,29,1995,10,0,95,1.1,0,0,0,0,0,0,2,0,0.0,0.0,0.0,0.0,0,3,2,0.0,0.0,0.0,0.0,0.0,0.0,0.0,0.0,0.0,0.0
2804,Florian Sotoca,FRA,"FW,MF",Lens,33,1990,31,22,1794,19.9,1,1,2,1,0,0,2,1,4.6,4.6,1.5,6.1,44,105,170,0.05,0.05,0.1,0.05,0.1,0.23,0.07,0.31,0.23,0.31
2805,Issa Soumaré,SEN,"FW,MF",Le Havre,23,2000,29,21,1902,21.1,5,4,9,5,0,0,0,0,3.8,3.8,3.1,6.9,61,45,144,0.24,0.19,0.43,0.24,0.43,0.18,0.15,0.33,0.18,0.33
2806,Saidou Sow,GUI,DF,Strasbourg,22,2002,12,11,1018,11.3,0,1,1,0,0,0,2,0,0.3,0.3,0.2,0.5,0,16,2,0.0,0.09,0.09,0.0,0.09,0.03,0.01,0.04,0.03,0.04
2807,Saidou Sow,GUI,DF,Nantes,22,2002,9,9,799,8.9,1,0,1,1,0,0,1,0,0.6,0.6,0.4,1.1,2,15,0,0.11,0.0,0.11,0.11,0.11,0.07,0.05,0.12,0.07,0.12
2808,Lucas Stassin,BEL,FW,Saint-Étienne,19,2004,28,23,1887,21.0,12,4,16,12,0,0,4,0,7.0,7.0,3.4,10.4,26,35,149,0.57,0.19,0.76,0.57,0.76,0.35,0.17,0.53,0.35,0.52
2809,Enzo Sternal,FRA,"FW,MF",Marseille,17,2007,2,0,24,0.3,0,0,0,0,0,0,1,0,0.0,0.0,0.0,0.0,0,0,0,0.0,0.0,0.0,0.0,0.0,0.0,0.09,0.09,0.0,0.09
2810,Gabriel Suazo,CHI,DF,Toulouse,26,1997,30,23,2163,24.0,0,6,6,0,0,0,0,0,0.8,0.8,3.8,4.7,42,109,118,0.0,0.25,0.25,0.0,0.25,0.03,0.16,0.19,0.03,0.19
2811,Abakar Sylla,CIV,DF,Strasbourg,21,2002,21,10,950,10.6,1,0,1,1,0,0,2,1,0.4,0.4,0.1,0.5,0,21,3,0.09,0.0,0.09,0.09,0.09,0.04,0.01,0.05,0.04,0.05
2812,Issiaga Sylla,GUI,DF,Montpellier,30,1994,19,15,1156,12.8,1,0,1,1,0,0,2,0,1.8,1.8,0.6,2.4,33,53,46,0.08,0.0,0.08,0.08,0.08,0.15,0.05,0.19,0.15,0.19
2813,Musa Al-Taamari,JOR,"FW,MF",Montpellier,27,1997,15,12,1116,12.4,2,1,3,2,0,0,3,0,2.6,2.6,1.5,4.1,55,30,76,0.16,0.08,0.24,0.16,0.24,0.21,0.12,0.33,0.21,0.33
2814,Musa Al-Taamari,JOR,"FW,MF",Rennes,27,1997,11,7,567,6.3,1,0,1,1,0,0,1,0,2.4,2.4,1.3,3.8,21,8,39,0.16,0.0,0.16,0.16,0.16,0.39,0.21,0.6,0.39,0.6
2815,Nicolás Tagliafico,ARG,DF,Lyon,31,1992,24,22,1902,21.1,3,1,4,3,0,0,7,0,3.0,3.0,0.8,3.8,31,97,81,0.14,0.05,0.19,0.14,0.19,0.14,0.04,0.18,0.14,0.18
2816,Axel Tapé,FRA,"DF,MF",Paris S-G,16,2007,2,2,180,2.0,0,0,0,0,0,0,1,0,0.0,0.0,0.0,0.1,1,5,1,0.0,0.0,0.0,0.0,0.0,0.02,0.0,0.03,0.02,0.03
2817,Florian Tardieu,FRA,MF,Saint-Étienne,32,1992,24,13,1252,13.9,2,4,6,2,0,0,0,0,0.6,0.6,1.3,1.9,11,139,44,0.14,0.29,0.43,0.14,0.43,0.05,0.1,0.15,0.05,0.15
2818,Oussama Targhalline,MAR,MF,Le Havre,22,2002,14,12,990,11.0,0,0,0,0,0,0,0,0,0.1,0.1,0.7,0.9,25,66,34,0.0,0.0,0.0,0.0,0.0,0.01,0.06,0.08,0.01,0.08
2819,Enzo Tchato,CMR,DF,Montpellier,21,2002,27,21,1899,21.1,0,0,0,0,0,0,3,0,0.1,0.1,1.5,1.7,44,62,95,0.0,0.0,0.0,0.0,0.0,0.01,0.07,0.08,0.01,0.08
2820,Arnau Tenas,ESP,GK,Paris S-G,23,2001,1,1,90,1.0,0,1,1,0,0,0,0,0,0.0,0.0,0.2,0.2,0,1,0,0.0,1.0,1.0,0.0,1.0,0.0,0.21,0.21,0.0,0.21
2821,Tanner Tessmann,USA,MF,Lyon,22,2001,25,13,1234,13.7,1,0,1,1,0,0,3,0,1.0,1.0,0.6,1.6,11,56,27,0.07,0.0,0.07,0.07,0.07,0.07,0.05,0.11,0.07,0.11
2822,Teddy Teuma,MLT,MF,Reims,30,1993,17,9,750,8.3,1,0,1,0,1,1,1,0,1.4,0.6,1.1,1.7,9,47,34,0.12,0.0,0.12,0.0,0.0,0.17,0.13,0.3,0.07,0.21
2823,Jordan Teze,NED,DF,Monaco,24,1999,16,8,569,6.3,1,0,1,1,0,0,2,1,1.2,1.2,1.5,2.7,9,31,41,0.16,0.0,0.16,0.16,0.16,0.19,0.24,0.43,0.19,0.43
2824,Sorba Thomas,WAL,"FW,MF",Nantes,24,1999,25,15,1321,14.7,1,3,4,1,0,0,3,0,1.5,1.5,3.7,5.2,41,34,93,0.07,0.2,0.27,0.07,0.27,0.1,0.25,0.35,0.1,0.35
2825,Adrien Thomasson,FRA,MF,Lens,30,1993,33,31,2615,29.1,3,7,10,3,0,0,7,0,5.9,5.9,6.0,11.9,30,149,138,0.1,0.24,0.34,0.1,0.34,0.2,0.21,0.41,0.2,0.41
2826,Corentin Tolisso,FRA,MF,Lyon,29,1994,32,27,2329,25.9,7,4,11,7,0,0,4,0,5.3,5.3,4.9,10.2,31,166,133,0.27,0.15,0.43,0.27,0.43,0.21,0.19,0.4,0.21,0.4
2827,Abdoulaye Touré,GUI,MF,Le Havre,30,1994,28,26,2324,25.8,10,1,11,2,8,9,5,0,9.4,2.2,0.4,2.6,17,109,28,0.39,0.04,0.43,0.08,0.12,0.37,0.02,0.38,0.08,0.1
2828,Birama Touré,MLI,"MF,DF",Montpellier,32,1992,8,2,300,3.3,0,0,0,0,0,0,2,0,0.0,0.0,0.1,0.1,0,9,2,0.0,0.0,0.0,0.0,0.0,0.01,0.03,0.04,0.01,0.04
2829,Ousmane Toure,FRA,DF,Lille,19,2005,1,0,6,0.1,0,0,0,0,0,0,0,0,0.0,0.0,0.0,0.0,0,2,0,0.0,0.0,0.0,0.0,0.0,0.0,0.0,0.0,0.0,0.0
2830,Adrien Truffert,FRA,"DF,MF",Rennes,22,2001,33,31,2752,30.6,2,2,4,2,0,0,3,0,2.4,2.3,3.2,5.5,69,104,243,0.07,0.07,0.13,0.07,0.13,0.08,0.11,0.18,0.08,0.18
2831,Vanderson,BRA,DF,Monaco,23,2001,29,23,2064,22.9,1,3,4,1,0,0,6,1,2.2,2.2,3.1,5.3,57,102,151,0.04,0.13,0.17,0.04,0.17,0.1,0.14,0.23,0.1,0.23
2832,Robinio Vaz,FRA,FW,Marseille,17,2007,2,0,75,0.8,0,0,0,0,0,0,1,0,0.5,0.5,0.0,0.5,3,0,6,0.0,0.0,0.0,0.0,0.0,0.61,0.0,0.61,0.61,0.61
2833,Jordan Veretout,FRA,MF,Lyon,31,1993,27,19,1553,17.3,2,0,2,2,0,0,3,0,1.9,1.9,0.6,2.5,35,99,60,0.12,0.0,0.12,0.12,0.12,0.11,0.04,0.14,0.11,0.14
2834,Ben Viadere,FRA,MF,Auxerre,18,2005,1,0,5,0.1,0,0,0,0,0,0,0,0,0.0,0.0,0.0,0.0,1,0,1,0.0,0.0,0.0,0.0,0.0,0.0,0.85,0.85,0.0,0.85
2835,Vitinha,POR,MF,Paris S-G,24,2000,29,20,2042,22.7,5,1,6,3,2,2,1,0,3.4,1.8,2.6,4.4,53,224,57,0.22,0.04,0.26,0.13,0.18,0.15,0.11,0.27,0.08,0.2
2836,Ibrahima Wadji,SEN,"FW,MF",Saint-Étienne,29,1995,10,2,347,3.9,0,0,0,0,0,0,1,0,0.8,0.8,0.0,0.8,11,4,24,0.0,0.0,0.0,0.0,0.0,0.2,0.0,0.2,0.2,0.2
2837,Elye Wahi,FRA,FW,Marseille,21,2003,13,7,574,6.4,3,1,4,2,1,1,1,0,6.0,5.2,0.4,5.6,7,7,41,0.47,0.16,0.63,0.31,0.47,0.94,0.07,1.0,0.81,0.88
2838,Caleb Wiley,USA,"DF,MF",Strasbourg,19,2004,6,3,266,3.0,0,1,1,0,0,0,1,0,0.0,0.0,0.7,0.7,3,7,9,0.0,0.34,0.34,0.0,0.34,0.01,0.23,0.24,0.01,0.24
2839,Christopher Wooh,CMR,DF,Rennes,22,2001,20,17,1456,16.2,0,0,0,0,0,0,6,1,1.3,1.3,0.1,1.4,14,59,2,0.0,0.0,0.0,0.0,0.0,0.08,0.0,0.09,0.08,0.09
2840,Etienne Youte Kinkoue,FRA,DF,Le Havre,22,2002,28,26,2320,25.8,0,0,0,0,0,0,4,1,1.3,1.3,0.2,1.5,12,63,4,0.0,0.0,0.0,0.0,0.0,0.05,0.01,0.06,0.05,0.06
2841,Eloge Zabi,CIV,"DF,MF",Reims,17,2006,2,0,18,0.2,0,0,0,0,0,0,0,1,0.0,0.0,0.0,0.0,1,2,1,0.0,0.0,0.0,0.0,0.0,0.0,0.0,0.0,0.0,0.0
2842,Yoram Zague,FRA,"DF,FW",Paris S-G,18,2006,4,2,183,2.0,0,0,0,0,0,0,0,0,0.1,0.1,0.1,0.1,5,10,17,0.0,0.0,0.0,0.0,0.0,0.02,0.03,0.05,0.02,0.05
2843,Wilfried Zaha,CIV,FW,Lyon,31,1992,4,1,73,0.8,0,0,0,0,0,0,0,0,0.1,0.1,0.0,0.1,1,1,9,0.0,0.0,0.0,0.0,0.0,0.07,0.0,0.07,0.07,0.07
2844,Warren Zaïre-Emery,FRA,"MF,DF",Paris S-G,18,2006,29,23,2050,22.8,1,2,3,1,0,0,3,0,1.7,1.7,1.4,3.1,49,135,92,0.04,0.09,0.13,0.04,0.13,0.07,0.06,0.14,0.07,0.14
2845,Miha Zajc,SVN,MF,Toulouse,30,1994,19,1,262,2.9,0,0,0,0,0,0,2,0,0.2,0.2,0.1,0.3,7,24,9,0.0,0.0,0.0,0.0,0.0,0.07,0.03,0.1,0.07,0.1
2846,Denis Zakaria,SUI,MF,Monaco,27,1996,26,24,2144,23.8,6,4,10,4,2,2,5,0,5.2,3.6,1.4,5.0,27,113,36,0.25,0.17,0.42,0.17,0.34,0.22,0.06,0.28,0.15,0.21
2847,Anass Zaroury,MAR,"FW,MF",Lens,23,2000,28,16,1405,15.6,2,2,4,2,0,0,3,1,1.7,1.7,2.9,4.6,49,65,107,0.13,0.13,0.26,0.13,0.26,0.11,0.18,0.29,0.11,0.29
2848,Nathan Zeze,FRA,DF,Nantes,19,2005,18,17,1512,16.8,0,0,0,0,0,0,6,0,0.3,0.3,0.0,0.3,2,46,0,0.0,0.0,0.0,0.0,0.0,0.02,0.0,0.02,0.02,0.02
2849,Edon Zhegrova,KVX,"FW,MF",Lille,25,1999,12,12,978,10.9,4,1,5,4,0,0,1,0,2.3,2.3,2.2,4.5,37,54,81,0.37,0.09,0.46,0.37,0.46,0.21,0.21,0.41,0.21,0.41
2850,Melvin Zinga,FRA,GK,Angers,22,2002,1,1,90,1.0,0,0,0,0,0,0,0,0,0.0,0.0,0.0,0.0,0,0,0,0.0,0.0,0.0,0.0,0.0,0.0,0.0,0.0,0.0,0.0
2851,Luck Zogbé,CIV,DF,Brest,19,2005,13,7,638,7.1,0,0,0,0,0,0,2,0,0.3,0.3,0.1,0.4,4,19,19,0.0,0.0,0.0,0.0,0.0,0.04,0.02,0.06,0.04,0.06
2852,Aristide Zossou,CIV,MF,Auxerre,19,2005,3,0,16,0.2,0,0,0,0,0,0,0,0,0.0,0.0,0.0,0.0,1,2,3,0.0,0.0,0.0,0.0,0.0,0.0,0.0,0.0,0.0,0.0
2853,Yanis Zouaoui,ALG,"DF,FW",Le Havre,30,1994,17,9,976,10.8,0,2,2,0,0,0,3,0,0.1,0.1,2.9,3.1,33,32,33,0.0,0.18,0.18,0.0,0.18,0.01,0.27,0.28,0.01,0.28
2854,Edhy Zuliani,FRA,DF,Toulouse,19,2004,1,0,9,0.1,0,0,0,0,0,0,0,0,0.0,0.0,0.0,0.0,0,0,0,0.0,0.0,0.0,0.0,0.0,0.0,0.0,0.0,0.0,0.0
2855,Abner,BRA,DF,Juventude,21,2004,6,5,495,5.5,0,1,1,0,0,0,1,0,0.1,0.1,0.2,0.3,3,4,1,0.0,0.18,0.18,0.0,0.18,0.02,0.03,0.05,0.02,0.05
2856,Nicolás Acevedo,URU,"MF,DF",Bahia,26,1999,9,2,307,3.4,0,0,0,0,0,0,1,0,0.0,0.0,0.1,0.2,7,20,4,0.0,0.0,0.0,0.0,0.0,0.01,0.04,0.05,0.01,0.05
2857,Adson,BRA,"FW,MF",Vasco da Gama,24,2000,10,0,210,2.3,0,0,0,0,0,0,0,0,0.1,0.1,0.2,0.4,6,12,17,0.0,0.0,0.0,0.0,0.0,0.05,0.1,0.15,0.05,0.15
2858,Braian Aguirre,ARG,DF,Internacional,24,2000,12,12,1068,11.9,1,0,1,1,0,0,2,0,0.3,0.3,0.5,0.8,17,66,69,0.08,0.0,0.08,0.08,0.08,0.03,0.04,0.07,0.03,0.07
2859,Carlos Alberto,BRA,"FW,MF",Sport Recife,23,2002,9,4,330,3.7,0,0,0,0,0,0,1,0,0.5,0.5,0.1,0.6,5,9,20,0.0,0.0,0.0,0.0,0.0,0.14,0.02,0.15,0.14,0.15
2860,Yuri Alberto,BRA,FW,Corinthians,24,2001,10,8,726,8.1,5,1,6,4,1,1,2,0,4.0,3.2,0.9,4.1,11,10,49,0.62,0.12,0.74,0.5,0.62,0.5,0.11,0.61,0.4,0.51
2861,José Aldo,BRA,MF,Mirassol,26,1998,11,5,515,5.7,0,0,0,0,0,0,2,0,0.3,0.3,0.4,0.7,3,38,12,0.0,0.0,0.0,0.0,0.0,0.05,0.07,0.12,0.05,0.12
2862,Alesson,BRA,FW,Mirassol,26,1999,2,1,88,1.0,0,1,1,0,0,0,0,0,0.0,0.0,0.1,0.1,0,1,6,0.0,1.02,1.02,0.0,1.02,0.0,0.13,0.13,0.0,0.13
2863,Caio Alexandre,BRA,MF,Bahia,26,1999,12,12,900,10.0,0,1,1,0,0,0,4,0,0.2,0.2,1.1,1.3,7,66,11,0.0,0.1,0.1,0.0,0.1,0.02,0.11,0.13,0.02,0.13
2864,Matheus Alexandre,BRA,DF,Sport Recife,26,1999,5,3,267,3.0,0,0,0,0,0,0,4,0,0.1,0.1,0.0,0.1,9,17,12,0.0,0.0,0.0,0.0,0.0,0.02,0.0,0.02,0.02,0.02
2865,Alisson,BRA,MF,São Paulo,32,1993,14,12,1113,12.4,0,1,1,0,0,0,4,0,0.6,0.6,0.3,0.9,15,69,12,0.0,0.08,0.08,0.0,0.08,0.05,0.02,0.07,0.05,0.07
2866,Allan,BRA,MF,Flamengo,28,1997,7,4,272,3.0,0,0,0,0,0,0,0,0,0.1,0.1,0.0,0.1,2,27,2,0.0,0.0,0.0,0.0,0.0,0.02,0.01,0.04,0.02,0.04
2867,Allan,BRA,"DF,MF",Palmeiras,21,2004,7,2,200,2.2,1,0,1,1,0,0,0,0,0.0,0.0,0.2,0.2,4,6,12,0.45,0.0,0.45,0.45,0.45,0.02,0.09,0.11,0.02,0.11
2868,Allan,BRA,"MF,FW",Botafogo (RJ),34,1991,7,3,264,2.9,0,0,0,0,0,0,1,0,0.1,0.1,0.2,0.3,1,21,12,0.0,0.0,0.0,0.0,0.0,0.02,0.08,0.1,0.02,0.1
2869,Allanzinho,BRA,"MF,FW",Fortaleza,25,2000,4,1,122,1.4,0,1,1,0,0,0,1,0,0.1,0.1,0.3,0.4,6,1,13,0.0,0.74,0.74,0.0,0.74,0.05,0.24,0.3,0.05,0.3
2870,Júnior Alonso,PAR,DF,Atlético Mineiro,32,1993,13,13,1096,12.2,0,1,1,0,0,0,2,0,0.3,0.3,0.1,0.4,11,68,7,0.0,0.08,0.08,0.0,0.08,0.02,0.01,0.03,0.02,0.03
2871,Matheus Alves,BRA,"MF,FW",São Paulo,20,2005,8,4,371,4.1,0,1,1,0,0,0,3,0,0.3,0.3,0.7,1.0,10,12,17,0.0,0.24,0.24,0.0,0.24,0.08,0.17,0.25,0.08,0.25
2872,Francis Amuzu,BEL,FW,Grêmio,25,1999,9,5,441,4.9,1,0,1,1,0,0,2,0,0.6,0.6,0.9,1.4,23,12,38,0.2,0.0,0.2,0.2,0.2,0.12,0.17,0.29,0.12,0.29
2873,Felipe Anderson,BRA,"DF,FW",Palmeiras,32,1993,9,7,513,5.7,0,0,0,0,0,0,0,0,0.5,0.5,0.2,0.8,12,21,32,0.0,0.0,0.0,0.0,0.0,0.09,0.04,0.13,0.09,0.13
2874,Kervin Andrade,VEN,"FW,MF",Fortaleza,20,2005,5,0,85,0.9,0,1,1,0,0,0,1,0,0.3,0.3,0.4,0.7,7,3,15,0.0,1.06,1.06,0.0,1.06,0.37,0.4,0.77,0.37,0.77
2875,José Andrés Martínez,VEN,MF,Corinthians,30,1994,11,7,631,7.0,0,1,1,0,0,0,5,0,0.3,0.3,0.6,1.0,10,28,36,0.0,0.14,0.14,0.0,0.14,0.05,0.09,0.14,0.05,0.14
2876,Wilker Ángel,VEN,DF,Juventude,32,1993,6,5,452,5.0,0,0,0,0,0,0,2,0,0.1,0.1,0.0,0.1,0,13,0,0.0,0.0,0.0,0.0,0.0,0.02,0.0,0.03,0.02,0.03
2877,Fabrizio Angileri,ARG,DF,Corinthians,31,1994,10,6,600,6.7,0,0,0,0,0,0,1,0,0.0,0.0,0.1,0.1,14,37,23,0.0,0.0,0.0,0.0,0.0,0.01,0.01,0.02,0.01,0.02
2878,Anthoni,BRA,GK,Internacional,23,2002,12,11,1035,11.5,0,0,0,0,0,0,0,0,0.0,0.0,0.0,0.0,0,0,0,0.0,0.0,0.0,0.0,0.0,0.0,0.0,0.0,0.0,0.0
2879,Marcos Antônio,BRA,MF,São Paulo,25,2000,11,10,747,8.3,0,0,0,0,0,0,3,0,0.2,0.2,0.3,0.5,11,35,23,0.0,0.0,0.0,0.0,0.0,0.02,0.03,0.05,0.02,0.05
2880,Guilherme Arana,BRA,DF,Atlético Mineiro,28,1997,5,5,358,4.0,0,0,0,0,0,0,2,0,0.7,0.7,1.0,1.6,19,27,34,0.0,0.0,0.0,0.0,0.0,0.17,0.24,0.41,0.17,0.41
2881,Willian Arão,BRA,MF,Santos,32,1992,1,0,2,0.0,0,0,0,0,0,0,0,0,0.0,0.0,0.0,0.0,0,0,0,0.0,0.0,0.0,0.0,0.0,0.0,0.0,0.0,0.0,0.0
2882,Luiz Araújo,BRA,"FW,MF",Flamengo,29,1996,12,6,640,7.1,3,1,4,3,0,0,0,0,1.2,1.2,1.5,2.7,17,28,50,0.42,0.14,0.56,0.42,0.56,0.17,0.21,0.38,0.17,0.38
2883,Matheus Araújo,BRA,"MF,FW",Ceará,23,2002,8,1,195,2.2,1,1,2,1,0,0,0,0,0.5,0.5,0.5,1.0,7,11,17,0.46,0.46,0.92,0.46,0.92,0.24,0.24,0.48,0.24,0.48
2884,Michel Araujo,URU,MF,Bahia,28,1996,7,1,171,1.9,3,0,3,3,0,0,1,0,0.5,0.5,0.2,0.6,4,11,9,1.58,0.0,1.58,1.58,1.58,0.24,0.08,0.33,0.24,0.33
2885,Alexander Aravena,CHI,"FW,MF",Grêmio,22,2002,7,1,213,2.4,1,0,1,1,0,0,1,0,0.9,0.9,0.7,1.6,8,3,13,0.42,0.0,0.42,0.42,0.42,0.39,0.28,0.67,0.39,0.67
2886,Robert Arboleda,ECU,DF,São Paulo,33,1991,10,10,900,10.0,1,0,1,1,0,0,2,0,1.2,1.2,0.0,1.2,1,10,1,0.1,0.0,0.1,0.1,0.1,0.12,0.0,0.12,0.12,0.12
2887,Lucas Arcanjo,BRA,GK,Vitória,26,1998,13,13,1170,13.0,0,0,0,0,0,0,2,0,0.0,0.0,0.1,0.1,0,0,0,0.0,0.0,0.0,0.0,0.0,0.0,0.0,0.0,0.0,0.0
2888,Matias Arezo,URU,FW,Grêmio,22,2002,8,3,268,3.0,1,1,2,1,0,0,1,0,0.9,0.9,0.8,1.7,4,5,17,0.34,0.34,0.67,0.34,0.67,0.32,0.26,0.58,0.32,0.58
2889,Jhon Arias,COL,FW,Fluminense,27,1997,12,12,1079,12.0,1,4,5,0,1,1,1,0,2.2,1.4,2.9,4.3,48,55,106,0.08,0.33,0.42,0.0,0.33,0.18,0.24,0.42,0.12,0.36
2890,Santiago Arias,COL,DF,Bahia,33,1992,5,1,119,1.3,0,0,0,0,0,0,1,0,0.2,0.2,0.0,0.2,3,4,14,0.0,0.0,0.0,0.0,0.0,0.14,0.03,0.17,0.14,0.17
2891,Arthur,BRA,FW,Sport Recife,22,2003,6,1,200,2.2,0,0,0,0,0,0,0,0,0.3,0.3,0.3,0.6,1,1,11,0.0,0.0,0.0,0.0,0.0,0.14,0.13,0.27,0.14,0.27
2892,Artur,BRA,"FW,MF",Botafogo (RJ),27,1998,12,11,940,10.4,2,3,5,2,0,0,1,0,2.3,2.3,1.5,3.8,40,37,105,0.19,0.29,0.48,0.19,0.48,0.22,0.14,0.36,0.22,0.36
2893,Rodrigo Atencio,ARG,"FW,MF",Sport Recife,23,2002,7,1,224,2.5,0,0,0,0,0,0,1,0,0.7,0.7,0.3,1.1,6,13,26,0.0,0.0,0.0,0.0,0.0,0.29,0.14,0.43,0.29,0.43
2894,Loide Augusto,ANG,"FW,MF",Vasco da Gama,25,2000,9,2,181,2.0,0,0,0,0,0,0,1,0,0.4,0.4,0.2,0.6,14,5,27,0.0,0.0,0.0,0.0,0.0,0.2,0.08,0.28,0.2,0.28
2895,Leo Augusto Pereira,BRA,"FW,MF",Vitória,25,2000,6,0,166,1.8,0,0,0,0,0,0,0,0,0.1,0.1,0.1,0.2,4,0,16,0.0,0.0,0.0,0.0,0.0,0.06,0.05,0.11,0.06,0.11
2896,Renato Augusto,BRA,"MF,FW",Fluminense,37,1988,2,0,20,0.2,0,0,0,0,0,0,0,0,0.0,0.0,0.0,0.0,0,0,3,0.0,0.0,0.0,0.0,0.0,0.0,0.0,0.0,0.0,0.0
2897,Gastón Ávila,ARG,DF,Fortaleza,23,2001,5,4,373,4.1,0,0,0,0,0,0,0,0,0.0,0.0,0.1,0.1,4,15,4,0.0,0.0,0.0,0.0,0.0,0.01,0.02,0.03,0.01,0.03
2898,Aylon,BRA,FW,Ceará,33,1992,7,4,291,3.2,1,0,1,1,0,0,0,0,1.7,1.7,0.0,1.7,4,8,18,0.31,0.0,0.31,0.31,0.31,0.51,0.0,0.52,0.51,0.52
2899,Matheus Babi,BRA,FW,Juventude,28,1997,6,1,123,1.4,1,0,1,1,0,0,1,0,1.3,1.3,0.1,1.4,0,1,7,0.73,0.0,0.73,0.73,0.73,0.95,0.05,1.0,0.95,1.0
2900,Matheus Bahia,BRA,DF,Ceará,25,1999,9,9,799,8.9,0,1,1,0,0,0,2,0,0.2,0.2,0.8,1.0,8,23,36,0.0,0.11,0.11,0.0,0.11,0.02,0.09,0.11,0.02,0.11
2901,Gabriel Baralhas,BRA,"MF,DF",Vitória,26,1998,11,9,804,8.9,0,0,0,0,0,0,3,0,0.2,0.2,0.2,0.5,5,35,15,0.0,0.0,0.0,0.0,0.0,0.03,0.03,0.05,0.03,0.05
2902,Danilo Barbosa,BRA,"DF,MF",Botafogo (RJ),29,1996,3,0,39,0.4,0,0,0,0,0,0,1,0,0.0,0.0,0.0,0.0,2,2,1,0.0,0.0,0.0,0.0,0.0,0.04,0.0,0.04,0.04,0.04
2903,Diogo Barbosa,BRA,"DF,FW",Fortaleza,32,1992,7,5,443,4.9,1,0,1,1,0,0,1,0,0.3,0.3,0.6,0.9,8,12,22,0.2,0.0,0.2,0.2,0.2,0.05,0.12,0.18,0.05,0.18
2904,Gabriel Barbosa,BRA,"FW,MF",Cruzeiro,28,1996,11,3,328,3.6,2,2,4,2,0,1,1,0,1.5,0.7,0.8,1.5,1,9,12,0.55,0.55,1.1,0.55,1.1,0.41,0.23,0.64,0.19,0.42
2905,Lucas Barbosa,BRA,FW,RB Bragantino,24,2001,13,10,762,8.5,0,2,2,0,0,0,3,1,1.6,1.6,0.4,2.0,13,16,52,0.0,0.24,0.24,0.0,0.24,0.19,0.05,0.24,0.19,0.24
2906,Alexander Barboza,ARG,DF,Botafogo (RJ),30,1995,7,7,630,7.0,0,0,0,0,0,0,4,0,0.1,0.1,0.0,0.1,10,36,3,0.0,0.0,0.0,0.0,0.0,0.01,0.0,0.01,0.01,0.01
2907,Adam Bareiro,PAR,FW,Fortaleza,28,1996,1,0,12,0.1,0,0,0,0,0,0,0,0,0.2,0.2,0.0,0.2,0,1,1,0.0,0.0,0.0,0.0,0.0,1.84,0.0,1.84,1.84,1.84
2908,Chrystian Barletta,BRA,"FW,MF",Sport Recife,24,2001,12,11,855,9.5,2,0,2,2,0,0,0,0,1.8,1.8,0.3,2.2,35,25,82,0.21,0.0,0.21,0.21,0.21,0.19,0.04,0.23,0.19,0.23
2909,Álvaro Barreal,ARG,"FW,MF",Santos,24,2000,11,10,731,8.1,3,0,3,3,0,0,0,0,2.9,2.9,1.5,4.4,9,17,50,0.37,0.0,0.37,0.37,0.37,0.35,0.18,0.54,0.35,0.54
2910,Enmerson Batalla,COL,"FW,MF",Juventude,24,2001,12,11,880,9.8,3,1,4,3,0,0,2,0,1.0,1.0,0.5,1.6,17,19,53,0.31,0.1,0.41,0.31,0.41,0.11,0.06,0.16,0.11,0.16
2911,Paulo Baya,BRA,"MF,FW",Fluminense,25,1999,4,0,38,0.4,1,1,2,1,0,0,0,0,0.0,0.0,0.0,0.1,2,1,4,2.37,2.37,4.74,2.37,4.74,0.12,0.03,0.15,0.12,0.15
2912,José Luis Rodríguez Bebanz,URU,DF,Vasco da Gama,28,1997,5,2,205,2.3,0,0,0,0,0,0,0,0,0.1,0.1,0.0,0.1,2,9,32,0.0,0.0,0.0,0.0,0.0,0.03,0.02,0.04,0.03,0.04
2913,Luis Benedetti,BRA,DF,Palmeiras,19,2006,1,1,90,1.0,0,0,0,0,0,0,0,0,0.1,0.1,0.0,0.1,0,4,0,0.0,0.0,0.0,0.0,0.0,0.06,0.02,0.07,0.06,0.07
2914,Alan Benítez,PAR,DF,Internacional,31,1994,1,0,45,0.5,0,0,0,0,0,0,0,0,0.0,0.0,0.1,0.1,2,4,6,0.0,0.0,0.0,0.0,0.0,0.0,0.3,0.3,0.0,0.3
2915,Alexandro Bernabei,ARG,DF,Internacional,24,2000,8,8,710,7.9,0,2,2,0,0,0,1,0,0.4,0.4,2.2,2.6,22,31,70,0.0,0.25,0.25,0.0,0.25,0.05,0.28,0.34,0.05,0.34
2916,Facundo Bernal,URU,MF,Fluminense,21,2003,6,3,298,3.3,0,0,0,0,0,0,2,0,0.2,0.2,0.0,0.2,2,7,2,0.0,0.0,0.0,0.0,0.0,0.05,0.01,0.06,0.05,0.06
2917,Bernard,BRA,"FW,MF",Atlético Mineiro,32,1992,10,1,216,2.4,0,0,0,0,0,0,1,0,0.0,0.0,0.4,0.5,11,23,21,0.0,0.0,0.0,0.0,0.0,0.02,0.18,0.2,0.02,0.2
2918,Matheus Bianqui,BRA,"MF,FW",Mirassol,27,1998,5,0,60,0.7,0,0,0,0,0,0,1,0,0.0,0.0,0.0,0.0,0,0,3,0.0,0.0,0.0,0.0,0.0,0.0,0.0,0.0,0.0,0.0
2919,Matheus Bidu,BRA,DF,Corinthians,26,1999,8,7,603,6.7,0,1,1,0,0,0,1,0,0.1,0.1,1.0,1.2,14,30,44,0.0,0.15,0.15,0.0,0.15,0.02,0.16,0.18,0.02,0.18
2920,Damián Bobadilla,PAR,MF,São Paulo,24,2001,11,5,585,6.5,0,0,0,0,0,0,2,0,0.4,0.4,0.4,0.8,3,51,9,0.0,0.0,0.0,0.0,0.0,0.06,0.06,0.12,0.06,0.12
2921,Yannick Bolasie,COD,FW,Cruzeiro,36,1989,7,0,96,1.1,0,0,0,0,0,0,0,0,0.1,0.1,0.0,0.1,2,2,7,0.0,0.0,0.0,0.0,0.0,0.05,0.0,0.05,0.05,0.05
2922,Gabriel Bontempo,BRA,"MF,FW",Santos,20,2005,12,5,506,5.6,0,1,1,0,0,0,0,0,0.8,0.8,1.1,1.8,8,23,16,0.0,0.18,0.18,0.0,0.18,0.13,0.19,0.32,0.13,0.32
2923,Thiago Borbas,URU,"FW,MF",RB Bragantino,23,2002,7,1,154,1.7,1,0,1,1,0,0,3,0,0.5,0.5,0.2,0.6,0,5,9,0.58,0.0,0.58,0.58,0.58,0.27,0.1,0.38,0.27,0.38
2924,Daniel Borges,BRA,DF,Mirassol,32,1993,6,2,263,2.9,2,0,2,2,0,0,2,0,0.3,0.3,0.2,0.5,1,4,7,0.68,0.0,0.68,0.68,0.68,0.11,0.07,0.18,0.11,0.18
2925,Marllon Borges,BRA,DF,Ceará,33,1992,13,13,1170,13.0,2,0,2,2,0,0,0,0,0.4,0.4,0.0,0.4,2,25,1,0.15,0.0,0.15,0.15,0.15,0.03,0.0,0.03,0.03,0.03
2926,Pedro Borges,BRA,MF,Fortaleza,28,1997,1,0,37,0.4,0,0,0,0,0,0,2,1,0.0,0.0,0.0,0.0,0,3,0,0.0,0.0,0.0,0.0,0.0,0.0,0.0,0.0,0.0,0.0
2927,Pedro Borges,BRA,MF,Sport Recife,28,1997,1,0,6,0.1,0,0,0,0,0,0,1,0,0.0,0.0,0.0,0.0,1,2,0,0.0,0.0,0.0,0.0,0.0,0.0,0.0,0.0,0.0,0.0
2928,Rafael Borré,COL,FW,Internacional,29,1995,9,5,406,4.5,2,0,2,2,0,0,0,0,1.0,1.0,0.3,1.3,5,4,29,0.44,0.0,0.44,0.44,0.44,0.22,0.07,0.29,0.22,0.29
2929,Lucas Braga,BRA,"FW,MF",Vitória,28,1996,8,5,386,4.3,1,0,1,1,0,0,1,0,0.6,0.6,0.2,0.8,11,14,23,0.23,0.0,0.23,0.23,0.23,0.14,0.05,0.19,0.14,0.19
2930,Martin Braithwaite,DEN,FW,Grêmio,34,1991,11,11,894,9.9,4,1,5,2,2,2,2,0,3.3,1.7,0.4,2.2,3,19,36,0.4,0.1,0.5,0.2,0.3,0.33,0.04,0.38,0.17,0.22
2931,Gabriel Brazão,BRA,GK,Santos,24,2000,14,14,1260,14.0,0,0,0,0,0,0,0,0,0.0,0.0,0.2,0.2,0,0,0,0.0,0.0,0.0,0.0,0.0,0.0,0.02,0.02,0.0,0.02
2932,Brenno,BRA,GK,Fortaleza,26,1999,1,1,90,1.0,0,0,0,0,0,0,1,1,0.0,0.0,0.0,0.0,0,0,0,0.0,0.0,0.0,0.0,0.0,0.0,0.0,0.0,0.0,0.0
2933,Breno,BRA,"FW,MF",Fortaleza,29,1996,9,8,615,6.8,1,0,1,1,0,0,1,0,1.9,1.9,0.8,2.7,30,22,50,0.15,0.0,0.15,0.15,0.15,0.28,0.12,0.4,0.28,0.4
2934,Breno,BRA,MF,Corinthians,20,2005,13,12,974,10.8,1,1,2,1,0,0,3,0,0.2,0.2,0.5,0.7,13,62,24,0.09,0.09,0.18,0.09,0.18,0.02,0.05,0.07,0.02,0.07
2935,Emanuel Brítez,ARG,DF,Fortaleza,33,1992,3,3,247,2.7,0,0,0,0,0,0,2,0,0.1,0.1,0.1,0.1,1,12,5,0.0,0.0,0.0,0.0,0.0,0.02,0.03,0.05,0.02,0.05
2936,Bruninho,BRA,MF,Fortaleza,20,2005,1,1,68,0.8,0,0,0,0,0,0,0,0,0.0,0.0,0.1,0.1,0,1,3,0.0,0.0,0.0,0.0,0.0,0.03,0.08,0.12,0.03,0.12
2937,Fabrício Bruno,BRA,DF,Cruzeiro,29,1996,13,13,1170,13.0,1,0,1,1,0,0,3,0,0.3,0.3,0.6,0.8,3,45,1,0.08,0.0,0.08,0.08,0.08,0.02,0.04,0.06,0.02,0.06
2938,Arthur Cabral,BRA,FW,Botafogo (RJ),27,1998,2,2,164,1.8,1,0,1,1,0,0,0,0,1.0,1.0,0.1,1.1,1,4,2,0.55,0.0,0.55,0.55,0.55,0.54,0.05,0.59,0.54,0.59
2939,Cacá,BRA,DF,Corinthians,26,1999,11,11,960,10.7,2,0,2,2,0,0,2,0,1.0,1.0,0.1,1.1,7,27,3,0.19,0.0,0.19,0.19,0.19,0.09,0.01,0.1,0.09,0.1
2940,Raúl Cáceres,PAR,DF,Vitória,33,1991,4,4,358,4.0,0,0,0,0,0,0,2,0,0.0,0.0,0.0,0.1,8,12,18,0.0,0.0,0.0,0.0,0.0,0.01,0.01,0.02,0.01,0.02
2941,Calebe,BRA,MF,Fortaleza,25,2000,7,2,229,2.5,1,0,1,1,0,0,2,0,0.5,0.5,0.4,0.9,5,6,18,0.39,0.0,0.39,0.39,0.39,0.21,0.16,0.36,0.21,0.36
2942,Jonathan Calleri,ARG,FW,São Paulo,31,1993,3,2,121,1.3,0,0,0,0,0,1,0,1,0.9,0.1,0.1,0.2,1,2,3,0.0,0.0,0.0,0.0,0.0,0.68,0.07,0.75,0.1,0.16
2943,Camilo,BRA,MF,Grêmio,26,1999,8,5,396,4.4,0,0,0,0,0,0,0,0,0.1,0.1,0.0,0.1,2,8,3,0.0,0.0,0.0,0.0,0.0,0.03,0.0,0.03,0.03,0.03
2944,Germán Cano,ARG,FW,Fluminense,37,1988,7,7,539,6.0,1,0,1,1,0,0,1,0,1.3,1.3,0.1,1.4,0,10,24,0.17,0.0,0.17,0.17,0.17,0.21,0.02,0.23,0.21,0.23
2945,Agustín Canobbio,URU,FW,Fluminense,26,1998,8,8,513,5.7,1,1,2,1,0,0,1,0,1.1,1.1,1.0,2.1,13,11,41,0.18,0.18,0.35,0.18,0.35,0.18,0.18,0.36,0.18,0.36
2946,Juninho Capixaba,BRA,DF,RB Bragantino,28,1997,12,12,1080,12.0,1,0,1,1,0,0,1,0,1.5,1.5,1.2,2.7,20,78,50,0.08,0.0,0.08,0.08,0.08,0.13,0.1,0.22,0.13,0.22
2947,Johan Carbonero,COL,FW,Internacional,26,1999,4,3,223,2.5,0,0,0,0,0,0,0,0,0.4,0.4,0.1,0.5,11,15,27,0.0,0.0,0.0,0.0,0.0,0.16,0.06,0.22,0.16,0.22
2948,Edson Carioca,BRA,FW,Mirassol,28,1997,12,9,693,7.7,2,2,4,2,0,0,1,0,2.5,2.5,1.3,3.8,23,19,40,0.26,0.26,0.52,0.26,0.52,0.32,0.17,0.49,0.32,0.49
2949,Igor Cariús,BRA,DF,Sport Recife,32,1993,9,9,715,7.9,0,0,0,0,0,0,1,0,0.2,0.2,0.3,0.5,20,42,35,0.0,0.0,0.0,0.0,0.0,0.03,0.04,0.07,0.03,0.07
2950,Carlinhos,BRA,FW,Vitória,28,1997,3,1,135,1.5,1,0,1,1,0,0,2,0,1.3,1.3,0.0,1.3,0,3,3,0.67,0.0,0.67,0.67,0.67,0.86,0.0,0.86,0.86,0.86
2951,Antonio Carlos,BRA,DF,Sport Recife,32,1993,3,3,270,3.0,0,0,0,0,0,0,0,0,0.0,0.0,0.0,0.0,2,4,0,0.0,0.0,0.0,0.0,0.0,0.0,0.0,0.0,0.0,0.0
2952,Jean Carlos Vicente,BRA,"MF,FW",Juventude,33,1992,7,2,203,2.3,0,0,0,0,0,0,1,0,0.2,0.2,0.6,0.8,2,6,12,0.0,0.0,0.0,0.0,0.0,0.08,0.28,0.36,0.08,0.36
2953,André Carrillo,PER,MF,Corinthians,34,1991,12,10,775,8.6,0,0,0,0,0,0,0,0,0.1,0.1,1.4,1.5,18,49,53,0.0,0.0,0.0,0.0,0.0,0.02,0.16,0.17,0.02,0.17
2954,Gabriel Carvalho,BRA,FW,Internacional,17,2007,3,0,72,0.8,0,0,0,0,0,0,0,0,0.1,0.1,0.0,0.1,3,6,1,0.0,0.0,0.0,0.0,0.0,0.1,0.0,0.1,0.1,0.1
2955,Cássio,BRA,GK,Cruzeiro,38,1987,14,14,1260,14.0,0,0,0,0,0,0,3,0,0.0,0.0,0.0,0.0,0,0,0,0.0,0.0,0.0,0.0,0.0,0.0,0.0,0.0,0.0,0.0
2956,Iury de Castilho,BRA,FW,Mirassol,29,1995,9,6,499,5.5,1,0,1,1,0,0,2,0,1.5,1.5,0.2,1.7,10,14,26,0.18,0.0,0.18,0.18,0.18,0.27,0.03,0.3,0.27,0.3
2957,Murilo Cerqueira,BRA,DF,Palmeiras,28,1997,4,4,335,3.7,1,0,1,1,0,0,3,0,0.1,0.1,0.0,0.1,0,9,0,0.27,0.0,0.27,0.27,0.27,0.02,0.0,0.02,0.02,0.02
2958,Kayky Chagas,BRA,"FW,MF",Bahia,22,2003,9,1,213,2.4,1,0,1,1,0,0,1,0,0.6,0.6,0.3,0.9,13,12,22,0.42,0.0,0.42,0.42,0.42,0.27,0.11,0.38,0.27,0.38
2959,Chico,BRA,"MF,FW",Mirassol,34,1991,4,1,145,1.6,0,0,0,0,0,0,0,0,0.0,0.0,0.0,0.0,4,5,7,0.0,0.0,0.0,0.0,0.0,0.01,0.02,0.03,0.01,0.03
2960,Chico,BRA,DF,Sport Recife,26,1998,12,12,1035,11.5,0,0,0,0,0,0,1,0,0.3,0.3,0.2,0.6,15,41,5,0.0,0.0,0.0,0.0,0.0,0.03,0.02,0.05,0.03,0.05
2961,Christian,BRA,FW,Cruzeiro,24,2000,11,11,869,9.7,1,2,3,1,0,0,4,0,1.4,1.4,1.7,3.1,7,22,58,0.1,0.21,0.31,0.1,0.31,0.14,0.18,0.32,0.14,0.32
2962,Claudinho,BRA,DF,Vitória,24,2000,10,9,785,8.7,0,0,0,0,0,0,4,0,0.5,0.5,1.1,1.6,27,42,39,0.0,0.0,0.0,0.0,0.0,0.05,0.13,0.18,0.05,0.18
2963,Clayson,BRA,FW,Mirassol,30,1995,6,3,256,2.8,0,1,1,0,0,0,2,0,0.1,0.1,0.4,0.5,14,8,37,0.0,0.35,0.35,0.0,0.35,0.03,0.15,0.18,0.03,0.18
2964,Clayton,BRA,DF,Internacional,25,2000,2,2,135,1.5,0,0,0,0,0,0,1,0,0.0,0.0,0.0,0.0,0,8,0,0.0,0.0,0.0,0.0,0.0,0.0,0.0,0.0,0.0,0.0
2965,Mateus Cocão,BRA,MF,Vasco da Gama,23,2002,9,3,337,3.7,0,0,0,0,0,0,1,0,0.2,0.2,0.0,0.2,1,21,6,0.0,0.0,0.0,0.0,0.0,0.04,0.0,0.04,0.04,0.04
2966,Igor Coronado,BRA,MF,Corinthians,32,1992,6,3,342,3.8,1,0,1,1,0,0,1,0,0.8,0.8,0.2,1.0,13,33,37,0.26,0.0,0.26,0.26,0.26,0.21,0.04,0.26,0.21,0.26
2967,Joaquín Correa,ARG,MF,Botafogo (RJ),30,1994,2,0,48,0.5,0,0,0,0,0,0,0,0,0.6,0.6,0.0,0.6,1,3,5,0.0,0.0,0.0,0.0,0.0,1.07,0.05,1.11,1.07,1.11
2968,Francisco da Costa,BRA,FW,Mirassol,30,1995,2,1,118,1.3,2,0,2,2,0,0,0,0,1.0,1.0,0.1,1.1,0,0,1,1.53,0.0,1.53,1.53,1.53,0.79,0.06,0.84,0.79,0.84
2969,Philippe Coutinho,BRA,MF,Vasco da Gama,33,1992,9,9,658,7.3,0,1,1,0,0,0,0,1,0.8,0.8,1.2,2.0,21,55,36,0.0,0.14,0.14,0.0,0.14,0.12,0.16,0.28,0.12,0.28
2970,Franco Cristaldo,ARG,"MF,FW",Grêmio,28,1996,11,8,620,6.9,0,1,1,0,0,0,1,0,0.8,0.8,1.0,1.8,10,27,25,0.0,0.15,0.15,0.0,0.15,0.11,0.15,0.26,0.11,0.26
2971,Gustavo Cuellar,COL,MF,Grêmio,32,1992,2,1,85,0.9,0,0,0,0,0,0,0,0,0.0,0.0,0.0,0.0,0,3,2,0.0,0.0,0.0,0.0,0.0,0.0,0.0,0.0,0.0,0.0
2972,Tomás Cuello,ARG,"FW,MF",Atlético Mineiro,25,2000,9,8,718,8.0,1,0,1,1,0,0,3,0,1.7,1.7,0.6,2.2,43,37,92,0.13,0.0,0.13,0.13,0.13,0.21,0.07,0.28,0.21,0.28
2973,Cuiabano,BRA,"DF,MF",Botafogo (RJ),22,2003,10,7,584,6.5,1,1,2,1,0,0,2,0,0.5,0.5,1.5,2.0,9,16,55,0.15,0.15,0.31,0.15,0.31,0.08,0.23,0.3,0.08,0.3
2974,Lucas Cunha,BRA,DF,Sport Recife,28,1997,6,5,428,4.8,0,0,0,0,0,0,1,0,0.0,0.0,0.0,0.0,1,16,0,0.0,0.0,0.0,0.0,0.0,0.0,0.0,0.0,0.0,0.0
2975,Danielzinho,BRA,"MF,FW",Mirassol,30,1994,13,13,1170,13.0,0,1,1,0,0,0,2,0,1.0,1.0,1.1,2.1,15,83,49,0.0,0.08,0.08,0.0,0.08,0.08,0.08,0.16,0.08,0.16
2976,Danilo,BRA,DF,Flamengo,34,1991,5,3,328,3.6,1,0,1,1,0,0,0,0,0.6,0.6,0.0,0.6,3,34,0,0.27,0.0,0.27,0.27,0.27,0.17,0.0,0.17,0.17,0.17
2977,David,BRA,FW,Vasco da Gama,29,1995,2,1,83,0.9,0,0,0,0,0,0,0,0,0.0,0.0,0.2,0.2,4,3,9,0.0,0.0,0.0,0.0,0.0,0.04,0.22,0.26,0.04,0.26
2978,Matheus Davó,BRA,"FW,MF",Mirassol,25,1999,2,0,35,0.4,0,1,1,0,0,0,0,0,0.3,0.3,0.2,0.5,0,0,5,0.0,2.57,2.57,0.0,2.57,0.84,0.54,1.38,0.84,1.38
2979,Giorgian De Arrascaeta,URU,MF,Flamengo,31,1994,11,11,847,9.4,9,4,13,8,1,1,1,0,3.5,2.7,2.1,4.8,19,47,96,0.96,0.43,1.38,0.85,1.28,0.38,0.22,0.6,0.29,0.51
2980,Nicolás De La Cruz,URU,MF,Flamengo,28,1997,9,7,596,6.6,0,0,0,0,0,0,3,0,0.2,0.2,0.6,0.9,4,48,17,0.0,0.0,0.0,0.0,0.0,0.04,0.09,0.13,0.04,0.13
2981,Gabriel Delfim,BRA,GK,Atlético Mineiro,23,2002,1,1,90,1.0,0,0,0,0,0,0,0,0,0.0,0.0,0.0,0.0,0,0,0,0.0,0.0,0.0,0.0,0.0,0.0,0.0,0.0,0.0,0.0
2982,Deyverson,BRA,FW,Fortaleza,34,1991,11,5,496,5.5,1,0,1,1,0,0,1,0,1.6,1.6,0.2,1.8,3,17,25,0.18,0.0,0.18,0.18,0.18,0.29,0.03,0.32,0.29,0.32
2983,Enzo Díaz,ARG,DF,São Paulo,29,1995,13,9,913,10.1,0,1,1,0,0,0,3,0,0.2,0.2,2.5,2.7,25,56,43,0.0,0.1,0.1,0.0,0.1,0.02,0.24,0.26,0.02,0.26
2984,Lautaro Díaz,ARG,"FW,MF",Cruzeiro,27,1998,4,0,76,0.8,0,0,0,0,0,0,0,0,0.0,0.0,0.1,0.1,4,0,4,0.0,0.0,0.0,0.0,0.0,0.03,0.14,0.17,0.03,0.17
2985,Dieguinho,BRA,MF,Ceará,29,1995,13,13,1147,12.7,0,2,2,0,0,0,2,0,0.1,0.1,0.9,0.9,6,35,3,0.0,0.16,0.16,0.0,0.16,0.01,0.07,0.07,0.01,0.07
2986,Dieguinho,BRA,FW,Corinthians,18,2007,2,0,26,0.3,0,0,0,0,0,0,0,0,0.0,0.0,0.0,0.0,0,1,1,0.0,0.0,0.0,0.0,0.0,0.0,0.0,0.0,0.0,0.0
2987,Dodi,BRA,MF,Grêmio,29,1996,11,9,846,9.4,0,0,0,0,0,0,3,0,0.1,0.1,0.1,0.2,7,25,1,0.0,0.0,0.0,0.0,0.0,0.01,0.01,0.02,0.01,0.02
2988,Fabricio Domínguez,URU,MF,Sport Recife,27,1998,4,1,100,1.1,0,0,0,0,0,0,1,0,0.1,0.1,0.1,0.2,1,5,12,0.0,0.0,0.0,0.0,0.0,0.12,0.07,0.19,0.12,0.19
2989,Matheus Donelli,BRA,GK,Corinthians,23,2002,5,5,450,5.0,0,0,0,0,0,0,1,0,0.0,0.0,0.0,0.0,0,0,0,0.0,0.0,0.0,0.0,0.0,0.0,0.0,0.0,0.0,0.0
2990,Thiago dos Santos,BRA,MF,Fluminense,35,1989,4,1,80,0.9,0,0,0,0,0,0,0,0,0.0,0.0,0.0,0.0,1,4,1,0.0,0.0,0.0,0.0,0.0,0.0,0.01,0.01,0.0,0.01
2991,David Duarte,BRA,DF,Bahia,30,1995,11,10,978,10.9,0,0,0,0,0,0,1,0,0.4,0.4,0.2,0.6,2,31,0,0.0,0.0,0.0,0.0,0.0,0.04,0.02,0.05,0.04,0.05
2992,Dudu,BRA,"FW,MF",Cruzeiro,33,1992,5,2,215,2.4,1,0,1,1,0,0,0,0,0.6,0.6,0.0,0.7,4,6,13,0.42,0.0,0.42,0.42,0.42,0.26,0.02,0.28,0.26,0.28
2993,Dudu,BRA,"MF,FW",Atlético Mineiro,33,1992,2,2,137,1.5,0,0,0,0,0,0,0,0,0.0,0.0,0.3,0.3,5,7,9,0.0,0.0,0.0,0.0,0.0,0.0,0.22,0.22,0.0,0.22
2994,Edenílson,BRA,"MF,FW",Grêmio,35,1989,9,7,522,5.8,1,1,2,1,0,0,4,0,0.3,0.3,1.0,1.3,7,19,19,0.17,0.17,0.34,0.17,0.34,0.05,0.17,0.22,0.05,0.22
2995,Eder,BRA,DF,Ceará,30,1995,1,1,90,1.0,0,0,0,0,0,0,0,0,0.2,0.2,0.0,0.2,0,0,0,0.0,0.0,0.0,0.0,0.0,0.24,0.0,0.24,0.24,0.24
2996,EDU,BRA,DF,Vitória,25,2000,7,5,459,5.1,0,0,0,0,0,0,0,0,0.2,0.2,0.0,0.2,0,8,0,0.0,0.0,0.0,0.0,0.0,0.04,0.0,0.04,0.04,0.04
2997,Carlos Eduardo,BRA,"MF,FW",Cruzeiro,35,1989,11,3,248,2.8,0,0,0,0,0,0,1,1,0.3,0.3,0.2,0.4,3,10,3,0.0,0.0,0.0,0.0,0.0,0.1,0.06,0.16,0.1,0.16
2998,Carlos Eduardo,BRA,FW,Mirassol,28,1996,1,0,21,0.2,0,1,1,0,0,0,0,0,0.0,0.0,0.4,0.4,0,0,3,0.0,4.29,4.29,0.0,4.29,0.0,1.65,1.65,0.0,1.65
2999,Carlos Eduardo,BRA,"FW,DF",Vitória,28,1996,2,0,41,0.5,0,0,0,0,0,0,0,0,0.0,0.0,0.0,0.0,1,0,3,0.0,0.0,0.0,0.0,0.0,0.08,0.0,0.08,0.08,0.08
3000,Alysson Edward,BRA,"FW,MF",Grêmio,19,2006,10,6,491,5.5,0,1,1,0,0,0,0,0,0.7,0.7,0.5,1.1,12,7,27,0.0,0.18,0.18,0.0,0.18,0.12,0.09,0.21,0.12,0.21
3001,Rodrigo Ely,BRA,DF,Grêmio,31,1993,2,1,40,0.4,0,0,0,0,0,0,0,0,0.0,0.0,0.0,0.0,0,0,0,0.0,0.0,0.0,0.0,0.0,0.0,0.0,0.0,0.0,0.0
3002,Leandro Emmanuel Martínez,ARG,MF,Fortaleza,31,1994,12,8,709,7.9,1,1,2,1,0,0,6,0,0.4,0.4,0.6,1.0,11,34,21,0.13,0.13,0.25,0.13,0.25,0.05,0.07,0.13,0.05,0.13
3003,Ênio,BRA,"FW,MF",Juventude,24,2001,8,5,508,5.6,1,0,1,1,0,0,2,0,0.5,0.5,0.4,0.9,16,17,39,0.18,0.0,0.18,0.18,0.18,0.08,0.07,0.15,0.08,0.15
3004,Erick,BRA,"MF,DF",Bahia,27,1997,8,4,416,4.6,1,0,1,1,0,0,3,0,1.4,1.4,0.0,1.4,7,15,11,0.22,0.0,0.22,0.22,0.22,0.31,0.0,0.31,0.31,0.31
3005,Erick,BRA,"FW,MF",Vitória,27,1997,10,5,509,5.7,0,2,2,0,0,0,2,0,0.7,0.7,0.6,1.3,16,28,39,0.0,0.35,0.35,0.0,0.35,0.12,0.11,0.23,0.12,0.23
3006,Gonzalo Escobar,ARG,DF,Santos,28,1997,13,12,1079,12.0,0,0,0,0,0,0,3,1,0.3,0.3,0.7,1.0,13,49,38,0.0,0.0,0.0,0.0,0.0,0.03,0.05,0.08,0.03,0.08
3007,Lucas Esteves,BRA,DF,Grêmio,25,2000,5,5,420,4.7,0,0,0,0,0,0,0,0,0.1,0.1,0.2,0.3,4,18,19,0.0,0.0,0.0,0.0,0.0,0.03,0.04,0.07,0.03,0.07
3008,Lucas Evangelista,BRA,MF,Palmeiras,30,1995,8,3,350,3.9,0,1,1,0,0,0,0,0,0.2,0.2,0.4,0.6,2,18,14,0.0,0.26,0.26,0.0,0.26,0.05,0.11,0.16,0.05,0.16
3009,Éverson,BRA,GK,Atlético Mineiro,34,1990,12,12,1080,12.0,0,0,0,0,0,0,3,0,0.0,0.0,0.0,0.0,0,0,0,0.0,0.0,0.0,0.0,0.0,0.0,0.0,0.0,0.0,0.0
3010,Evertton,BRA,MF,Flamengo,22,2003,5,3,324,3.6,1,0,1,1,0,0,0,0,0.2,0.2,0.0,0.3,0,11,2,0.28,0.0,0.28,0.28,0.28,0.06,0.01,0.08,0.06,0.08
3011,Ewerton,BRA,DF,Juventude,24,2000,11,10,879,9.8,0,0,0,0,0,0,2,0,0.3,0.3,0.5,0.8,5,35,22,0.0,0.0,0.0,0.0,0.0,0.03,0.05,0.08,0.03,0.08
3012,Fabinho,BRA,MF,RB Bragantino,23,2002,11,2,279,3.1,0,1,1,0,0,0,1,0,0.2,0.2,0.5,0.7,2,21,5,0.0,0.32,0.32,0.0,0.32,0.07,0.15,0.21,0.07,0.21
3013,Fábio,BRA,GK,Fluminense,44,1980,12,12,1080,12.0,0,0,0,0,0,0,1,0,0.0,0.0,0.0,0.0,0,0,0,0.0,0.0,0.0,0.0,0.0,0.0,0.0,0.0,0.0,0.0
3014,Fabrício,BRA,"FW,MF",Mirassol,28,1997,8,4,301,3.3,0,0,0,0,0,0,0,0,0.5,0.5,0.1,0.6,6,15,15,0.0,0.0,0.0,0.0,0.0,0.16,0.03,0.19,0.16,0.19
3015,Fabrício,BRA,"FW,MF",Vitória,24,2000,8,0,222,2.5,0,1,1,0,0,0,0,0,0.6,0.6,0.7,1.3,18,3,18,0.0,0.41,0.41,0.0,0.41,0.24,0.28,0.52,0.24,0.52
3016,Fagner,BRA,DF,Cruzeiro,36,1989,8,7,650,7.2,0,0,0,0,0,0,1,0,0.1,0.1,0.3,0.4,11,29,29,0.0,0.0,0.0,0.0,0.0,0.01,0.05,0.06,0.01,0.06
3017,Marcos Felipe,BRA,GK,Bahia,29,1996,11,10,972,10.8,0,0,0,0,0,0,0,0,0.0,0.0,0.0,0.0,0,0,0,0.0,0.0,0.0,0.0,0.0,0.0,0.0,0.0,0.0,0.0
3018,Matheus Fernandes,BRA,MF,RB Bragantino,27,1998,8,3,342,3.8,0,0,0,0,0,0,1,0,0.1,0.1,0.1,0.2,6,18,8,0.0,0.0,0.0,0.0,0.0,0.03,0.02,0.05,0.03,0.05
3019,Nathan Fernandes,BRA,"FW,MF",Botafogo (RJ),20,2005,7,0,174,1.9,1,0,1,1,0,0,1,0,1.4,1.4,0.4,1.8,8,7,20,0.52,0.0,0.52,0.52,0.52,0.71,0.21,0.92,0.71,0.92
3020,Fernandinho,BRA,FW,Ceará,28,1997,5,3,212,2.4,0,0,0,0,0,0,1,0,0.9,0.9,0.1,1.0,8,9,19,0.0,0.0,0.0,0.0,0.0,0.37,0.05,0.42,0.37,0.42
3021,Fernando,BRA,"MF,DF",Internacional,37,1987,6,6,412,4.6,0,0,0,0,0,0,0,0,0.4,0.4,0.1,0.5,11,20,3,0.0,0.0,0.0,0.0,0.0,0.08,0.03,0.12,0.08,0.12
3022,Nahuel Ferraresi,VEN,DF,São Paulo,26,1998,11,9,829,9.2,0,0,0,0,0,0,2,0,0.1,0.1,0.4,0.4,14,45,17,0.0,0.0,0.0,0.0,0.0,0.01,0.04,0.05,0.01,0.05
3023,Ferreira,BRA,"FW,MF",São Paulo,27,1997,11,7,616,6.8,3,2,5,3,0,1,2,0,2.4,1.6,1.4,3.0,26,30,57,0.44,0.29,0.73,0.44,0.73,0.35,0.21,0.55,0.23,0.44
3024,Bruno Ferreira,BRA,GK,Ceará,31,1994,6,6,513,5.7,0,0,0,0,0,0,1,0,0.0,0.0,0.0,0.0,0,0,0,0.0,0.0,0.0,0.0,0.0,0.0,0.0,0.0,0.0,0.0
3025,Lucas Ferreira,BRA,FW,São Paulo,19,2006,12,8,753,8.4,0,0,0,0,0,0,1,0,1.1,1.1,0.6,1.7,33,17,74,0.0,0.0,0.0,0.0,0.0,0.13,0.07,0.2,0.13,0.2
3026,Luiz Filipe,BRA,FW,Mirassol,24,2001,1,0,14,0.2,0,0,0,0,0,0,0,0,0.0,0.0,0.0,0.0,1,0,2,0.0,0.0,0.0,0.0,0.0,0.08,0.0,0.08,0.08,0.08
3027,André Filipinho,BRA,DF,Juventude,28,1997,5,3,303,3.4,0,0,0,0,0,0,1,0,0.1,0.1,0.1,0.2,2,19,6,0.0,0.0,0.0,0.0,0.0,0.02,0.04,0.06,0.02,0.06
3028,Caíque França,BRA,GK,Sport Recife,30,1995,11,11,990,11.0,0,0,0,0,0,0,2,0,0.0,0.0,0.0,0.0,0,0,0,0.0,0.0,0.0,0.0,0.0,0.0,0.0,0.0,0.0,0.0
3029,Ryan Francisco,BRA,"FW,MF",São Paulo,18,2006,8,2,205,2.3,2,0,2,2,0,0,0,0,0.5,0.5,0.2,0.8,3,2,9,0.88,0.0,0.88,0.88,0.88,0.23,0.1,0.33,0.23,0.33
3030,Alan Franco,ECU,MF,Atlético Mineiro,26,1998,9,9,765,8.5,0,0,0,0,0,0,1,0,0.1,0.1,0.0,0.1,3,26,5,0.0,0.0,0.0,0.0,0.0,0.01,0.0,0.01,0.01,0.01
3031,Alan Franco,ARG,DF,São Paulo,28,1996,12,11,972,10.8,0,0,0,0,0,0,2,0,1.0,1.0,0.0,1.0,3,17,1,0.0,0.0,0.0,0.0,0.0,0.09,0.0,0.09,0.09,0.09
3032,Lucas Freitas,BRA,DF,Vasco da Gama,24,2001,11,10,827,9.2,1,0,1,1,0,0,1,0,0.3,0.3,0.0,0.3,7,35,2,0.11,0.0,0.11,0.11,0.11,0.04,0.0,0.04,0.04,0.04
3033,Marlon Freitas,BRA,MF,Botafogo (RJ),30,1995,13,13,1108,12.3,1,3,4,1,0,0,2,0,0.3,0.3,1.6,1.9,11,92,18,0.08,0.24,0.32,0.08,0.32,0.03,0.13,0.16,0.03,0.16
3034,Riquelme Freitas,BRA,"MF,FW",Grêmio,18,2006,3,0,47,0.5,0,0,0,0,0,0,0,0,0.0,0.0,0.0,0.0,1,3,0,0.0,0.0,0.0,0.0,0.0,0.07,0.0,0.07,0.07,0.07
3035,Juan Freytes,ARG,DF,Fluminense,25,2000,12,12,1080,12.0,0,0,0,0,0,0,2,0,0.2,0.2,0.1,0.3,6,56,2,0.0,0.0,0.0,0.0,0.0,0.02,0.01,0.02,0.02,0.02
3036,Bruno Fuchs,BRA,DF,Palmeiras,26,1999,9,6,508,5.6,0,0,0,0,0,0,2,0,0.2,0.2,0.6,0.8,6,27,1,0.0,0.0,0.0,0.0,0.0,0.03,0.1,0.13,0.03,0.13
3037,Gabriel Fuentes,COL,DF,Fluminense,28,1997,4,4,344,3.8,0,0,0,0,0,0,1,0,0.0,0.0,0.1,0.2,3,23,26,0.0,0.0,0.0,0.0,0.0,0.01,0.03,0.04,0.01,0.04
3038,Gabriel,BRA,DF,Bahia,24,2001,3,1,134,1.5,0,0,0,0,0,0,1,0,0.0,0.0,0.0,0.0,0,1,0,0.0,0.0,0.0,0.0,0.0,0.0,0.0,0.0,0.0,0.0
3039,Gabriel,BRA,"MF,FW",Mirassol,35,1990,11,9,686,7.6,2,0,2,2,0,0,1,0,2.2,2.2,1.4,3.6,14,24,43,0.26,0.0,0.26,0.26,0.26,0.29,0.19,0.48,0.29,0.48
3040,Gabriel,BRA,GK,Vitória,32,1992,1,1,90,1.0,0,0,0,0,0,0,0,0,0.0,0.0,0.0,0.0,0,0,0,0.0,0.0,0.0,0.0,0.0,0.0,0.0,0.0,0.0,0.0
3041,Gabriel,BRA,GK,Sport Recife,32,1992,1,1,90,1.0,0,0,0,0,0,0,0,0,0.0,0.0,0.0,0.0,0,0,0,0.0,0.0,0.0,0.0,0.0,0.0,0.0,0.0,0.0,0.0
3042,Gabriel,BRA,MF,RB Bragantino,33,1992,13,13,1060,11.8,1,0,1,1,0,0,3,0,0.3,0.3,0.4,0.7,9,48,13,0.08,0.0,0.08,0.08,0.08,0.03,0.03,0.06,0.03,0.06
3043,Victor Gabriel,BRA,DF,Internacional,21,2004,4,4,360,4.0,2,0,2,2,0,0,0,0,0.9,0.9,0.0,0.9,5,15,5,0.5,0.0,0.5,0.5,0.5,0.22,0.0,0.22,0.22,0.22
3044,Antonio Galeano,PAR,FW,Ceará,25,2000,13,13,1069,11.9,2,0,2,2,0,0,2,0,1.9,1.9,1.2,3.1,25,24,68,0.17,0.0,0.17,0.17,0.17,0.16,0.1,0.26,0.16,0.26
3045,Emerson Galego,BRA,"FW,MF",Juventude,25,1999,2,0,27,0.3,0,0,0,0,0,0,0,0,0.0,0.0,0.0,0.0,0,0,2,0.0,0.0,0.0,0.0,0.0,0.0,0.0,0.0,0.0,0.0
3046,Mateo Gamarra,PAR,DF,Cruzeiro,24,2000,2,1,154,1.7,0,0,0,0,0,0,0,0,0.0,0.0,0.0,0.0,1,1,0,0.0,0.0,0.0,0.0,0.0,0.02,0.0,0.02,0.02,0.02
3047,Ganso,BRA,MF,Fluminense,35,1989,7,3,275,3.1,0,0,0,0,0,0,1,0,0.2,0.2,0.2,0.3,3,15,11,0.0,0.0,0.0,0.0,0.0,0.06,0.05,0.11,0.06,0.11
3048,Maurício Garcez,BRA,"FW,MF",Juventude,28,1997,3,0,61,0.7,0,0,0,0,0,0,0,0,0.0,0.0,0.0,0.0,1,0,6,0.0,0.0,0.0,0.0,0.0,0.04,0.0,0.04,0.04,0.04
3049,Benjamín Garré,ARG,"FW,MF",Vasco da Gama,25,2000,7,3,271,3.0,0,0,0,0,0,0,1,0,0.1,0.1,0.3,0.4,7,15,16,0.0,0.0,0.0,0.0,0.0,0.04,0.1,0.14,0.04,0.14
3050,Rodrigo Garro,ARG,MF,Corinthians,27,1998,5,4,398,4.4,0,0,0,0,0,0,2,0,0.5,0.5,1.3,1.7,7,33,31,0.0,0.0,0.0,0.0,0.0,0.11,0.29,0.4,0.11,0.4
3051,Gerson,BRA,"FW,MF",Flamengo,28,1997,9,9,711,7.9,0,2,2,0,0,0,0,1,0.7,0.7,1.6,2.3,11,60,45,0.0,0.25,0.25,0.0,0.25,0.09,0.21,0.3,0.09,0.3
3052,Agustín Giay,ARG,DF,Palmeiras,21,2004,11,9,880,9.8,0,0,0,0,0,0,0,0,0.2,0.2,0.6,0.8,19,52,9,0.0,0.0,0.0,0.0,0.0,0.02,0.06,0.09,0.02,0.09
3053,Gil,BRA,DF,Santos,38,1987,6,6,540,6.0,0,0,0,0,0,0,2,0,0.3,0.3,0.0,0.3,0,6,3,0.0,0.0,0.0,0.0,0.0,0.05,0.0,0.05,0.05,0.05
3054,Gilberto,BRA,DF,Bahia,32,1993,12,11,961,10.7,1,0,1,1,0,0,3,0,0.4,0.4,0.6,1.0,18,47,27,0.09,0.0,0.09,0.09,0.09,0.04,0.06,0.1,0.04,0.1
3055,Gilberto,BRA,FW,Juventude,36,1989,9,5,462,5.1,2,1,3,2,0,0,2,0,0.6,0.6,0.1,0.7,0,6,10,0.39,0.19,0.58,0.39,0.58,0.12,0.02,0.14,0.12,0.14
3056,Giovanny,BRA,"FW,MF",Juventude,27,1997,10,4,361,4.0,0,1,1,0,0,0,0,0,0.7,0.7,1.0,1.7,13,9,23,0.0,0.25,0.25,0.0,0.25,0.17,0.25,0.42,0.17,0.42
3057,Daniel Giraldo,COL,MF,Juventude,33,1992,7,6,495,5.5,0,0,0,0,0,0,2,0,0.0,0.0,0.0,0.0,3,16,3,0.0,0.0,0.0,0.0,0.0,0.01,0.0,0.01,0.01,0.01
3058,Leonardo Godoy,ARG,DF,Santos,30,1995,6,5,416,4.6,0,0,0,0,0,0,1,0,0.0,0.0,0.1,0.1,5,8,9,0.0,0.0,0.0,0.0,0.0,0.0,0.02,0.02,0.0,0.02
3059,Davi Goes,BRA,MF,Juventude,20,2005,2,1,64,0.7,0,0,0,0,0,0,0,0,0.0,0.0,0.0,0.0,0,2,0,0.0,0.0,0.0,0.0,0.0,0.02,0.0,0.02,0.02,0.02
3060,Fredi Gomes,BRA,DF,Bahia,19,2006,1,1,90,1.0,0,0,0,0,0,0,0,0,0.0,0.0,0.0,0.0,0,1,0,0.0,0.0,0.0,0.0,0.0,0.0,0.0,0.0,0.0,0.0
3061,Igor Gomes,BRA,"MF,FW",Atlético Mineiro,26,1999,11,4,384,4.3,1,2,3,1,0,0,0,0,0.6,0.6,0.7,1.3,3,30,16,0.23,0.47,0.7,0.23,0.7,0.13,0.17,0.3,0.13,0.3
3062,Gustavo Gómez,PAR,DF,Palmeiras,32,1993,9,9,799,8.9,0,0,0,0,0,0,3,0,0.4,0.4,0.1,0.4,0,10,2,0.0,0.0,0.0,0.0,0.0,0.04,0.01,0.05,0.04,0.05
3063,Nuno Gonçalo Moreira,POR,FW,Vasco da Gama,26,1999,14,13,1026,11.4,3,1,4,3,0,0,1,0,1.5,1.5,2.7,4.2,31,64,89,0.26,0.09,0.35,0.26,0.35,0.13,0.23,0.37,0.13,0.37
3064,Matheus Gonçalves,BRA,FW,Flamengo,19,2005,3,0,37,0.4,0,0,0,0,0,0,0,0,0.0,0.0,0.0,0.1,1,2,6,0.0,0.0,0.0,0.0,0.0,0.07,0.08,0.16,0.07,0.16
3065,Gregore,BRA,MF,Botafogo (RJ),31,1994,12,11,982,10.9,0,0,0,0,0,0,3,0,0.2,0.2,0.6,0.8,11,67,10,0.0,0.0,0.0,0.0,0.0,0.02,0.05,0.07,0.02,0.07
3066,Guga,BRA,DF,Fluminense,26,1998,5,3,247,2.7,1,0,1,1,0,0,1,0,0.1,0.1,0.6,0.7,4,14,7,0.36,0.0,0.36,0.36,0.36,0.04,0.21,0.25,0.04,0.25
3067,Guilherme,BRA,"FW,MF",Santos,30,1995,11,11,920,10.2,2,1,3,2,0,0,0,0,1.9,1.9,0.9,2.8,35,33,92,0.2,0.1,0.29,0.2,0.29,0.18,0.09,0.27,0.18,0.27
3068,Guilherme,BRA,DF,RB Bragantino,23,2002,4,3,260,2.9,1,1,2,1,0,0,1,0,0.6,0.6,0.3,0.9,6,2,8,0.35,0.35,0.69,0.35,0.69,0.21,0.11,0.32,0.21,0.32
3069,Gustavinho,BRA,MF,RB Bragantino,21,2004,6,0,102,1.1,0,0,0,0,0,0,0,0,0.0,0.0,0.1,0.1,3,10,7,0.0,0.0,0.0,0.0,0.0,0.01,0.08,0.09,0.01,0.09
3070,Gustavo,BRA,GK,Juventude,32,1993,7,7,585,6.5,0,0,0,0,0,0,1,0,0.0,0.0,0.0,0.0,0,0,0,0.0,0.0,0.0,0.0,0.0,0.0,0.0,0.0,0.0,0.0
3071,Luiz Gustavo,BRA,MF,São Paulo,37,1987,1,1,90,1.0,0,0,0,0,0,0,0,0,0.2,0.2,0.0,0.2,0,4,5,0.0,0.0,0.0,0.0,0.0,0.17,0.02,0.19,0.17,0.19
3072,Luiz Gustavo,BRA,DF,Vasco da Gama,19,2006,4,3,287,3.2,0,0,0,0,0,0,3,0,0.0,0.0,0.0,0.0,2,11,0,0.0,0.0,0.0,0.0,0.0,0.01,0.0,0.01,0.01,0.01
3073,Ryan Gustavo,BRA,MF,Corinthians,22,2003,6,2,221,2.5,0,0,0,0,0,0,1,0,0.1,0.1,0.0,0.1,2,8,3,0.0,0.0,0.0,0.0,0.0,0.03,0.01,0.04,0.03,0.04
3074,Lucas Halter,BRA,DF,Vitória,25,2000,12,12,1080,12.0,1,0,1,1,0,0,2,0,0.8,0.8,0.0,0.8,6,29,0,0.08,0.0,0.08,0.08,0.08,0.07,0.0,0.07,0.07,0.07
3075,Héctor,ESP,"FW,MF",Corinthians,29,1995,9,3,246,2.7,1,0,1,1,0,0,0,0,0.5,0.5,0.1,0.6,0,0,13,0.37,0.0,0.37,0.37,0.37,0.19,0.02,0.21,0.19,0.21
3076,Henrique,BRA,FW,São Paulo,18,2006,1,0,1,0.0,0,0,0,0,0,0,0,0,0.0,0.0,0.0,0.0,0,0,0,0.0,0.0,0.0,0.0,0.0,0.0,0.0,0.0,0.0,0.0
3077,Bruno Henrique,BRA,"FW,MF",Flamengo,34,1990,13,9,746,8.3,1,0,1,1,0,0,2,0,2.1,2.1,0.4,2.5,24,22,56,0.12,0.0,0.12,0.12,0.12,0.25,0.04,0.3,0.25,0.3
3078,Bruno Henrique,BRA,MF,Internacional,35,1989,10,10,635,7.1,1,0,1,1,0,0,2,1,1.0,1.0,0.4,1.4,4,37,10,0.14,0.0,0.14,0.14,0.14,0.15,0.05,0.2,0.15,0.2
3079,Dalbert Henrique,BRA,"DF,FW",Sport Recife,31,1993,5,0,110,1.2,0,0,0,0,0,0,2,0,0.0,0.0,0.0,0.0,2,6,18,0.0,0.0,0.0,0.0,0.0,0.0,0.0,0.0,0.0,0.0
3080,Gustavo Henrique,BRA,DF,Corinthians,32,1993,4,4,360,4.0,0,0,0,0,0,0,0,0,0.3,0.3,0.0,0.3,0,11,0,0.0,0.0,0.0,0.0,0.0,0.08,0.0,0.08,0.08,0.08
3081,Matheus Henrique,BRA,MF,Cruzeiro,27,1997,2,2,180,2.0,0,0,0,0,0,0,1,0,0.0,0.0,0.1,0.1,1,4,1,0.0,0.0,0.0,0.0,0.0,0.0,0.03,0.03,0.0,0.03
3082,Paulo Henrique,BRA,DF,Vasco da Gama,28,1996,12,12,1055,11.7,0,3,3,0,0,0,5,0,0.7,0.7,1.8,2.5,38,44,88,0.0,0.26,0.26,0.0,0.26,0.06,0.16,0.22,0.06,0.22
3083,Pedro Henrique,BRA,FW,Ceará,35,1990,8,7,518,5.8,1,0,1,1,0,0,3,0,1.0,1.0,0.2,1.2,16,6,26,0.17,0.0,0.17,0.17,0.17,0.18,0.03,0.21,0.18,0.21
3084,Pedro Henrique,BRA,DF,RB Bragantino,29,1995,13,13,1170,13.0,0,1,1,0,0,0,2,0,0.4,0.4,0.2,0.6,7,37,0,0.0,0.08,0.08,0.0,0.08,0.03,0.01,0.05,0.03,0.05
3085,Hércules,BRA,MF,Fluminense,24,2000,9,8,608,6.8,1,0,1,1,0,0,1,0,1.0,1.0,0.0,1.0,6,35,14,0.15,0.0,0.15,0.15,0.15,0.15,0.0,0.15,0.15,0.15
3086,Diogo Hereda,BRA,DF,Sport Recife,26,1998,11,10,848,9.4,0,1,1,0,0,0,1,0,0.2,0.2,0.4,0.7,18,47,77,0.0,0.11,0.11,0.0,0.11,0.03,0.04,0.07,0.03,0.07
3087,Marcelo Hermes,BRA,DF,Juventude,30,1995,1,1,90,1.0,0,0,0,0,0,0,0,0,0.0,0.0,0.0,0.0,2,4,3,0.0,0.0,0.0,0.0,0.0,0.0,0.0,0.0,0.0,0.0
3088,José Herrera,ARG,FW,Fortaleza,22,2003,1,0,22,0.2,0,0,0,0,0,0,0,0,0.2,0.2,0.0,0.2,2,0,3,0.0,0.0,0.0,0.0,0.0,0.89,0.0,0.89,0.89,0.89
3089,Lucca Holanda,BRA,"FW,MF",Internacional,22,2003,4,1,161,1.8,0,0,0,0,0,0,0,0,0.5,0.5,0.1,0.6,5,2,9,0.0,0.0,0.0,0.0,0.0,0.27,0.07,0.34,0.27,0.34
3090,Hudson,BRA,MF,Juventude,24,2001,1,1,65,0.7,0,0,0,0,0,0,1,0,0.0,0.0,0.0,0.0,0,3,0,0.0,0.0,0.0,0.0,0.0,0.0,0.0,0.0,0.0,0.0
3091,Hugo,BRA,DF,Corinthians,27,1997,3,2,154,1.7,0,0,0,0,0,0,0,0,0.1,0.1,0.0,0.1,4,12,12,0.0,0.0,0.0,0.0,0.0,0.06,0.02,0.08,0.06,0.08
3092,Vitor Hugo,BRA,DF,Atlético Mineiro,34,1991,5,2,191,2.1,0,0,0,0,0,0,0,0,0.1,0.1,0.0,0.1,1,4,0,0.0,0.0,0.0,0.0,0.0,0.02,0.02,0.04,0.02,0.04
3093,Hulk,BRA,FW,Atlético Mineiro,38,1986,12,11,1000,11.1,2,2,4,1,1,1,3,0,2.1,1.3,2.0,3.3,24,24,86,0.18,0.18,0.36,0.09,0.27,0.19,0.18,0.37,0.12,0.3
3094,José Hurtado,ECU,DF,RB Bragantino,23,2001,12,12,933,10.4,1,0,1,1,0,0,2,1,0.4,0.4,0.4,0.7,23,37,28,0.1,0.0,0.1,0.1,0.1,0.03,0.03,0.07,0.03,0.07
3095,Hyan,BRA,MF,Santos,21,2004,1,0,13,0.1,0,0,0,0,0,0,0,0,0.0,0.0,0.0,0.0,0,1,0,0.0,0.0,0.0,0.0,0.0,0.0,0.15,0.15,0.0,0.15
3096,Iago,BRA,"DF,MF",Bahia,28,1997,5,3,208,2.3,0,0,0,0,0,0,0,0,0.1,0.1,0.2,0.3,2,4,11,0.0,0.0,0.0,0.0,0.0,0.04,0.1,0.14,0.04,0.14
3097,Ignácio,BRA,DF,Fluminense,28,1996,7,4,367,4.1,0,0,0,0,0,0,0,0,0.1,0.1,0.5,0.7,1,3,1,0.0,0.0,0.0,0.0,0.0,0.04,0.13,0.17,0.04,0.17
3098,Juan Ignacio Dinenno,ARG,FW,Cruzeiro,30,1994,1,0,12,0.1,0,0,0,0,0,0,0,0,0.0,0.0,0.0,0.0,0,0,0,0.0,0.0,0.0,0.0,0.0,0.0,0.0,0.0,0.0,0.0
3099,Juan Ignacio Dinenno,ARG,FW,São Paulo,30,1994,2,0,70,0.8,0,0,0,0,0,0,1,0,0.0,0.0,0.0,0.0,0,1,6,0.0,0.0,0.0,0.0,0.0,0.03,0.0,0.03,0.03,0.03
3100,Isaac,BRA,DF,Atlético Mineiro,21,2004,1,0,6,0.1,0,0,0,0,0,0,0,0,0.0,0.0,0.0,0.0,0,0,0,0.0,0.0,0.0,0.0,0.0,0.0,0.0,0.0,0.0,0.0
3101,Isaque,BRA,MF,Fluminense,18,2007,1,0,22,0.2,0,0,0,0,0,0,0,0,0.0,0.0,0.0,0.0,0,1,1,0.0,0.0,0.0,0.0,0.0,0.0,0.0,0.0,0.0,0.0
3102,Zé Ivaldo,BRA,DF,Santos,28,1997,12,11,1035,11.5,1,0,1,1,0,0,4,0,1.0,1.0,0.0,1.0,4,32,0,0.09,0.0,0.09,0.09,0.09,0.09,0.0,0.09,0.09,0.09
3103,Jadson,BRA,MF,Juventude,31,1993,11,11,981,10.9,0,1,1,0,0,0,4,0,0.5,0.5,0.4,0.9,6,41,30,0.0,0.09,0.09,0.0,0.09,0.04,0.04,0.08,0.04,0.08
3104,Jair,BRA,MF,Vasco da Gama,30,1994,7,4,351,3.9,0,0,0,0,0,0,2,0,0.1,0.1,0.2,0.3,3,25,2,0.0,0.0,0.0,0.0,0.0,0.02,0.05,0.06,0.02,0.06
3105,Jamerson,BRA,DF,Vitória,26,1998,12,12,1026,11.4,0,2,2,0,0,0,0,0,0.4,0.4,1.0,1.4,33,42,51,0.0,0.18,0.18,0.0,0.18,0.04,0.09,0.12,0.04,0.12
3106,Janderson,BRA,"FW,MF",Vitória,26,1999,11,9,729,8.1,1,0,1,1,0,0,3,0,0.7,0.7,0.3,1.0,9,12,33,0.12,0.0,0.12,0.12,0.12,0.09,0.04,0.13,0.09,0.13
3107,Léo Jardim,BRA,GK,Vasco da Gama,30,1995,14,14,1260,14.0,0,0,0,0,0,0,0,0,0.0,0.0,0.0,0.0,0,0,0,0.0,0.0,0.0,0.0,0.0,0.0,0.0,0.0,0.0,0.0
3108,Jeffinho,BRA,MF,Botafogo (RJ),25,1999,3,1,56,0.6,0,1,1,0,0,0,0,0,0.3,0.3,0.1,0.4,4,5,0,0.0,1.61,1.61,0.0,1.61,0.45,0.14,0.6,0.45,0.6
3109,Jefinho,BRA,MF,Sport Recife,18,2006,1,0,23,0.3,0,0,0,0,0,0,0,0,0.2,0.2,0.0,0.2,1,0,3,0.0,0.0,0.0,0.0,0.0,0.91,0.0,0.91,0.91,0.91
3110,Jemerson,BRA,DF,Grêmio,32,1992,9,8,770,8.6,1,0,1,1,0,0,3,0,0.9,0.9,0.0,0.9,4,21,2,0.12,0.0,0.12,0.12,0.12,0.11,0.0,0.11,0.11,0.11
3111,Jemmes,BRA,DF,Mirassol,25,2000,13,13,1170,13.0,1,0,1,1,0,0,1,0,1.3,1.3,0.1,1.4,9,23,1,0.08,0.0,0.08,0.08,0.08,0.1,0.01,0.11,0.1,0.11
3112,Caíque de Jesus Gonçalves,BRA,MF,Juventude,29,1995,6,4,343,3.8,0,0,0,0,0,0,1,0,0.0,0.0,0.0,0.0,5,11,0,0.0,0.0,0.0,0.0,0.0,0.0,0.0,0.0,0.0,0.0
3113,Igor Jesus,BRA,FW,Botafogo (RJ),24,2001,10,10,875,9.7,3,1,4,3,0,0,0,0,2.6,2.6,1.2,3.7,15,21,51,0.31,0.1,0.41,0.31,0.41,0.26,0.12,0.38,0.26,0.38
3114,Maykon Jesus,BRA,DF,Vitória,19,2005,3,2,226,2.5,0,0,0,0,0,0,0,0,0.0,0.0,0.2,0.2,5,10,7,0.0,0.0,0.0,0.0,0.0,0.02,0.07,0.09,0.02,0.09
3115,John,BRA,GK,Botafogo (RJ),29,1996,13,13,1170,13.0,0,0,0,0,0,0,2,0,0.0,0.0,0.0,0.0,0,1,0,0.0,0.0,0.0,0.0,0.0,0.0,0.0,0.0,0.0,0.0
3116,Jonathan,BRA,DF,Cruzeiro,21,2004,6,4,286,3.2,0,1,1,0,0,0,0,1,0.0,0.0,0.5,0.5,0,5,3,0.0,0.31,0.31,0.0,0.31,0.0,0.14,0.14,0.0,0.14
3117,Kaio Jorge,BRA,FW,Cruzeiro,23,2002,13,13,994,11.0,12,2,14,12,0,1,2,0,8.2,7.4,1.1,8.6,22,14,78,1.09,0.18,1.27,1.09,1.27,0.75,0.1,0.85,0.67,0.78
3118,Jorginho,ITA,MF,Flamengo,33,1991,2,2,172,1.9,0,0,0,0,0,0,1,0,0.0,0.0,0.1,0.1,1,22,1,0.0,0.0,0.0,0.0,0.0,0.0,0.04,0.04,0.0,0.04
3119,José,BRA,DF,Cruzeiro,19,2005,1,0,1,0.0,0,0,0,0,0,0,0,0,0.0,0.0,0.0,0.0,0,0,0,0.0,0.0,0.0,0.0,0.0,0.0,0.0,0.0,0.0,0.0
3120,Willian José,BRA,FW,Bahia,33,1991,11,7,537,6.0,2,1,3,1,1,1,2,0,2.7,2.0,1.6,3.6,2,8,22,0.34,0.17,0.5,0.17,0.34,0.46,0.28,0.74,0.33,0.6
3121,Jhonatan Jowjow,BRA,"MF,FW",RB Bragantino,22,2002,14,14,1092,12.1,2,1,3,2,0,0,2,0,1.3,1.3,3.6,4.8,36,72,55,0.16,0.08,0.25,0.16,0.25,0.11,0.29,0.4,0.11,0.4
3122,Luciano Juba,BRA,DF,Bahia,25,1999,14,13,1164,12.9,3,3,6,3,0,0,1,0,1.5,1.5,2.1,3.6,28,60,38,0.23,0.23,0.46,0.23,0.46,0.12,0.16,0.28,0.12,0.28
3123,Juninho,BRA,FW,Flamengo,28,1996,7,2,216,2.4,0,0,0,0,0,0,0,0,0.7,0.7,0.1,0.8,0,2,16,0.0,0.0,0.0,0.0,0.0,0.3,0.02,0.32,0.3,0.32
3124,Juninho,BRA,DF,Internacional,29,1995,5,5,450,5.0,0,0,0,0,0,0,1,0,0.3,0.3,0.0,0.3,4,16,2,0.0,0.0,0.0,0.0,0.0,0.05,0.0,0.06,0.05,0.06
3125,Robinho Junior,BRA,"FW,MF",Santos,17,2007,2,0,41,0.5,0,0,0,0,0,0,0,0,0.0,0.0,0.2,0.2,2,0,3,0.0,0.0,0.0,0.0,0.0,0.0,0.36,0.36,0.0,0.36
3126,Kaiki,BRA,DF,Cruzeiro,22,2003,13,13,1164,12.9,0,2,2,0,0,0,3,0,0.6,0.6,1.2,1.8,24,42,45,0.0,0.15,0.15,0.0,0.15,0.05,0.09,0.14,0.05,0.14
3127,Walter Kannemann,ARG,DF,Grêmio,34,1991,6,5,511,5.7,0,0,0,0,0,0,2,0,0.3,0.3,0.1,0.4,2,7,0,0.0,0.0,0.0,0.0,0.0,0.05,0.02,0.07,0.05,0.07
3128,Kanu,BRA,DF,Bahia,28,1997,2,2,102,1.1,0,0,0,0,0,0,0,0,0.0,0.0,0.1,0.1,0,3,0,0.0,0.0,0.0,0.0,0.0,0.0,0.05,0.05,0.0,0.05
3129,Kayke,BRA,FW,Corinthians,21,2004,1,0,13,0.1,0,0,0,0,0,0,0,0,0.0,0.0,0.0,0.0,3,0,2,0.0,0.0,0.0,0.0,0.0,0.14,0.0,0.14,0.14,0.14
3130,Renato Kayser,BRA,FW,Vitória,29,1996,7,6,518,5.8,3,0,3,3,0,0,0,0,3.4,3.4,0.2,3.6,1,5,15,0.52,0.0,0.52,0.52,0.52,0.59,0.04,0.63,0.59,0.63
3131,Kenji,BRA,FW,Cruzeiro,19,2006,1,0,9,0.1,0,0,0,0,0,0,0,0,0.0,0.0,0.0,0.0,1,1,3,0.0,0.0,0.0,0.0,0.0,0.0,0.0,0.0,0.0,0.0
3132,Keno,BRA,FW,Fluminense,35,1989,5,0,121,1.3,0,0,0,0,0,0,0,0,0.4,0.4,0.2,0.6,8,3,19,0.0,0.0,0.0,0.0,0.0,0.3,0.12,0.42,0.3,0.42
3133,Kevyson,BRA,DF,Santos,21,2004,1,0,16,0.2,0,0,0,0,0,0,0,0,0.0,0.0,0.0,0.0,0,0,2,0.0,0.0,0.0,0.0,0.0,0.0,0.0,0.0,0.0,0.0
3134,Kevyson,BRA,"DF,MF",Sport Recife,21,2004,1,0,45,0.5,0,0,0,0,0,0,0,0,0.0,0.0,0.0,0.0,2,2,9,0.0,0.0,0.0,0.0,0.0,0.0,0.0,0.0,0.0,0.0
3135,Benjamín Kuscevic,CHI,DF,Fortaleza,29,1996,13,13,1160,12.9,0,0,0,0,0,0,0,0,0.5,0.4,0.1,0.5,5,27,0,0.0,0.0,0.0,0.0,0.0,0.04,0.0,0.04,0.03,0.04
3136,Ignacio Laquintana,URU,FW,RB Bragantino,26,1999,7,3,225,2.5,2,0,2,2,0,0,0,0,0.4,0.4,0.0,0.4,5,6,22,0.8,0.0,0.8,0.8,0.8,0.17,0.0,0.17,0.17,0.17
3137,Joaquín Lavega,URU,DF,Fluminense,20,2005,1,0,8,0.1,0,0,0,0,0,0,0,0,0.0,0.0,0.0,0.0,1,0,2,0.0,0.0,0.0,0.0,0.0,0.0,0.0,0.0,0.0,0.0
3138,Lelê,BRA,FW,Ceará,27,1997,7,0,110,1.2,0,0,0,0,0,0,0,0,0.7,0.7,0.0,0.7,5,2,8,0.0,0.0,0.0,0.0,0.0,0.57,0.0,0.57,0.57,0.57
3139,Mauricio Lemos,URU,DF,Vasco da Gama,29,1995,2,1,91,1.0,0,0,0,0,0,0,0,0,0.0,0.0,0.0,0.0,0,3,0,0.0,0.0,0.0,0.0,0.0,0.0,0.0,0.0,0.0,0.0
3140,Rubén Lezcano,PAR,MF,Fluminense,21,2004,3,0,43,0.5,0,0,0,0,0,0,0,0,0.1,0.1,0.1,0.2,2,4,3,0.0,0.0,0.0,0.0,0.0,0.16,0.21,0.38,0.16,0.38
3141,Lima,BRA,MF,Fluminense,29,1996,9,4,413,4.6,1,0,1,1,0,0,1,0,1.7,1.7,0.1,1.9,7,13,19,0.22,0.0,0.22,0.22,0.22,0.38,0.03,0.41,0.38,0.41
3142,Lucas Lima,BRA,MF,Ceará,25,2000,4,0,36,0.4,0,0,0,0,0,0,0,0,0.0,0.0,0.0,0.0,0,2,1,0.0,0.0,0.0,0.0,0.0,0.0,0.0,0.0,0.0,0.0
3143,Lucas Lima,BRA,"MF,FW",Sport Recife,35,1990,11,10,869,9.7,0,2,2,0,0,0,5,0,0.5,0.5,1.7,2.3,16,77,43,0.0,0.21,0.21,0.0,0.21,0.06,0.18,0.23,0.06,0.23
3144,Kauan Lindes,BRA,MF,Botafogo (RJ),21,2003,1,0,31,0.3,0,0,0,0,0,0,0,0,0.0,0.0,0.2,0.2,1,3,2,0.0,0.0,0.0,0.0,0.0,0.0,0.59,0.59,0.0,0.59
3145,Lenny Lobato,BRA,FW,Sport Recife,24,2001,7,2,244,2.7,0,0,0,0,0,0,0,0,0.4,0.4,0.1,0.5,6,2,18,0.0,0.0,0.0,0.0,0.0,0.16,0.03,0.19,0.16,0.19
3146,David Loiola,BRA,DF,Botafogo (RJ),22,2002,6,6,499,5.5,0,0,0,0,0,0,0,1,0.0,0.0,0.1,0.1,6,25,0,0.0,0.0,0.0,0.0,0.0,0.01,0.02,0.03,0.01,0.03
3147,José López,ARG,FW,Palmeiras,24,2000,11,6,544,6.0,2,0,2,1,1,1,3,0,3.4,2.6,0.3,2.9,13,12,28,0.33,0.0,0.33,0.17,0.17,0.57,0.04,0.61,0.44,0.48
3148,Renzo López,URU,FW,Vitória,31,1994,2,0,53,0.6,0,0,0,0,0,0,0,0,0.2,0.2,0.0,0.2,0,1,0,0.0,0.0,0.0,0.0,0.0,0.33,0.05,0.39,0.33,0.39
3149,Lourenço,BRA,MF,Ceará,27,1997,11,2,326,3.6,0,0,0,0,0,0,0,0,0.5,0.5,0.3,0.8,2,12,5,0.0,0.0,0.0,0.0,0.0,0.13,0.09,0.22,0.13,0.22
3150,Lucão,BRA,GK,RB Bragantino,24,2001,2,2,180,2.0,0,0,0,0,0,0,1,0,0.0,0.0,0.0,0.0,0,0,0,0.0,0.0,0.0,0.0,0.0,0.0,0.0,0.0,0.0,0.0
3151,Ayrton Lucas,BRA,DF,Flamengo,28,1997,6,2,257,2.9,1,0,1,1,0,0,1,0,0.6,0.6,0.1,0.7,9,19,8,0.35,0.0,0.35,0.35,0.35,0.22,0.04,0.26,0.22,0.26
3152,Jean Lucas,BRA,MF,Bahia,27,1998,12,11,862,9.6,0,0,0,0,0,0,1,1,1.1,1.1,1.2,2.3,20,34,42,0.0,0.0,0.0,0.0,0.0,0.11,0.12,0.24,0.11,0.24
3153,João Lucas,BRA,DF,Grêmio,27,1998,1,0,45,0.5,0,0,0,0,0,0,0,0,0.0,0.0,0.0,0.0,0,0,0,0.0,0.0,0.0,0.0,0.0,0.0,0.0,0.0,0.0,0.0
3154,Zé Lucas,BRA,MF,Sport Recife,17,2008,9,6,515,5.7,0,0,0,0,0,0,0,0,0.3,0.3,0.3,0.7,8,20,19,0.0,0.0,0.0,0.0,0.0,0.06,0.05,0.11,0.06,0.11
3155,Luciano,BRA,"MF,FW",São Paulo,32,1993,13,10,835,9.3,3,2,5,2,1,1,3,0,3.9,3.1,1.7,4.8,11,30,54,0.32,0.22,0.54,0.22,0.43,0.42,0.18,0.6,0.33,0.51
3156,Luighi,BRA,"FW,DF",Palmeiras,19,2006,2,0,56,0.6,0,0,0,0,0,0,0,0,0.1,0.1,0.3,0.3,4,1,7,0.0,0.0,0.0,0.0,0.0,0.1,0.42,0.52,0.1,0.52
3157,Victor Luis,BRA,DF,Vasco da Gama,32,1993,1,1,90,1.0,0,0,0,0,0,0,0,0,0.1,0.1,0.0,0.1,1,7,3,0.0,0.0,0.0,0.0,0.0,0.06,0.03,0.08,0.06,0.08
3158,Luisão,BRA,DF,Santos,21,2003,3,2,168,1.9,0,0,0,0,0,0,1,0,0.1,0.1,0.0,0.1,0,2,2,0.0,0.0,0.0,0.0,0.0,0.03,0.0,0.03,0.03,0.03
3159,David Luiz,BRA,DF,Fortaleza,38,1987,7,4,399,4.4,0,0,0,0,0,0,2,0,0.2,0.2,0.0,0.2,4,21,3,0.0,0.0,0.0,0.0,0.0,0.04,0.01,0.05,0.04,0.05
3160,Guilherme Luiz,BRA,FW,Ceará,20,2005,5,0,137,1.5,0,1,1,0,0,0,0,0,0.2,0.2,0.8,1.0,2,1,6,0.0,0.66,0.66,0.0,0.66,0.13,0.55,0.67,0.13,0.67
3161,Lyanco,BRA,DF,Atlético Mineiro,28,1997,9,9,808,9.0,0,0,0,0,0,0,6,2,0.5,0.5,0.1,0.7,8,38,1,0.0,0.0,0.0,0.0,0.0,0.06,0.01,0.07,0.06,0.07
3162,Everton Maceió,BRA,"FW,MF",Mirassol,22,2003,5,1,132,1.5,0,0,0,0,0,0,0,0,0.1,0.1,1.0,1.1,9,7,19,0.0,0.0,0.0,0.0,0.0,0.1,0.67,0.77,0.1,0.77
3163,Willian Machado,BRA,DF,Ceará,28,1996,13,13,1149,12.8,0,0,0,0,0,0,2,0,0.3,0.3,0.0,0.4,4,31,0,0.0,0.0,0.0,0.0,0.0,0.03,0.0,0.03,0.03,0.03
3164,Talles Magno,BRA,"FW,MF",Corinthians,23,2002,12,5,505,5.6,1,1,2,1,0,0,1,0,2.4,2.4,0.5,2.9,17,16,66,0.18,0.18,0.36,0.18,0.36,0.42,0.09,0.51,0.42,0.51
3165,Magrão,BRA,GK,Fortaleza,25,2000,1,1,90,1.0,0,0,0,0,0,0,0,0,0.0,0.0,0.0,0.0,0,0,0,0.0,0.0,0.0,0.0,0.0,0.0,0.0,0.0,0.0,0.0
3166,Gustavo Maia,BRA,FW,Sport Recife,24,2001,1,0,17,0.2,0,0,0,0,0,0,0,0,0.0,0.0,0.0,0.0,2,0,6,0.0,0.0,0.0,0.0,0.0,0.05,0.17,0.22,0.05,0.22
3167,Pablo Maia,BRA,MF,São Paulo,23,2002,7,4,334,3.7,0,0,0,0,0,0,2,0,0.0,0.0,0.0,0.1,1,10,1,0.0,0.0,0.0,0.0,0.0,0.01,0.01,0.02,0.01,0.02
3168,Thiago Maia,BRA,MF,Internacional,28,1997,10,7,567,6.3,1,1,2,1,0,0,1,0,0.6,0.6,0.3,0.9,5,43,15,0.16,0.16,0.32,0.16,0.32,0.1,0.04,0.14,0.1,0.14
3169,Léo Mana,BRA,DF,Corinthians,21,2004,3,2,180,2.0,0,0,0,0,0,0,0,0,0.0,0.0,0.0,0.0,2,11,8,0.0,0.0,0.0,0.0,0.0,0.0,0.01,0.01,0.0,0.01
3170,Gustavo Mancha,BRA,DF,Fortaleza,20,2004,10,10,844,9.4,0,0,0,0,0,0,2,0,0.1,0.1,0.0,0.1,8,44,3,0.0,0.0,0.0,0.0,0.0,0.02,0.0,0.02,0.02,0.02
3171,Eros Mancuso,ARG,"DF,FW",Fortaleza,26,1999,10,7,619,6.9,0,0,0,0,0,0,1,0,0.6,0.6,0.5,1.1,11,27,28,0.0,0.0,0.0,0.0,0.0,0.09,0.07,0.16,0.09,0.16
3172,Luis Mandaca,BRA,"MF,FW",Juventude,23,2001,11,10,788,8.8,1,0,1,1,0,0,1,0,0.7,0.7,0.3,1.0,14,25,32,0.11,0.0,0.11,0.11,0.11,0.08,0.03,0.11,0.08,0.11
3173,Elias Manoel,BRA,"MF,FW",Botafogo (RJ),23,2001,2,0,27,0.3,0,0,0,0,0,0,0,0,0.0,0.0,0.1,0.1,1,2,1,0.0,0.0,0.0,0.0,0.0,0.0,0.18,0.18,0.0,0.18
3174,Fernando Marçal,BRA,DF,Botafogo (RJ),36,1989,2,0,27,0.3,0,0,0,0,0,0,2,0,0.0,0.0,0.0,0.0,0,3,1,0.0,0.0,0.0,0.0,0.0,0.0,0.0,0.0,0.0,0.0
3175,Marcão,BRA,GK,Juventude,33,1992,6,5,495,5.5,0,0,0,0,0,0,0,0,0.0,0.0,0.0,0.0,0,0,0,0.0,0.0,0.0,0.0,0.0,0.0,0.0,0.0,0.0,0.0
3176,João Marcelo,BRA,FW,Atlético Mineiro,20,2005,6,0,57,0.6,1,0,1,1,0,0,0,0,0.2,0.2,0.0,0.3,1,3,9,1.58,0.0,1.58,1.58,1.58,0.39,0.03,0.42,0.39,0.42
3177,Zé Marcos,BRA,DF,Vitória,27,1998,11,10,945,10.5,0,0,0,0,0,0,1,0,0.1,0.1,0.2,0.2,4,33,1,0.0,0.0,0.0,0.0,0.0,0.0,0.02,0.02,0.0,0.02
3178,Marinho,BRA,FW,Fortaleza,35,1990,10,6,488,5.4,1,2,3,1,0,0,1,1,1.2,1.2,2.1,3.3,19,10,52,0.18,0.37,0.55,0.18,0.55,0.23,0.38,0.61,0.23,0.61
3179,Marlon,BRA,DF,Cruzeiro,28,1997,1,0,6,0.1,0,0,0,0,0,0,0,0,0.0,0.0,0.0,0.0,0,0,0,0.0,0.0,0.0,0.0,0.0,0.0,0.41,0.41,0.0,0.41
3180,Marlon,BRA,DF,Grêmio,28,1997,9,9,810,9.0,0,0,0,0,0,0,2,0,0.3,0.3,1.2,1.4,11,19,16,0.0,0.0,0.0,0.0,0.0,0.03,0.13,0.16,0.03,0.16
3181,Lucca Marques,BRA,"FW,MF",São Paulo,18,2007,3,1,113,1.3,0,0,0,0,0,0,0,0,0.1,0.1,0.0,0.1,4,0,11,0.0,0.0,0.0,0.0,0.0,0.11,0.0,0.11,0.11,0.11
3182,Marquinhos,BRA,"FW,MF",Cruzeiro,22,2003,9,1,151,1.7,0,0,0,0,0,0,1,0,0.1,0.1,0.3,0.4,3,2,10,0.0,0.0,0.0,0.0,0.0,0.08,0.18,0.26,0.08,0.26
3183,Juan Martín Lucero,ARG,FW,Fortaleza,33,1991,14,9,837,9.3,3,1,4,3,0,1,3,0,3.4,2.6,2.0,4.6,2,11,35,0.32,0.11,0.43,0.32,0.43,0.36,0.22,0.58,0.28,0.5
3184,Martinelli,BRA,MF,Fluminense,24,2001,12,12,1021,11.3,1,1,2,1,0,0,1,0,1.5,1.5,1.2,2.7,12,64,14,0.09,0.09,0.18,0.09,0.18,0.13,0.1,0.24,0.13,0.24
3185,Alejandro Martínez,ARG,FW,Ceará,28,1997,2,0,49,0.5,0,1,1,0,0,0,0,0,0.0,0.0,0.1,0.1,0,1,3,0.0,1.84,1.84,0.0,1.84,0.03,0.09,0.12,0.03,0.12
3186,Emiliano Martínez,URU,MF,Palmeiras,25,1999,10,7,605,6.7,1,0,1,1,0,0,1,0,0.3,0.3,0.3,0.5,5,21,1,0.15,0.0,0.15,0.15,0.15,0.04,0.04,0.08,0.04,0.08
3187,Adriano Martins,BRA,DF,Juventude,28,1997,5,5,360,4.0,0,0,0,0,0,0,1,0,0.2,0.2,0.0,0.2,0,6,0,0.0,0.0,0.0,0.0,0.0,0.05,0.0,0.05,0.05,0.05
3188,Andre Martins,BRA,FW,Grêmio,23,2001,8,0,138,1.5,1,0,1,1,0,0,0,0,1.6,1.6,0.0,1.6,1,3,12,0.65,0.0,0.65,0.65,0.65,1.06,0.0,1.06,1.06,1.06
3189,Matheus Martins,BRA,"FW,MF",Botafogo (RJ),22,2003,5,3,280,3.1,0,0,0,0,0,0,1,0,0.6,0.6,0.1,0.7,21,11,19,0.0,0.0,0.0,0.0,0.0,0.19,0.03,0.21,0.19,0.21
3190,Gustavo Martins Santos,BRA,DF,Grêmio,22,2002,5,4,332,3.7,1,0,1,1,0,0,1,0,0.6,0.6,0.1,0.7,3,9,3,0.27,0.0,0.27,0.27,0.27,0.17,0.02,0.2,0.17,0.2
3191,Gonzalo Mastriani,URU,FW,Botafogo (RJ),32,1993,7,3,254,2.8,1,0,1,1,0,0,1,0,1.7,1.7,0.7,2.4,1,3,7,0.35,0.0,0.35,0.35,0.35,0.58,0.25,0.83,0.58,0.83
3192,Matheusinho,BRA,"MF,FW",Vitória,27,1997,11,11,910,10.1,2,0,2,2,0,0,3,1,1.7,1.7,0.3,2.0,26,31,31,0.2,0.0,0.2,0.2,0.2,0.17,0.03,0.2,0.17,0.2
3193,Matheuzinho,BRA,DF,Corinthians,24,2000,11,11,980,10.9,0,0,0,0,0,0,6,0,0.2,0.2,0.8,1.0,23,61,52,0.0,0.0,0.0,0.0,0.0,0.02,0.07,0.09,0.02,0.09
3194,Ricardo Mathias,BRA,FW,Internacional,18,2006,5,2,173,1.9,1,0,1,1,0,0,0,0,2.2,2.2,0.1,2.3,0,2,10,0.52,0.0,0.52,0.52,0.52,1.12,0.06,1.19,1.12,1.19
3195,Guillermo Matías Fernández,ARG,MF,Fortaleza,33,1991,7,3,286,3.2,0,2,2,0,0,0,1,0,0.4,0.4,0.2,0.6,2,13,9,0.0,0.63,0.63,0.0,0.63,0.12,0.07,0.2,0.12,0.2
3196,Mauricio,BRA,"MF,FW",Palmeiras,24,2001,8,2,290,3.2,1,0,1,1,0,0,0,0,1.0,1.0,0.2,1.2,6,12,13,0.31,0.0,0.31,0.31,0.31,0.31,0.07,0.37,0.31,0.37
3197,Maycon,BRA,MF,Corinthians,28,1997,11,5,538,6.0,0,0,0,0,0,0,0,0,0.0,0.0,0.3,0.3,6,35,15,0.0,0.0,0.0,0.0,0.0,0.01,0.04,0.05,0.01,0.05
3198,Mayke,BRA,DF,Palmeiras,32,1992,3,3,211,2.3,0,0,0,0,0,0,1,0,0.1,0.1,0.0,0.1,6,14,11,0.0,0.0,0.0,0.0,0.0,0.03,0.0,0.03,0.03,0.03
3199,Luca Meirelles,BRA,"MF,FW",Santos,18,2007,4,0,22,0.2,0,0,0,0,0,0,0,0,0.0,0.0,0.0,0.0,0,1,0,0.0,0.0,0.0,0.0,0.0,0.0,0.0,0.0,0.0,0.0
3200,Memphis,NED,FW,Corinthians,31,1994,10,10,765,8.5,3,3,6,3,0,1,3,0,3.7,2.9,2.4,5.2,12,35,60,0.35,0.35,0.71,0.35,0.71,0.43,0.28,0.71,0.34,0.62
3201,Nathan Mendes,BRA,DF,RB Bragantino,22,2002,4,0,119,1.3,0,0,0,0,0,0,0,0,0.0,0.0,0.0,0.1,4,6,10,0.0,0.0,0.0,0.0,0.0,0.01,0.03,0.04,0.01,0.04
3202,Vinicius Mendonça,BRA,FW,RB Bragantino,21,2004,14,9,749,8.3,0,2,2,0,0,0,2,0,0.6,0.6,0.6,1.1,29,20,67,0.0,0.24,0.24,0.0,0.24,0.07,0.07,0.13,0.07,0.13
3203,Jean Meneses,CHI,FW,Vasco da Gama,32,1993,1,0,1,0.0,0,0,0,0,0,0,0,0,0.0,0.0,0.0,0.0,0,0,1,0.0,0.0,0.0,0.0,0.0,0.0,0.0,0.0,0.0,0.0
3204,Gabriel Menino,BRA,MF,Atlético Mineiro,24,2000,9,4,411,4.6,0,1,1,0,0,0,0,0,0.2,0.2,0.7,0.9,13,36,12,0.0,0.22,0.22,0.0,0.22,0.04,0.16,0.2,0.04,0.2
3205,Micael,BRA,DF,Palmeiras,24,2000,6,6,540,6.0,0,0,0,0,0,0,1,0,0.0,0.0,0.0,0.0,5,13,1,0.0,0.0,0.0,0.0,0.0,0.0,0.0,0.01,0.0,0.01
3206,Michael,BRA,FW,Flamengo,29,1996,10,5,442,4.9,1,3,4,1,0,0,0,0,1.1,1.1,2.0,3.2,16,20,72,0.2,0.61,0.81,0.2,0.81,0.23,0.41,0.64,0.23,0.64
3207,Fernando Miguel,BRA,GK,Ceará,40,1985,8,7,657,7.3,0,0,0,0,0,0,0,0,0.0,0.0,0.0,0.0,0,0,0,0.0,0.0,0.0,0.0,0.0,0.0,0.0,0.0,0.0,0.0
3208,Moises,BRA,"FW,MF",Fortaleza,28,1996,3,2,140,1.6,0,1,1,0,0,0,1,0,0.2,0.2,0.3,0.5,5,2,12,0.0,0.64,0.64,0.0,0.64,0.13,0.17,0.3,0.13,0.3
3209,Miguel Monsalve,COL,"FW,MF",Grêmio,21,2004,8,2,294,3.3,0,1,1,0,0,0,2,0,0.1,0.1,0.7,0.9,7,14,10,0.0,0.31,0.31,0.0,0.31,0.04,0.22,0.26,0.04,0.26
3210,Álvaro Montoro,ARG,FW,Botafogo (RJ),18,2007,2,2,151,1.7,0,0,0,0,0,0,1,0,0.2,0.2,0.1,0.3,8,10,18,0.0,0.0,0.0,0.0,0.0,0.12,0.05,0.17,0.12,0.17
3211,Aníbal Moreno,ARG,MF,Palmeiras,26,1999,9,4,442,4.9,0,0,0,0,0,0,0,0,0.1,0.1,0.7,0.8,5,10,3,0.0,0.0,0.0,0.0,0.0,0.02,0.14,0.16,0.02,0.16
3212,Henry Mosquera,COL,FW,RB Bragantino,23,2001,8,4,411,4.6,0,0,0,0,0,0,0,0,0.8,0.8,0.3,1.1,26,16,48,0.0,0.0,0.0,0.0,0.0,0.18,0.07,0.25,0.18,0.25
3213,Gustavo Mosquito,BRA,"FW,MF",Vitória,27,1997,10,6,480,5.3,0,2,2,0,0,0,0,0,0.4,0.4,1.1,1.5,21,18,41,0.0,0.37,0.37,0.0,0.37,0.08,0.2,0.29,0.08,0.29
3214,Hugo Moura,BRA,MF,Vasco da Gama,27,1998,13,11,1039,11.5,0,1,1,0,0,0,4,0,0.4,0.4,0.4,0.8,9,44,8,0.0,0.09,0.09,0.0,0.09,0.04,0.04,0.07,0.04,0.07
3215,Lucas Moura,BRA,FW,São Paulo,32,1992,1,0,26,0.3,0,0,0,0,0,0,0,0,0.0,0.0,0.0,0.0,0,0,1,0.0,0.0,0.0,0.0,0.0,0.0,0.0,0.0,0.0,0.0
3216,Neto Moura,BRA,MF,Mirassol,28,1996,11,11,777,8.6,0,0,0,0,0,0,4,0,0.1,0.1,0.1,0.2,1,50,7,0.0,0.0,0.0,0.0,0.0,0.01,0.01,0.03,0.01,0.03
3217,Lucas Mugni,ARG,MF,Ceará,33,1992,12,12,837,9.3,1,4,5,1,0,0,3,0,0.4,0.4,2.1,2.5,6,32,34,0.11,0.43,0.54,0.11,0.54,0.04,0.22,0.27,0.04,0.27
3218,Alex Muralha,BRA,GK,Mirassol,35,1989,6,6,540,6.0,0,0,0,0,0,0,2,0,0.0,0.0,0.2,0.2,0,0,0,0.0,0.0,0.0,0.0,0.0,0.0,0.03,0.03,0.0,0.03
3219,Nata,BRA,MF,Juventude,24,2001,1,0,31,0.3,0,0,0,0,0,0,0,0,0.0,0.0,0.0,0.0,0,0,0,0.0,0.0,0.0,0.0,0.0,0.0,0.0,0.0,0.0,0.0
3220,Natanael,BRA,DF,Atlético Mineiro,23,2002,13,12,982,10.9,0,0,0,0,0,0,1,0,0.3,0.3,0.7,1.0,14,33,58,0.0,0.0,0.0,0.0,0.0,0.03,0.06,0.09,0.03,0.09
3221,Nathan,BRA,DF,Internacional,23,2001,1,1,90,1.0,0,0,0,0,0,0,0,0,0.1,0.1,0.0,0.1,3,5,4,0.0,0.0,0.0,0.0,0.0,0.06,0.0,0.06,0.06,0.06
3222,Nathan,BRA,"MF,FW",Grêmio,29,1996,2,1,90,1.0,0,0,0,0,0,0,0,0,0.1,0.1,0.0,0.1,2,2,0,0.0,0.0,0.0,0.0,0.0,0.06,0.04,0.11,0.06,0.11
3223,Kaiky Naves,BRA,DF,Palmeiras,23,2002,1,0,19,0.2,0,0,0,0,0,0,0,0,0.0,0.0,0.0,0.0,0,0,0,0.0,0.0,0.0,0.0,0.0,0.0,0.0,0.0,0.0,0.0
3224,Negueba,BRA,FW,Mirassol,25,1999,9,5,474,5.3,0,0,0,0,0,0,2,0,0.3,0.3,0.4,0.7,12,13,36,0.0,0.0,0.0,0.0,0.0,0.06,0.07,0.14,0.06,0.14
3225,Nenê,BRA,"MF,FW",Juventude,44,1981,7,1,210,2.3,0,0,0,0,0,0,0,0,0.2,0.2,0.4,0.6,5,16,21,0.0,0.0,0.0,0.0,0.0,0.1,0.16,0.26,0.1,0.26
3226,Neris,BRA,DF,Vitória,33,1992,3,2,135,1.5,0,0,0,0,0,0,1,0,0.0,0.0,0.0,0.0,0,3,0,0.0,0.0,0.0,0.0,0.0,0.02,0.0,0.02,0.02,0.02
3227,Rodrigo Nestor,BRA,MF,Bahia,24,2000,6,3,249,2.8,1,0,1,1,0,0,0,0,0.3,0.3,0.3,0.6,4,11,9,0.36,0.0,0.36,0.36,0.36,0.1,0.1,0.2,0.1,0.2
3228,José Vitor Silva Neves,BRA,FW,Mirassol,25,2000,2,0,25,0.3,0,0,0,0,0,0,1,0,0.0,0.0,0.0,0.0,0,1,0,0.0,0.0,0.0,0.0,0.0,0.0,0.0,0.0,0.0,0.0
3229,Newton,BRA,MF,Botafogo (RJ),25,2000,3,1,113,1.3,0,0,0,0,0,0,1,0,0.0,0.0,0.0,0.0,0,5,0,0.0,0.0,0.0,0.0,0.0,0.0,0.0,0.0,0.0,0.0
3230,Neymar,BRA,"FW,MF",Santos,33,1992,6,4,360,4.0,1,0,1,1,0,0,3,1,1.3,1.3,0.6,1.9,18,28,18,0.25,0.0,0.25,0.25,0.25,0.32,0.16,0.48,0.32,0.48
3231,Nicolas,BRA,DF,Ceará,28,1997,5,2,193,2.1,0,0,0,0,0,0,0,0,0.0,0.0,0.3,0.3,6,9,11,0.0,0.0,0.0,0.0,0.0,0.01,0.13,0.14,0.01,0.14
3232,Nonato,BRA,MF,Fluminense,27,1998,8,4,393,4.4,0,0,0,0,0,0,3,0,0.1,0.1,0.2,0.3,3,11,12,0.0,0.0,0.0,0.0,0.0,0.03,0.04,0.07,0.03,0.07
3233,Sérgio Oliveira,POR,MF,Sport Recife,33,1992,8,7,603,6.7,1,0,1,1,0,0,3,0,0.6,0.6,0.4,0.9,10,41,14,0.15,0.0,0.15,0.15,0.15,0.08,0.06,0.14,0.08,0.14
3234,Cauly Oliveira Souza,BRA,"FW,MF",Bahia,29,1995,12,5,512,5.7,1,3,4,1,0,0,1,0,2.0,2.0,0.5,2.5,15,30,34,0.18,0.53,0.7,0.18,0.7,0.35,0.08,0.44,0.35,0.44
3235,Cristian Olivera,URU,FW,Grêmio,23,2002,9,9,671,7.5,2,0,2,2,0,0,2,0,1.6,1.6,0.3,1.9,30,14,48,0.27,0.0,0.27,0.27,0.27,0.21,0.04,0.26,0.21,0.26
3236,Christian Ortiz,ARG,MF,Sport Recife,32,1992,6,0,178,2.0,0,0,0,0,0,0,0,0,0.2,0.2,0.2,0.4,2,13,17,0.0,0.0,0.0,0.0,0.0,0.11,0.09,0.21,0.11,0.21
3237,Leo Ortiz,BRA,DF,Flamengo,29,1996,12,12,1032,11.5,0,1,1,0,0,0,1,0,0.5,0.5,0.6,1.1,12,88,2,0.0,0.09,0.09,0.0,0.09,0.04,0.06,0.1,0.04,0.1
3238,Oscar,BRA,"FW,MF",São Paulo,33,1991,6,5,345,3.8,0,0,0,0,0,0,1,0,0.5,0.5,0.6,1.1,4,19,25,0.0,0.0,0.0,0.0,0.0,0.14,0.15,0.29,0.14,0.29
3239,Osvaldo,BRA,"FW,MF",Vitória,38,1987,9,4,322,3.6,0,1,1,0,0,0,2,0,0.3,0.3,1.3,1.5,9,11,36,0.0,0.28,0.28,0.0,0.28,0.07,0.36,0.43,0.07,0.43
3240,Luis Otávio,BRA,"MF,FW",Internacional,18,2007,5,0,77,0.9,0,0,0,0,0,0,0,0,0.0,0.0,0.0,0.0,1,4,2,0.0,0.0,0.0,0.0,0.0,0.0,0.02,0.02,0.0,0.02
3241,João Othavio Basso,BRA,DF,Santos,28,1997,4,4,338,3.8,0,0,0,0,0,0,1,0,0.0,0.0,0.0,0.0,1,5,0,0.0,0.0,0.0,0.0,0.0,0.0,0.01,0.01,0.0,0.01
3242,Pablo,BRA,FW,Sport Recife,33,1992,7,7,532,5.9,1,0,1,1,0,0,1,0,1.2,1.2,0.2,1.5,3,5,20,0.17,0.0,0.17,0.17,0.17,0.21,0.04,0.25,0.21,0.25
3243,Ruan Pablo,BRA,FW,Bahia,16,2008,1,0,9,0.1,0,0,0,0,0,0,0,0,0.4,0.4,0.0,0.4,1,1,3,0.0,0.0,0.0,0.0,0.0,3.53,0.0,3.53,3.53,3.53
3244,Bruno Pacheco,BRA,DF,Fortaleza,33,1991,3,3,270,3.0,0,0,0,0,0,0,1,0,0.0,0.0,0.0,0.0,2,6,6,0.0,0.0,0.0,0.0,0.0,0.0,0.02,0.02,0.0,0.02
3245,Gonçalo Paciência,POR,FW,Sport Recife,30,1994,3,2,122,1.4,0,0,0,0,0,0,0,0,0.3,0.3,0.1,0.3,1,2,6,0.0,0.0,0.0,0.0,0.0,0.2,0.04,0.24,0.2,0.24
3246,Brahian Palacios,COL,MF,Atlético Mineiro,22,2002,1,0,8,0.1,0,0,0,0,0,0,0,0,0.0,0.0,0.0,0.0,0,0,1,0.0,0.0,0.0,0.0,0.0,0.0,0.0,0.0,0.0,0.0
3247,Sergio Palacios,COL,DF,RB Bragantino,20,2005,1,0,26,0.3,0,0,0,0,0,0,1,0,0.0,0.0,0.0,0.0,0,0,0,0.0,0.0,0.0,0.0,0.0,0.0,0.0,0.0,0.0,0.0
3248,Kaio Pantaleão,BRA,DF,Botafogo (RJ),29,1995,2,2,180,2.0,0,0,0,0,0,0,0,0,0.5,0.5,0.0,0.5,2,5,1,0.0,0.0,0.0,0.0,0.0,0.26,0.0,0.26,0.26,0.26
3249,Alan Patrick,BRA,"MF,FW",Internacional,34,1991,9,9,733,8.1,2,4,6,1,1,1,3,0,1.7,0.9,4.9,5.8,10,56,35,0.25,0.49,0.74,0.12,0.61,0.21,0.6,0.81,0.11,0.71
3250,Jair Paula,BRA,DF,Botafogo (RJ),20,2005,11,11,990,11.0,0,1,1,0,0,0,0,0,0.5,0.5,0.2,0.7,3,31,3,0.0,0.09,0.09,0.0,0.09,0.04,0.02,0.06,0.04,0.06
3251,Patrick de Paula,BRA,MF,Botafogo (RJ),25,1999,6,4,284,3.2,0,0,0,0,0,0,0,0,0.1,0.1,0.1,0.2,3,16,6,0.0,0.0,0.0,0.0,0.0,0.04,0.02,0.06,0.04,0.06
3252,Paulinho,BRA,"MF,FW",Vasco da Gama,28,1997,8,3,209,2.3,0,0,0,0,0,0,2,0,0.0,0.0,0.0,0.0,3,15,3,0.0,0.0,0.0,0.0,0.0,0.0,0.02,0.02,0.0,0.02
3253,Paulinho,BRA,"MF,FW",Palmeiras,25,2000,7,1,224,2.5,0,0,0,0,0,0,0,0,0.2,0.2,0.4,0.6,6,8,24,0.0,0.0,0.0,0.0,0.0,0.09,0.15,0.24,0.09,0.24
3254,Caio Paulista,BRA,DF,Atlético Mineiro,27,1998,5,3,210,2.3,0,0,0,0,0,0,1,0,0.3,0.3,0.1,0.5,6,17,15,0.0,0.0,0.0,0.0,0.0,0.15,0.04,0.19,0.15,0.19
3255,Marcos Paulo,BRA,DF,Juventude,22,2003,7,6,581,6.5,0,0,0,0,0,0,1,0,0.2,0.2,0.1,0.3,6,27,2,0.0,0.0,0.0,0.0,0.0,0.03,0.01,0.04,0.03,0.04
3256,Cristian Pavón,ARG,FW,Grêmio,29,1996,8,3,373,4.1,0,1,1,0,0,0,2,0,0.2,0.2,0.7,0.9,10,13,33,0.0,0.24,0.24,0.0,0.24,0.05,0.16,0.21,0.05,0.21
3257,Dimitri Payet,FRA,MF,Vasco da Gama,38,1987,4,2,191,2.1,0,2,2,0,0,0,0,0,0.1,0.1,1.2,1.3,5,10,16,0.0,0.94,0.94,0.0,0.94,0.03,0.57,0.59,0.03,0.59
3258,Pedro,BRA,FW,Flamengo,28,1997,8,3,309,3.4,4,2,6,3,1,2,0,0,3.5,1.8,0.4,2.2,3,5,15,1.17,0.58,1.75,0.87,1.46,1.03,0.13,1.16,0.52,0.65
3259,João Pedro Chermont,BRA,DF,Santos,19,2006,5,2,249,2.8,0,0,0,0,0,0,3,0,0.1,0.1,0.8,0.9,4,9,13,0.0,0.0,0.0,0.0,0.0,0.02,0.29,0.31,0.02,0.31
3260,João Pedro,BRA,DF,Corinthians,21,2003,3,1,143,1.6,0,0,0,0,0,0,2,0,0.0,0.0,0.0,0.0,1,7,0,0.0,0.0,0.0,0.0,0.0,0.02,0.01,0.03,0.02,0.03
3261,João Pedro,BRA,DF,Grêmio,28,1996,6,5,381,4.2,0,0,0,0,0,0,0,0,0.0,0.0,0.2,0.2,6,20,13,0.0,0.0,0.0,0.0,0.0,0.01,0.04,0.04,0.01,0.04
3262,João Pedro Pepê,BRA,MF,Vitória,27,1998,6,2,185,2.1,0,0,0,0,0,0,1,1,0.0,0.0,0.0,0.0,2,5,2,0.0,0.0,0.0,0.0,0.0,0.0,0.0,0.0,0.0,0.0
3263,Peixoto,BRA,"MF,FW",Juventude,28,1997,2,0,36,0.4,0,0,0,0,0,0,0,0,0.0,0.0,0.0,0.0,1,2,0,0.0,0.0,0.0,0.0,0.0,0.0,0.04,0.04,0.0,0.04
3264,Léo Pereira,BRA,DF,Flamengo,29,1996,12,11,1032,11.5,1,0,1,1,0,0,1,0,0.9,0.9,0.1,1.0,7,46,2,0.09,0.0,0.09,0.09,0.09,0.08,0.01,0.09,0.08,0.09
3265,Matheus Pereira,BRA,MF,Cruzeiro,29,1996,12,11,941,10.5,2,5,7,2,0,0,4,0,1.6,1.6,3.0,4.6,18,44,57,0.19,0.48,0.67,0.19,0.67,0.15,0.29,0.44,0.15,0.44
3266,Luan Peres Petroni,BRA,DF,Santos,31,1994,7,7,630,7.0,0,0,0,0,0,0,4,0,0.0,0.0,0.0,0.0,8,15,0,0.0,0.0,0.0,0.0,0.0,0.0,0.0,0.01,0.0,0.01
3267,Pernambuco,BRA,"FW,MF",Juventude,27,1998,3,0,57,0.6,0,0,0,0,0,0,0,0,0.2,0.2,0.1,0.3,4,6,7,0.0,0.0,0.0,0.0,0.0,0.28,0.18,0.47,0.28,0.47
3268,Petterson,BRA,MF,Juventude,21,2004,2,1,80,0.9,0,0,0,0,0,0,0,0,0.1,0.1,0.0,0.1,4,1,4,0.0,0.0,0.0,0.0,0.0,0.11,0.0,0.11,0.11,0.11
3269,Yago Pikachu,BRA,"FW,DF",Fortaleza,33,1992,13,8,771,8.6,2,0,2,0,2,2,0,0,2.6,1.1,1.0,2.1,13,28,50,0.23,0.0,0.23,0.0,0.0,0.31,0.12,0.43,0.12,0.24
3270,Joaquín Piquerez,URU,DF,Palmeiras,26,1998,12,11,1035,11.5,2,0,2,1,1,2,2,0,1.9,0.3,0.8,1.1,15,72,65,0.17,0.0,0.17,0.09,0.09,0.16,0.07,0.23,0.03,0.09
3271,Rafael Pires,BRA,GK,São Paulo,36,1989,15,15,1350,15.0,0,0,0,0,0,0,2,0,0.0,0.0,0.0,0.0,0,0,0,0.0,0.0,0.0,0.0,0.0,0.0,0.0,0.0,0.0,0.0
3272,Lucas Piton,BRA,DF,Vasco da Gama,24,2000,13,13,1170,13.0,0,3,3,0,0,0,2,0,0.1,0.1,2.1,2.3,23,63,92,0.0,0.23,0.23,0.0,0.23,0.01,0.16,0.17,0.01,0.17
3273,Isidro Pitta,PAR,FW,RB Bragantino,25,1999,11,2,314,3.5,4,1,5,4,0,0,3,0,1.0,1.0,0.7,1.7,8,12,24,1.15,0.29,1.43,1.15,1.43,0.28,0.2,0.48,0.28,0.48
3274,Diego Pituca,BRA,MF,Santos,32,1992,10,4,392,4.4,1,0,1,1,0,0,2,0,0.3,0.3,0.1,0.3,5,16,9,0.23,0.0,0.23,0.23,0.23,0.06,0.02,0.08,0.06,0.08
3275,Gonzalo Plata,ECU,FW,Flamengo,24,2000,8,3,394,4.4,1,0,1,1,0,0,0,0,1.7,1.7,0.5,2.2,11,20,39,0.23,0.0,0.23,0.23,0.23,0.39,0.11,0.5,0.39,0.5
3276,Tomas Pochettino,ARG,"MF,FW",Fortaleza,29,1996,9,6,548,6.1,1,1,2,1,0,0,0,0,0.8,0.8,0.7,1.5,31,30,37,0.16,0.16,0.33,0.16,0.33,0.13,0.11,0.24,0.13,0.24
3277,Mateo Ponte,URU,DF,Botafogo (RJ),22,2003,8,0,129,1.4,1,0,1,1,0,0,1,0,0.5,0.5,0.2,0.7,5,4,21,0.7,0.0,0.7,0.7,0.7,0.36,0.16,0.52,0.36,0.52
3278,Gustavo Prado,BRA,"FW,MF",Internacional,20,2005,8,1,258,2.9,1,0,1,1,0,0,1,0,0.4,0.4,0.1,0.5,11,22,30,0.35,0.0,0.35,0.35,0.35,0.15,0.03,0.18,0.15,0.18
3279,Kauã Prates,BRA,DF,Cruzeiro,16,2008,1,1,62,0.7,0,0,0,0,0,0,0,0,0.0,0.0,0.0,0.0,0,0,0,0.0,0.0,0.0,0.0,0.0,0.0,0.0,0.0,0.0,0.0
3280,Lucca Prior,BRA,FW,Fortaleza,21,2004,4,1,105,1.2,0,0,0,0,0,0,0,0,0.1,0.1,0.2,0.3,2,10,7,0.0,0.0,0.0,0.0,0.0,0.06,0.19,0.25,0.06,0.25
3281,Erick Pulga,BRA,"FW,MF",Bahia,24,2000,14,11,1022,11.4,2,3,5,2,0,0,2,0,3.0,3.0,2.5,5.5,71,29,114,0.18,0.26,0.44,0.18,0.44,0.27,0.22,0.49,0.27,0.49
3282,Erick Pulgar,CHI,MF,Flamengo,31,1994,9,8,652,7.2,1,0,1,1,0,0,2,0,0.2,0.2,0.3,0.5,1,29,7,0.14,0.0,0.14,0.14,0.14,0.02,0.04,0.06,0.02,0.06
3283,Du Queiroz,BRA,MF,Sport Recife,25,2000,11,8,615,6.8,0,0,0,0,0,0,0,0,0.5,0.5,0.5,1.0,16,36,28,0.0,0.0,0.0,0.0,0.0,0.07,0.08,0.15,0.07,0.15
3284,Igor Rabello,BRA,"DF,FW",Atlético Mineiro,30,1995,3,1,99,1.1,0,0,0,0,0,0,0,0,0.0,0.0,0.0,0.0,0,1,0,0.0,0.0,0.0,0.0,0.0,0.0,0.0,0.0,0.0,0.0
3285,Zé Rafael,BRA,MF,Santos,32,1993,7,6,465,5.2,0,0,0,0,0,0,1,0,0.3,0.3,0.0,0.3,5,18,3,0.0,0.0,0.0,0.0,0.0,0.05,0.0,0.05,0.05,0.05
3286,André Ramalho,BRA,DF,Corinthians,33,1992,10,10,900,10.0,0,0,0,0,0,0,3,0,0.2,0.2,0.2,0.4,7,42,1,0.0,0.0,0.0,0.0,0.0,0.02,0.02,0.04,0.02,0.04
3287,Eric Ramires,BRA,MF,RB Bragantino,24,2000,14,10,857,9.5,1,1,2,1,0,0,1,0,0.7,0.7,0.3,1.0,5,44,22,0.11,0.11,0.21,0.11,0.21,0.07,0.03,0.1,0.07,0.1
3288,Ramon,BRA,DF,Internacional,24,2001,5,4,329,3.7,0,0,0,0,0,0,1,0,0.1,0.1,0.1,0.3,8,13,16,0.0,0.0,0.0,0.0,0.0,0.04,0.04,0.08,0.04,0.08
3289,Lucas Ramon,BRA,DF,Mirassol,31,1994,12,12,986,11.0,1,1,2,1,0,0,3,0,0.7,0.7,0.9,1.6,21,32,46,0.09,0.09,0.18,0.09,0.18,0.06,0.08,0.15,0.06,0.15
3290,Santi Ramos Mingo,ARG,DF,Bahia,23,2001,14,14,1260,14.0,0,0,0,0,0,0,3,0,0.4,0.4,0.4,0.7,15,54,1,0.0,0.0,0.0,0.0,0.0,0.03,0.03,0.05,0.03,0.05
3291,Rafael Ramos,POR,DF,Ceará,30,1995,7,2,261,2.9,0,0,0,0,0,0,1,0,0.0,0.0,0.2,0.2,5,12,7,0.0,0.0,0.0,0.0,0.0,0.01,0.06,0.07,0.01,0.07
3292,Raniele,BRA,MF,Corinthians,28,1996,13,11,834,9.3,0,0,0,0,0,0,3,0,1.0,1.0,0.5,1.5,6,28,9,0.0,0.0,0.0,0.0,0.0,0.11,0.05,0.16,0.11,0.16
3293,Wellington Rato,BRA,"FW,MF",Vitória,33,1992,5,3,212,2.4,1,0,1,1,0,0,0,0,0.2,0.2,0.1,0.2,1,8,13,0.42,0.0,0.42,0.42,0.42,0.07,0.03,0.1,0.07,0.1
3294,Pedro Raul,BRA,FW,Ceará,28,1996,12,12,999,11.1,6,0,6,5,1,1,3,0,4.3,3.5,1.9,5.4,5,16,42,0.54,0.0,0.54,0.45,0.45,0.39,0.17,0.56,0.32,0.49
3295,Raykkonen,BRA,FW,Internacional,17,2008,1,0,23,0.3,0,0,0,0,0,0,0,0,0.0,0.0,0.0,0.0,0,0,1,0.0,0.0,0.0,0.0,0.0,0.0,0.0,0.0,0.0,0.0
3296,Reginaldo,BRA,DF,Juventude,32,1993,5,2,201,2.2,0,1,1,0,0,0,1,0,0.0,0.0,0.0,0.1,2,3,8,0.0,0.45,0.45,0.0,0.45,0.0,0.02,0.03,0.0,0.03
3297,Reinaldo,BRA,DF,Mirassol,35,1989,13,12,1091,12.1,7,2,9,3,4,5,2,0,5.3,1.3,2.3,3.6,15,61,41,0.58,0.16,0.74,0.25,0.41,0.44,0.19,0.63,0.11,0.3
3298,Cristian Renato,BRA,FW,Mirassol,25,2000,11,4,500,5.6,2,1,3,2,0,0,2,0,1.5,1.5,0.2,1.7,1,4,27,0.36,0.18,0.54,0.36,0.54,0.26,0.03,0.3,0.26,0.3
3299,Renê,BRA,DF,Fluminense,32,1992,9,8,728,8.1,1,0,1,1,0,0,0,0,0.1,0.1,0.9,1.0,26,44,34,0.12,0.0,0.12,0.12,0.12,0.02,0.11,0.13,0.02,0.13
3300,Rezende,BRA,MF,Bahia,30,1995,1,1,90,1.0,0,0,0,0,0,0,0,0,0.0,0.0,0.0,0.0,0,3,0,0.0,0.0,0.0,0.0,0.0,0.0,0.0,0.0,0.0,0.0
3301,Murilo Rhikman,BRA,MF,Cruzeiro,19,2006,1,0,1,0.0,0,0,0,0,0,0,0,0,0.0,0.0,0.0,0.0,1,0,0,0.0,0.0,0.0,0.0,0.0,0.0,0.0,0.0,0.0,0.0
3302,Everton Ribeiro,BRA,MF,Bahia,36,1989,13,10,782,8.7,1,0,1,0,1,1,4,1,1.5,0.7,1.7,2.4,18,66,33,0.12,0.0,0.12,0.0,0.0,0.17,0.2,0.37,0.08,0.28
3303,Ricardo,BRA,MF,Vitória,31,1994,12,9,650,7.2,0,0,0,0,0,0,3,0,0.1,0.1,0.4,0.5,2,32,7,0.0,0.0,0.0,0.0,0.0,0.01,0.05,0.06,0.01,0.06
3304,João Ricardo Riedi,BRA,GK,Fortaleza,36,1988,12,12,1080,12.0,0,0,0,0,0,0,1,0,0.0,0.0,0.1,0.1,0,0,0,0.0,0.0,0.0,0.0,0.0,0.0,0.01,0.01,0.0,0.01
3305,Richardson,BRA,MF,Ceará,33,1991,1,0,1,0.0,0,0,0,0,0,0,0,0,0.0,0.0,0.0,0.0,0,1,0,0.0,0.0,0.0,0.0,0.0,0.0,0.0,0.0,0.0,0.0
3306,Charles Rigon Matos,BRA,"MF,DF",Corinthians,29,1996,5,0,86,1.0,0,0,0,0,0,0,1,0,0.0,0.0,0.0,0.0,0,3,11,0.0,0.0,0.0,0.0,0.0,0.0,0.0,0.0,0.0,0.0
3307,Tomás Rincón,VEN,MF,Santos,37,1988,8,6,558,6.2,0,0,0,0,0,0,3,0,0.3,0.3,0.0,0.3,3,25,7,0.0,0.0,0.0,0.0,0.0,0.04,0.01,0.05,0.04,0.05
3308,Richard Ríos,COL,MF,Palmeiras,25,2000,10,10,733,8.1,0,2,2,0,0,0,4,0,0.6,0.6,0.7,1.3,13,34,24,0.0,0.25,0.25,0.0,0.25,0.07,0.09,0.16,0.07,0.16
3309,Riquelme,BRA,"FW,MF",Fluminense,18,2007,2,0,35,0.4,0,0,0,0,0,0,0,0,0.0,0.0,0.0,0.0,2,1,5,0.0,0.0,0.0,0.0,0.0,0.04,0.0,0.04,0.04,0.04
3310,Christian Rivera,COL,MF,Sport Recife,29,1996,10,9,751,8.3,0,0,0,0,0,0,4,0,0.1,0.1,0.1,0.2,5,36,6,0.0,0.0,0.0,0.0,0.0,0.01,0.01,0.03,0.01,0.03
3311,Sergio Rochet,URU,GK,Internacional,32,1993,2,2,135,1.5,0,0,0,0,0,0,0,0,0.0,0.0,0.0,0.0,0,0,0,0.0,0.0,0.0,0.0,0.0,0.0,0.0,0.0,0.0,0.0
3312,Rodrigo,BRA,"FW,MF",São Paulo,21,2004,6,0,77,0.9,0,0,0,0,0,0,3,0,0.2,0.2,0.0,0.3,3,2,13,0.0,0.0,0.0,0.0,0.0,0.29,0.03,0.31,0.29,0.31
3313,Ruben Rodrigues,POR,MF,Vitória,28,1996,1,0,5,0.1,0,0,0,0,0,0,0,0,0.0,0.0,0.0,0.0,0,0,1,0.0,0.0,0.0,0.0,0.0,0.0,0.0,0.0,0.0,0.0
3314,Guzmán Rodríguez,URU,DF,RB Bragantino,25,2000,13,13,1170,13.0,1,0,1,1,0,0,3,0,0.6,0.6,0.0,0.6,5,36,1,0.08,0.0,0.08,0.08,0.08,0.05,0.0,0.05,0.05,0.05
3315,Luciano Rodríguez,URU,FW,Bahia,22,2003,12,7,576,6.4,0,0,0,0,0,0,1,0,1.7,1.7,0.2,1.9,10,7,33,0.0,0.0,0.0,0.0,0.0,0.26,0.04,0.3,0.26,0.3
3316,Santiago Rodríguez,URU,"FW,MF",Botafogo (RJ),25,2000,8,1,188,2.1,0,0,0,0,0,0,1,0,0.4,0.4,0.1,0.5,4,6,17,0.0,0.0,0.0,0.0,0.0,0.18,0.06,0.23,0.18,0.23
3317,Rodriguinho,BRA,FW,Cruzeiro,22,2003,1,0,15,0.2,0,0,0,0,0,0,0,0,0.0,0.0,0.0,0.0,0,1,1,0.0,0.0,0.0,0.0,0.0,0.0,0.0,0.0,0.0,0.0
3318,Agustín Rogel,URU,DF,Internacional,27,1997,5,5,450,5.0,0,0,0,0,0,0,0,0,0.1,0.1,0.0,0.1,0,9,1,0.0,0.0,0.0,0.0,0.0,0.02,0.0,0.02,0.02,0.02
3319,Benjamín Rollheiser,ARG,"MF,FW",Santos,25,2000,13,12,984,10.9,0,1,1,0,0,0,3,0,0.8,0.8,2.3,3.1,22,58,47,0.0,0.09,0.09,0.0,0.09,0.07,0.21,0.28,0.07,0.28
3320,Iván Román,CHI,DF,Atlético Mineiro,19,2006,2,1,92,1.0,0,0,0,0,0,0,1,0,0.4,0.4,0.0,0.4,0,6,1,0.0,0.0,0.0,0.0,0.0,0.4,0.0,0.4,0.4,0.4
3321,Romarinho,BRA,"MF,FW",Sport Recife,31,1994,5,0,88,1.0,0,0,0,0,0,0,0,0,0.4,0.4,0.0,0.4,5,4,16,0.0,0.0,0.0,0.0,0.0,0.43,0.01,0.44,0.43,0.44
3322,Ángel Romero,PAR,"FW,MF",Corinthians,33,1992,14,8,782,8.7,0,1,1,0,0,0,3,0,2.1,2.1,1.1,3.2,16,28,64,0.0,0.12,0.12,0.0,0.12,0.24,0.12,0.37,0.24,0.37
3323,Lucas Romero,ARG,MF,Cruzeiro,31,1994,13,12,1115,12.4,1,2,3,1,0,0,4,0,0.3,0.3,0.6,0.9,6,57,6,0.08,0.16,0.24,0.08,0.24,0.02,0.05,0.07,0.02,0.07
3324,Óscar Romero,PAR,MF,Internacional,33,1992,8,2,259,2.9,0,1,1,0,0,0,1,0,0.2,0.2,0.8,1.0,8,25,10,0.0,0.35,0.35,0.0,0.35,0.08,0.28,0.36,0.08,0.36
3325,Romulo,BRA,"MF,FW",Ceará,23,2001,9,0,133,1.5,0,0,0,0,0,0,0,0,0.2,0.2,0.6,0.8,4,16,13,0.0,0.0,0.0,0.0,0.0,0.13,0.39,0.52,0.13,0.52
3326,Rômulo,BRA,DF,Atlético Mineiro,21,2004,2,2,150,1.7,0,0,0,0,0,0,0,0,0.0,0.0,0.0,0.0,0,5,0,0.0,0.0,0.0,0.0,0.0,0.0,0.0,0.0,0.0,0.0
3327,Ronald,BRA,MF,Vitória,28,1997,12,10,835,9.3,0,0,0,0,0,0,2,0,0.2,0.2,0.5,0.7,15,48,20,0.0,0.0,0.0,0.0,0.0,0.02,0.06,0.08,0.02,0.08
3328,Ronald,BRA,"DF,MF",Grêmio,22,2003,5,0,143,1.6,0,0,0,0,0,0,0,0,0.0,0.0,0.0,0.0,1,8,1,0.0,0.0,0.0,0.0,0.0,0.0,0.0,0.0,0.0,0.0
3329,Ronaldo,BRA,GK,Bahia,28,1996,4,4,288,3.2,0,0,0,0,0,0,0,0,0.0,0.0,0.0,0.0,0,0,0,0.0,0.0,0.0,0.0,0.0,0.0,0.0,0.0,0.0,0.0
3330,Ronaldo,BRA,MF,Internacional,28,1996,11,6,683,7.6,0,0,0,0,0,0,3,1,0.5,0.5,0.0,0.6,4,30,1,0.0,0.0,0.0,0.0,0.0,0.07,0.01,0.07,0.07,0.07
3331,Budiga Roni,BRA,MF,Mirassol,26,1999,4,0,84,0.9,0,0,0,0,0,0,1,0,0.0,0.0,0.0,0.0,0,5,1,0.0,0.0,0.0,0.0,0.0,0.0,0.0,0.0,0.0,0.0
3332,Rony,BRA,FW,Atlético Mineiro,30,1995,12,12,1009,11.2,3,0,3,3,0,0,3,0,3.6,3.6,0.3,4.0,14,21,76,0.27,0.0,0.27,0.27,0.27,0.32,0.03,0.35,0.32,0.35
3333,Vitor Roque,BRA,FW,Palmeiras,20,2005,11,6,571,6.3,2,0,2,2,0,0,2,0,2.4,2.4,0.7,3.1,17,8,37,0.32,0.0,0.32,0.32,0.32,0.37,0.11,0.49,0.37,0.49
3334,Diego Rosa,BRA,"MF,DF",Internacional,22,2002,5,1,173,1.9,0,0,0,0,0,0,0,0,0.0,0.0,0.0,0.1,2,6,9,0.0,0.0,0.0,0.0,0.0,0.01,0.02,0.04,0.01,0.04
3335,Matheus Rossetto,BRA,MF,Fortaleza,29,1996,7,7,503,5.6,0,0,0,0,0,0,0,0,0.0,0.0,0.0,0.0,3,36,4,0.0,0.0,0.0,0.0,0.0,0.0,0.0,0.0,0.0,0.0
3336,Agustín Rossi,ARG,GK,Flamengo,29,1995,13,13,1170,13.0,0,0,0,0,0,0,1,0,0.0,0.0,0.0,0.0,0,0,0,0.0,0.0,0.0,0.0,0.0,0.0,0.0,0.0,0.0,0.0
3337,Ruan,BRA,DF,São Paulo,26,1999,5,4,361,4.0,0,0,0,0,0,0,1,0,0.0,0.0,0.0,0.0,0,6,0,0.0,0.0,0.0,0.0,0.0,0.0,0.0,0.0,0.0,0.0
3338,Rubens,BRA,"MF,DF",Atlético Mineiro,24,2001,13,11,1033,11.5,1,0,1,1,0,0,2,0,1.5,1.5,0.3,1.8,13,48,39,0.09,0.0,0.09,0.09,0.09,0.13,0.03,0.16,0.13,0.16
3339,Alan Ruschel,BRA,DF,Juventude,35,1989,9,8,687,7.6,0,0,0,0,0,0,2,0,0.0,0.0,0.6,0.6,8,22,21,0.0,0.0,0.0,0.0,0.0,0.0,0.08,0.08,0.0,0.08
3340,Rwan,BRA,FW,Botafogo (RJ),24,2001,4,2,168,1.9,0,0,0,0,0,0,0,0,0.3,0.3,0.3,0.6,2,5,9,0.0,0.0,0.0,0.0,0.0,0.15,0.18,0.33,0.15,0.33
3341,José Sabino,BRA,DF,São Paulo,28,1996,9,6,524,5.8,0,0,0,0,0,0,2,0,0.2,0.2,0.0,0.2,4,35,2,0.0,0.0,0.0,0.0,0.0,0.03,0.01,0.04,0.03,0.04
3342,Rodrigo Sam,BRA,DF,Juventude,29,1995,5,4,363,4.0,0,0,0,0,0,0,2,0,0.2,0.2,0.0,0.2,1,11,0,0.0,0.0,0.0,0.0,0.0,0.05,0.0,0.05,0.05,0.05
3343,Alex Sandro,BRA,DF,Flamengo,34,1991,10,10,756,8.4,0,0,0,0,0,0,1,0,0.1,0.1,0.8,0.9,18,68,21,0.0,0.0,0.0,0.0,0.0,0.01,0.1,0.11,0.01,0.11
3344,Agustín Sant'Anna,URU,DF,RB Bragantino,27,1997,6,2,224,2.5,0,0,0,0,0,0,2,0,0.1,0.1,0.1,0.2,3,5,9,0.0,0.0,0.0,0.0,0.0,0.04,0.04,0.08,0.04,0.08
3345,Alex Santana,BRA,MF,Corinthians,30,1995,3,1,106,1.2,0,0,0,0,0,0,0,0,0.1,0.1,0.0,0.1,0,7,1,0.0,0.0,0.0,0.0,0.0,0.09,0.0,0.09,0.09,0.09
3346,Alex Santana,BRA,MF,Grêmio,30,1995,2,2,143,1.6,0,0,0,0,0,0,2,0,0.1,0.1,0.0,0.1,2,3,2,0.0,0.0,0.0,0.0,0.0,0.07,0.0,0.07,0.07,0.07
3347,Ademir Santos,BRA,FW,Bahia,30,1995,11,9,700,7.8,0,0,0,0,0,0,2,0,1.5,1.5,1.6,3.1,35,25,91,0.0,0.0,0.0,0.0,0.0,0.19,0.2,0.39,0.19,0.39
3348,Eduardo Santos,BRA,"DF,FW",RB Bragantino,27,1997,5,1,176,2.0,0,0,0,0,0,0,0,0,0.0,0.0,0.1,0.1,2,3,3,0.0,0.0,0.0,0.0,0.0,0.0,0.05,0.05,0.0,0.05
3349,Júnior Santos,BRA,"FW,MF",Atlético Mineiro,30,1994,8,0,165,1.8,2,0,2,2,0,0,1,0,2.1,2.1,0.0,2.1,7,4,19,1.09,0.0,1.09,1.09,1.09,1.14,0.01,1.16,1.14,1.16
3350,Rodrigo Santos,BRA,FW,Fortaleza,24,2000,1,0,13,0.1,0,0,0,0,0,0,0,0,0.0,0.0,0.0,0.0,0,0,2,0.0,0.0,0.0,0.0,0.0,0.0,0.0,0.0,0.0,0.0
3351,Renzo Saravia,ARG,DF,Atlético Mineiro,32,1993,6,1,138,1.5,0,0,0,0,0,0,0,0,0.1,0.1,0.0,0.1,4,4,8,0.0,0.0,0.0,0.0,0.0,0.06,0.0,0.06,0.06,0.06
3352,Eduardo Sasha,BRA,"FW,MF",RB Bragantino,33,1992,14,13,1014,11.3,3,1,4,2,1,1,3,0,4.5,3.7,1.1,4.8,14,25,69,0.27,0.09,0.36,0.18,0.27,0.4,0.1,0.5,0.33,0.43
3353,Lucas Sasha,BRA,MF,Fortaleza,35,1990,10,10,809,9.0,0,0,0,0,0,0,1,0,0.3,0.3,0.3,0.6,9,30,23,0.0,0.0,0.0,0.0,0.0,0.03,0.04,0.07,0.03,0.07
3354,Jefferson Savarino,VEN,"MF,FW",Botafogo (RJ),28,1996,9,9,721,8.0,2,1,3,2,0,0,1,0,1.2,1.2,1.5,2.7,12,40,44,0.25,0.12,0.37,0.25,0.37,0.16,0.18,0.34,0.16,0.34
3355,Gustavo Scarpa,BRA,"MF,FW",Atlético Mineiro,31,1994,13,12,1002,11.1,0,1,1,0,0,0,2,0,1.1,1.1,2.5,3.5,24,79,46,0.0,0.09,0.09,0.0,0.09,0.09,0.22,0.32,0.09,0.32
3356,João Schmidt,BRA,MF,Santos,32,1993,9,7,619,6.9,0,0,0,0,0,0,3,0,0.4,0.4,0.2,0.6,1,47,4,0.0,0.0,0.0,0.0,0.0,0.06,0.03,0.08,0.06,0.08
3357,Cleiton Schwengber,BRA,GK,RB Bragantino,27,1997,12,12,1080,12.0,0,0,0,0,0,0,2,0,0.0,0.0,0.0,0.0,0,0,0,0.0,0.0,0.0,0.0,0.0,0.0,0.0,0.0,0.0,0.0
3358,Kevin Serna,COL,FW,Fluminense,27,1997,10,4,409,4.5,3,0,3,3,0,0,0,0,1.9,1.9,0.6,2.5,21,12,48,0.66,0.0,0.66,0.66,0.66,0.42,0.12,0.54,0.42,0.54
3359,Igor Serrote,BRA,DF,Grêmio,20,2005,6,5,422,4.7,0,0,0,0,0,0,2,0,0.1,0.1,0.1,0.2,5,19,12,0.0,0.0,0.0,0.0,0.0,0.02,0.02,0.03,0.02,0.03
3360,Juan Sforza,ARG,MF,Vasco da Gama,23,2002,2,1,71,0.8,0,0,0,0,0,0,0,0,0.0,0.0,0.0,0.0,1,4,0,0.0,0.0,0.0,0.0,0.0,0.0,0.02,0.02,0.0,0.02
3361,Aderlan Silva,BRA,DF,Santos,34,1990,2,1,87,1.0,0,0,0,0,0,0,0,0,0.0,0.0,0.1,0.1,1,6,2,0.0,0.0,0.0,0.0,0.0,0.01,0.1,0.11,0.01,0.11
3362,André Silva,BRA,FW,São Paulo,28,1997,14,11,1009,11.2,5,2,7,4,1,1,4,0,3.6,2.8,2.2,5.0,9,13,47,0.45,0.18,0.62,0.36,0.54,0.32,0.2,0.52,0.25,0.45
3363,Guilherme Silva,BRA,FW,Corinthians,18,2007,4,1,147,1.6,0,0,0,0,0,0,2,0,0.0,0.0,0.0,0.0,2,5,8,0.0,0.0,0.0,0.0,0.0,0.0,0.0,0.0,0.0,0.0
3364,João Silva,POR,DF,Sport Recife,26,1999,8,8,720,8.0,0,0,0,0,0,0,1,0,0.1,0.1,0.5,0.6,4,37,0,0.0,0.0,0.0,0.0,0.0,0.01,0.06,0.08,0.01,0.08
3365,Lucas Silva,BRA,MF,Cruzeiro,32,1993,13,12,1065,11.8,1,2,3,1,0,0,2,0,0.5,0.5,1.0,1.6,15,61,5,0.08,0.17,0.25,0.08,0.25,0.05,0.09,0.13,0.05,0.13
3366,Matheus Pereira da Silva,BRA,MF,Fortaleza,27,1998,2,2,180,2.0,0,0,0,0,0,0,1,0,0.1,0.1,0.0,0.1,2,12,1,0.0,0.0,0.0,0.0,0.0,0.04,0.01,0.05,0.04,0.05
3367,Patrick Silva,BRA,MF,Atlético Mineiro,21,2004,3,2,224,2.5,0,0,0,0,0,0,0,0,0.0,0.0,0.0,0.0,4,5,3,0.0,0.0,0.0,0.0,0.0,0.01,0.0,0.01,0.01,0.01
3368,Thiago Silva,BRA,DF,Fluminense,40,1984,8,8,720,8.0,0,0,0,0,0,0,0,0,0.4,0.4,0.1,0.5,3,36,1,0.0,0.0,0.0,0.0,0.0,0.05,0.01,0.06,0.05,0.06
3369,Cédric Soares,POR,"DF,FW",São Paulo,33,1991,13,10,903,10.0,0,1,1,0,0,0,1,0,0.1,0.1,0.6,0.7,9,26,46,0.0,0.1,0.1,0.0,0.1,0.01,0.06,0.07,0.01,0.07
3370,Everton Soares,BRA,"FW,MF",Flamengo,29,1996,13,6,536,6.0,1,1,2,1,0,0,0,0,1.7,1.7,0.5,2.2,23,19,68,0.17,0.17,0.34,0.17,0.34,0.28,0.09,0.37,0.28,0.37
3371,Tiquinho Soares,BRA,FW,Santos,34,1991,11,9,686,7.6,1,2,3,0,1,1,2,0,1.7,0.9,0.5,1.5,3,9,21,0.13,0.26,0.39,0.0,0.26,0.23,0.07,0.3,0.12,0.19
3372,Fernando Sobral,BRA,MF,Ceará,30,1994,12,11,894,9.9,0,0,0,0,0,0,4,0,0.2,0.2,0.2,0.4,4,42,8,0.0,0.0,0.0,0.0,0.0,0.02,0.02,0.04,0.02,0.04
3373,Ramón Sosa,PAR,FW,Palmeiras,25,1999,1,0,16,0.2,0,0,0,0,0,0,0,0,0.0,0.0,0.0,0.0,1,2,2,0.0,0.0,0.0,0.0,0.0,0.0,0.0,0.0,0.0,0.0
3374,Yeferson Soteldo,VEN,"FW,MF",Santos,28,1997,5,3,326,3.6,0,0,0,0,0,0,1,0,0.2,0.2,0.4,0.6,31,17,41,0.0,0.0,0.0,0.0,0.0,0.05,0.11,0.16,0.05,0.16
3375,Yeferson Soteldo,VEN,FW,Fluminense,28,1997,1,1,65,0.7,0,0,0,0,0,0,0,0,0.1,0.1,0.0,0.1,10,2,17,0.0,0.0,0.0,0.0,0.0,0.19,0.0,0.19,0.19,0.19
3376,Souza,BRA,DF,Santos,19,2006,5,5,379,4.2,0,1,1,0,0,0,0,0,0.0,0.0,0.3,0.3,10,7,14,0.0,0.24,0.24,0.0,0.24,0.0,0.08,0.08,0.0,0.08
3377,Fabiano Souza,BRA,DF,Ceará,25,2000,12,12,1014,11.3,0,1,1,0,0,0,5,0,0.1,0.1,0.1,0.2,13,37,19,0.0,0.09,0.09,0.0,0.09,0.01,0.01,0.02,0.01,0.02
3378,Gabriel Souza,BRA,FW,Vasco da Gama,20,2005,1,0,8,0.1,0,0,0,0,0,0,0,0,0.2,0.2,0.0,0.2,0,1,1,0.0,0.0,0.0,0.0,0.0,2.33,0.0,2.33,2.33,2.33
3379,Hugo Souza,BRA,GK,Corinthians,26,1999,10,10,900,10.0,0,0,0,0,0,0,1,0,0.0,0.0,0.0,0.0,0,0,0,0.0,0.0,0.0,0.0,0.0,0.0,0.0,0.0,0.0,0.0
3380,Igor Vinícius de Souza,BRA,DF,São Paulo,28,1997,3,2,164,1.8,0,0,0,0,0,0,1,0,0.2,0.2,0.1,0.3,1,8,18,0.0,0.0,0.0,0.0,0.0,0.12,0.04,0.15,0.12,0.15
3381,Igor Vinícius de Souza,BRA,DF,Santos,28,1997,1,1,90,1.0,0,0,0,0,0,0,0,0,0.0,0.0,0.0,0.0,5,1,1,0.0,0.0,0.0,0.0,0.0,0.0,0.0,0.0,0.0,0.0
3382,Everaldo Stum,BRA,FW,Fluminense,34,1991,12,5,502,5.6,1,0,1,1,0,0,1,0,1.1,1.1,1.1,2.3,3,6,29,0.18,0.0,0.18,0.18,0.18,0.2,0.2,0.41,0.2,0.41
3383,Bruno Tabata,BRA,"FW,MF",Internacional,28,1997,10,5,451,5.0,1,0,1,1,0,0,2,0,0.6,0.6,1.0,1.6,23,25,54,0.2,0.0,0.2,0.2,0.2,0.12,0.2,0.32,0.12,0.32
3384,Gabriel Taliari,BRA,"FW,MF",Juventude,28,1997,10,8,614,6.8,2,2,4,2,0,0,0,0,0.9,0.9,0.7,1.6,7,10,21,0.29,0.29,0.59,0.29,0.59,0.14,0.1,0.24,0.14,0.24
3385,Gonzalo Tapia,CHI,FW,São Paulo,23,2002,1,0,12,0.1,0,0,0,0,0,0,1,0,0.1,0.1,0.0,0.1,1,0,1,0.0,0.0,0.0,0.0,0.0,0.71,0.0,0.71,0.71,0.71
3386,Tchê Tchê,BRA,MF,Vasco da Gama,32,1992,11,9,767,8.5,0,0,0,0,0,0,0,0,0.2,0.2,0.3,0.5,12,51,18,0.0,0.0,0.0,0.0,0.0,0.02,0.04,0.06,0.02,0.06
3387,Alex Teixeira,BRA,"MF,FW",Vasco da Gama,35,1990,9,0,118,1.3,0,0,0,0,0,0,1,0,0.3,0.3,0.0,0.3,2,0,6,0.0,0.0,0.0,0.0,0.0,0.26,0.0,0.26,0.26,0.26
3388,Alex Telles,BRA,DF,Botafogo (RJ),32,1992,12,8,706,7.8,2,0,2,1,1,1,1,0,1.2,0.4,1.2,1.6,9,29,29,0.25,0.0,0.25,0.13,0.13,0.15,0.15,0.3,0.05,0.2
3389,Thaciano,BRA,"FW,MF",Santos,30,1995,11,3,356,4.0,1,0,1,1,0,0,0,0,1.0,1.0,0.0,1.0,3,6,18,0.25,0.0,0.25,0.25,0.25,0.25,0.0,0.25,0.25,0.25
3390,Thalys,BRA,FW,Palmeiras,20,2005,1,0,25,0.3,0,0,0,0,0,0,0,0,0.0,0.0,0.0,0.0,0,0,1,0.0,0.0,0.0,0.0,0.0,0.0,0.0,0.0,0.0,0.0
3391,Rafael Thyere,BRA,DF,Sport Recife,32,1993,1,1,90,1.0,0,0,0,0,0,0,0,0,0.1,0.1,0.0,0.1,1,6,1,0.0,0.0,0.0,0.0,0.0,0.15,0.0,0.15,0.15,0.15
3392,Tiago,BRA,"FW,MF",Bahia,20,2005,4,0,112,1.2,0,1,1,0,0,0,0,0,0.0,0.0,0.2,0.2,2,1,9,0.0,0.8,0.8,0.0,0.8,0.0,0.14,0.14,0.0,0.14
3393,Guilherme Tinga,BRA,DF,Fortaleza,31,1993,6,5,446,5.0,1,0,1,1,0,0,1,0,0.2,0.2,0.1,0.3,7,19,11,0.2,0.0,0.2,0.2,0.2,0.03,0.03,0.06,0.03,0.06
3394,Titi,BRA,DF,Fortaleza,37,1988,3,3,269,3.0,0,0,0,0,0,0,2,1,0.0,0.0,0.0,0.0,0,1,0,0.0,0.0,0.0,0.0,0.0,0.0,0.0,0.0,0.0,0.0
3395,Félix Torres Caicedo,ECU,DF,Corinthians,28,1997,7,6,505,5.6,0,0,0,0,0,0,1,0,0.2,0.2,0.1,0.2,2,13,2,0.0,0.0,0.0,0.0,0.0,0.03,0.01,0.04,0.03,0.04
3396,Facundo Torres,URU,"MF,FW",Palmeiras,25,2000,10,10,708,7.9,3,1,4,3,0,0,1,0,1.7,1.7,1.1,2.8,12,36,43,0.38,0.13,0.51,0.38,0.51,0.22,0.14,0.36,0.22,0.36
3397,Bruno Tubarão,BRA,"FW,MF",Ceará,30,1995,5,0,64,0.7,0,0,0,0,0,0,0,0,0.1,0.1,0.0,0.1,5,4,9,0.0,0.0,0.0,0.0,0.0,0.08,0.0,0.08,0.08,0.08
3398,Enner Valencia,ECU,FW,Internacional,35,1989,9,5,444,4.9,1,0,1,1,0,0,0,0,2.4,2.4,0.1,2.5,11,3,30,0.2,0.0,0.2,0.2,0.2,0.48,0.02,0.51,0.48,0.51
3399,Vanderlan,BRA,DF,Palmeiras,22,2002,1,1,45,0.5,0,0,0,0,0,0,0,0,0.0,0.0,0.0,0.0,2,0,1,0.0,0.0,0.0,0.0,0.0,0.0,0.0,0.0,0.0,0.0
3400,Guillermo Varela,URU,"DF,MF",Flamengo,32,1993,8,4,441,4.9,0,2,2,0,0,0,0,0,0.0,0.0,0.4,0.5,7,21,36,0.0,0.41,0.41,0.0,0.41,0.01,0.09,0.1,0.01,0.1
3401,Pablo Vegetti,ARG,FW,Vasco da Gama,36,1988,13,12,1087,12.1,8,1,9,8,0,0,2,0,6.3,6.3,1.0,7.2,3,10,27,0.66,0.08,0.75,0.66,0.75,0.52,0.08,0.6,0.52,0.6
3402,Raphael Veiga,BRA,MF,Palmeiras,30,1995,6,3,230,2.6,0,1,1,0,0,0,0,0,0.6,0.6,0.3,0.9,3,15,11,0.0,0.39,0.39,0.0,0.39,0.24,0.13,0.37,0.24,0.37
3403,Fausto Vera,ARG,MF,Atlético Mineiro,25,2000,7,5,439,4.9,1,0,1,1,0,0,1,0,0.4,0.4,0.1,0.6,5,22,6,0.21,0.0,0.21,0.21,0.21,0.09,0.03,0.12,0.09,0.12
3404,Gabriel Veron,BRA,"FW,MF",Santos,22,2002,6,1,122,1.4,0,0,0,0,0,0,0,0,0.2,0.2,0.2,0.4,5,8,9,0.0,0.0,0.0,0.0,0.0,0.15,0.14,0.29,0.15,0.29
3405,João Victor,BRA,DF,Mirassol,27,1997,13,13,1169,13.0,0,1,1,0,0,0,2,1,0.2,0.2,0.7,0.8,6,22,4,0.0,0.08,0.08,0.0,0.08,0.01,0.05,0.07,0.01,0.07
3406,João Victor,BRA,FW,Ceará,21,2004,1,0,6,0.1,0,0,0,0,0,0,0,0,0.0,0.0,0.0,0.0,0,0,1,0.0,0.0,0.0,0.0,0.0,0.0,0.0,0.0,0.0,0.0
3407,João Victor,BRA,DF,Vasco da Gama,27,1998,14,14,1255,13.9,1,0,1,1,0,0,3,0,1.6,1.6,0.1,1.7,4,60,6,0.07,0.0,0.07,0.07,0.07,0.12,0.01,0.12,0.12,0.12
3408,Viery,BRA,DF,Grêmio,20,2005,2,0,31,0.3,0,0,0,0,0,0,0,0,0.0,0.0,0.0,0.0,0,0,1,0.0,0.0,0.0,0.0,0.0,0.0,0.0,0.0,0.0,0.0
3409,Lucas Villalba,ARG,DF,Cruzeiro,30,1994,11,11,974,10.8,1,0,1,1,0,0,3,0,0.9,0.9,0.1,1.0,13,32,3,0.09,0.0,0.09,0.09,0.09,0.08,0.01,0.09,0.08,0.09
3410,Mathías Villasanti,PAR,MF,Grêmio,28,1997,12,11,964,10.7,0,0,0,0,0,0,5,0,0.1,0.1,0.2,0.3,8,37,10,0.0,0.0,0.0,0.0,0.0,0.01,0.02,0.03,0.01,0.03
3411,Matías Viña,URU,DF,Flamengo,27,1997,1,0,8,0.1,0,0,0,0,0,0,0,0,0.0,0.0,0.0,0.0,0,0,0,0.0,0.0,0.0,0.0,0.0,0.0,0.0,0.0,0.0,0.0
3412,Vitão,BRA,DF,Internacional,25,2000,11,11,990,11.0,0,1,1,0,0,0,2,0,0.2,0.2,0.8,1.0,7,49,1,0.0,0.09,0.09,0.0,0.09,0.02,0.07,0.09,0.02,0.09
3413,Vitinho,BRA,FW,Internacional,26,1999,8,4,374,4.2,0,0,0,0,0,0,2,0,0.8,0.8,0.1,0.9,3,9,22,0.0,0.0,0.0,0.0,0.0,0.18,0.03,0.21,0.18,0.21
3414,Vitinho,BRA,DF,Botafogo (RJ),25,1999,13,13,1060,11.8,1,0,1,1,0,0,1,0,0.7,0.7,1.0,1.7,20,32,80,0.08,0.0,0.08,0.08,0.08,0.06,0.08,0.14,0.06,0.14
3415,Rayan Vitor,BRA,FW,Vasco da Gama,18,2006,13,11,965,10.7,2,1,3,2,0,0,0,0,2.2,2.2,0.9,3.1,31,25,77,0.19,0.09,0.28,0.19,0.28,0.21,0.09,0.29,0.21,0.29
3416,Tiago Volpi,BRA,GK,Grêmio,34,1990,14,14,1260,14.0,0,0,0,0,0,0,2,0,0.0,0.0,0.0,0.0,0,0,1,0.0,0.0,0.0,0.0,0.0,0.0,0.0,0.0,0.0,0.0
3417,Wagner,BRA,DF,Grêmio,25,1999,14,14,1199,13.3,0,1,1,0,0,0,2,0,1.2,1.2,0.7,1.9,4,30,1,0.0,0.08,0.08,0.0,0.08,0.09,0.05,0.14,0.09,0.14
3418,Walace,BRA,MF,Cruzeiro,30,1995,6,1,104,1.2,0,0,0,0,0,0,1,0,0.0,0.0,0.0,0.0,1,7,0,0.0,0.0,0.0,0.0,0.0,0.0,0.0,0.0,0.0,0.0
3419,Wallace,BRA,"MF,FW",Flamengo,20,2005,5,0,56,0.6,1,1,2,1,0,0,2,0,0.4,0.4,0.7,1.1,1,3,8,1.61,1.61,3.21,1.61,3.21,0.65,1.08,1.74,0.65,1.74
3420,Walter,BRA,GK,Mirassol,37,1987,7,7,630,7.0,0,0,0,0,0,0,1,0,0.0,0.0,0.0,0.0,0,0,0,0.0,0.0,0.0,0.0,0.0,0.0,0.0,0.0,0.0,0.0
3421,Wanderson,BRA,FW,Cruzeiro,30,1994,13,13,1020,11.3,0,0,0,0,0,0,1,0,1.8,1.8,1.4,3.2,28,22,54,0.0,0.0,0.0,0.0,0.0,0.16,0.13,0.29,0.16,0.29
3422,Deivid Washington,BRA,FW,Santos,20,2005,13,3,405,4.5,1,0,1,1,0,0,0,0,0.8,0.8,0.1,0.9,3,9,24,0.22,0.0,0.22,0.22,0.22,0.18,0.02,0.2,0.18,0.2
3423,José Welison,BRA,MF,Fortaleza,30,1995,8,4,423,4.7,0,0,0,0,0,0,2,0,0.2,0.2,0.1,0.3,2,21,7,0.0,0.0,0.0,0.0,0.0,0.04,0.02,0.06,0.04,0.06
3424,Wendell,BRA,DF,São Paulo,32,1993,9,7,504,5.6,0,1,1,0,0,0,0,0,0.1,0.1,0.6,0.8,10,23,24,0.0,0.18,0.18,0.0,0.18,0.03,0.11,0.14,0.03,0.14
3425,Wesley,BRA,DF,Flamengo,21,2003,10,10,892,9.9,0,2,2,0,0,0,3,0,0.2,0.2,1.0,1.3,29,40,107,0.0,0.2,0.2,0.0,0.2,0.02,0.11,0.13,0.02,0.13
3426,Wesley,BRA,"FW,MF",Internacional,26,1999,11,11,841,9.3,0,2,2,0,0,0,1,0,1.6,1.6,0.8,2.4,30,26,77,0.0,0.21,0.21,0.0,0.21,0.17,0.09,0.26,0.17,0.26
3427,Wéverton,BRA,GK,Palmeiras,37,1987,12,12,1080,12.0,0,0,0,0,0,0,1,0,0.0,0.0,0.0,0.0,0,0,0,0.0,0.0,0.0,0.0,0.0,0.0,0.0,0.0,0.0,0.0
3428,William,BRA,DF,Cruzeiro,30,1995,10,6,576,6.4,0,2,2,0,0,0,1,0,0.4,0.4,1.5,1.9,9,16,34,0.0,0.31,0.31,0.0,0.31,0.06,0.24,0.3,0.06,0.3
3429,Willian,BRA,MF,Vitória,32,1993,6,4,346,3.8,0,0,0,0,0,0,3,0,0.5,0.5,0.1,0.6,2,9,6,0.0,0.0,0.0,0.0,0.0,0.13,0.02,0.15,0.13,0.15
3430,Estêvão Willian,BRA,"MF,FW",Palmeiras,18,2007,11,9,831,9.2,0,3,3,0,0,0,3,0,1.2,1.1,2.0,3.1,48,34,93,0.0,0.32,0.32,0.0,0.32,0.13,0.22,0.35,0.12,0.34
3431,Mateus Xavier,BRA,"FW,MF",Santos,18,2007,3,0,39,0.4,0,0,0,0,0,0,0,0,0.0,0.0,0.0,0.0,1,0,4,0.0,0.0,0.0,0.0,0.0,0.0,0.0,0.0,0.0,0.0
3432,Samuel Xavier,BRA,DF,Fluminense,35,1990,10,9,832,9.2,1,1,2,1,0,0,2,0,0.3,0.3,0.7,1.0,18,61,42,0.11,0.11,0.22,0.11,0.22,0.03,0.08,0.11,0.03,0.11
3433,Yago,BRA,MF,Mirassol,30,1995,9,5,427,4.7,0,0,0,0,0,0,1,0,0.2,0.2,0.1,0.3,5,29,16,0.0,0.0,0.0,0.0,0.0,0.04,0.02,0.07,0.04,0.07
3434,Yago,BRA,MF,Internacional,18,2007,2,0,73,0.8,0,0,0,0,0,0,0,0,0.0,0.0,0.1,0.1,1,7,6,0.0,0.0,0.0,0.0,0.0,0.0,0.09,0.09,0.0,0.09
3435,Lukas Zuccarello,BRA,FW,Vasco da Gama,18,2006,2,0,24,0.3,0,0,0,0,0,0,0,0,0.0,0.0,0.1,0.1,0,0,5,0.0,0.0,0.0,0.0,0.0,0.0,0.29,0.29,0.0,0.29
3436,Rodrigo Abascal,URU,DF,Boavista,30,1994,29,29,2599,28.9,0,0,0,0,0,0,8,1,0.8,0.8,1.7,2.5,10,66,24,0.0,0.0,0.0,0.0,0.0,0.03,0.06,0.09,0.03,0.09
3437,Nelson Abbey,ENG,DF,Rio Ave,20,2003,8,7,635,7.1,0,0,0,0,0,0,1,0,0.1,0.1,0.1,0.2,7,14,7,0.0,0.0,0.0,0.0,0.0,0.01,0.02,0.03,0.01,0.03
3438,Bilal Abdelrahman Zeeni,EGY,MF,Estrela,21,2003,1,0,8,0.1,0,0,0,0,0,0,0,0,0.0,0.0,0.1,0.1,0,1,1,0.0,0.0,0.0,0.0,0.0,0.18,0.81,0.98,0.18,0.98
3439,Giorgi Aburjania,GEO,MF,AVS Futebol,29,1995,9,3,306,3.4,0,0,0,0,0,0,0,0,0.3,0.3,0.6,0.9,3,22,4,0.0,0.0,0.0,0.0,0.0,0.09,0.17,0.26,0.09,0.26
3440,Adriano,BRA,MF,Santa Clara,24,1999,32,31,2630,29.2,0,2,2,0,0,0,8,1,1.0,1.0,2.7,3.7,26,99,28,0.0,0.07,0.07,0.0,0.07,0.04,0.09,0.13,0.04,0.13
3441,Lucas Áfrico,BRA,DF,Farense,29,1995,21,20,1757,19.5,1,0,1,1,0,0,6,0,1.3,1.3,0.1,1.3,6,31,3,0.05,0.0,0.05,0.05,0.05,0.07,0.0,0.07,0.07,0.07
3442,Salvador Agra,POR,"MF,DF",Boavista,32,1991,32,31,2731,30.3,1,2,3,1,0,0,9,1,1.4,1.4,4.1,5.5,56,73,147,0.03,0.07,0.1,0.03,0.1,0.05,0.14,0.18,0.05,0.18
3443,Brandon Aguilera,CRC,"MF,FW",Rio Ave,21,2003,25,15,1378,15.3,3,1,4,3,0,0,4,0,1.4,1.4,2.2,3.6,26,72,44,0.2,0.07,0.26,0.2,0.26,0.09,0.14,0.23,0.09,0.23
3444,Jorge Aguirre,CUB,FW,Gil Vicente FC,24,2000,31,16,1354,15.0,3,2,5,3,0,0,2,1,3.6,3.6,2.1,5.7,5,23,67,0.2,0.13,0.33,0.2,0.33,0.24,0.14,0.38,0.24,0.38
3445,Babatunde Akinsola,NGA,"MF,FW",AVS Futebol,21,2003,30,11,1170,13.0,2,1,3,2,0,0,1,0,2.9,2.9,0.8,3.6,43,33,88,0.15,0.08,0.23,0.15,0.23,0.22,0.06,0.28,0.22,0.28
3446,Kerem Aktürkoğlu,TUR,"FW,MF",Benfica,25,1998,30,25,2003,22.3,11,9,20,11,0,0,3,0,9.7,9.7,7.4,17.0,62,68,202,0.49,0.4,0.9,0.49,0.9,0.44,0.33,0.77,0.44,0.77
3447,Léo Alaba,BRA,DF,AVS Futebol,25,1999,4,4,334,3.7,0,0,0,0,0,0,1,0,0.1,0.1,0.0,0.1,2,12,20,0.0,0.0,0.0,0.0,0.0,0.03,0.0,0.03,0.03,0.03
3448,Alan,BRA,MF,Moreirense,24,2000,31,31,2513,27.9,7,6,13,2,5,5,6,0,6.1,2.1,4.1,6.3,47,164,99,0.25,0.21,0.47,0.07,0.29,0.22,0.15,0.37,0.08,0.22
3449,Gonçalo Almeida,POR,"DF,MF",Boavista,21,2003,19,9,814,9.0,0,0,0,0,0,0,1,0,0.7,0.7,0.9,1.6,12,18,43,0.0,0.0,0.0,0.0,0.0,0.08,0.09,0.17,0.08,0.17
3450,Pedro Álvaro,POR,DF,Estoril,24,2000,31,31,2623,29.1,1,1,2,1,0,0,9,0,0.9,0.9,0.3,1.3,8,57,5,0.03,0.03,0.07,0.03,0.07,0.03,0.01,0.04,0.03,0.04
3451,Pedro Amaral,POR,"DF,MF",Estoril,26,1997,29,27,2395,26.6,0,2,2,0,0,0,4,0,0.7,0.7,2.1,2.8,30,100,103,0.0,0.08,0.08,0.0,0.08,0.03,0.08,0.11,0.03,0.11
3452,Zeki Amdouni,SUI,"MF,FW",Benfica,23,2000,24,9,854,9.5,7,2,9,7,0,0,1,0,5.2,5.2,3.4,8.5,23,33,66,0.74,0.21,0.95,0.74,0.95,0.55,0.36,0.9,0.55,0.9
3453,Artur Jorge Marques Amorim,POR,DF,Farense,29,1994,19,15,1281,14.2,0,1,1,0,0,0,9,0,0.9,0.9,0.3,1.2,1,22,1,0.0,0.07,0.07,0.0,0.07,0.07,0.02,0.09,0.07,0.09
3454,Andrew,BRA,GK,Gil Vicente FC,23,2001,33,33,2970,33.0,0,0,0,0,0,0,2,0,0.0,0.0,0.0,0.0,0,0,0,0.0,0.0,0.0,0.0,0.0,0.0,0.0,0.0,0.0,0.0
3455,Jeremy Antonisse,CUW,"FW,MF",Moreirense,22,2002,29,7,839,9.3,0,0,0,0,0,0,2,0,1.9,1.9,1.1,3.0,24,12,51,0.0,0.0,0.0,0.0,0.0,0.21,0.12,0.32,0.21,0.32
3456,Arvin Appiah,ENG,"DF,FW",Nacional,23,2001,26,16,1384,15.4,0,0,0,0,0,0,3,0,0.9,0.9,0.8,1.6,33,36,67,0.0,0.0,0.0,0.0,0.0,0.06,0.05,0.11,0.06,0.11
3457,Óscar Aranda,ESP,FW,Famalicão,22,2002,33,33,2599,28.9,9,3,12,5,4,5,5,0,7.3,3.4,2.4,5.8,69,126,140,0.31,0.1,0.42,0.17,0.28,0.25,0.08,0.34,0.12,0.2
3458,Brian Araújo,FRA,GK,Gil Vicente FC,24,2000,1,1,90,1.0,0,0,0,0,0,0,0,0,0.0,0.0,0.0,0.0,0,0,0,0.0,0.0,0.0,0.0,0.0,0.0,0.0,0.0,0.0,0.0
3459,Henrique Araújo,POR,FW,Arouca,22,2002,24,14,1107,12.3,6,2,8,3,3,3,3,0,6.1,3.4,1.1,4.5,13,25,51,0.49,0.16,0.65,0.24,0.41,0.5,0.09,0.58,0.28,0.36
3460,Maximiliano Araújo,URU,"DF,MF",Sporting CP,24,2000,28,19,1771,19.7,3,4,7,3,0,0,7,1,2.6,2.6,4.3,6.9,52,89,201,0.15,0.2,0.36,0.15,0.36,0.13,0.22,0.35,0.13,0.35
3461,Tomás Araújo,POR,DF,Benfica,22,2002,28,28,2311,25.7,1,2,3,1,0,0,1,0,1.0,1.0,0.9,1.9,39,136,57,0.04,0.08,0.12,0.04,0.12,0.04,0.04,0.07,0.04,0.07
3462,Telmo Arcanjo,CPV,FW,Vitória,23,2001,28,17,1320,14.7,5,2,7,5,0,0,6,0,3.5,3.5,2.3,5.9,44,53,117,0.34,0.14,0.48,0.34,0.48,0.24,0.16,0.4,0.24,0.4
3463,Gboly Ariyibi,USA,"FW,MF",Boavista,29,1995,11,2,343,3.8,0,0,0,0,0,0,0,0,0.2,0.2,0.1,0.3,10,9,22,0.0,0.0,0.0,0.0,0.0,0.04,0.04,0.08,0.04,0.08
3464,Henrique Arreiol,POR,MF,Sporting CP,19,2005,3,0,24,0.3,0,0,0,0,0,0,0,0,0.1,0.1,0.0,0.1,1,1,1,0.0,0.0,0.0,0.0,0.0,0.42,0.0,0.42,0.42,0.42
3465,Bright Arrey-Mbi,GER,DF,Braga,21,2003,15,13,1135,12.6,0,0,0,0,0,0,3,1,0.0,0.0,0.2,0.2,4,41,0,0.0,0.0,0.0,0.0,0.0,0.0,0.01,0.02,0.0,0.02
3466,Afonso Assis,POR,MF,Moreirense,18,2006,1,0,14,0.2,0,0,0,0,0,0,0,0,0.0,0.0,0.0,0.0,0,0,0,0.0,0.0,0.0,0.0,0.0,0.0,0.0,0.0,0.0,0.0
3467,Gustavo Assuncao,POR,MF,AVS Futebol,24,2000,23,19,1577,17.5,2,0,2,0,2,2,13,1,2.4,0.8,0.5,1.3,11,59,14,0.11,0.0,0.11,0.0,0.0,0.14,0.03,0.16,0.05,0.07
3468,Otavio Ataide,BRA,DF,Porto,22,2002,20,18,1632,18.1,2,0,2,2,0,0,6,0,1.5,1.5,0.2,1.6,20,121,16,0.11,0.0,0.11,0.11,0.11,0.08,0.01,0.09,0.08,0.09
3469,João Aurélio,POR,"DF,FW",Nacional,35,1988,14,4,409,4.5,1,1,2,1,0,0,1,0,0.4,0.4,0.6,1.0,9,11,19,0.22,0.22,0.44,0.22,0.44,0.08,0.14,0.22,0.08,0.22
3470,Fredrik Aursnes,NOR,"MF,FW",Benfica,28,1995,29,28,2350,26.1,3,5,8,3,0,0,1,0,2.4,2.4,4.6,7.0,45,165,159,0.11,0.19,0.31,0.11,0.31,0.09,0.17,0.27,0.09,0.27
3471,Daniel Azevedo,POR,GK,Casa Pia,26,1998,1,1,90,1.0,0,0,0,0,0,0,0,0,0.0,0.0,0.0,0.0,0,0,0,0.0,0.0,0.0,0.0,0.0,0.0,0.0,0.0,0.0,0.0
3472,Ibrahima Ba,SEN,DF,Famalicão,19,2005,2,1,103,1.1,0,0,0,0,0,0,0,0,0.2,0.2,0.0,0.2,0,3,0,0.0,0.0,0.0,0.0,0.0,0.18,0.0,0.18,0.18,0.18
3473,Felix Bacher,AUT,DF,Estoril,23,2000,23,23,2070,23.0,2,0,2,2,0,0,6,0,0.4,0.4,0.0,0.4,3,33,2,0.09,0.0,0.09,0.09,0.09,0.02,0.0,0.02,0.02,0.02
3474,Miguel Baeza,ESP,"MF,FW",Nacional,24,2000,5,2,203,2.3,1,0,1,1,0,0,0,0,0.4,0.4,0.0,0.4,2,6,4,0.44,0.0,0.44,0.44,0.44,0.18,0.01,0.19,0.18,0.19
3475,Alexander Bah,DEN,DF,Benfica,26,1997,18,17,1412,15.7,0,1,1,0,0,0,2,0,1.0,1.0,1.2,2.2,32,76,127,0.0,0.06,0.06,0.0,0.06,0.06,0.07,0.14,0.06,0.14
3476,Ney Bahia,BRA,MF,Santa Clara,20,2004,2,0,62,0.7,0,0,0,0,0,0,0,0,0.1,0.1,0.0,0.1,0,0,2,0.0,0.0,0.0,0.0,0.0,0.18,0.0,0.18,0.18,0.18
3477,Adrian Bajrami,ALB,DF,Benfica,22,2002,1,0,12,0.1,0,0,0,0,0,0,0,0,0.0,0.0,0.0,0.0,0,0,3,0.0,0.0,0.0,0.0,0.0,0.0,0.0,0.0,0.0,0.0
3478,Theofanis Bakoulas,GRE,MF,Rio Ave,19,2005,10,5,390,4.3,1,0,1,1,0,0,3,0,0.3,0.3,0.4,0.7,3,10,12,0.23,0.0,0.23,0.23,0.23,0.06,0.09,0.15,0.06,0.15
3479,Elves Baldé,GNB,"MF,FW",Farense,24,1999,20,12,1045,11.6,1,2,3,1,0,0,1,1,2.0,2.0,2.7,4.7,29,26,49,0.09,0.17,0.26,0.09,0.26,0.18,0.23,0.41,0.18,0.41
3480,Mohamed Bamba,CIV,MF,Gil Vicente FC,19,2004,11,11,956,10.6,1,0,1,1,0,0,3,0,1.4,1.4,0.1,1.6,3,34,8,0.09,0.0,0.09,0.09,0.09,0.13,0.01,0.15,0.13,0.15
3481,Robson Bambu,BRA,DF,Braga,26,1997,15,10,1023,11.4,1,0,1,1,0,0,6,0,0.3,0.3,0.1,0.4,8,45,2,0.09,0.0,0.09,0.09,0.09,0.03,0.01,0.03,0.03,0.03
3482,Chico Banza,ANG,FW,Estrela,25,1998,13,8,688,7.6,1,0,1,1,0,0,4,0,1.9,1.9,0.3,2.2,23,11,43,0.13,0.0,0.13,0.13,0.13,0.25,0.04,0.28,0.25,0.28
3483,Simon Banza,COD,FW,Braga,27,1996,1,0,21,0.2,0,0,0,0,0,0,0,0,0.0,0.0,0.0,0.0,0,1,1,0.0,0.0,0.0,0.0,0.0,0.0,0.0,0.0,0.0,0.0
3484,Rafael Barbosa,POR,"MF,FW",Farense,28,1996,7,3,359,4.0,0,0,0,0,0,0,2,0,0.2,0.2,0.6,0.8,5,28,21,0.0,0.0,0.0,0.0,0.0,0.04,0.15,0.19,0.04,0.19
3485,Leandro Barreiro Martins,LUX,MF,Benfica,24,2000,27,11,1211,13.5,3,1,4,3,0,0,5,0,3.8,3.8,1.6,5.4,12,50,50,0.22,0.07,0.3,0.22,0.3,0.28,0.12,0.4,0.28,0.4
3486,Afonso Bastardo,POR,FW,Sporting CP,19,2005,1,0,1,0.0,0,0,0,0,0,0,0,0,0.0,0.0,0.0,0.0,0,0,0,0.0,0.0,0.0,0.0,0.0,0.0,0.0,0.0,0.0,0.0
3487,Gil Bastião Dias,POR,"FW,MF",Famalicão,27,1996,30,13,1406,15.6,5,2,7,5,0,0,7,0,2.8,2.8,1.1,3.8,45,61,123,0.32,0.13,0.45,0.32,0.45,0.18,0.07,0.24,0.18,0.24
3488,Gabriel Batista,BRA,GK,Santa Clara,26,1998,34,34,3060,34.0,0,0,0,0,0,0,4,0,0.0,0.0,0.0,0.0,0,1,0,0.0,0.0,0.0,0.0,0.0,0.0,0.0,0.0,0.0,0.0
3489,Gilberto Batista,GNB,DF,Moreirense,20,2003,5,3,317,3.5,0,0,0,0,0,0,1,0,0.0,0.0,0.0,0.0,2,2,2,0.0,0.0,0.0,0.0,0.0,0.0,0.0,0.0,0.0,0.0
3490,Ricardo Batista,POR,GK,Casa Pia,37,1986,1,1,90,1.0,0,0,0,0,0,0,0,0,0.0,0.0,0.0,0.0,0,0,0,0.0,0.0,0.0,0.0,0.0,0.0,0.0,0.0,0.0,0.0
3491,Yanis Begraoui,MAR,"FW,MF",Estoril,23,2001,34,25,1913,21.3,11,3,14,9,2,4,1,0,10.8,7.7,3.4,11.0,28,46,111,0.52,0.14,0.66,0.42,0.56,0.51,0.16,0.67,0.36,0.52
3492,Gui Beleza,POR,MF,Gil Vicente FC,17,2006,1,0,1,0.0,0,0,0,0,0,0,0,0,0.0,0.0,0.0,0.0,0,0,0,0.0,0.0,0.0,0.0,0.0,0.0,0.0,0.0,0.0,0.0
3493,Bachir Belloumi,ALG,FW,Farense,22,2002,3,3,270,3.0,0,0,0,0,0,0,0,0,0.2,0.2,0.1,0.3,8,14,20,0.0,0.0,0.0,0.0,0.0,0.08,0.02,0.1,0.08,0.1
3494,Andrea Belotti,ITA,FW,Benfica,30,1993,14,4,457,5.1,3,0,3,3,0,0,0,0,5.3,5.3,1.1,6.4,11,8,40,0.59,0.0,0.59,0.59,0.59,1.04,0.22,1.26,1.04,1.26
3495,Fahem Benaissa Yahia,FRA,"MF,DF",Casa Pia,22,2002,8,4,386,4.3,1,0,1,1,0,0,1,0,0.3,0.3,0.0,0.3,10,10,19,0.23,0.0,0.23,0.23,0.23,0.07,0.0,0.07,0.07,0.07
3496,Beni,ANG,MF,Vitória,22,2002,7,2,177,2.0,0,0,0,0,0,0,1,0,0.0,0.0,0.0,0.0,1,9,0,0.0,0.0,0.0,0.0,0.0,0.01,0.0,0.01,0.01,0.01
3497,Beni,ANG,MF,Casa Pia,22,2002,13,7,749,8.3,0,1,1,0,0,0,3,0,0.1,0.1,0.2,0.2,7,35,7,0.0,0.12,0.12,0.0,0.12,0.01,0.02,0.03,0.01,0.03
3498,Álex Bermejo,ESP,"MF,FW",Farense,25,1998,24,4,598,6.6,1,0,1,1,0,0,3,0,1.9,1.9,0.4,2.3,14,18,35,0.15,0.0,0.15,0.15,0.15,0.28,0.07,0.35,0.28,0.35
3499,Sergio Bermejo,ESP,"MF,FW",Gil Vicente FC,26,1997,10,6,475,5.3,1,0,1,1,0,0,0,0,0.6,0.6,0.3,0.8,12,20,24,0.19,0.0,0.19,0.19,0.19,0.1,0.05,0.15,0.1,0.15
3500,Simão Bertelli,BRA,GK,AVS Futebol,31,1993,11,11,990,11.0,0,0,0,0,0,0,0,0,0.0,0.0,0.0,0.0,0,0,0,0.0,0.0,0.0,0.0,0.0,0.0,0.0,0.0,0.0,0.0
3501,Jan-Niklas Beste,GER,"FW,DF",Benfica,25,1999,13,5,501,5.6,0,1,1,0,0,0,3,0,0.7,0.7,1.5,2.2,23,21,67,0.0,0.18,0.18,0.0,0.18,0.12,0.27,0.4,0.12,0.4
3502,José Bica,POR,"FW,MF",Vitória,21,2003,4,0,25,0.3,0,0,0,0,0,0,0,0,0.2,0.2,0.1,0.2,0,0,2,0.0,0.0,0.0,0.0,0.0,0.69,0.2,0.89,0.69,0.89
3503,Biel,BRA,"MF,FW",Sporting CP,23,2001,3,0,15,0.2,0,0,0,0,0,0,0,0,0.1,0.1,0.0,0.1,1,0,2,0.0,0.0,0.0,0.0,0.0,0.52,0.0,0.52,0.52,0.52
3504,Raúl Blanco,ESP,FW,Casa Pia,23,2001,5,3,250,2.8,1,0,1,1,0,0,1,0,0.3,0.3,0.0,0.3,2,11,14,0.36,0.0,0.36,0.36,0.36,0.11,0.0,0.11,0.11,0.11
3505,Paulinho Bóia,BRA,"FW,MF",Nacional,26,1998,15,13,1081,12.0,1,2,3,1,0,0,2,0,2.2,2.0,2.6,4.6,32,26,77,0.08,0.17,0.25,0.08,0.25,0.18,0.22,0.4,0.17,0.38
3506,Kévin Boma,TOG,DF,Estoril,21,2002,29,29,2467,27.4,1,0,1,1,0,0,7,0,1.3,1.3,0.2,1.5,4,56,4,0.04,0.0,0.04,0.04,0.04,0.05,0.01,0.06,0.05,0.06
3507,Pedro Bondo,ANG,DF,Famalicão,19,2004,6,2,181,2.0,1,1,2,1,0,0,1,1,0.1,0.1,0.8,0.9,8,4,10,0.5,0.5,0.99,0.5,0.99,0.05,0.42,0.47,0.05,0.47
3508,Kiko Bondoso,POR,"FW,MF",Rio Ave,28,1995,28,24,1949,21.7,2,1,3,2,0,0,1,0,2.2,2.2,2.3,4.6,39,55,147,0.09,0.05,0.14,0.09,0.14,0.1,0.11,0.21,0.1,0.21
3509,Toni Borevkovic,CRO,DF,Vitória,27,1997,27,27,2420,26.9,0,0,0,0,0,0,7,0,1.5,1.5,0.8,2.2,8,83,1,0.0,0.0,0.0,0.0,0.0,0.05,0.03,0.08,0.05,0.08
3510,Daniel Borges,BRA,"MF,FW",Santa Clara,21,2003,16,1,194,2.2,0,0,0,0,0,0,1,0,0.3,0.3,0.2,0.5,3,7,6,0.0,0.0,0.0,0.0,0.0,0.15,0.09,0.24,0.15,0.24
3511,Gonçalo Borges,POR,"FW,MF",Porto,23,2001,26,6,761,8.5,2,3,5,2,0,0,6,1,1.3,1.3,2.1,3.4,46,16,122,0.24,0.35,0.59,0.24,0.59,0.15,0.25,0.4,0.15,0.4
3512,Róbert Boženík,SVK,FW,Boavista,24,1999,33,30,2753,30.6,5,1,6,4,1,1,7,0,8.9,8.2,0.6,8.7,16,39,150,0.16,0.03,0.2,0.13,0.16,0.29,0.02,0.31,0.27,0.29
3513,Daniel Bragança,POR,MF,Sporting CP,25,1999,18,14,1077,12.0,3,4,7,3,0,0,3,0,2.7,2.7,1.7,4.4,16,87,46,0.25,0.33,0.58,0.25,0.58,0.22,0.15,0.37,0.22,0.37
3514,Bruno Brigido,BRA,GK,Estrela,33,1991,18,18,1575,17.5,0,0,0,0,0,0,0,0,0.0,0.0,0.0,0.0,0,0,0,0.0,0.0,0.0,0.0,0.0,0.0,0.0,0.0,0.0,0.0
3515,Alexandre Brito,POR,"MF,DF",Sporting CP,19,2005,2,1,89,1.0,0,0,0,0,0,0,1,0,0.1,0.1,0.0,0.1,0,3,0,0.0,0.0,0.0,0.0,0.0,0.11,0.0,0.11,0.11,0.11
3516,Rafael Brito,POR,MF,Casa Pia,22,2002,22,12,1011,11.2,0,1,1,0,0,0,5,0,0.3,0.3,0.4,0.7,3,33,15,0.0,0.09,0.09,0.0,0.09,0.03,0.04,0.06,0.03,0.06
3517,Tiago Brito,POR,MF,Estoril,20,2004,4,0,97,1.1,0,0,0,0,0,0,0,0,0.0,0.0,0.1,0.1,3,2,1,0.0,0.0,0.0,0.0,0.0,0.02,0.06,0.07,0.02,0.07
3518,Bruma,POR,"FW,MF",Braga,29,1994,17,13,1208,13.4,7,5,12,4,3,4,1,0,8.6,5.4,5.9,11.4,43,64,115,0.52,0.37,0.89,0.3,0.67,0.64,0.44,1.08,0.4,0.85
3519,Bruma,POR,"FW,MF",Benfica,29,1994,10,5,487,5.4,1,2,3,1,0,0,0,0,2.4,2.4,1.0,3.4,25,37,61,0.18,0.37,0.55,0.18,0.55,0.43,0.19,0.62,0.43,0.62
3520,Jonathan Buatu Mananga,ANG,DF,Gil Vicente FC,30,1993,21,20,1824,20.3,0,2,2,0,0,0,1,0,0.4,0.4,0.9,1.3,9,44,0,0.0,0.1,0.1,0.0,0.1,0.02,0.05,0.07,0.02,0.07
3521,Leonel Bucca,ARG,"MF,FW",Estrela,25,1999,30,16,1346,15.0,2,2,4,2,0,0,8,0,2.0,2.0,1.8,3.7,9,45,57,0.13,0.13,0.27,0.13,0.27,0.13,0.12,0.25,0.13,0.25
3522,Leonardo Buta,POR,DF,Moreirense,22,2002,7,5,508,5.6,0,0,0,0,0,0,2,0,0.2,0.2,0.2,0.4,9,15,23,0.0,0.0,0.0,0.0,0.0,0.04,0.04,0.08,0.04,0.08
3523,Adrián Butzke,ESP,FW,Nacional,25,1999,10,5,484,5.4,0,1,1,0,0,0,2,0,1.7,1.7,0.4,2.1,4,13,25,0.0,0.19,0.19,0.0,0.19,0.31,0.08,0.39,0.31,0.39
3524,Arthur Cabral,BRA,FW,Benfica,26,1998,21,2,376,4.2,2,0,2,2,0,1,2,0,2.1,1.3,1.4,2.7,4,1,30,0.48,0.0,0.48,0.48,0.48,0.51,0.34,0.85,0.32,0.66
3525,Daniel Cabral,BRA,MF,Estrela,22,2002,1,0,3,0.0,0,0,0,0,0,0,0,0,0.0,0.0,0.0,0.0,0,0,0,0.0,0.0,0.0,0.0,0.0,0.0,0.0,0.0,0.0,0.0
3526,Jovane Cabral,CPV,"FW,MF",Estrela,26,1998,26,13,1154,12.8,2,1,3,2,0,1,4,0,2.4,1.6,1.4,3.0,21,46,59,0.16,0.08,0.23,0.16,0.23,0.19,0.11,0.3,0.12,0.24
3527,Lucas Calegari,BRA,DF,Famalicão,22,2002,18,17,1489,16.5,0,1,1,0,0,0,1,0,0.1,0.1,0.7,0.8,16,49,53,0.0,0.06,0.06,0.0,0.06,0.01,0.04,0.05,0.01,0.05
3528,Diogo Calila,POR,"MF,DF",Santa Clara,25,1998,31,21,1750,19.4,1,2,3,1,0,0,9,0,0.9,0.9,1.1,2.0,36,42,100,0.05,0.1,0.15,0.05,0.15,0.05,0.06,0.1,0.05,0.1
3529,Ibrahima Camará,GUI,MF,Boavista,25,1999,26,16,1332,14.8,0,0,0,0,0,0,6,1,0.1,0.1,0.7,0.8,4,48,7,0.0,0.0,0.0,0.0,0.0,0.01,0.04,0.05,0.01,0.05
3530,André Candeias,POR,"FW,MF",Farense,21,2003,2,0,35,0.4,0,0,0,0,0,0,0,0,0.1,0.1,0.0,0.1,2,1,9,0.0,0.0,0.0,0.0,0.0,0.2,0.0,0.2,0.2,0.2
3531,Lazar Carević,MNE,GK,Famalicão,25,1999,18,18,1620,18.0,0,0,0,0,0,0,1,0,0.0,0.0,0.0,0.0,0,0,0,0.0,0.0,0.0,0.0,0.0,0.0,0.0,0.0,0.0,0.0
3532,Zé Carlos,POR,"MF,DF",Vitória,22,2001,7,1,122,1.4,0,0,0,0,0,0,0,0,0.0,0.0,0.0,0.0,4,7,9,0.0,0.0,0.0,0.0,0.0,0.0,0.01,0.01,0.0,0.01
3533,Zé Carlos,POR,MF,Farense,22,2001,9,8,670,7.4,0,0,0,0,0,0,1,1,0.1,0.1,0.1,0.1,2,27,9,0.0,0.0,0.0,0.0,0.0,0.01,0.01,0.02,0.01,0.02
3534,Zé Carlos,POR,DF,Gil Vicente FC,26,1998,31,31,2707,30.1,0,0,0,0,0,0,4,0,0.6,0.6,2.0,2.6,57,99,101,0.0,0.0,0.0,0.0,0.0,0.02,0.07,0.09,0.02,0.09
3535,Álvaro Carreras,ESP,DF,Benfica,21,2003,32,30,2743,30.5,3,1,4,3,0,0,9,0,1.3,1.3,3.0,4.3,87,202,211,0.1,0.03,0.13,0.1,0.13,0.04,0.1,0.14,0.04,0.14
3536,João Carvalho,POR,"MF,FW",Estoril,27,1997,28,27,2308,25.6,6,3,9,6,0,0,5,1,1.8,1.8,4.1,5.9,39,135,128,0.23,0.12,0.35,0.23,0.35,0.07,0.16,0.23,0.07,0.23
3537,Pedro Carvalho,POR,"DF,MF",Estoril,21,2003,19,6,765,8.5,0,2,2,0,0,0,2,0,0.9,0.9,2.3,3.2,30,35,57,0.0,0.24,0.24,0.0,0.24,0.1,0.28,0.38,0.1,0.38
3538,Vitor Carvalho,BRA,MF,Braga,27,1997,23,18,1501,16.7,0,0,0,0,0,0,3,0,1.0,1.0,0.6,1.7,13,82,19,0.0,0.0,0.0,0.0,0.0,0.06,0.04,0.1,0.06,0.1
3539,Facundo Cáseres,ARG,MF,Gil Vicente FC,23,2001,20,16,1404,15.6,0,0,0,0,0,0,3,0,0.4,0.4,0.7,1.1,7,65,10,0.0,0.0,0.0,0.0,0.0,0.03,0.05,0.07,0.03,0.07
3540,Cassiano,BRA,FW,Casa Pia,35,1989,26,24,1976,22.0,10,2,12,6,4,4,4,0,8.9,5.7,1.6,7.3,21,21,63,0.46,0.09,0.55,0.27,0.36,0.4,0.07,0.48,0.26,0.33
3541,Jesús Castillo,PER,MF,Gil Vicente FC,23,2001,15,9,822,9.1,0,0,0,0,0,0,1,0,0.7,0.7,0.9,1.6,4,37,10,0.0,0.0,0.0,0.0,0.0,0.08,0.09,0.18,0.08,0.18
3542,André Castro,POR,MF,Moreirense,36,1988,1,0,17,0.2,0,0,0,0,0,0,0,0,0.0,0.0,0.0,0.0,0,0,0,0.0,0.0,0.0,0.0,0.0,0.0,0.0,0.0,0.0,0.0
3543,Cristian Castro,COL,DF,AVS Futebol,23,2001,32,32,2745,30.5,1,1,2,1,0,0,5,0,0.6,0.6,1.4,2.0,10,65,1,0.03,0.03,0.07,0.03,0.07,0.02,0.04,0.07,0.02,0.07
3544,Geny Catamo,MOZ,"MF,DF",Sporting CP,23,2001,30,20,1911,21.2,5,2,7,5,0,0,3,0,5.4,5.4,4.8,10.2,108,104,240,0.24,0.09,0.33,0.24,0.33,0.25,0.22,0.48,0.25,0.48
3545,Cauê,BRA,FW,Gil Vicente FC,21,2002,15,7,667,7.4,1,0,1,1,0,0,3,1,0.8,0.8,0.1,0.9,7,12,35,0.13,0.0,0.13,0.13,0.13,0.11,0.01,0.12,0.11,0.12
3546,Cauê,BRA,"FW,MF",Casa Pia,21,2002,12,3,349,3.9,1,0,1,1,0,0,2,0,1.0,1.0,0.0,1.0,3,8,21,0.26,0.0,0.26,0.26,0.26,0.27,0.0,0.27,0.27,0.27
3547,César,BRA,GK,Boavista,32,1992,16,16,1440,16.0,0,0,0,0,0,0,1,0,0.0,0.0,0.0,0.0,0,0,0,0.0,0.0,0.0,0.0,0.0,0.0,0.0,0.0,0.0,0.0
3548,Tidjany Chabrol,FRA,"FW,MF",Gil Vicente FC,22,2002,25,13,1046,11.6,1,2,3,1,0,0,4,1,1.8,1.8,1.0,2.8,37,29,78,0.09,0.17,0.26,0.09,0.26,0.16,0.08,0.24,0.16,0.24
3549,Kevin Chamorro,CRC,GK,Estoril,24,2000,4,4,360,4.0,0,0,0,0,0,0,0,0,0.0,0.0,0.0,0.0,0,0,0,0.0,0.0,0.0,0.0,0.0,0.0,0.0,0.0,0.0,0.0
3550,Francisco Chissumba,POR,DF,Braga,19,2005,16,16,1429,15.9,0,1,1,0,0,0,3,0,0.6,0.6,1.0,1.6,31,62,104,0.0,0.06,0.06,0.0,0.06,0.03,0.07,0.1,0.03,0.1
3551,Till Cissokho,FRA,DF,Estrela,24,2000,4,4,360,4.0,0,0,0,0,0,0,1,0,0.1,0.1,0.0,0.1,1,8,0,0.0,0.0,0.0,0.0,0.0,0.02,0.0,0.02,0.02,0.02
3552,Clayton,BRA,DF,AVS Futebol,24,2000,2,2,180,2.0,0,0,0,0,0,0,1,0,0.0,0.0,0.0,0.0,0,8,0,0.0,0.0,0.0,0.0,0.0,0.0,0.0,0.0,0.0,0.0
3553,Clayton,BRA,FW,Rio Ave,25,1999,31,31,2707,30.1,14,2,16,11,3,3,13,1,12.7,10.3,1.7,12.1,40,30,143,0.47,0.07,0.53,0.37,0.43,0.42,0.06,0.48,0.34,0.4
3554,Diego Collado,ESP,"MF,FW",Gil Vicente FC,23,2001,5,0,24,0.3,0,0,0,0,0,0,0,0,0.0,0.0,0.0,0.0,1,0,1,0.0,0.0,0.0,0.0,0.0,0.08,0.0,0.08,0.08,0.08
3555,Semeu Commey,GHA,DF,Estrela,20,2004,2,0,45,0.5,0,0,0,0,0,0,0,0,0.1,0.1,0.0,0.1,0,1,0,0.0,0.0,0.0,0.0,0.0,0.14,0.0,0.14,0.14,0.14
3556,Fábio Conceição,POR,"MF,FW",Estrela,23,2001,11,7,680,7.6,0,0,0,0,0,0,0,0,0.5,0.5,0.7,1.2,9,18,41,0.0,0.0,0.0,0.0,0.0,0.06,0.1,0.16,0.06,0.16
3557,Fábio Conceição,POR,"FW,DF",Rio Ave,23,2001,12,2,423,4.7,1,1,2,1,0,0,0,0,0.5,0.5,0.6,1.1,19,12,39,0.21,0.21,0.43,0.21,0.43,0.1,0.13,0.23,0.1,0.23
3558,Leo Cordeiro,BRA,MF,Estrela,28,1995,27,19,1866,20.7,1,1,2,1,0,0,3,0,1.9,1.9,0.6,2.5,26,108,46,0.05,0.05,0.1,0.05,0.1,0.09,0.03,0.12,0.09,0.12
3559,Félix Correia,POR,"FW,MF",Gil Vicente FC,23,2001,33,32,2892,32.1,9,3,12,6,3,3,3,0,9.1,6.8,5.4,12.2,81,163,242,0.28,0.09,0.37,0.19,0.28,0.28,0.17,0.45,0.21,0.38
3560,Alberto costa,POR,DF,Vitória,20,2003,10,7,675,7.5,0,2,2,0,0,0,0,0,0.2,0.2,1.5,1.7,30,31,52,0.0,0.27,0.27,0.0,0.27,0.03,0.2,0.23,0.03,0.23
3561,Bruno Xavier Almeida Costa,POR,"MF,FW",Nacional,27,1997,18,11,919,10.2,2,1,3,1,1,1,0,0,1.7,0.9,1.8,2.7,16,40,35,0.2,0.1,0.29,0.1,0.2,0.17,0.17,0.34,0.09,0.26
3562,Diogo Costa,POR,GK,Porto,24,1999,32,32,2880,32.0,0,0,0,0,0,0,0,0,0.0,0.0,0.0,0.0,0,0,0,0.0,0.0,0.0,0.0,0.0,0.0,0.0,0.0,0.0,0.0
3563,Gonçalo Costa,POR,"DF,MF",Estoril,24,2000,18,3,509,5.7,2,0,2,2,0,0,1,0,0.1,0.1,0.4,0.6,16,12,38,0.35,0.0,0.35,0.35,0.35,0.02,0.08,0.1,0.02,0.1
3564,Hélder Costa,ANG,"FW,MF",Estoril,30,1994,13,8,606,6.7,1,0,1,1,0,0,1,0,0.5,0.5,0.7,1.2,19,20,44,0.15,0.0,0.15,0.15,0.15,0.07,0.1,0.18,0.07,0.18
3565,João Costa,POR,FW,Santa Clara,24,2000,24,8,728,8.1,3,0,3,3,0,0,1,0,4.0,4.0,1.3,5.3,3,10,28,0.37,0.0,0.37,0.37,0.37,0.5,0.16,0.66,0.5,0.66
3566,João Paulo Santos Costa,POR,GK,Estrela,28,1996,14,14,1260,14.0,0,0,0,0,0,0,0,0,0.0,0.0,0.0,0.0,0,0,0,0.0,0.0,0.0,0.0,0.0,0.0,0.0,0.0,0.0,0.0
3567,Michel Costa,BRA,MF,Estoril,22,2001,10,7,597,6.6,0,0,0,0,0,0,4,0,0.0,0.0,0.1,0.2,3,26,8,0.0,0.0,0.0,0.0,0.0,0.01,0.02,0.03,0.01,0.03
3568,Rui Costa,POR,"FW,MF",Farense,28,1996,15,6,696,7.7,2,1,3,2,0,0,1,0,2.3,2.3,0.7,3.0,5,6,46,0.26,0.13,0.39,0.26,0.39,0.3,0.09,0.39,0.3,0.39
3569,Marco Cruz,POR,"DF,MF",Vitória,20,2004,2,0,17,0.2,0,0,0,0,0,0,0,0,0.0,0.0,0.0,0.0,0,0,3,0.0,0.0,0.0,0.0,0.0,0.0,0.0,0.0,0.0,0.0
3570,Sandro Cruz,ANG,DF,Gil Vicente FC,23,2001,25,24,2082,23.1,0,0,0,0,0,0,11,1,0.8,0.8,0.9,1.7,33,73,63,0.0,0.0,0.0,0.0,0.0,0.03,0.04,0.07,0.03,0.07
3571,Augusto Dabo,GNB,DF,Boavista,20,2004,13,7,546,6.1,0,1,1,0,0,0,0,0,0.1,0.1,0.1,0.2,6,17,10,0.0,0.16,0.16,0.0,0.16,0.02,0.01,0.03,0.02,0.03
3572,Samuel Dahl,SWE,"DF,MF",Benfica,24,2000,11,6,595,6.6,0,4,4,0,0,0,0,0,0.3,0.3,2.6,2.9,11,36,61,0.0,0.61,0.61,0.0,0.61,0.04,0.4,0.44,0.04,0.44
3573,Amadou Dante,MLI,"DF,MF",Arouca,23,2000,16,12,1059,11.8,0,0,0,0,0,0,1,0,0.1,0.1,1.4,1.5,24,43,47,0.0,0.0,0.0,0.0,0.0,0.01,0.12,0.13,0.01,0.13
3574,Mathias De Amorim,POR,MF,Famalicão,19,2004,24,10,1072,11.9,1,1,2,1,0,0,4,0,1.2,1.2,1.5,2.6,13,62,60,0.08,0.08,0.17,0.08,0.17,0.1,0.12,0.22,0.1,0.22
3575,Zeno Debast,BEL,"DF,MF",Sporting CP,20,2003,31,23,2126,23.6,0,3,3,0,0,0,3,0,0.5,0.5,2.3,2.8,24,192,23,0.0,0.13,0.13,0.0,0.13,0.02,0.1,0.12,0.02,0.12
3576,Depú,ANG,FW,Gil Vicente FC,24,2000,3,0,43,0.5,0,0,0,0,0,0,0,0,0.2,0.2,0.0,0.2,0,0,3,0.0,0.0,0.0,0.0,0.0,0.53,0.0,0.53,0.53,0.53
3577,Derick,BRA,"DF,MF",Farense,30,1993,23,17,1417,15.7,1,3,4,1,0,0,3,0,0.6,0.6,2.0,2.7,31,25,60,0.06,0.19,0.25,0.06,0.25,0.04,0.13,0.17,0.04,0.17
3578,Ángel Di María,ARG,FW,Benfica,36,1988,25,20,1646,18.3,8,5,13,3,5,5,5,0,8.9,5.0,5.2,10.1,70,160,199,0.44,0.27,0.71,0.16,0.44,0.49,0.28,0.77,0.27,0.55
3579,Abdoulay Diaby,MLI,"FW,MF",Boavista,33,1991,12,9,894,9.9,1,1,2,1,0,0,1,0,2.6,2.6,0.4,3.0,11,21,48,0.1,0.1,0.2,0.1,0.2,0.26,0.04,0.3,0.26,0.3
3580,Matheus Dias,BRA,"MF,DF",Nacional,22,2002,26,20,1750,19.4,0,1,1,0,0,0,7,0,0.3,0.3,0.8,1.1,19,84,8,0.0,0.05,0.05,0.0,0.05,0.01,0.04,0.05,0.01,0.05
3581,Tiago Dias,POR,"FW,DF",Casa Pia,26,1998,8,0,71,0.8,0,0,0,0,0,0,1,0,0.0,0.0,0.3,0.3,8,0,15,0.0,0.0,0.0,0.0,0.0,0.0,0.37,0.37,0.0,0.37
3582,Ousmane Diomande,CIV,DF,Sporting CP,20,2003,31,29,2521,28.0,2,0,2,2,0,0,7,2,1.7,1.7,0.6,2.3,13,82,4,0.07,0.0,0.07,0.07,0.07,0.06,0.02,0.08,0.06,0.08
3583,Tiago Djaló,POR,DF,Porto,24,2000,8,6,590,6.6,0,0,0,0,0,0,2,0,0.4,0.4,0.2,0.5,13,23,5,0.0,0.0,0.0,0.0,0.0,0.06,0.02,0.08,0.06,0.08
3584,Maxime Dominguez,SUI,MF,Gil Vicente FC,28,1996,4,3,249,2.8,0,0,0,0,0,0,0,0,0.2,0.2,0.3,0.6,5,11,9,0.0,0.0,0.0,0.0,0.0,0.09,0.12,0.21,0.09,0.21
3585,Issiar Dramé,MLI,DF,Estrela,25,1999,21,18,1589,17.7,0,0,0,0,0,0,3,0,0.7,0.7,0.2,0.9,16,19,7,0.0,0.0,0.0,0.0,0.0,0.04,0.01,0.05,0.04,0.05
3586,Dudu,BRA,"FW,MF",Nacional,24,1999,21,17,1338,14.9,3,2,5,2,1,2,0,0,4.8,3.3,1.1,4.3,28,19,65,0.2,0.13,0.34,0.13,0.27,0.31,0.07,0.37,0.21,0.27
3587,Carlos Eduardo,BRA,"FW,MF",Gil Vicente FC,21,2002,7,3,244,2.7,0,0,0,0,0,0,1,0,0.1,0.1,0.7,0.8,3,1,17,0.0,0.0,0.0,0.0,0.0,0.03,0.24,0.28,0.03,0.28
3588,Marcus Edwards,ENG,"MF,FW",Sporting CP,25,1998,6,1,111,1.2,1,0,1,1,0,0,0,0,0.6,0.6,0.2,0.7,15,11,16,0.81,0.0,0.81,0.81,0.81,0.46,0.14,0.6,0.46,0.6
3589,Demir Ege Tıknaz,TUR,MF,Rio Ave,19,2004,28,24,1976,22.0,4,2,6,4,0,0,7,0,2.0,2.0,1.6,3.6,23,96,17,0.18,0.09,0.27,0.18,0.27,0.09,0.07,0.16,0.09,0.16
3590,Marvin Elimbi,FRA,DF,Gil Vicente FC,21,2003,11,5,434,4.8,0,0,0,0,0,0,2,0,0.0,0.0,0.0,0.0,3,7,0,0.0,0.0,0.0,0.0,0.0,0.0,0.01,0.01,0.0,0.01
3591,Simon Elisor,FRA,FW,Famalicão,25,1999,15,6,597,6.6,4,0,4,4,0,0,2,0,3.6,3.6,0.5,4.1,11,10,37,0.6,0.0,0.6,0.6,0.6,0.54,0.08,0.62,0.54,0.62
3592,Úmaro Embaló,POR,"FW,MF",Vitória,23,2001,7,0,148,1.6,2,0,2,2,0,0,0,0,1.7,1.7,0.0,1.7,4,4,16,1.22,0.0,1.22,1.22,1.22,1.06,0.0,1.06,1.06,1.06
3593,Rui Encarnação,POR,GK,Nacional,26,1998,2,1,135,1.5,0,0,0,0,0,0,1,1,0.0,0.0,0.0,0.0,0,0,0,0.0,0.0,0.0,0.0,0.0,0.0,0.0,0.0,0.0,0.0
3594,Ricardo Esgaio,POR,DF,Sporting CP,31,1993,9,2,230,2.6,0,0,0,0,0,0,0,1,0.0,0.0,0.4,0.4,5,13,4,0.0,0.0,0.0,0.0,0.0,0.0,0.16,0.16,0.0,0.16
3595,Tiago Esgaio,POR,DF,Arouca,28,1995,25,25,2180,24.2,2,1,3,2,0,0,2,0,1.7,1.7,1.8,3.5,27,91,78,0.08,0.04,0.12,0.08,0.12,0.07,0.07,0.14,0.07,0.14
3596,Dario Essugo,POR,MF,Sporting CP,19,2005,2,0,18,0.2,0,0,0,0,0,0,0,0,0.0,0.0,0.0,0.0,1,1,0,0.0,0.0,0.0,0.0,0.0,0.0,0.0,0.0,0.0,0.0
3597,Luís Esteves,POR,MF,Nacional,26,1998,33,31,2808,31.2,0,3,3,0,0,0,6,0,2.8,2.8,3.1,5.9,54,167,77,0.0,0.1,0.1,0.0,0.1,0.09,0.1,0.19,0.09,0.19
3598,Stephen Eustáquio,CAN,"MF,DF",Porto,27,1996,30,22,1918,21.3,0,0,0,0,0,0,7,0,1.0,1.0,1.7,2.6,11,149,41,0.0,0.0,0.0,0.0,0.0,0.05,0.08,0.12,0.05,0.12
3599,Evanilson,BRA,FW,Porto,24,1999,1,0,8,0.1,0,0,0,0,0,0,0,0,0.0,0.0,0.0,0.0,0,0,0,0.0,0.0,0.0,0.0,0.0,0.0,0.0,0.0,0.0,0.0
3600,Claudio Falcão,BRA,"DF,MF",Farense,30,1994,32,32,2851,31.7,1,2,3,1,0,0,10,1,2.1,2.1,1.8,3.9,7,81,13,0.03,0.06,0.09,0.03,0.09,0.07,0.06,0.12,0.07,0.12
3601,Eduardo Felicíssimo,POR,MF,Sporting CP,17,2007,6,2,195,2.2,0,0,0,0,0,0,1,0,0.1,0.1,0.2,0.2,2,7,1,0.0,0.0,0.0,0.0,0.0,0.03,0.08,0.11,0.03,0.11
3602,Nuno Felix,POR,MF,Benfica,20,2004,2,0,17,0.2,0,0,0,0,0,0,1,0,0.0,0.0,0.0,0.0,0,2,0,0.0,0.0,0.0,0.0,0.0,0.0,0.0,0.0,0.0,0.0
3603,Vando Félix,GNB,"FW,MF",Vitória,21,2002,16,5,548,6.1,0,0,0,0,0,0,2,0,0.3,0.3,0.5,0.8,20,16,51,0.0,0.0,0.0,0.0,0.0,0.05,0.08,0.13,0.05,0.13
3604,Jorge Filipe Oliveira Fernandes,POR,DF,Vitória,27,1997,6,5,415,4.6,0,0,0,0,0,0,0,0,0.1,0.1,0.3,0.4,2,25,1,0.0,0.0,0.0,0.0,0.0,0.02,0.08,0.1,0.02,0.1
3605,Lucas Fernandes,BRA,"MF,FW",AVS Futebol,26,1997,8,6,496,5.5,0,0,0,0,0,0,1,0,0.0,0.0,0.3,0.3,7,11,7,0.0,0.0,0.0,0.0,0.0,0.0,0.05,0.06,0.0,0.06
3606,Martim Fernandes,POR,DF,Porto,18,2006,25,15,1311,14.6,0,6,6,0,0,0,5,0,0.7,0.7,4.8,5.5,39,46,108,0.0,0.41,0.41,0.0,0.41,0.05,0.33,0.37,0.05,0.37
3607,Mateus Fernandes,POR,"FW,MF",Sporting CP,20,2004,1,0,26,0.3,0,0,0,0,0,0,0,0,0.0,0.0,0.1,0.1,4,2,2,0.0,0.0,0.0,0.0,0.0,0.08,0.25,0.33,0.08,0.33
3608,Roger Fernandes,POR,"FW,MF",Braga,18,2005,28,21,1739,19.3,3,3,6,3,0,0,2,0,3.3,3.3,3.6,6.8,91,56,192,0.16,0.16,0.31,0.16,0.31,0.17,0.18,0.35,0.17,0.35
3609,Rúben Fernandes,POR,DF,Gil Vicente FC,38,1986,28,28,2503,27.8,1,1,2,1,0,0,4,1,1.2,1.2,0.6,1.8,21,85,10,0.04,0.04,0.07,0.04,0.07,0.04,0.02,0.06,0.04,0.06
3610,Roberto Férnandez,ESP,FW,Braga,22,2002,15,5,505,5.6,2,0,2,2,0,0,1,0,1.5,1.5,0.2,1.7,6,5,31,0.36,0.0,0.36,0.36,0.36,0.27,0.04,0.31,0.27,0.31
3611,João Ferreira Barros,POR,"MF,FW",Boavista,18,2006,12,2,260,2.9,0,0,0,0,0,0,1,0,0.4,0.4,0.1,0.5,8,5,11,0.0,0.0,0.0,0.0,0.0,0.13,0.03,0.16,0.13,0.16
3612,Filipe Ferreira,POR,DF,Boavista,33,1990,27,26,2223,24.7,0,0,0,0,0,0,3,0,0.2,0.2,0.4,0.6,21,68,30,0.0,0.0,0.0,0.0,0.0,0.01,0.01,0.02,0.01,0.02
3613,Fernando Ferreira Fonseca,POR,"DF,MF",AVS Futebol,27,1997,26,21,1908,21.2,0,0,0,0,0,0,9,0,0.3,0.3,1.8,2.1,38,72,59,0.0,0.0,0.0,0.0,0.0,0.01,0.08,0.1,0.01,0.1
3614,João Ferreira,POR,DF,Braga,23,2001,21,13,1311,14.6,0,1,1,0,0,0,6,0,0.6,0.6,1.0,1.5,27,69,40,0.0,0.07,0.07,0.0,0.07,0.04,0.07,0.11,0.04,0.11
3615,Marcelo dos Santos Ferreira,BRA,DF,Moreirense,35,1989,33,33,2970,33.0,1,0,1,1,0,0,7,0,1.0,1.0,0.8,1.7,3,49,3,0.03,0.0,0.03,0.03,0.03,0.03,0.02,0.05,0.03,0.05
3616,Pedro Ferreira,POR,MF,Santa Clara,26,1998,32,20,1826,20.3,0,4,4,0,0,0,8,0,1.3,1.3,1.5,2.9,9,50,30,0.0,0.2,0.2,0.0,0.2,0.07,0.08,0.14,0.07,0.14
3617,Tiago Ferreira,POR,"FW,DF",Estrela,22,2002,3,1,53,0.6,0,0,0,0,0,0,0,0,0.0,0.0,0.1,0.1,0,2,6,0.0,0.0,0.0,0.0,0.0,0.05,0.11,0.16,0.05,0.16
3618,Daniel Figueira,POR,GK,Estoril,26,1998,1,1,90,1.0,0,0,0,0,0,0,0,0,0.0,0.0,0.0,0.0,0,0,0,0.0,0.0,0.0,0.0,0.0,0.0,0.0,0.0,0.0,0.0
3619,Sidoine Fogning,CMR,DF,Boavista,22,2001,13,13,1170,13.0,0,0,0,0,0,0,3,0,0.2,0.2,0.2,0.3,2,29,2,0.0,0.0,0.0,0.0,0.0,0.01,0.01,0.03,0.01,0.03
3620,Tiago Fonseca Morais,POR,"FW,MF",Rio Ave,20,2003,31,18,1562,17.4,4,0,4,4,0,1,1,0,3.8,3.0,1.7,4.7,36,63,101,0.23,0.0,0.23,0.23,0.23,0.22,0.1,0.32,0.17,0.27
3621,José Fontán,ESP,DF,Arouca,24,2000,29,29,2589,28.8,1,0,1,1,0,0,10,0,1.1,1.1,0.1,1.1,9,75,3,0.03,0.0,0.03,0.03,0.03,0.04,0.0,0.04,0.04,0.04
3622,José Fonte,POR,DF,Casa Pia,40,1983,25,24,2024,22.5,0,0,0,0,0,0,5,1,0.9,0.9,0.1,1.0,4,32,4,0.0,0.0,0.0,0.0,0.0,0.04,0.0,0.04,0.04,0.04
3623,Lucas França,BRA,GK,Nacional,28,1996,33,33,2925,32.5,0,0,0,0,0,0,5,0,0.0,0.0,0.1,0.1,0,0,0,0.0,0.0,0.0,0.0,0.0,0.0,0.0,0.0,0.0,0.0
3624,André Franco,POR,"MF,FW",Porto,26,1998,17,4,435,4.8,1,0,1,1,0,0,4,0,0.5,0.5,1.3,1.8,8,26,19,0.21,0.0,0.21,0.21,0.21,0.11,0.27,0.37,0.11,0.37
3625,Afonso Freitas,POR,DF,Nacional,24,2000,1,0,19,0.2,0,0,0,0,0,0,0,0,0.0,0.0,0.0,0.0,0,0,0,0.0,0.0,0.0,0.0,0.0,0.0,0.0,0.0,0.0,0.0
3626,Iván Fresneda,ESP,"DF,MF",Sporting CP,19,2004,18,11,961,10.7,3,0,3,3,0,0,2,0,1.9,1.9,1.0,3.0,28,42,70,0.28,0.0,0.28,0.28,0.28,0.18,0.1,0.28,0.18,0.28
3627,Godfried Frimpong,NED,DF,Moreirense,25,1999,30,29,2539,28.2,1,3,4,1,0,0,6,0,0.6,0.6,2.8,3.3,28,66,98,0.04,0.11,0.14,0.04,0.14,0.02,0.1,0.12,0.02,0.12
3628,Kanya Fujimoto,JPN,MF,Gil Vicente FC,25,1999,30,28,2219,24.7,5,5,10,4,1,1,1,0,4.0,3.2,4.2,7.4,34,93,124,0.2,0.2,0.41,0.16,0.37,0.16,0.17,0.33,0.13,0.3
3629,Taichi Fukui,JPN,MF,Arouca,20,2004,30,25,2183,24.3,0,2,2,0,0,0,5,0,0.8,0.8,1.4,2.2,25,103,30,0.0,0.08,0.08,0.0,0.08,0.03,0.06,0.09,0.03,0.09
3630,Rúben Furtado,POR,"FW,MF",Braga,18,2005,4,0,51,0.6,0,0,0,0,0,0,0,0,0.5,0.5,0.1,0.6,4,2,5,0.0,0.0,0.0,0.0,0.0,0.87,0.11,0.98,0.87,0.98
3631,Tiago Gabriel,POR,DF,Estrela,19,2004,11,11,980,10.9,1,0,1,1,0,0,2,0,0.6,0.6,0.0,0.6,2,22,1,0.09,0.0,0.09,0.09,0.09,0.05,0.0,0.06,0.05,0.06
3632,Galeno,BRA,"FW,DF",Porto,26,1997,18,17,1445,16.1,8,0,8,4,4,6,4,0,9.1,4.2,2.2,6.4,56,58,175,0.5,0.0,0.5,0.25,0.25,0.57,0.14,0.71,0.26,0.4
3633,Tiago Galletto,URU,MF,AVS Futebol,22,2002,3,0,90,1.0,0,0,0,0,0,0,2,0,0.0,0.0,0.0,0.0,0,1,0,0.0,0.0,0.0,0.0,0.0,0.02,0.0,0.02,0.02,0.02
3634,Nino Galović,CRO,DF,Arouca,32,1992,1,1,90,1.0,0,0,0,0,0,0,0,0,0.0,0.0,0.0,0.0,0,1,0,0.0,0.0,0.0,0.0,0.0,0.0,0.0,0.0,0.0,0.0
3635,João Tiago Serrão Garcês,POR,MF,Nacional,31,1993,1,0,17,0.2,0,0,0,0,0,0,0,0,0.0,0.0,0.0,0.0,0,0,0,0.0,0.0,0.0,0.0,0.0,0.07,0.0,0.07,0.07,0.07
3636,García,BRA,DF,Nacional,22,2002,33,31,2799,31.1,0,3,3,0,0,0,5,0,0.4,0.4,3.2,3.6,56,103,109,0.0,0.1,0.1,0.0,0.1,0.01,0.1,0.11,0.01,0.11
3637,Fabrício Garcia,CPV,"FW,DF",Estoril,23,2001,24,15,1269,14.1,0,0,0,0,0,0,3,0,1.9,1.9,0.8,2.6,52,15,96,0.0,0.0,0.0,0.0,0.0,0.13,0.05,0.19,0.13,0.19
3638,Santiago García,ESP,MF,Gil Vicente FC,22,2001,27,16,1475,16.4,4,2,6,4,0,0,10,0,1.4,1.4,1.3,2.7,17,66,46,0.24,0.12,0.37,0.24,0.37,0.09,0.08,0.17,0.09,0.17
3639,Bruno Gaspar,ANG,DF,Vitória,31,1993,13,10,918,10.2,0,0,0,0,0,0,2,0,0.2,0.2,0.9,1.1,17,45,72,0.0,0.0,0.0,0.0,0.0,0.02,0.09,0.11,0.02,0.11
3640,Mory Gbane,CIV,"MF,DF",Gil Vicente FC,23,2000,18,16,1471,16.3,1,0,1,1,0,0,3,0,1.2,1.2,0.2,1.4,17,48,10,0.06,0.0,0.06,0.06,0.06,0.07,0.01,0.09,0.07,0.09
3641,Geovanny,POR,MF,Farense,20,2004,6,1,164,1.8,0,0,0,0,0,0,0,0,0.1,0.1,0.0,0.1,0,6,5,0.0,0.0,0.0,0.0,0.0,0.04,0.0,0.04,0.04,0.04
3642,André Geraldes,POR,"MF,DF",Casa Pia,33,1991,26,13,1342,14.9,0,1,1,0,0,0,5,0,0.3,0.3,1.1,1.4,14,38,47,0.0,0.07,0.07,0.0,0.07,0.02,0.07,0.1,0.02,0.1
3643,Ismaël Gharbi,ESP,"FW,MF",Braga,20,2004,23,13,1058,11.8,4,3,7,4,0,0,2,0,2.8,2.8,1.4,4.1,35,46,115,0.34,0.26,0.6,0.34,0.6,0.24,0.12,0.35,0.24,0.35
3644,Marco van Ginkel,NED,"MF,FW",Boavista,31,1992,11,9,682,7.6,1,1,2,0,1,1,2,0,1.6,0.8,0.5,1.2,3,17,22,0.13,0.13,0.26,0.0,0.13,0.21,0.06,0.27,0.1,0.16
3645,José Gomes,POR,DF,Nacional,28,1996,28,27,2344,26.0,3,1,4,3,0,0,3,0,1.5,1.5,1.8,3.3,32,65,110,0.12,0.04,0.15,0.12,0.15,0.06,0.07,0.13,0.06,0.13
3646,Pedro gomes,POR,DF,Boavista,21,2003,21,18,1452,16.1,0,0,0,0,0,0,7,1,0.9,0.9,0.1,1.0,2,35,16,0.0,0.0,0.0,0.0,0.0,0.06,0.01,0.06,0.06,0.06
3647,Vítor Gomes,POR,MF,Rio Ave,36,1987,6,1,93,1.0,0,1,1,0,0,0,0,0,0.0,0.0,0.6,0.6,0,7,1,0.0,0.97,0.97,0.0,0.97,0.0,0.62,0.62,0.0,0.62
3648,William Gomes,BRA,"MF,FW",Porto,18,2006,8,0,155,1.7,0,0,0,0,0,0,0,0,0.2,0.2,0.3,0.5,4,7,19,0.0,0.0,0.0,0.0,0.0,0.13,0.18,0.32,0.13,0.32
3649,Victor Gomez,ESP,DF,Braga,24,2000,27,21,1908,21.2,0,2,2,0,0,0,1,0,0.9,0.9,1.9,2.8,38,132,160,0.0,0.09,0.09,0.0,0.09,0.04,0.09,0.13,0.04,0.13
3650,Nuno Gonçalo Moreira,POR,"FW,MF",Casa Pia,25,1999,21,18,1491,16.6,5,5,10,5,0,0,3,1,3.0,3.0,2.1,5.1,40,79,89,0.3,0.3,0.6,0.3,0.6,0.18,0.13,0.31,0.18,0.31
3651,Franscisco Gonçalves,POR,DF,Nacional,20,2004,1,0,18,0.2,0,0,0,0,0,0,1,0,0.0,0.0,0.0,0.0,0,0,0,0.0,0.0,0.0,0.0,0.0,0.0,0.0,0.0,0.0,0.0
3652,João Gonçalves,POR,GK,Boavista,23,2000,4,4,360,4.0,0,0,0,0,0,0,0,0,0.0,0.0,0.0,0.0,0,0,0,0.0,0.0,0.0,0.0,0.0,0.0,0.0,0.0,0.0,0.0
3653,Pedro Gonçalves,POR,"MF,FW",Sporting CP,26,1998,14,12,870,9.7,5,4,9,5,0,0,3,0,4.2,4.2,4.1,8.4,21,51,70,0.52,0.41,0.93,0.52,0.93,0.44,0.43,0.86,0.44,0.86
3654,Cristo González,ESP,MF,Arouca,26,1997,2,2,180,2.0,0,1,1,0,0,0,0,0,0.2,0.2,0.8,1.0,3,10,10,0.0,0.5,0.5,0.0,0.5,0.08,0.42,0.5,0.08,0.5
3655,Mario González,ESP,FW,Famalicão,28,1996,16,3,576,6.4,2,2,4,2,0,0,0,0,1.9,1.9,0.5,2.4,3,4,31,0.31,0.31,0.62,0.31,0.62,0.29,0.08,0.37,0.29,0.37
3656,Nicolás González,ESP,MF,Porto,22,2002,17,17,1441,16.0,5,3,8,5,0,0,6,1,4.3,4.3,0.7,5.0,22,114,42,0.31,0.19,0.5,0.31,0.5,0.27,0.05,0.31,0.27,0.31
3657,Jean Gorby,FRA,MF,Braga,22,2002,24,14,1217,13.5,1,0,1,1,0,0,3,0,0.5,0.5,0.2,0.7,4,68,12,0.07,0.0,0.07,0.07,0.07,0.04,0.01,0.05,0.04,0.05
3658,João Goulart Silva,POR,DF,Casa Pia,24,2000,33,32,2838,31.5,2,0,2,2,0,0,4,0,1.0,1.0,0.5,1.4,16,50,2,0.06,0.0,0.06,0.06,0.06,0.03,0.02,0.05,0.03,0.05
3659,Tiago Gouveia,POR,"FW,DF",Benfica,23,2001,4,0,103,1.1,1,1,2,1,0,0,1,0,0.8,0.8,0.7,1.5,6,8,17,0.87,0.87,1.75,0.87,1.75,0.7,0.64,1.34,0.7,1.34
3660,Pablo Gozalbez,ESP,MF,Arouca,23,2001,17,8,648,7.2,1,0,1,1,0,0,1,0,0.9,0.9,0.5,1.5,9,37,45,0.14,0.0,0.14,0.14,0.14,0.13,0.07,0.2,0.13,0.2
3661,João Graça,POR,"MF,FW",Rio Ave,29,1995,16,3,493,5.5,1,0,1,1,0,0,1,0,1.2,1.2,0.1,1.2,11,19,25,0.18,0.0,0.18,0.18,0.18,0.21,0.01,0.22,0.21,0.22
3662,Samuel Granada,BRA,FW,AVS Futebol,24,2000,4,3,240,2.7,0,1,1,0,0,0,2,1,0.9,0.9,0.4,1.4,1,4,12,0.0,0.37,0.37,0.0,0.37,0.35,0.16,0.51,0.35,0.51
3663,Jaume Grau,ESP,MF,AVS Futebol,27,1997,29,25,2119,23.5,2,2,4,2,0,0,13,0,0.6,0.6,1.0,1.6,10,87,11,0.08,0.08,0.17,0.08,0.17,0.02,0.04,0.07,0.02,0.07
3664,Marko Grujić,SRB,MF,Porto,28,1996,2,0,33,0.4,0,0,0,0,0,0,0,0,0.0,0.0,0.4,0.4,1,3,5,0.0,0.0,0.0,0.0,0.0,0.0,1.14,1.14,0.0,1.14
3665,Marko Gudžulić,SRB,GK,Estrela,22,2002,2,2,180,2.0,0,0,0,0,0,0,1,0,0.0,0.0,0.0,0.0,0,0,0,0.0,0.0,0.0,0.0,0.0,0.0,0.0,0.0,0.0,0.0
3666,Rafik Guitane,FRA,"FW,MF",Estoril,25,1999,21,9,857,9.5,0,4,4,0,0,0,0,0,1.0,1.0,3.0,4.0,25,47,67,0.0,0.42,0.42,0.0,0.42,0.1,0.32,0.42,0.1,0.42
3667,Rafik Guitane,FRA,FW,Braga,25,1999,1,0,2,0.0,0,0,0,0,0,0,0,0,0.0,0.0,0.0,0.0,0,0,0,0.0,0.0,0.0,0.0,0.0,0.0,0.0,0.0,0.0,0.0
3668,Deniz Gül,TUR,FW,Porto,20,2004,14,5,444,4.9,1,0,1,1,0,0,0,0,1.4,1.4,0.4,1.8,6,9,24,0.2,0.0,0.2,0.2,0.2,0.29,0.09,0.37,0.29,0.37
3669,Viktor Gyökeres,SWE,FW,Sporting CP,26,1998,33,31,2804,31.2,39,7,46,27,12,12,4,0,30.8,21.4,7.1,28.5,133,68,335,1.25,0.22,1.48,0.87,1.09,0.99,0.23,1.22,0.69,0.92
3670,Justin de Haas,NED,DF,Famalicão,24,2000,29,27,2468,27.4,2,0,2,1,1,1,5,0,1.9,1.1,0.2,1.3,9,79,4,0.07,0.0,0.07,0.04,0.04,0.07,0.01,0.08,0.04,0.05
3671,Habraão,BRA,FW,Santa Clara,23,2001,1,0,1,0.0,0,0,0,0,0,0,0,0,0.0,0.0,0.0,0.0,0,0,0,0.0,0.0,0.0,0.0,0.0,0.0,0.0,0.0,0.0,0.0
3672,Tomás Händel,POR,MF,Vitória,23,2000,32,29,2516,28.0,2,1,3,2,0,0,5,0,1.6,1.6,1.9,3.5,40,174,53,0.07,0.04,0.11,0.07,0.11,0.06,0.07,0.13,0.06,0.13
3673,Conrad Harder,DEN,"FW,MF",Sporting CP,19,2005,28,6,784,8.7,5,5,10,5,0,0,0,0,3.0,3.0,2.9,5.8,21,11,80,0.57,0.57,1.15,0.57,1.15,0.34,0.33,0.67,0.34,0.67
3674,Thiago Helguera,URU,MF,Braga,18,2006,1,0,9,0.1,0,0,0,0,0,0,0,0,0.0,0.0,0.0,0.0,0,0,0,0.0,0.0,0.0,0.0,0.0,0.0,0.0,0.0,0.0,0.0
3675,Gustavo Henrique,BRA,"MF,FW",Estrela,25,1999,4,4,228,2.5,0,1,1,0,0,0,0,0,0.0,0.0,0.1,0.2,3,2,14,0.0,0.39,0.39,0.0,0.39,0.01,0.05,0.06,0.01,0.06
3676,Morten Hjulmand,DEN,MF,Sporting CP,25,1999,28,26,2214,24.6,2,2,4,1,1,1,11,1,2.0,1.2,1.8,3.0,13,157,32,0.08,0.08,0.16,0.04,0.12,0.08,0.07,0.15,0.05,0.12
3677,Jordan Holsgrove,SCO,MF,Estoril,24,1999,28,26,2383,26.5,1,4,5,1,0,0,6,0,1.1,1.1,4.0,5.1,26,176,36,0.04,0.15,0.19,0.04,0.19,0.04,0.15,0.19,0.04,0.19
3678,Lukáš Horníček,CZE,GK,Braga,22,2002,17,17,1530,17.0,0,0,0,0,0,0,0,0,0.0,0.0,0.0,0.0,0,0,0,0.0,0.0,0.0,0.0,0.0,0.0,0.0,0.0,0.0,0.0
3679,André Horta,POR,MF,Braga,27,1996,12,6,508,5.6,0,4,4,0,0,0,0,0,0.6,0.6,1.2,1.8,21,57,18,0.0,0.71,0.71,0.0,0.71,0.1,0.21,0.31,0.1,0.31
3680,Ricardo Horta,POR,"MF,FW",Braga,29,1994,34,32,2837,31.5,10,5,15,10,0,0,2,0,7.9,7.9,5.2,13.1,28,122,166,0.32,0.16,0.48,0.32,0.48,0.25,0.17,0.42,0.25,0.42
3681,Igor,BRA,MF,Estrela,21,2003,13,9,800,8.9,0,0,0,0,0,0,4,0,0.2,0.2,1.0,1.1,3,29,3,0.0,0.0,0.0,0.0,0.0,0.02,0.11,0.13,0.02,0.13
3682,André Inácio,BRA,"MF,FW",Estrela,22,2002,11,7,638,7.1,1,1,2,1,0,0,1,0,1.8,1.8,1.1,2.9,25,8,34,0.14,0.14,0.28,0.14,0.28,0.25,0.16,0.41,0.25,0.41
3683,André Inácio,BRA,"FW,MF",Rio Ave,22,2002,16,13,1178,13.1,1,1,2,1,0,0,1,0,2.4,2.4,1.3,3.8,51,33,94,0.08,0.08,0.15,0.08,0.15,0.19,0.1,0.29,0.19,0.29
3684,Gonçalo Inácio,POR,DF,Sporting CP,22,2001,28,25,2255,25.1,3,2,5,3,0,0,6,0,2.6,2.6,0.8,3.4,32,184,14,0.12,0.08,0.2,0.12,0.2,0.1,0.03,0.14,0.1,0.14
3685,Isaac,BRA,FW,Nacional,20,2004,27,15,1233,13.7,3,1,4,3,0,0,3,0,3.2,3.2,0.4,3.6,7,12,58,0.22,0.07,0.29,0.22,0.29,0.23,0.03,0.26,0.23,0.26
3686,Ismael,POR,MF,Moreirense,25,1999,29,25,2021,22.5,1,1,2,1,0,0,6,0,1.9,1.9,0.7,2.6,14,95,35,0.04,0.04,0.09,0.04,0.09,0.08,0.03,0.12,0.08,0.12
3687,Franco Israel,URU,GK,Sporting CP,24,2000,11,11,990,11.0,0,0,0,0,0,0,1,0,0.0,0.0,0.0,0.0,0,0,0,0.0,0.0,0.0,0.0,0.0,0.0,0.0,0.0,0.0,0.0
3688,Ivan Jaime Pajuelo,ESP,FW,Porto,23,2000,9,5,443,4.9,2,2,4,2,0,0,1,0,1.2,1.2,0.6,1.9,8,25,37,0.41,0.41,0.81,0.41,0.81,0.25,0.13,0.38,0.25,0.38
3689,Jason,ESP,"FW,MF",Arouca,30,1994,32,25,2253,25.0,5,1,6,4,1,3,5,0,6.4,4.1,3.4,7.4,27,80,176,0.2,0.04,0.24,0.16,0.2,0.26,0.13,0.39,0.16,0.3
3690,Jhonatan,BRA,GK,Rio Ave,33,1991,8,8,720,8.0,0,0,0,0,0,0,1,0,0.0,0.0,0.0,0.0,0,0,0,0.0,0.0,0.0,0.0,0.0,0.0,0.0,0.0,0.0,0.0
3691,Diederrick Joel,CMR,FW,Nacional,30,1993,14,8,860,9.6,2,0,2,2,0,1,1,0,2.3,1.5,1.1,2.6,5,16,26,0.21,0.0,0.21,0.21,0.21,0.24,0.11,0.35,0.16,0.27
3692,Joel Jorquera,ESP,FW,Moreirense,23,2000,12,4,434,4.8,1,0,1,1,0,0,0,0,0.5,0.5,0.1,0.6,15,15,23,0.21,0.0,0.21,0.21,0.21,0.09,0.03,0.12,0.09,0.12
3693,Luiz Lúcio Reis Júnior,BRA,GK,Famalicão,23,2001,1,1,90,1.0,0,0,0,0,0,0,1,0,0.0,0.0,0.0,0.0,0,0,0,0.0,0.0,0.0,0.0,0.0,0.0,0.0,0.0,0.0,0.0
3694,Samuel Justo,POR,MF,Farense,20,2004,5,2,206,2.3,0,0,0,0,0,0,0,0,0.2,0.2,0.1,0.3,1,13,12,0.0,0.0,0.0,0.0,0.0,0.1,0.04,0.14,0.1,0.14
3695,Issa Kaboré,BFA,DF,Benfica,23,2001,3,0,13,0.1,0,0,0,0,0,0,0,0,0.0,0.0,0.0,0.0,1,3,3,0.0,0.0,0.0,0.0,0.0,0.0,0.0,0.0,0.0,0.0
3696,Kaio,BRA,FW,Vitória,20,2004,17,16,1299,14.4,2,3,5,2,0,0,4,0,2.7,2.7,2.3,5.0,45,61,125,0.14,0.21,0.35,0.14,0.35,0.18,0.16,0.35,0.18,0.35
3697,Kaique,BRA,GK,Farense,21,2003,6,6,540,6.0,0,0,0,0,0,0,1,0,0.0,0.0,0.0,0.0,0,0,0,0.0,0.0,0.0,0.0,0.0,0.0,0.0,0.0,0.0,0.0
3698,Osman Kakay,SLE,DF,Boavista,26,1997,9,6,577,6.4,0,0,0,0,0,0,3,1,0.0,0.0,0.2,0.2,5,16,23,0.0,0.0,0.0,0.0,0.0,0.0,0.03,0.04,0.0,0.04
3699,Kali,ANG,DF,Casa Pia,20,2003,1,0,1,0.0,0,0,0,0,0,0,1,0,0.0,0.0,0.0,0.0,0,0,0,0.0,0.0,0.0,0.0,0.0,0.0,0.0,0.0,0.0,0.0
3700,Issiaka Kamate,FRA,"FW,MF",AVS Futebol,19,2004,8,4,350,3.9,0,0,0,0,0,0,0,0,0.1,0.1,0.4,0.5,8,8,19,0.0,0.0,0.0,0.0,0.0,0.03,0.1,0.13,0.03,0.13
3701,Jorge Karse,POR,DF,Rio Ave,19,2005,1,0,3,0.0,0,0,0,0,0,0,0,0,0.0,0.0,0.0,0.0,0,0,0,0.0,0.0,0.0,0.0,0.0,0.0,0.0,0.0,0.0,0.0
3702,Kazu,BRA,DF,Gil Vicente FC,24,2000,11,6,533,5.9,0,0,0,0,0,0,2,0,0.0,0.0,0.3,0.3,7,25,30,0.0,0.0,0.0,0.0,0.0,0.0,0.05,0.05,0.0,0.05
3703,Keliano,ANG,MF,Estrela,21,2003,21,13,976,10.8,0,1,1,0,0,0,7,0,0.2,0.2,0.2,0.4,8,39,9,0.0,0.09,0.09,0.0,0.09,0.02,0.02,0.04,0.02,0.04
3704,Kewin,BRA,GK,Moreirense,28,1995,29,29,2610,29.0,0,0,0,0,0,0,4,0,0.0,0.0,0.0,0.0,0,0,0,0.0,0.0,0.0,0.0,0.0,0.0,0.0,0.0,0.0,0.0
3705,Kikas,POR,FW,Estrela,25,1998,32,23,2104,23.4,6,1,7,6,0,0,4,0,6.6,6.6,0.9,7.5,26,19,107,0.26,0.04,0.3,0.26,0.3,0.28,0.04,0.32,0.28,0.32
3706,Gustavo Klismahn,BRA,"MF,FW",Santa Clara,24,1999,17,9,822,9.1,0,3,3,0,0,0,2,0,0.5,0.5,1.7,2.1,15,35,30,0.0,0.33,0.33,0.0,0.33,0.05,0.18,0.23,0.05,0.23
3707,Ruben Kluivert,NED,DF,Casa Pia,23,2001,21,13,1229,13.7,1,0,1,1,0,0,5,0,0.6,0.6,0.1,0.7,2,27,5,0.07,0.0,0.07,0.07,0.07,0.04,0.0,0.05,0.04,0.05
3708,Koka,EGY,"FW,MF",Rio Ave,31,1993,9,0,167,1.9,1,0,1,1,0,0,2,0,0.8,0.8,0.2,1.1,3,4,5,0.54,0.0,0.54,0.54,0.54,0.45,0.13,0.58,0.45,0.58
3709,Orkun Kökçü,TUR,MF,Benfica,23,2000,33,30,2633,29.3,7,7,14,5,2,2,8,0,4.7,3.1,7.5,10.6,65,309,110,0.24,0.24,0.48,0.17,0.41,0.16,0.26,0.42,0.11,0.36
3710,Moussa Koné,SEN,"MF,FW",Boavista,27,1996,7,4,311,3.5,0,0,0,0,0,0,0,0,0.6,0.6,0.1,0.7,1,0,11,0.0,0.0,0.0,0.0,0.0,0.16,0.03,0.19,0.16,0.19
3711,Konstantinos Kostoulas,GRE,DF,Rio Ave,19,2005,3,2,191,2.1,0,0,0,0,0,0,2,0,0.0,0.0,0.0,0.0,0,3,0,0.0,0.0,0.0,0.0,0.0,0.0,0.0,0.0,0.0,0.0
3712,Vladan Kovačević,BIH,GK,Sporting CP,26,1998,6,6,540,6.0,0,0,0,0,0,0,0,0,0.0,0.0,0.0,0.0,0,0,0,0.0,0.0,0.0,0.0,0.0,0.0,0.0,0.0,0.0,0.0
3713,Andrian Kraev,BUL,MF,Casa Pia,25,1999,26,20,1664,18.5,1,0,1,1,0,0,9,0,1.7,1.7,0.1,1.8,4,62,13,0.05,0.0,0.05,0.05,0.05,0.09,0.01,0.1,0.09,0.1
3714,Layvin Kurzawa,FRA,"DF,MF",Boavista,31,1992,4,2,170,1.9,0,0,0,0,0,0,2,0,0.0,0.0,0.1,0.1,2,2,10,0.0,0.0,0.0,0.0,0.0,0.02,0.03,0.05,0.02,0.05
3715,Chiheb Labidi,TUN,"MF,FW",Nacional,23,2001,17,4,411,4.6,1,0,1,1,0,0,3,0,0.1,0.1,0.1,0.3,6,26,5,0.22,0.0,0.22,0.22,0.22,0.03,0.03,0.06,0.03,0.06
3716,André Lacximicant,POR,FW,Estoril,23,2001,27,11,993,11.0,5,3,8,5,0,0,4,0,5.6,5.6,1.1,6.7,27,14,51,0.45,0.27,0.73,0.45,0.73,0.5,0.1,0.6,0.5,0.6
3717,Chico Lamba,POR,DF,Arouca,21,2003,26,25,2265,25.2,1,2,3,1,0,0,6,0,0.7,0.7,0.6,1.3,9,63,5,0.04,0.08,0.12,0.04,0.12,0.03,0.02,0.05,0.03,0.05
3718,Larra,ESP,"MF,DF",Casa Pia,26,1997,32,26,2242,24.9,2,3,5,2,0,0,9,1,1.9,1.9,2.8,4.7,51,56,116,0.08,0.12,0.2,0.08,0.2,0.08,0.11,0.19,0.08,0.19
3719,Leonardo Lelo,POR,"MF,DF",Casa Pia,24,2000,32,32,2848,31.6,1,4,5,1,0,0,2,0,1.4,1.4,4.5,5.9,32,107,141,0.03,0.13,0.16,0.03,0.16,0.04,0.14,0.19,0.04,0.19
3720,Marcos Leonardo,BRA,MF,Benfica,21,2003,3,0,82,0.9,1,0,1,0,1,1,0,0,1.3,0.5,0.0,0.5,4,2,6,1.1,0.0,1.1,0.0,0.0,1.38,0.03,1.41,0.52,0.55
3721,Guilherme Liberato,BRA,MF,Moreirense,23,2001,4,0,45,0.5,0,0,0,0,0,0,0,0,0.0,0.0,0.0,0.0,0,3,0,0.0,0.0,0.0,0.0,0.0,0.0,0.0,0.0,0.0,0.0
3722,Otso Liimatta,FIN,"FW,MF",Famalicão,20,2004,5,1,121,1.3,0,0,0,0,0,0,1,0,0.3,0.3,0.1,0.4,2,4,12,0.0,0.0,0.0,0.0,0.0,0.21,0.07,0.28,0.21,0.28
3723,Rúben Lima,POR,DF,Estrela,34,1989,24,20,1778,19.8,0,2,2,0,0,0,3,1,0.1,0.1,1.9,2.0,6,65,3,0.0,0.1,0.1,0.0,0.1,0.0,0.1,0.1,0.0,0.1
3724,Yan Lincon,BRA,FW,Moreirense,21,2002,8,3,262,2.9,3,0,3,3,0,0,2,0,0.6,0.6,0.0,0.6,3,4,8,1.03,0.0,1.03,1.03,1.03,0.21,0.01,0.22,0.21,0.22
3725,Jérémy Livolant,FRA,"FW,MF",Casa Pia,26,1998,26,20,1802,20.0,4,4,8,4,0,0,1,1,4.3,4.3,2.7,7.0,52,44,120,0.2,0.2,0.4,0.2,0.4,0.21,0.13,0.35,0.21,0.35
3726,Danny Loader,CMR,"FW,MF",Porto,23,2000,29,11,1071,11.9,3,1,4,2,1,1,3,0,4.2,3.4,0.8,4.1,18,31,71,0.25,0.08,0.34,0.17,0.25,0.35,0.06,0.41,0.28,0.35
3727,Samuel Lobato,POR,"FW,MF",Famalicão,22,2001,12,0,74,0.8,0,0,0,0,0,0,1,0,0.0,0.0,0.0,0.0,2,1,7,0.0,0.0,0.0,0.0,0.0,0.0,0.0,0.0,0.0,0.0
3728,Tom van de Looi,NED,MF,Famalicão,25,1999,27,18,1753,19.5,0,2,2,0,0,0,4,0,0.7,0.7,0.8,1.5,10,128,14,0.0,0.1,0.1,0.0,0.1,0.04,0.04,0.08,0.04,0.08
3729,Miguel Lopes,POR,DF,Estrela,37,1986,15,13,1144,12.7,0,0,0,0,0,0,3,0,0.3,0.3,0.1,0.4,3,30,1,0.0,0.0,0.0,0.0,0.0,0.03,0.01,0.03,0.03,0.03
3730,Rony Lopes,POR,"MF,FW",Farense,28,1995,14,14,1128,12.5,1,0,1,1,0,1,4,0,3.1,2.3,1.4,3.7,12,41,43,0.08,0.0,0.08,0.08,0.08,0.25,0.11,0.36,0.19,0.29
3731,Vasco Lopes,CPV,"FW,MF",AVS Futebol,24,1999,24,10,1047,11.6,2,2,4,2,0,0,6,0,1.8,1.8,1.4,3.2,55,45,78,0.17,0.17,0.34,0.17,0.34,0.15,0.12,0.27,0.15,0.27
3732,Mamadou Loum,SEN,"MF,DF",Arouca,27,1996,21,7,707,7.9,0,0,0,0,0,0,4,1,0.4,0.4,0.5,0.9,5,44,2,0.0,0.0,0.0,0.0,0.0,0.05,0.06,0.11,0.05,0.11
3733,Jonatan Lucca,BRA,MF,AVS Futebol,30,1994,8,2,271,3.0,0,0,0,0,0,0,1,0,0.2,0.2,0.0,0.2,1,12,5,0.0,0.0,0.0,0.0,0.0,0.05,0.01,0.06,0.05,0.06
3734,Florentino Luís,POR,MF,Benfica,24,1999,26,24,1969,21.9,2,1,3,2,0,0,7,0,1.4,1.4,0.7,2.0,15,127,16,0.09,0.05,0.14,0.09,0.14,0.06,0.03,0.09,0.06,0.09
3735,Zé Luís,CPV,FW,AVS Futebol,33,1991,25,16,1384,15.4,3,1,4,1,2,2,4,0,4.2,2.6,2.1,4.7,10,26,56,0.2,0.07,0.26,0.07,0.13,0.27,0.13,0.41,0.17,0.3
3736,Luismi,EQG,FW,Moreirense,23,2001,31,13,1369,15.2,5,3,8,5,0,0,1,0,5.4,5.4,1.1,6.5,22,21,65,0.33,0.2,0.53,0.33,0.53,0.35,0.07,0.43,0.35,0.43
3737,Vitali Lystsov,RUS,DF,Boavista,29,1995,8,5,474,5.3,1,0,1,1,0,0,2,0,0.1,0.1,0.0,0.1,1,16,3,0.19,0.0,0.19,0.19,0.19,0.02,0.0,0.02,0.02,0.02
3738,Rúben Macedo,POR,"FW,MF",Nacional,28,1996,27,10,1198,13.3,1,1,2,0,1,1,0,0,3.0,2.3,2.2,4.4,57,17,78,0.08,0.08,0.15,0.0,0.08,0.23,0.16,0.39,0.17,0.33
3739,Tiago Machado,POR,"FW,MF",Boavista,20,2004,11,0,122,1.4,0,0,0,0,0,0,0,0,0.2,0.2,0.2,0.4,0,4,10,0.0,0.0,0.0,0.0,0.0,0.13,0.17,0.3,0.13,0.3
3740,Madson,BRA,FW,Moreirense,24,1999,19,16,1173,13.0,2,1,3,2,0,0,1,0,2.0,2.0,1.6,3.6,42,29,90,0.15,0.08,0.23,0.15,0.23,0.15,0.13,0.28,0.15,0.28
3741,Miguel Maga,POR,DF,Vitória,21,2002,18,16,1391,15.5,0,1,1,0,0,0,2,0,0.2,0.2,1.1,1.3,23,61,96,0.0,0.06,0.06,0.0,0.06,0.01,0.07,0.08,0.01,0.08
3742,Otar Mamageishvili,GEO,MF,Famalicão,21,2003,4,0,46,0.5,0,0,0,0,0,0,2,0,0.0,0.0,0.0,0.0,0,0,0,0.0,0.0,0.0,0.0,0.0,0.08,0.0,0.08,0.08,0.08
3743,Eliaquim Mangala,FRA,DF,Estoril,33,1991,9,4,424,4.7,0,0,0,0,0,0,4,0,0.0,0.0,0.0,0.0,2,3,0,0.0,0.0,0.0,0.0,0.0,0.0,0.0,0.0,0.0,0.0
3744,Ricardo Mangas,POR,FW,Vitória,26,1998,4,4,339,3.8,0,0,0,0,0,0,0,0,0.9,0.9,0.3,1.2,9,4,25,0.0,0.0,0.0,0.0,0.0,0.24,0.07,0.32,0.24,0.32
3745,Brian Mansilla,URU,"FW,MF",Arouca,22,2002,12,3,340,3.8,0,0,0,0,0,1,0,0,1.5,0.7,0.9,1.6,4,9,13,0.0,0.0,0.0,0.0,0.0,0.39,0.24,0.63,0.18,0.43
3746,Nico Mantl,GER,GK,Arouca,24,2000,29,29,2610,29.0,0,0,0,0,0,0,6,0,0.0,0.0,0.0,0.0,0,0,1,0.0,0.0,0.0,0.0,0.0,0.0,0.0,0.0,0.0,0.0
3747,Manú,ANG,"FW,DF",Estrela,18,2005,3,0,41,0.5,0,0,0,0,0,0,1,0,0.0,0.0,0.0,0.0,0,0,2,0.0,0.0,0.0,0.0,0.0,0.0,0.0,0.0,0.0,0.0
3748,Manuel Manu,POR,MF,Vitória,23,2001,15,7,680,7.6,1,1,2,1,0,0,2,0,0.4,0.4,0.6,1.0,1,73,14,0.13,0.13,0.26,0.13,0.26,0.06,0.08,0.14,0.06,0.14
3749,Manuel Manu,POR,MF,Benfica,23,2001,3,2,136,1.5,0,1,1,0,0,0,1,0,0.0,0.0,0.1,0.1,0,8,1,0.0,0.66,0.66,0.0,0.66,0.02,0.04,0.05,0.02,0.05
3750,Maracás,BRA,DF,Moreirense,30,1994,29,26,2393,26.6,1,1,2,1,0,0,6,0,1.4,1.4,0.9,2.3,3,33,2,0.04,0.04,0.08,0.04,0.08,0.05,0.03,0.09,0.05,0.09
3751,Iván Marcano,ESP,DF,Porto,37,1987,11,11,941,10.5,1,0,1,1,0,0,0,0,0.6,0.6,0.5,1.2,9,48,5,0.1,0.0,0.1,0.1,0.1,0.06,0.05,0.11,0.06,0.11
3752,Adrián Marín,ESP,DF,Braga,27,1997,10,8,711,7.9,0,2,2,0,0,0,0,0,0.0,0.0,0.7,0.7,6,58,15,0.0,0.25,0.25,0.0,0.25,0.0,0.09,0.09,0.0,0.09
3753,João Mário,POR,"FW,MF",Benfica,31,1993,2,2,154,1.7,0,0,0,0,0,0,1,0,0.1,0.1,0.3,0.4,3,18,17,0.0,0.0,0.0,0.0,0.0,0.05,0.19,0.24,0.05,0.24
3754,João Mário Lopes,POR,"DF,MF",Porto,24,2000,27,19,1767,19.6,0,3,3,0,0,0,5,0,0.8,0.8,4.4,5.2,78,119,182,0.0,0.15,0.15,0.0,0.15,0.04,0.23,0.27,0.04,0.27
3755,Uładzisłaŭ Marozaŭ,BLR,FW,Arouca,23,2000,11,3,279,3.1,0,0,0,0,0,0,0,0,0.3,0.3,0.2,0.5,3,1,10,0.0,0.0,0.0,0.0,0.0,0.09,0.07,0.17,0.09,0.17
3756,Alejandro Marqués,VEN,FW,Estoril,23,2000,33,15,1692,18.8,11,0,11,7,4,4,1,0,8.3,5.1,0.5,5.6,10,18,61,0.59,0.0,0.59,0.37,0.37,0.44,0.03,0.47,0.27,0.3
3757,Alex Marques,POR,DF,Boavista,18,2005,2,1,99,1.1,0,0,0,0,0,0,0,0,0.0,0.0,0.0,0.0,0,1,0,0.0,0.0,0.0,0.0,0.0,0.0,0.0,0.0,0.0,0.0
3758,João Marques,POR,"MF,FW",Braga,22,2002,3,0,37,0.4,0,0,0,0,0,0,1,0,0.1,0.1,0.0,0.1,0,1,6,0.0,0.0,0.0,0.0,0.0,0.22,0.04,0.26,0.22,0.26
3759,João Marques,POR,"FW,MF",Gil Vicente FC,22,2002,11,6,587,6.5,0,1,1,0,0,0,3,0,0.7,0.7,0.2,0.9,11,15,38,0.0,0.15,0.15,0.0,0.15,0.11,0.03,0.14,0.11,0.14
3760,Gabri Martínez,ESP,"FW,MF",Braga,21,2003,30,14,1542,17.1,4,2,6,4,0,0,4,0,4.6,4.1,3.8,7.9,98,64,173,0.23,0.12,0.35,0.23,0.35,0.27,0.22,0.49,0.24,0.46
3761,Toni Martínez,ESP,FW,Porto,27,1997,1,0,4,0.0,0,0,0,0,0,0,0,0,0.0,0.0,0.0,0.0,0,0,0,0.0,0.0,0.0,0.0,0.0,0.0,0.0,0.0,0.0,0.0
3762,Bernardo Martins,POR,"FW,MF",Moreirense,26,1997,31,19,1636,18.2,4,3,7,4,0,0,7,0,2.1,2.1,2.2,4.3,23,82,69,0.22,0.17,0.39,0.22,0.39,0.12,0.12,0.23,0.12,0.23
3763,Matheus,BRA,GK,Braga,32,1992,17,17,1530,17.0,0,0,0,0,0,0,1,0,0.0,0.0,0.0,0.0,0,2,0,0.0,0.0,0.0,0.0,0.0,0.0,0.0,0.0,0.0,0.0
3764,Matheusinho,BRA,"FW,MF",Santa Clara,26,1998,9,0,115,1.3,0,0,0,0,0,0,1,0,0.2,0.2,0.1,0.3,6,10,14,0.0,0.0,0.0,0.0,0.0,0.18,0.06,0.24,0.18,0.24
3765,Marco Matias,POR,"FW,MF",Farense,35,1989,27,15,1264,14.0,3,3,6,3,0,0,2,0,2.1,2.1,1.6,3.7,14,33,62,0.21,0.21,0.43,0.21,0.43,0.15,0.12,0.26,0.15,0.26
3766,Jordi Mboula,ESP,"FW,MF",Gil Vicente FC,25,1999,24,12,1149,12.8,0,2,2,0,0,0,2,0,1.7,1.7,0.8,2.5,28,33,72,0.0,0.16,0.16,0.0,0.16,0.13,0.06,0.19,0.13,0.19
3767,Tobías Medina,ARG,MF,Rio Ave,20,2004,3,0,57,0.6,0,0,0,0,0,0,0,0,0.0,0.0,0.0,0.0,3,2,3,0.0,0.0,0.0,0.0,0.0,0.0,0.0,0.0,0.0,0.0
3768,Mauro Meireles Couto,POR,DF,Sporting CP,18,2005,1,0,4,0.0,0,0,0,0,0,0,0,0,0.0,0.0,0.0,0.0,0,1,2,0.0,0.0,0.0,0.0,0.0,0.0,0.0,0.0,0.0,0.0
3769,Francisco Meixedo,POR,GK,Estrela,23,2001,1,0,45,0.5,0,0,0,0,0,0,0,0,0.0,0.0,0.0,0.0,0,0,0,0.0,0.0,0.0,0.0,0.0,0.0,0.0,0.0,0.0,0.0
3770,Yair Mena Palacios,COL,"MF,FW",AVS Futebol,24,2000,10,0,93,1.0,0,0,0,0,0,0,4,0,0.1,0.1,0.0,0.1,1,1,8,0.0,0.0,0.0,0.0,0.0,0.05,0.04,0.1,0.05,0.1
3771,João Mendes,POR,"MF,FW",Vitória,29,1994,32,16,1536,17.1,4,2,6,4,0,0,4,0,2.1,2.1,2.4,4.5,39,97,133,0.23,0.12,0.35,0.23,0.35,0.12,0.14,0.26,0.12,0.26
3773,Joe Mendes,SWE,DF,Braga,21,2002,4,2,184,2.0,0,0,0,0,0,0,0,0,0.0,0.0,0.0,0.1,11,10,19,0.0,0.0,0.0,0.0,0.0,0.02,0.02,0.03,0.02,0.03
3774,Gustavo Mendonça,POR,MF,AVS Futebol,21,2003,18,7,674,7.5,1,0,1,1,0,0,3,0,0.1,0.1,0.2,0.3,1,20,6,0.13,0.0,0.13,0.13,0.13,0.01,0.03,0.04,0.01,0.04
3775,Miguel Menino,POR,MF,Farense,21,2003,27,22,1830,20.3,2,0,2,2,0,0,3,0,1.2,1.2,1.0,2.2,16,52,50,0.1,0.0,0.1,0.1,0.1,0.06,0.05,0.11,0.06,0.11
3776,John Mercado,ECU,"FW,MF",AVS Futebol,22,2002,33,28,2341,26.0,3,1,4,3,0,0,2,0,3.3,3.3,3.8,7.1,84,35,162,0.12,0.04,0.15,0.12,0.15,0.12,0.15,0.27,0.12,0.27
3777,Mehdi Merghem,FRA,"MF,FW",Farense,27,1997,12,5,460,5.1,0,0,0,0,0,0,2,0,0.3,0.3,1.5,1.8,17,23,24,0.0,0.0,0.0,0.0,0.0,0.05,0.3,0.35,0.05,0.35
3778,Bruno Messi,POR,"FW,MF",Santa Clara,27,1996,7,0,113,1.3,0,0,0,0,0,0,1,0,0.1,0.1,0.1,0.2,8,4,18,0.0,0.0,0.0,0.0,0.0,0.09,0.05,0.15,0.09,0.15
3779,Michel,BRA,DF,Moreirense,21,2003,5,3,249,2.8,0,0,0,0,0,0,2,0,0.0,0.0,0.0,0.0,1,0,0,0.0,0.0,0.0,0.0,0.0,0.0,0.0,0.0,0.0,0.0
3780,Dieu-Merci Michel,CAN,FW,Vitória,20,2004,9,4,371,4.1,2,0,2,2,0,0,0,0,1.5,1.5,0.1,1.6,2,2,13,0.49,0.0,0.49,0.49,0.49,0.37,0.01,0.38,0.37,0.38
3781,Enea Mihaj,ALB,DF,Famalicão,26,1998,29,29,2533,28.1,0,1,1,0,0,0,8,0,1.0,1.0,0.2,1.2,8,73,2,0.0,0.04,0.04,0.0,0.04,0.04,0.01,0.04,0.04,0.04
3782,Mika,POR,GK,Moreirense,33,1991,1,0,3,0.0,0,0,0,0,0,0,0,0,0.0,0.0,0.0,0.0,0,0,0,0.0,0.0,0.0,0.0,0.0,0.0,0.0,0.0,0.0,0.0
3783,Álex Millán,ESP,"FW,MF",Farense,24,1999,9,4,403,4.5,0,0,0,0,0,0,1,0,0.1,0.1,0.1,0.2,2,7,8,0.0,0.0,0.0,0.0,0.0,0.01,0.02,0.04,0.01,0.04
3784,Juan Mina,COL,FW,Estrela,20,2004,1,0,14,0.2,0,0,0,0,0,0,0,0,0.0,0.0,0.0,0.0,0,0,0,0.0,0.0,0.0,0.0,0.0,0.07,0.0,0.07,0.07,0.07
3785,Cezary Miszta,POL,GK,Rio Ave,22,2001,26,26,2325,25.8,0,0,0,0,0,0,2,0,0.0,0.0,0.0,0.0,0,0,0,0.0,0.0,0.0,0.0,0.0,0.0,0.0,0.0,0.0,0.0
3786,Iyad Mohamed,COM,MF,Casa Pia,23,2001,10,5,487,5.4,0,0,0,0,0,0,2,1,0.0,0.0,0.1,0.1,2,18,13,0.0,0.0,0.0,0.0,0.0,0.0,0.02,0.02,0.0,0.02
3787,Isaac Monteiro,POR,DF,Casa Pia,20,2004,1,0,1,0.0,0,0,0,0,0,0,0,0,0.0,0.0,0.0,0.0,0,0,0,0.0,0.0,0.0,0.0,0.0,0.0,0.0,0.0,0.0,0.0
3788,Rodrigo Mora,POR,"MF,FW",Porto,17,2007,23,16,1370,15.2,10,4,14,10,0,0,3,0,4.7,4.7,1.5,6.2,43,72,97,0.66,0.26,0.92,0.66,0.92,0.31,0.1,0.41,0.31,0.41
3789,Morato,BRA,DF,Benfica,23,2001,1,1,90,1.0,0,0,0,0,0,0,0,0,0.1,0.1,0.0,0.1,4,10,0,0.0,0.0,0.0,0.0,0.0,0.05,0.0,0.05,0.05,0.05
3790,Paulo Moreira,POR,MF,Estrela,24,2000,26,14,1297,14.4,1,0,1,1,0,0,3,0,0.3,0.3,0.5,0.9,17,41,18,0.07,0.0,0.07,0.07,0.07,0.02,0.04,0.06,0.02,0.06
3791,Marco Moreno,ESP,DF,Farense,23,2001,25,24,2044,22.7,0,0,0,0,0,0,7,1,0.9,0.9,0.3,1.2,9,54,3,0.0,0.0,0.0,0.0,0.0,0.04,0.01,0.05,0.04,0.05
3792,Dani Morer,ESP,DF,Moreirense,26,1998,1,0,9,0.1,0,0,0,0,0,0,0,0,0.0,0.0,0.0,0.0,0,1,1,0.0,0.0,0.0,0.0,0.0,0.0,0.0,0.0,0.0,0.0
3793,Hidemasa Morita,JPN,MF,Sporting CP,29,1995,23,13,1294,14.4,2,3,5,2,0,0,1,0,1.6,1.6,2.7,4.3,21,107,39,0.14,0.21,0.35,0.14,0.35,0.11,0.19,0.3,0.11,0.3
3794,Moura,POR,DF,Famalicão,24,1999,4,4,360,4.0,0,1,1,0,0,0,0,0,0.1,0.1,0.5,0.6,9,9,19,0.0,0.25,0.25,0.0,0.25,0.01,0.13,0.14,0.01,0.14
3795,Moura,POR,"DF,MF",Porto,24,1999,27,26,2210,24.6,3,9,12,3,0,0,2,0,0.3,0.3,4.4,4.8,52,102,175,0.12,0.37,0.49,0.12,0.49,0.01,0.18,0.19,0.01,0.19
3796,João Moutinho,POR,MF,Braga,37,1986,22,19,1666,18.5,1,2,3,1,0,0,8,2,0.6,0.6,1.2,1.8,20,157,21,0.05,0.11,0.16,0.05,0.16,0.03,0.06,0.1,0.03,0.1
3797,MT,BRA,"DF,MF",Santa Clara,23,2001,33,32,2789,31.0,1,1,2,1,0,0,5,0,1.8,1.8,1.9,3.7,41,130,48,0.03,0.03,0.06,0.03,0.06,0.06,0.06,0.12,0.06,0.12
3798,Jonathan Mutombo,FRA,DF,Gil Vicente FC,21,2002,15,7,769,8.5,0,0,0,0,0,0,3,0,0.1,0.1,0.6,0.7,19,30,34,0.0,0.0,0.0,0.0,0.0,0.02,0.07,0.08,0.02,0.08
3799,Manuel Namora,POR,"MF,FW",Boavista,26,1998,8,4,307,3.4,0,0,0,0,0,0,1,0,0.1,0.1,0.1,0.1,0,7,9,0.0,0.0,0.0,0.0,0.0,0.02,0.01,0.03,0.02,0.03
3800,Dylan Nandín,URU,FW,Arouca,22,2002,15,5,657,7.3,3,1,4,3,0,0,2,0,2.6,2.6,0.8,3.5,13,6,43,0.41,0.14,0.55,0.41,0.55,0.36,0.12,0.47,0.36,0.47
3801,Nani,POR,"FW,MF",Estrela,37,1986,9,4,465,5.2,1,0,1,1,0,0,3,0,0.3,0.3,0.4,0.7,9,11,20,0.19,0.0,0.19,0.19,0.19,0.06,0.07,0.13,0.06,0.13
3802,Fran Navarro,ESP,FW,Porto,26,1998,4,1,91,1.0,0,0,0,0,0,0,0,0,0.4,0.4,0.0,0.4,0,1,5,0.0,0.0,0.0,0.0,0.0,0.43,0.0,0.43,0.43,0.43
3803,Fran Navarro,ESP,FW,Braga,26,1998,10,10,669,7.4,4,0,4,3,1,1,1,0,3.0,2.2,0.2,2.5,2,6,27,0.54,0.0,0.54,0.4,0.4,0.41,0.03,0.44,0.3,0.33
3804,Christian Neiva Afonso,POR,"DF,MF",AVS Futebol,29,1994,26,21,1619,18.0,1,2,3,1,0,0,5,1,0.4,0.4,2.0,2.4,13,43,42,0.06,0.11,0.17,0.06,0.17,0.02,0.11,0.13,0.02,0.13
3805,Nenê,BRA,FW,AVS Futebol,41,1983,18,8,867,9.6,4,1,5,4,0,1,3,0,3.6,2.8,0.5,3.3,2,21,40,0.42,0.1,0.52,0.42,0.52,0.37,0.05,0.43,0.29,0.35
3806,Neto,BRA,MF,Farense,32,1991,24,22,1761,19.6,2,0,2,1,1,1,9,0,1.2,0.4,0.6,1.0,3,84,6,0.1,0.0,0.1,0.05,0.05,0.06,0.03,0.09,0.02,0.05
3807,Martim Neto,POR,MF,Rio Ave,21,2003,24,15,1371,15.2,2,1,3,2,0,0,6,1,0.8,0.8,1.3,2.0,29,83,28,0.13,0.07,0.2,0.13,0.2,0.05,0.09,0.13,0.05,0.13
3808,Renato Nhaga,GNB,MF,Casa Pia,17,2007,3,1,98,1.1,0,0,0,0,0,0,1,0,0.0,0.0,0.0,0.0,0,3,0,0.0,0.0,0.0,0.0,0.0,0.0,0.02,0.02,0.0,0.02
3809,Sikou Niakaté,MLI,DF,Braga,25,1999,24,22,1961,21.8,1,1,2,1,0,0,4,0,1.1,1.1,0.9,2.0,11,102,5,0.05,0.05,0.09,0.05,0.09,0.05,0.04,0.09,0.05,0.09
3810,Yusupha Njie,GAM,"FW,MF",Farense,30,1994,14,7,633,7.0,0,0,0,0,0,0,1,0,1.4,1.4,0.3,1.7,12,10,24,0.0,0.0,0.0,0.0,0.0,0.2,0.04,0.24,0.2,0.24
3811,Miguel Nóbrega,POR,DF,Rio Ave,24,2000,1,1,90,1.0,0,0,0,0,0,0,0,0,0.0,0.0,0.0,0.0,1,3,0,0.0,0.0,0.0,0.0,0.0,0.0,0.0,0.0,0.0,0.0
3812,Jonatás Noro,POR,DF,Braga,19,2005,1,0,13,0.1,0,0,0,0,0,0,0,0,0.0,0.0,0.0,0.0,0,0,0,0.0,0.0,0.0,0.0,0.0,0.07,0.0,0.07,0.07,0.07
3813,João Novais,POR,MF,Rio Ave,31,1993,30,15,1402,15.6,0,0,0,0,0,0,2,0,1.7,1.7,3.0,4.7,33,68,50,0.0,0.0,0.0,0.0,0.0,0.11,0.19,0.3,0.11,0.3
3814,Andreas Ntoi,GRE,DF,Rio Ave,21,2003,16,15,1364,15.2,0,0,0,0,0,0,2,0,0.4,0.4,0.6,0.9,3,40,0,0.0,0.0,0.0,0.0,0.0,0.02,0.04,0.06,0.02,0.06
3815,Samuel Obeng,GHA,FW,Casa Pia,27,1997,11,4,369,4.1,1,0,1,1,0,0,0,0,0.7,0.7,0.1,0.7,3,4,8,0.24,0.0,0.24,0.24,0.24,0.17,0.01,0.18,0.17,0.18
3816,Guillermo Ochoa,MEX,GK,AVS Futebol,39,1985,23,23,2070,23.0,0,0,0,0,0,0,4,0,0.0,0.0,0.3,0.3,0,0,0,0.0,0.0,0.0,0.0,0.0,0.0,0.01,0.01,0.0,0.01
3817,Lawrence Ofori,GHA,MF,Moreirense,26,1998,25,20,1780,19.8,1,1,2,1,0,0,1,0,0.1,0.1,0.8,1.0,17,93,13,0.05,0.05,0.1,0.05,0.1,0.01,0.04,0.05,0.01,0.05
3818,Leonardo Oliveira,POR,FW,Famalicão,19,2005,1,0,31,0.3,0,0,0,0,0,0,0,0,0.0,0.0,0.0,0.0,0,0,0,0.0,0.0,0.0,0.0,0.0,0.0,0.0,0.0,0.0,0.0
3819,Nélson Oliveira,POR,FW,Vitória,32,1991,31,21,1776,19.7,3,4,7,3,0,0,5,0,3.6,3.6,2.8,6.4,23,36,89,0.15,0.2,0.35,0.15,0.35,0.18,0.14,0.32,0.18,0.32
3820,Paulo Oliveira,POR,DF,Braga,32,1992,21,21,1710,19.0,1,0,1,1,0,0,5,0,2.1,2.1,0.0,2.1,2,51,1,0.05,0.0,0.05,0.05,0.05,0.11,0.0,0.11,0.11,0.11
3821,Talys Oliveira,BRA,DF,Farense,25,1999,3,3,250,2.8,0,0,0,0,0,0,0,0,0.0,0.0,0.2,0.3,4,13,12,0.0,0.0,0.0,0.0,0.0,0.01,0.08,0.1,0.01,0.1
3822,Samu Omorodion,ESP,FW,Porto,20,2004,30,23,2263,25.1,19,3,22,15,4,4,3,1,14.1,10.9,2.0,12.9,23,28,132,0.76,0.12,0.87,0.6,0.72,0.56,0.08,0.64,0.43,0.51
3823,Bruno Onyemaechi,NGA,"DF,MF",Boavista,25,1999,18,17,1566,17.4,3,1,4,3,0,0,5,0,1.6,1.6,1.2,2.8,23,34,68,0.17,0.06,0.23,0.17,0.23,0.09,0.07,0.16,0.09,0.16
3824,Jandro Orellana,ESP,MF,Estoril,23,2000,23,11,1018,11.3,1,1,2,1,0,0,3,0,1.2,1.2,0.4,1.5,9,39,14,0.09,0.09,0.18,0.09,0.18,0.1,0.03,0.13,0.1,0.13
3825,Korede Osundina,USA,FW,Casa Pia,20,2004,7,2,169,1.9,0,0,0,0,0,0,0,0,0.2,0.2,0.2,0.3,3,3,16,0.0,0.0,0.0,0.0,0.0,0.08,0.1,0.18,0.08,0.18
3826,Nicolás Otamendi,ARG,DF,Benfica,36,1988,31,30,2706,30.1,6,2,8,6,0,0,4,0,3.7,3.7,1.4,5.1,15,132,10,0.2,0.07,0.27,0.2,0.27,0.12,0.05,0.17,0.12,0.17
3827,Amine El Ouazzani,MAR,FW,Braga,23,2001,33,15,1604,17.8,7,1,8,7,0,0,1,0,6.5,6.5,1.8,8.3,12,21,70,0.39,0.06,0.45,0.39,0.45,0.37,0.1,0.47,0.37,0.47
3828,Amine Oudrhiri,MAR,MF,Estrela,31,1992,11,9,722,8.0,0,0,0,0,0,0,1,0,0.1,0.1,0.0,0.1,4,29,4,0.0,0.0,0.0,0.0,0.0,0.01,0.0,0.01,0.01,0.01
3829,Amine Oudrhiri,MAR,MF,Rio Ave,31,1992,13,8,650,7.2,0,0,0,0,0,0,2,1,0.0,0.0,0.1,0.1,1,19,4,0.0,0.0,0.0,0.0,0.0,0.0,0.01,0.02,0.0,0.02
3830,Pablo,BRA,FW,Gil Vicente FC,20,2004,20,8,802,8.9,5,0,5,5,0,0,2,0,2.1,2.1,0.8,3.0,10,10,45,0.56,0.0,0.56,0.56,0.56,0.24,0.09,0.33,0.24,0.33
3831,Renato Pantalon,CRO,DF,Estrela,26,1997,12,7,705,7.8,0,0,0,0,0,0,1,0,0.0,0.0,0.2,0.2,0,13,2,0.0,0.0,0.0,0.0,0.0,0.0,0.03,0.03,0.0,0.03
3832,Renato Pantalon,CRO,DF,Rio Ave,26,1997,9,7,695,7.7,0,0,0,0,0,0,1,0,0.8,0.8,0.1,0.9,2,27,6,0.0,0.0,0.0,0.0,0.0,0.11,0.01,0.12,0.11,0.12
3833,Jonathan Panzo,ENG,DF,Rio Ave,23,2000,18,15,1292,14.4,1,0,1,1,0,0,4,1,0.7,0.7,0.5,1.2,7,41,0,0.07,0.0,0.07,0.07,0.07,0.05,0.03,0.08,0.05,0.08
3834,Tiago Parente,POR,DF,Estoril,20,2004,1,0,19,0.2,0,0,0,0,0,0,0,0,0.0,0.0,0.0,0.0,0,0,0,0.0,0.0,0.0,0.0,0.0,0.0,0.0,0.0,0.0,0.0
3835,David Pastor,BRA,"DF,MF",Farense,24,2000,31,30,2602,28.9,0,2,2,0,0,0,4,0,0.2,0.2,1.5,1.7,58,74,104,0.0,0.07,0.07,0.0,0.07,0.01,0.05,0.06,0.01,0.06
3836,Afonso Patrão,POR,FW,Braga,17,2007,7,3,243,2.7,1,1,2,1,0,0,0,0,0.5,0.5,0.5,1.0,1,6,7,0.37,0.37,0.74,0.37,0.74,0.17,0.19,0.37,0.17,0.37
3837,Patrick,BRA,DF,Rio Ave,27,1997,13,11,995,11.1,1,0,1,1,0,0,5,1,1.1,1.1,0.1,1.2,10,34,6,0.09,0.0,0.09,0.09,0.09,0.1,0.01,0.1,0.1,0.1
3838,Vangelis Pavlidis,GRE,FW,Benfica,25,1998,34,27,2257,25.1,19,7,26,16,3,3,3,0,18.6,16.2,5.5,21.7,43,56,182,0.76,0.28,1.04,0.64,0.92,0.74,0.22,0.96,0.65,0.87
3839,Zé Pedro Figueiredo,POR,DF,Porto,27,1997,20,16,1497,16.6,0,0,0,0,0,0,2,0,0.9,0.9,0.4,1.3,9,93,7,0.0,0.0,0.0,0.0,0.0,0.05,0.02,0.08,0.05,0.08
3840,João Pedro,BRA,DF,Rio Ave,21,2003,5,2,274,3.0,0,1,1,0,0,0,0,0,0.0,0.0,0.0,0.1,2,6,4,0.0,0.33,0.33,0.0,0.33,0.01,0.01,0.03,0.01,0.03
3841,Daniel Penha,BRA,MF,Nacional,25,1998,30,18,1488,16.5,4,1,5,4,0,0,2,0,3.2,3.2,1.7,4.9,29,65,65,0.24,0.06,0.3,0.24,0.3,0.19,0.1,0.29,0.19,0.29
3842,Pepê,BRA,"FW,MF",Porto,27,1997,31,25,1991,22.1,3,2,5,3,0,0,4,0,4.8,4.8,2.9,7.7,42,92,174,0.14,0.09,0.23,0.14,0.23,0.22,0.13,0.35,0.22,0.35
3843,Pereira,POR,"FW,MF",Casa Pia,22,2002,24,7,756,8.4,1,1,2,1,0,0,1,0,0.7,0.7,2.1,2.8,35,13,73,0.12,0.12,0.24,0.12,0.24,0.08,0.25,0.33,0.08,0.33
3844,Diogo Pereira,POR,"DF,MF",Gil Vicente FC,21,2003,2,0,76,0.8,0,0,0,0,0,0,0,0,0.0,0.0,0.0,0.0,0,0,0,0.0,0.0,0.0,0.0,0.0,0.0,0.0,0.0,0.0,0.0
3845,Francisco Pereira,POR,MF,Estoril,22,2002,1,0,12,0.1,0,0,0,0,0,0,0,0,0.0,0.0,0.0,0.0,0,1,0,0.0,0.0,0.0,0.0,0.0,0.0,0.0,0.0,0.0,0.0
3846,Matheus Pereira,BRA,"MF,DF",Santa Clara,23,2000,28,18,1723,19.1,0,4,4,0,0,0,12,1,1.3,1.3,3.3,4.7,31,37,70,0.0,0.21,0.21,0.0,0.21,0.07,0.17,0.24,0.07,0.24
3847,Sebastián Pérez Cardona,COL,MF,Boavista,31,1993,29,24,2024,22.5,1,0,1,1,0,0,8,2,0.6,0.6,1.5,2.1,7,112,17,0.04,0.0,0.04,0.04,0.04,0.03,0.07,0.09,0.03,0.09
3848,Nehuén Pérez,ARG,DF,Porto,24,2000,25,24,2069,23.0,1,2,3,1,0,0,11,1,1.4,1.4,0.6,1.9,18,130,10,0.04,0.09,0.13,0.04,0.13,0.06,0.02,0.08,0.06,0.08
3849,Tomás Pérez,ARG,"MF,DF",Porto,18,2005,6,1,155,1.7,0,0,0,0,0,0,1,0,0.0,0.0,0.0,0.0,1,7,0,0.0,0.0,0.0,0.0,0.0,0.0,0.01,0.01,0.0,0.01
3850,Francisco Petrasso,ARG,DF,Rio Ave,22,2002,7,5,412,4.6,1,0,1,1,0,0,2,0,1.4,1.4,0.0,1.4,1,3,0,0.22,0.0,0.22,0.22,0.22,0.31,0.0,0.31,0.31,0.31
3851,Petterson,BRA,"MF,FW",Estrela,20,2004,3,0,69,0.8,0,0,0,0,0,0,0,0,0.1,0.1,0.0,0.1,1,4,9,0.0,0.0,0.0,0.0,0.0,0.18,0.0,0.18,0.18,0.18
3852,Lucas Piazon,BRA,"MF,FW",AVS Futebol,30,1994,30,27,2377,26.4,0,3,3,0,0,0,3,0,3.3,3.3,2.4,5.7,28,105,104,0.0,0.11,0.11,0.0,0.11,0.13,0.09,0.22,0.13,0.22
3853,Wagner Pina,CPV,"DF,MF",Estoril,21,2002,30,28,2368,26.3,2,4,6,2,0,0,5,1,2.0,2.0,2.8,4.8,42,54,145,0.08,0.15,0.23,0.08,0.23,0.08,0.1,0.18,0.08,0.18
3854,Rodrigo Pinheiro,POR,DF,Famalicão,21,2002,29,21,1999,22.2,0,2,2,0,0,0,5,0,0.8,0.8,2.0,2.7,43,99,111,0.0,0.09,0.09,0.0,0.09,0.04,0.09,0.12,0.04,0.12
3855,Rodrigo Pinho,BRA,FW,Estrela,33,1991,33,18,1665,18.5,5,0,5,4,1,2,6,0,6.1,4.6,0.6,5.2,13,33,48,0.27,0.0,0.27,0.22,0.22,0.33,0.03,0.37,0.25,0.28
3856,Alexandre Pinto,POR,DF,Arouca,26,1998,14,9,823,9.1,0,1,1,0,0,0,4,0,0.6,0.6,0.9,1.5,9,29,53,0.0,0.11,0.11,0.0,0.11,0.07,0.1,0.17,0.07,0.17
3857,Dinis Pinto,POR,DF,Moreirense,23,2000,27,24,2171,24.1,2,1,3,2,0,0,8,0,1.7,1.7,1.5,3.2,54,71,96,0.08,0.04,0.12,0.08,0.12,0.07,0.06,0.13,0.07,0.13
3858,Jaime Pinto,POR,"MF,FW",Farense,26,1997,8,1,231,2.6,0,0,0,0,0,0,1,0,0.6,0.6,0.0,0.6,9,2,8,0.0,0.0,0.0,0.0,0.0,0.23,0.0,0.23,0.23,0.23
3859,João Pinto,POR,MF,Gil Vicente FC,21,2002,1,0,1,0.0,0,0,0,0,0,0,0,0,0.0,0.0,0.0,0.0,0,0,0,0.0,0.0,0.0,0.0,0.0,0.0,0.0,0.0,0.0,0.0
3860,Ole Pohlmann,GER,"MF,FW",Rio Ave,23,2001,28,20,1594,17.7,1,2,3,1,0,0,1,0,1.6,1.6,1.8,3.3,38,48,76,0.06,0.11,0.17,0.06,0.17,0.09,0.1,0.19,0.09,0.19
3861,Carlos Ponck,CPV,DF,Moreirense,29,1995,9,5,485,5.4,0,0,0,0,0,0,0,0,0.1,0.1,0.1,0.1,0,13,0,0.0,0.0,0.0,0.0,0.0,0.01,0.01,0.02,0.01,0.02
3862,Boris Popović,SRB,DF,Arouca,24,2000,16,10,898,10.0,0,0,0,0,0,0,0,1,0.1,0.1,0.0,0.1,2,22,1,0.0,0.0,0.0,0.0,0.0,0.01,0.0,0.01,0.01,0.01
3863,Darío Poveda,ESP,"FW,MF",Farense,27,1997,22,11,991,11.0,4,1,5,4,0,0,2,0,1.9,1.9,0.2,2.1,11,20,53,0.36,0.09,0.45,0.36,0.45,0.18,0.02,0.19,0.18,0.19
3864,Gianluca Prestianni,ARG,"MF,FW",Benfica,18,2006,8,4,287,3.2,0,0,0,0,0,0,1,0,0.7,0.7,0.1,0.8,7,22,38,0.0,0.0,0.0,0.0,0.0,0.22,0.04,0.26,0.22,0.26
3865,Diogo Prioste,POR,MF,Benfica,20,2004,1,0,8,0.1,0,0,0,0,0,0,0,0,0.0,0.0,0.0,0.0,1,3,0,0.0,0.0,0.0,0.0,0.0,0.0,0.0,0.0,0.0,0.0
3866,Miguel Puche García,ESP,"FW,MF",Arouca,23,2001,22,4,519,5.8,2,0,2,2,0,0,1,0,1.2,1.2,1.2,2.4,18,18,43,0.35,0.0,0.35,0.35,0.35,0.22,0.2,0.42,0.22,0.42
3867,Quaresma,BRA,DF,Arouca,27,1996,3,0,78,0.9,0,0,0,0,0,0,1,0,0.0,0.0,0.0,0.0,5,4,5,0.0,0.0,0.0,0.0,0.0,0.01,0.0,0.01,0.01,0.01
3868,Eduardo Quaresma,POR,DF,Sporting CP,22,2002,20,18,1391,15.5,1,0,1,1,0,0,2,0,0.1,0.1,0.2,0.3,32,107,16,0.06,0.0,0.06,0.06,0.06,0.01,0.01,0.02,0.01,0.02
3869,Geovany Quenda,POR,"MF,DF",Sporting CP,17,2007,34,26,2253,25.0,2,4,6,2,0,0,2,0,3.4,3.4,4.8,8.2,97,123,222,0.08,0.16,0.24,0.08,0.24,0.14,0.19,0.33,0.14,0.33
3870,Uroš Račić,SRB,MF,Braga,26,1998,14,8,721,8.0,3,1,4,3,0,0,5,0,1.0,1.0,0.3,1.3,6,50,17,0.37,0.12,0.5,0.37,0.5,0.13,0.03,0.16,0.13,0.16
3871,Rafinha,POR,MF,Farense,18,2006,1,0,1,0.0,0,0,0,0,0,0,0,0,0.0,0.0,0.0,0.0,0,0,0,0.0,0.0,0.0,0.0,0.0,0.0,0.0,0.0,0.0,0.0
3872,Jesús Ramírez,VEN,FW,Vitória,26,1998,25,6,732,8.1,3,2,5,3,0,0,2,0,4.8,4.8,0.4,5.2,5,9,46,0.37,0.25,0.61,0.37,0.61,0.59,0.05,0.64,0.59,0.64
3873,Cláudio Ramos,POR,GK,Porto,32,1991,2,2,180,2.0,0,0,0,0,0,0,1,0,0.0,0.0,0.0,0.0,0,0,0,0.0,0.0,0.0,0.0,0.0,0.0,0.0,0.0,0.0,0.0
3874,Guilherme Ramos,POR,DF,Santa Clara,26,1997,6,4,331,3.7,0,0,0,0,0,0,2,0,0.1,0.1,0.0,0.1,3,12,0,0.0,0.0,0.0,0.0,0.0,0.01,0.0,0.02,0.01,0.02
3875,Leonardo Realpe,ECU,DF,Famalicão,23,2001,5,5,450,5.0,0,0,0,0,0,0,1,0,0.6,0.6,0.0,0.6,2,13,0,0.0,0.0,0.0,0.0,0.0,0.11,0.0,0.12,0.11,0.12
3876,João Rêgo,POR,FW,Benfica,19,2005,3,0,21,0.2,0,0,0,0,0,0,0,0,0.0,0.0,0.0,0.0,2,1,3,0.0,0.0,0.0,0.0,0.0,0.0,0.0,0.0,0.0,0.0
3877,Francisco Reis Ferreira,POR,DF,Estrela,27,1997,18,16,1410,15.7,0,0,0,0,0,0,6,0,0.4,0.4,0.4,0.7,6,53,4,0.0,0.0,0.0,0.0,0.0,0.02,0.02,0.05,0.02,0.05
3878,Matheus Reis,BRA,DF,Sporting CP,29,1995,30,14,1319,14.7,0,2,2,0,0,0,5,1,0.6,0.6,1.1,1.7,35,104,55,0.0,0.14,0.14,0.0,0.14,0.04,0.07,0.12,0.04,0.12
3879,Tiago Reis,BRA,FW,Nacional,24,1999,7,3,231,2.6,0,0,0,0,0,0,1,0,1.6,1.6,0.1,1.8,0,2,8,0.0,0.0,0.0,0.0,0.0,0.64,0.06,0.7,0.64,0.7
3880,Miguel Reisinho,POR,"MF,FW",Boavista,25,1999,29,23,2172,24.1,5,0,5,0,5,5,11,1,6.3,2.3,0.8,3.1,10,75,75,0.21,0.0,0.21,0.0,0.0,0.26,0.03,0.29,0.1,0.13
3881,Filipe Relvas,POR,DF,Vitória,24,1999,11,9,843,9.4,0,0,0,0,0,0,2,0,0.9,0.9,0.0,0.9,5,37,2,0.0,0.0,0.0,0.0,0.0,0.09,0.0,0.09,0.09,0.09
3882,Marco Ribeiro,POR,"MF,DF",Boavista,19,2005,11,3,344,3.8,0,0,0,0,0,0,0,0,0.3,0.3,0.4,0.7,3,18,11,0.0,0.0,0.0,0.0,0.0,0.07,0.11,0.18,0.07,0.18
3883,Rodrigo Ribeiro,POR,FW,Sporting CP,19,2005,1,0,2,0.0,0,0,0,0,0,0,0,0,0.4,0.4,0.0,0.4,0,0,1,0.0,0.0,0.0,0.0,0.0,16.35,0.0,16.35,16.35,16.35
3884,Rodrigo Ribeiro,POR,FW,AVS Futebol,19,2005,20,11,990,11.0,1,0,1,1,0,0,0,0,3.4,3.4,0.6,4.0,19,14,45,0.09,0.0,0.09,0.09,0.09,0.31,0.05,0.37,0.31,0.37
3885,Tomás Ribeiro,POR,DF,Vitória,25,1999,4,3,315,3.5,1,0,1,1,0,0,0,0,0.3,0.3,0.0,0.3,0,7,1,0.29,0.0,0.29,0.29,0.29,0.07,0.0,0.07,0.07,0.07
3886,Tomás Ribeiro,POR,DF,Farense,25,1999,9,8,645,7.2,1,0,1,1,0,0,2,0,0.5,0.5,0.0,0.5,1,11,3,0.14,0.0,0.14,0.14,0.14,0.07,0.01,0.08,0.07,0.08
3887,Yuri Ribeiro,POR,"DF,MF",Braga,27,1997,9,6,460,5.1,0,0,0,0,0,0,2,0,0.2,0.2,0.2,0.3,9,38,33,0.0,0.0,0.0,0.0,0.0,0.03,0.04,0.07,0.03,0.07
3888,Ricardinho,POR,"FW,MF",Santa Clara,25,1998,28,10,1246,13.8,7,0,7,7,0,0,5,0,4.1,4.1,1.5,5.5,40,43,54,0.51,0.0,0.51,0.51,0.51,0.29,0.11,0.4,0.29,0.4
3889,Riccieli,BRA,DF,Famalicão,25,1998,8,6,586,6.5,0,0,0,0,0,0,1,0,0.1,0.1,0.1,0.2,3,19,1,0.0,0.0,0.0,0.0,0.0,0.02,0.01,0.03,0.02,0.03
3890,Omar Richards,ENG,DF,Rio Ave,26,1998,26,24,1989,22.1,0,1,1,0,0,0,4,0,0.1,0.1,0.8,0.9,32,83,73,0.0,0.05,0.05,0.0,0.05,0.0,0.04,0.04,0.0,0.04
3891,Rivaldo,CPV,"DF,MF",Farense,23,2000,7,4,451,5.0,0,1,1,0,0,0,0,0,0.1,0.1,1.0,1.1,12,19,27,0.0,0.2,0.2,0.0,0.2,0.01,0.21,0.22,0.01,0.22
3892,Óscar Rivas,ESP,DF,Vitória,24,2000,10,9,797,8.9,1,0,1,1,0,0,4,0,1.0,1.0,0.0,1.0,3,27,2,0.11,0.0,0.11,0.11,0.11,0.12,0.0,0.12,0.12,0.12
3893,Pablo Roberto,BRA,"MF,FW",Casa Pia,24,1999,23,12,1113,12.4,0,0,0,0,0,0,5,0,0.8,0.8,0.4,1.2,23,63,37,0.0,0.0,0.0,0.0,0.0,0.07,0.03,0.1,0.07,0.1
3894,Joel Robles,ESP,GK,Estoril,34,1990,29,29,2610,29.0,0,0,0,0,0,0,3,0,0.0,0.0,0.0,0.0,0,2,0,0.0,0.0,0.0,0.0,0.0,0.0,0.0,0.0,0.0,0.0
3895,Matí­as Rocha,URU,DF,Arouca,23,2001,5,3,301,3.3,0,0,0,0,0,0,2,1,0.1,0.1,0.0,0.1,0,11,0,0.0,0.0,0.0,0.0,0.0,0.03,0.0,0.03,0.03,0.03
3896,Rochinha,POR,FW,Famalicão,29,1995,22,12,902,10.0,0,0,0,0,0,0,4,0,0.6,0.6,0.7,1.3,16,35,48,0.0,0.0,0.0,0.0,0.0,0.06,0.07,0.13,0.06,0.13
3897,Afonso Rodrigues,POR,"MF,FW",Famalicão,21,2002,3,0,9,0.1,0,0,0,0,0,0,0,0,0.1,0.1,0.0,0.1,0,0,2,0.0,0.0,0.0,0.0,0.0,0.68,0.0,0.68,0.68,0.68
3898,Diego Rodrigues,POR,MF,Braga,19,2005,8,0,162,1.8,0,1,1,0,0,0,0,0,0.2,0.2,0.8,1.0,6,16,6,0.0,0.56,0.56,0.0,0.56,0.13,0.45,0.58,0.13,0.58
3899,Gerson Rodrigues,LUX,FW,AVS Futebol,29,1995,5,2,190,2.1,1,0,1,1,0,0,0,0,1.1,1.1,0.1,1.2,6,5,15,0.47,0.0,0.47,0.47,0.47,0.51,0.04,0.55,0.51,0.55
3900,Ivo Rodrigues,POR,"MF,FW",Arouca,29,1995,11,8,641,7.1,0,1,1,0,0,0,4,0,0.7,0.7,0.9,1.6,14,48,48,0.0,0.14,0.14,0.0,0.14,0.09,0.13,0.22,0.09,0.22
3901,Ivo Rodrigues,POR,"MF,FW",Moreirense,29,1995,13,8,753,8.4,1,1,2,1,0,0,2,0,0.5,0.5,0.3,0.8,13,31,12,0.12,0.12,0.24,0.12,0.24,0.06,0.04,0.09,0.06,0.09
3902,Luís Carlos Rocha Rodrigues,POR,DF,Santa Clara,37,1986,29,29,2578,28.6,0,0,0,0,0,0,10,0,0.4,0.4,0.4,0.8,5,39,3,0.0,0.0,0.0,0.0,0.0,0.01,0.01,0.03,0.01,0.03
3903,Rafael Rodrigues,POR,"DF,MF",AVS Futebol,22,2002,21,10,1033,11.5,1,0,1,1,0,0,5,0,0.5,0.5,0.5,1.1,11,27,25,0.09,0.0,0.09,0.09,0.09,0.05,0.05,0.09,0.05,0.09
3904,Rodrigo Rodrigues,POR,FW,Gil Vicente FC,16,2007,1,0,10,0.1,0,0,0,0,0,0,0,0,0.0,0.0,0.0,0.0,1,0,2,0.0,0.0,0.0,0.0,0.0,0.0,0.0,0.0,0.0,0.0
3905,Ignacio Rodríguez,URU,DF,AVS Futebol,20,2003,16,12,1188,13.2,0,0,0,0,0,0,5,1,0.2,0.2,0.3,0.5,2,29,0,0.0,0.0,0.0,0.0,0.0,0.02,0.02,0.04,0.02,0.04
3906,Benjamín Rollheiser,ARG,"MF,FW",Benfica,24,2000,9,1,139,1.5,1,1,2,1,0,0,1,0,0.6,0.6,0.1,0.7,6,11,16,0.65,0.65,1.29,0.65,1.29,0.41,0.05,0.45,0.41,0.45
3907,Baptiste Roux,FRA,DF,AVS Futebol,24,1999,23,22,1863,20.7,1,1,2,1,0,0,4,0,0.4,0.4,0.3,0.7,6,45,3,0.05,0.05,0.1,0.05,0.1,0.02,0.02,0.03,0.02,0.03
3908,Alan Ruiz,ARG,"MF,FW",Estrela,30,1993,27,18,1470,16.3,1,2,3,0,1,1,13,0,1.4,0.6,1.8,2.4,15,80,56,0.06,0.12,0.18,0.0,0.12,0.08,0.11,0.19,0.03,0.15
3909,Gustavo sá,POR,MF,Famalicão,19,2004,33,32,2520,28.0,4,6,10,4,0,0,7,0,3.7,3.7,3.5,7.2,42,117,149,0.14,0.21,0.36,0.14,0.36,0.13,0.13,0.26,0.13,0.26
3910,Josué Sá,POR,DF,Gil Vicente FC,32,1992,18,15,1290,14.3,1,0,1,1,0,0,2,0,0.6,0.6,0.1,0.6,11,47,3,0.07,0.0,0.07,0.07,0.07,0.04,0.0,0.04,0.04,0.04
3911,Safira,BRA,FW,Santa Clara,29,1995,16,12,987,11.0,2,2,4,1,1,2,7,0,4.1,2.5,2.6,5.1,6,13,34,0.18,0.18,0.36,0.09,0.27,0.37,0.23,0.61,0.23,0.46
3912,Sala,ESP,"FW,MF",Estoril,21,2003,12,0,169,1.9,0,0,0,0,0,0,0,0,0.5,0.5,0.3,0.9,4,6,17,0.0,0.0,0.0,0.0,0.0,0.29,0.18,0.46,0.29,0.46
3913,Samu,POR,MF,Vitória,28,1996,31,20,1743,19.4,2,1,3,2,0,0,3,0,3.0,3.0,4.0,7.0,24,101,107,0.1,0.05,0.15,0.1,0.15,0.16,0.21,0.36,0.16,0.36
3914,Renato Sanches,POR,MF,Benfica,26,1997,10,1,201,2.2,0,0,0,0,0,0,1,0,0.0,0.0,0.1,0.1,7,27,9,0.0,0.0,0.0,0.0,0.0,0.0,0.03,0.03,0.0,0.03
3915,Caio Santana,BRA,"FW,MF",Estrela,20,2004,8,1,178,2.0,0,0,0,0,0,0,1,0,0.0,0.0,0.1,0.1,3,1,9,0.0,0.0,0.0,0.0,0.0,0.02,0.03,0.05,0.02,0.05
3916,Aderlan Santos,BRA,DF,AVS Futebol,35,1989,10,8,598,6.6,0,0,0,0,0,0,1,0,0.0,0.0,0.0,0.0,0,4,2,0.0,0.0,0.0,0.0,0.0,0.0,0.0,0.0,0.0,0.0
3917,Aderlan Santos,BRA,DF,Rio Ave,35,1989,18,18,1580,17.6,0,0,0,0,0,0,3,0,1.1,1.1,0.0,1.1,3,23,1,0.0,0.0,0.0,0.0,0.0,0.06,0.0,0.06,0.06,0.06
3918,Bruno Santos,POR,FW,Farense,21,2003,3,0,57,0.6,0,0,0,0,0,0,0,0,0.0,0.0,0.0,0.0,0,0,2,0.0,0.0,0.0,0.0,0.0,0.0,0.04,0.04,0.0,0.04
3919,Gabriel Santos,BRA,"FW,MF",Nacional,25,1999,3,0,89,1.0,0,0,0,0,0,0,0,0,0.3,0.3,0.1,0.4,3,1,4,0.0,0.0,0.0,0.0,0.0,0.27,0.1,0.37,0.27,0.37
3920,Hevertton Santos,BRA,DF,Vitória,23,2001,6,2,261,2.9,0,0,0,0,0,0,0,0,0.0,0.0,0.1,0.1,4,13,15,0.0,0.0,0.0,0.0,0.0,0.01,0.03,0.04,0.01,0.04
3921,Leandro Santos,POR,"DF,MF",Benfica,18,2005,3,3,265,2.9,0,0,0,0,0,0,0,0,0.0,0.0,0.6,0.6,4,18,30,0.0,0.0,0.0,0.0,0.0,0.02,0.2,0.22,0.02,0.22
3922,Léo Santos,BRA,DF,Nacional,25,1998,16,8,774,8.6,1,0,1,1,0,0,3,0,0.5,0.4,0.0,0.4,6,6,4,0.12,0.0,0.12,0.12,0.12,0.06,0.0,0.06,0.05,0.05
3923,Nuno Santos,POR,"MF,DF",Sporting CP,29,1995,7,4,354,3.9,0,0,0,0,0,0,0,0,0.2,0.2,0.6,0.8,13,23,58,0.0,0.0,0.0,0.0,0.0,0.05,0.15,0.2,0.05,0.2
3924,Nuno Santos,POR,"FW,MF",Vitória,25,1999,33,21,1907,21.2,3,4,7,3,0,0,5,0,5.3,5.3,2.7,7.9,32,117,163,0.14,0.19,0.33,0.14,0.33,0.25,0.13,0.37,0.25,0.37
3925,Pedro Santos,POR,MF,Arouca,23,2000,31,14,1526,17.0,0,0,0,0,0,0,6,0,0.6,0.5,0.2,0.7,20,101,36,0.0,0.0,0.0,0.0,0.0,0.03,0.01,0.04,0.03,0.04
3926,Pedro Santos,POR,"FW,MF",Moreirense,21,2003,21,5,560,6.2,0,0,0,0,0,0,4,0,0.1,0.1,0.4,0.5,4,9,35,0.0,0.0,0.0,0.0,0.0,0.02,0.07,0.09,0.02,0.09
3927,Zaidu Sanusi,NGA,DF,Porto,27,1997,3,0,56,0.6,0,0,0,0,0,0,0,0,0.1,0.1,0.0,0.1,2,3,7,0.0,0.0,0.0,0.0,0.0,0.1,0.0,0.1,0.1,0.1
3928,Guilherme Schettine,BRA,FW,Moreirense,28,1995,30,19,1699,18.9,5,4,9,5,0,0,4,1,5.0,5.0,1.8,6.8,23,19,55,0.26,0.21,0.48,0.26,0.48,0.26,0.09,0.36,0.26,0.36
3929,Andreas Schjelderup,NOR,"FW,MF",Benfica,20,2004,20,3,524,5.8,1,3,4,1,0,0,0,0,2.4,2.4,3.0,5.4,25,25,69,0.17,0.52,0.69,0.17,0.69,0.41,0.52,0.93,0.41,0.93
3930,Caio Secco,BRA,GK,Moreirense,33,1990,5,5,447,5.0,0,0,0,0,0,0,0,0,0.0,0.0,0.0,0.0,0,0,0,0.0,0.0,0.0,0.0,0.0,0.0,0.0,0.0,0.0,0.0
3931,Telasco Segovia,VEN,MF,Casa Pia,21,2003,15,10,905,10.1,2,0,2,2,0,0,3,0,2.2,2.2,0.4,2.6,9,54,20,0.2,0.0,0.2,0.2,0.2,0.22,0.03,0.26,0.22,0.26
3932,Václav Sejk,CZE,FW,Famalicão,22,2002,16,10,858,9.5,3,1,4,3,0,0,0,1,3.0,3.0,1.0,4.0,7,13,44,0.31,0.1,0.42,0.31,0.42,0.32,0.1,0.42,0.32,0.42
3933,Patrick Sequeira,CRC,GK,Casa Pia,25,1999,32,32,2880,32.0,0,0,0,0,0,0,4,0,0.0,0.0,0.2,0.2,0,0,0,0.0,0.0,0.0,0.0,0.0,0.0,0.0,0.0,0.0,0.0
3934,Serginho,POR,MF,Santa Clara,24,1999,29,15,1302,14.5,2,1,3,2,0,0,5,0,2.1,2.1,1.3,3.5,14,42,18,0.14,0.07,0.21,0.14,0.21,0.15,0.09,0.24,0.15,0.24
3935,Guilherme Serrão,POR,"MF,DF",Estrela,20,2003,11,9,748,8.3,0,0,0,0,0,0,4,1,0.0,0.0,0.4,0.4,13,17,28,0.0,0.0,0.0,0.0,0.0,0.0,0.04,0.05,0.0,0.05
3936,André Seruca,POR,"MF,DF",Farense,23,2000,3,0,22,0.2,0,0,0,0,0,0,1,0,0.0,0.0,0.0,0.0,0,0,0,0.0,0.0,0.0,0.0,0.0,0.0,0.0,0.0,0.0,0.0
3937,Naziru Shuabiu,NGA,FW,Rio Ave,20,2004,1,0,1,0.0,0,0,0,0,0,0,0,0,0.0,0.0,0.0,0.0,1,1,0,0.0,0.0,0.0,0.0,0.0,0.0,0.0,0.0,0.0,0.0
3938,Sidney,BRA,DF,Santa Clara,27,1997,31,26,2386,26.5,3,1,4,3,0,0,12,2,1.5,1.5,1.4,2.9,23,99,14,0.11,0.04,0.15,0.11,0.15,0.06,0.05,0.11,0.06,0.11
3939,Alysson Silva,BRA,DF,Santa Clara,21,2002,2,2,163,1.8,0,0,0,0,0,0,0,0,0.0,0.0,0.0,0.0,0,2,0,0.0,0.0,0.0,0.0,0.0,0.0,0.0,0.0,0.0,0.0
3940,António Silva,POR,DF,Benfica,20,2003,23,22,2037,22.6,1,2,3,1,0,0,2,0,2.2,2.2,1.0,3.2,32,98,1,0.04,0.09,0.13,0.04,0.13,0.1,0.05,0.14,0.1,0.14
3941,Gustavo da Silva,BRA,FW,Vitória,25,1999,21,9,871,9.7,7,0,7,7,0,0,4,0,5.0,5.0,1.3,6.3,25,18,74,0.72,0.0,0.72,0.72,0.72,0.52,0.13,0.65,0.52,0.65
3942,Joel silva,POR,"MF,DF",Boavista,21,2003,30,27,2397,26.6,2,1,3,2,0,0,4,0,2.0,2.0,2.3,4.3,32,75,79,0.08,0.04,0.11,0.08,0.11,0.07,0.09,0.16,0.07,0.16
3943,José Silva,POR,DF,Sporting CP,18,2005,1,0,12,0.1,0,0,0,0,0,0,0,0,0.0,0.0,0.0,0.0,0,0,0,0.0,0.0,0.0,0.0,0.0,0.0,0.0,0.0,0.0,0.0
3944,Luís Manuel Costa Silva,POR,MF,AVS Futebol,31,1992,8,6,464,5.2,0,0,0,0,0,0,3,0,0.6,0.6,0.1,0.7,2,13,5,0.0,0.0,0.0,0.0,0.0,0.12,0.01,0.13,0.12,0.13
3945,Raul Silva,BRA,DF,Farense,34,1989,10,5,479,5.3,1,0,1,1,0,0,4,0,0.7,0.7,0.6,1.3,6,11,6,0.19,0.0,0.19,0.19,0.19,0.13,0.12,0.25,0.13,0.25
3946,Rui Silva,POR,GK,Sporting CP,30,1994,17,17,1530,17.0,0,0,0,0,0,0,2,0,0.0,0.0,0.2,0.2,0,0,0,0.0,0.0,0.0,0.0,0.0,0.0,0.01,0.01,0.0,0.01
3947,Tiago Silva,POR,MF,Vitória,31,1993,30,27,2326,25.8,5,4,9,2,3,3,6,1,3.5,1.1,3.8,5.0,20,229,38,0.19,0.15,0.35,0.08,0.23,0.14,0.15,0.28,0.04,0.19
3948,Tomás Silva,POR,"DF,MF",Boavista,18,2006,5,0,88,1.0,0,0,0,0,0,0,0,0,0.1,0.1,0.0,0.1,2,0,3,0.0,0.0,0.0,0.0,0.0,0.06,0.0,0.06,0.06,0.06
3949,David Simão,POR,MF,Arouca,34,1990,24,23,1772,19.7,1,0,1,1,0,0,8,0,0.3,0.3,2.3,2.6,10,145,34,0.05,0.0,0.05,0.05,0.05,0.02,0.12,0.13,0.02,0.13
3950,João Simões,POR,MF,Sporting CP,17,2007,9,4,397,4.4,1,0,1,1,0,0,0,0,0.4,0.4,0.3,0.7,11,27,15,0.23,0.0,0.23,0.23,0.23,0.08,0.08,0.16,0.08,0.16
3951,Sphephelo Sithole,RSA,"FW,MF",Gil Vicente FC,25,1999,2,0,53,0.6,0,0,0,0,0,0,0,0,0.0,0.0,0.0,0.0,1,4,0,0.0,0.0,0.0,0.0,0.0,0.0,0.0,0.0,0.0,0.0
3952,Filipe Soares,POR,MF,Farense,25,1999,21,6,607,6.7,1,1,2,1,0,0,5,0,1.3,1.3,0.3,1.6,13,41,13,0.15,0.15,0.3,0.15,0.3,0.19,0.05,0.24,0.19,0.24
3953,Lucas Soares,BRA,"MF,DF",Santa Clara,26,1998,30,18,1660,18.4,0,1,1,0,0,0,8,1,0.8,0.8,1.6,2.4,25,35,85,0.0,0.05,0.05,0.0,0.05,0.04,0.09,0.13,0.04,0.13
3954,Rafa Soares,POR,DF,Famalicão,29,1995,26,24,2085,23.2,0,2,2,0,0,0,5,0,0.4,0.4,3.6,4.0,32,94,110,0.0,0.09,0.09,0.0,0.09,0.02,0.16,0.17,0.02,0.17
3955,Samuel Soares,POR,GK,Benfica,22,2002,2,2,180,2.0,0,0,0,0,0,0,0,0,0.0,0.0,0.0,0.0,0,0,0,0.0,0.0,0.0,0.0,0.0,0.0,0.0,0.0,0.0,0.0
3956,Alexandre Sola,AND,MF,Estrela,20,2003,1,0,21,0.2,0,0,0,0,0,0,0,0,0.0,0.0,0.0,0.0,0,0,0,0.0,0.0,0.0,0.0,0.0,0.0,0.0,0.0,0.0,0.0
3957,Djibril Soumaré,SEN,MF,Nacional,21,2003,23,21,1882,20.9,1,1,2,1,0,0,9,1,1.0,1.0,0.3,1.3,22,91,12,0.05,0.05,0.1,0.05,0.1,0.05,0.01,0.06,0.05,0.06
3958,André Sousa,POR,MF,Nacional,34,1990,13,1,199,2.2,1,0,1,1,0,0,3,0,0.6,0.6,0.5,1.1,3,13,4,0.45,0.0,0.45,0.45,0.45,0.26,0.23,0.48,0.26,0.48
3959,Dyego Sousa,POR,FW,Nacional,34,1989,7,0,149,1.7,0,0,0,0,0,0,0,0,0.1,0.1,0.0,0.1,0,2,4,0.0,0.0,0.0,0.0,0.0,0.04,0.0,0.04,0.04,0.04
3960,Gerson Sousa,POR,"FW,MF",Estrela,22,2002,6,0,62,0.7,0,0,0,0,0,0,1,0,0.1,0.1,0.0,0.1,0,1,6,0.0,0.0,0.0,0.0,0.0,0.12,0.0,0.12,0.12,0.12
3961,Miguel Sousa,POR,"MF,FW",Casa Pia,25,1998,24,12,1049,11.7,0,0,0,0,0,0,3,0,1.4,1.4,0.7,2.2,19,72,46,0.0,0.0,0.0,0.0,0.0,0.12,0.06,0.18,0.12,0.18
3962,Valentim Sousa,POR,FW,Rio Ave,19,2005,5,0,85,0.9,0,0,0,0,0,0,0,0,0.1,0.1,0.0,0.1,2,1,7,0.0,0.0,0.0,0.0,0.0,0.12,0.0,0.12,0.12,0.12
3963,Vasco Sousa,POR,MF,Porto,21,2003,12,5,421,4.7,0,0,0,0,0,0,1,0,0.8,0.8,0.3,1.0,4,28,12,0.0,0.0,0.0,0.0,0.0,0.16,0.06,0.22,0.16,0.22
3964,Fabiano Souza,BRA,DF,Moreirense,24,2000,11,8,704,7.8,0,0,0,0,0,0,2,0,0.0,0.0,0.1,0.1,15,23,18,0.0,0.0,0.0,0.0,0.0,0.01,0.01,0.02,0.01,0.02
3965,Gabriel Airton de Souza,BRA,"FW,MF",Moreirense,28,1996,18,8,910,10.1,3,1,4,3,0,0,1,0,1.8,1.8,0.2,1.9,23,14,64,0.3,0.1,0.4,0.3,0.4,0.17,0.02,0.19,0.17,0.19
3966,Jerry St. Juste,NED,DF,Sporting CP,27,1996,14,5,581,6.5,0,0,0,0,0,0,3,0,0.3,0.3,0.0,0.3,5,35,2,0.0,0.0,0.0,0.0,0.0,0.05,0.0,0.05,0.05,0.05
3967,Max Svensson,ESP,"FW,MF",Casa Pia,23,2001,24,8,844,9.4,1,3,4,1,0,0,3,0,2.1,2.1,2.0,4.0,20,21,46,0.11,0.32,0.43,0.11,0.43,0.22,0.21,0.43,0.22,0.43
3968,Morlaye Sylla,GUI,"FW,MF",Arouca,26,1998,32,27,2363,26.3,2,1,3,2,0,0,5,0,5.5,5.5,1.7,7.3,59,128,124,0.08,0.04,0.11,0.08,0.11,0.21,0.07,0.28,0.21,0.28
3969,Sidnei Tavares,POR,MF,Moreirense,22,2001,29,15,1296,14.4,1,1,2,1,0,0,8,1,0.4,0.4,0.6,1.0,15,44,17,0.07,0.07,0.14,0.07,0.14,0.03,0.04,0.07,0.03,0.07
3970,Tomás Tavares,POR,DF,AVS Futebol,23,2001,11,9,789,8.8,0,1,1,0,0,0,1,0,0.0,0.0,0.5,0.5,4,29,20,0.0,0.11,0.11,0.0,0.11,0.0,0.06,0.06,0.0,0.06
3971,Duplexe Tchamba,CMR,DF,Casa Pia,26,1998,21,21,1814,20.2,2,1,3,2,0,0,5,0,0.6,0.6,0.5,1.0,5,67,1,0.1,0.05,0.15,0.1,0.15,0.03,0.02,0.05,0.03,0.05
3972,Cédric Teguia,ESP,FW,Moreirense,22,2001,13,11,906,10.1,2,1,3,2,0,0,1,0,0.7,0.7,0.7,1.5,16,28,48,0.2,0.1,0.3,0.2,0.3,0.07,0.07,0.15,0.07,0.15
3973,João Teixeira,POR,MF,Gil Vicente FC,30,1994,17,2,335,3.7,0,0,0,0,0,0,0,0,0.3,0.3,0.2,0.5,7,26,9,0.0,0.0,0.0,0.0,0.0,0.07,0.05,0.12,0.07,0.12
3974,Jorge Teixeira,POR,DF,AVS Futebol,37,1986,13,7,755,8.4,0,0,0,0,0,0,3,1,0.9,0.9,0.0,0.9,0,14,1,0.0,0.0,0.0,0.0,0.0,0.11,0.0,0.11,0.11,0.11
3975,Matheus Teixeira,BRA,GK,Rio Ave,25,1999,1,0,15,0.2,0,0,0,0,0,0,0,0,0.0,0.0,0.0,0.0,0,0,0,0.0,0.0,0.0,0.0,0.0,0.0,0.0,0.0,0.0,0.0
3976,Nigel Thomas,NED,"FW,MF",Nacional,23,2001,9,8,629,7.0,1,0,1,1,0,0,3,0,0.5,0.5,1.1,1.6,13,10,34,0.14,0.0,0.14,0.14,0.14,0.08,0.18,0.26,0.08,0.26
3977,Tomané,POR,FW,Farense,31,1992,24,18,1659,18.4,3,0,3,2,1,1,1,0,2.8,2.0,1.3,3.2,15,32,70,0.16,0.0,0.16,0.11,0.11,0.15,0.07,0.22,0.11,0.18
3978,Tomé,POR,GK,Boavista,17,2006,2,2,180,2.0,0,0,0,0,0,0,1,0,0.0,0.0,0.0,0.0,0,0,0,0.0,0.0,0.0,0.0,0.0,0.0,0.0,0.0,0.0,0.0
3979,João Tomé,POR,"DF,MF",Rio Ave,21,2003,16,9,772,8.6,0,1,1,0,0,0,2,0,0.0,0.0,0.5,0.5,18,36,41,0.0,0.12,0.12,0.0,0.12,0.0,0.06,0.06,0.0,0.06
3980,Mirko Topić,SRB,MF,Famalicão,23,2001,33,25,2321,25.8,1,0,1,1,0,0,3,0,1.2,1.2,0.6,1.8,33,134,36,0.04,0.0,0.04,0.04,0.04,0.05,0.02,0.07,0.05,0.07
3981,Diogo Travassos,POR,"DF,MF",Estrela,20,2004,24,18,1726,19.2,1,0,1,1,0,0,5,0,0.5,0.5,1.2,1.7,51,42,97,0.05,0.0,0.05,0.05,0.05,0.03,0.06,0.09,0.03,0.09
3982,Alfonso Trezza,URU,"FW,MF",Arouca,25,1999,33,28,2420,26.9,5,2,7,5,0,0,4,1,5.3,5.3,2.9,8.2,51,35,162,0.19,0.07,0.26,0.19,0.26,0.2,0.11,0.31,0.2,0.31
3983,Francisco Trincão,POR,"MF,FW",Sporting CP,24,1999,34,34,2936,32.6,9,14,23,9,0,0,1,0,9.2,9.2,8.3,17.5,93,154,216,0.28,0.43,0.71,0.28,0.71,0.28,0.25,0.54,0.28,0.54
3984,Anatolii Trubin,UKR,GK,Benfica,22,2001,32,32,2880,32.0,0,0,0,0,0,0,1,0,0.0,0.0,0.0,0.0,0,1,0,0.0,0.0,0.0,0.0,0.0,0.0,0.0,0.0,0.0,0.0
3985,Ulisses,BRA,DF,Nacional,24,1999,29,29,2559,28.4,2,0,2,2,0,0,5,1,1.6,1.6,0.1,1.7,13,53,5,0.07,0.0,0.07,0.07,0.07,0.06,0.0,0.06,0.06,0.06
3986,Tomáš Vaclík,CZE,GK,Boavista,35,1989,12,12,1080,12.0,0,0,0,0,0,0,1,0,0.0,0.0,0.0,0.0,0,0,0,0.0,0.0,0.0,0.0,0.0,0.0,0.0,0.0,0.0,0.0
3987,João Valido,POR,GK,Arouca,24,2000,5,5,450,5.0,0,0,0,0,0,0,0,0,0.0,0.0,0.1,0.1,0,0,0,0.0,0.0,0.0,0.0,0.0,0.0,0.02,0.02,0.0,0.02
3988,Alan Varela,ARG,MF,Porto,23,2001,31,26,2198,24.4,0,2,2,0,0,0,8,0,0.7,0.7,1.2,2.0,17,168,20,0.0,0.08,0.08,0.0,0.08,0.03,0.05,0.08,0.03,0.08
3989,Bruno Varela,CPV,GK,Vitória,29,1994,34,34,3060,34.0,0,0,0,0,0,0,3,0,0.0,0.0,0.0,0.0,0,0,0,0.0,0.0,0.0,0.0,0.0,0.0,0.0,0.0,0.0,0.0
3990,Nilton Varela,POR,"DF,MF",Estrela,23,2001,28,26,2209,24.5,0,2,2,0,0,0,4,0,0.3,0.3,1.3,1.6,21,38,81,0.0,0.08,0.08,0.0,0.08,0.01,0.05,0.07,0.01,0.07
3991,João Vasconcelos,POR,MF,Braga,19,2005,1,0,4,0.0,0,0,0,0,0,0,0,0,0.0,0.0,0.0,0.0,0,0,0,0.0,0.0,0.0,0.0,0.0,0.0,0.0,0.0,0.0,0.0
3992,Danilo Veiga,POR,"DF,MF",Estrela,21,2002,15,14,1280,14.2,0,2,2,0,0,0,5,1,0.7,0.7,1.5,2.2,20,39,47,0.0,0.14,0.14,0.0,0.14,0.05,0.11,0.16,0.05,0.16
3993,Eric Veiga,LUX,"DF,MF",AVS Futebol,27,1997,8,4,371,4.1,0,0,0,0,0,0,1,0,0.0,0.0,0.1,0.1,10,7,11,0.0,0.0,0.0,0.0,0.0,0.01,0.02,0.03,0.01,0.03
3994,Jhon Velásquez,COL,"FW,MF",Farense,29,1995,2,0,15,0.2,0,1,1,0,0,0,0,0,0.0,0.0,0.4,0.4,0,2,2,0.0,6.0,6.0,0.0,6.0,0.14,2.38,2.52,0.14,2.52
3995,Ricardo Velho,POR,GK,Farense,25,1998,28,28,2520,28.0,0,0,0,0,0,0,1,0,0.0,0.0,0.0,0.0,0,2,0,0.0,0.0,0.0,0.0,0.0,0.0,0.0,0.0,0.0,0.0
3996,Frederico Venâncio,POR,DF,Santa Clara,31,1993,26,21,1807,20.1,0,0,0,0,0,0,5,0,0.3,0.3,0.3,0.5,6,51,2,0.0,0.0,0.0,0.0,0.0,0.01,0.01,0.03,0.01,0.03
3997,Paulo Victor,BRA,"DF,MF",Farense,23,2001,24,18,1620,18.0,0,0,0,0,0,0,4,0,0.4,0.4,0.4,0.8,29,48,63,0.0,0.0,0.0,0.0,0.0,0.02,0.02,0.04,0.02,0.04
3998,Fabio Vieira,POR,"MF,FW",Porto,24,2000,26,21,1840,20.4,4,4,8,4,0,0,7,0,3.0,2.8,4.1,6.9,27,124,121,0.2,0.2,0.39,0.2,0.39,0.15,0.2,0.35,0.14,0.34
3999,Gabriel Vieira,BRA,FW,Santa Clara,22,2002,33,32,2787,31.0,6,3,9,5,1,1,2,0,8.8,8.0,3.2,11.2,54,45,165,0.19,0.1,0.29,0.16,0.26,0.28,0.1,0.39,0.26,0.36
4000,Mikel Villanueva,VEN,DF,Vitória,31,1993,19,15,1342,14.9,0,0,0,0,0,0,7,0,0.6,0.6,0.0,0.6,8,55,0,0.0,0.0,0.0,0.0,0.0,0.04,0.0,0.04,0.04,0.04
4001,Marcos Vinicios Sorriso,BRA,"FW,MF",Famalicão,23,2001,29,24,2020,22.4,8,4,12,8,0,0,1,0,5.2,5.2,3.8,9.1,45,61,175,0.36,0.18,0.53,0.36,0.53,0.23,0.17,0.4,0.23,0.4
4002,Vinícius,BRA,"FW,MF",Santa Clara,25,1999,33,29,2237,24.9,8,1,9,8,0,1,8,0,8.6,7.8,2.8,10.6,44,54,103,0.32,0.04,0.36,0.32,0.36,0.34,0.11,0.46,0.31,0.42
4003,Bernardo Vital,POR,MF,Estoril,23,2000,1,0,31,0.3,0,0,0,0,0,0,0,0,0.0,0.0,0.0,0.0,0,1,0,0.0,0.0,0.0,0.0,0.0,0.03,0.0,0.03,0.03,0.03
4004,Zé Vitor,BRA,DF,Nacional,23,2001,31,31,2741,30.5,2,0,2,2,0,0,12,1,2.6,2.6,0.8,3.4,10,66,1,0.07,0.0,0.07,0.07,0.07,0.08,0.03,0.11,0.08,0.11
4005,Steven Vitória,CAN,DF,Boavista,37,1987,8,2,219,2.4,0,0,0,0,0,0,1,1,0.2,0.2,0.0,0.3,0,5,1,0.0,0.0,0.0,0.0,0.0,0.1,0.02,0.12,0.1,0.12
4006,Marious Vrousai,GRE,"DF,MF",Rio Ave,26,1998,31,28,2547,28.3,1,3,4,1,0,0,5,0,2.4,2.4,2.1,4.4,47,114,96,0.04,0.11,0.14,0.04,0.14,0.08,0.07,0.16,0.08,0.16
4007,Ilija Vukotić,MNE,MF,Boavista,25,1999,26,21,1757,19.5,3,0,3,3,0,0,4,1,3.0,3.0,0.8,3.8,17,76,28,0.15,0.0,0.15,0.15,0.15,0.15,0.04,0.2,0.15,0.2
4008,Wendel,BRA,FW,Santa Clara,23,2000,6,2,235,2.6,2,0,2,2,0,0,1,0,1.5,1.5,0.3,1.9,3,7,6,0.77,0.0,0.77,0.77,0.77,0.59,0.13,0.73,0.59,0.73
4009,Wendell,BRA,DF,Porto,31,1993,1,0,23,0.3,0,0,0,0,0,0,0,0,0.1,0.1,0.0,0.1,1,1,0,0.0,0.0,0.0,0.0,0.0,0.47,0.0,0.47,0.47,0.47
4010,Weverson,BRA,DF,Arouca,24,2000,26,22,1871,20.8,1,2,3,1,0,0,4,0,0.6,0.6,1.3,1.9,43,43,105,0.05,0.1,0.14,0.05,0.14,0.03,0.06,0.09,0.03,0.09
4011,Xeka,POR,MF,Estoril,29,1994,14,12,939,10.4,1,1,2,1,0,0,6,0,0.8,0.8,0.8,1.6,12,49,17,0.1,0.1,0.19,0.1,0.19,0.08,0.08,0.16,0.08,0.16
4012,Güven Yalçın,TUR,FW,Arouca,25,1999,23,8,762,8.5,4,1,5,2,2,2,5,1,4.4,2.8,0.7,3.5,16,12,50,0.47,0.12,0.59,0.24,0.35,0.52,0.08,0.61,0.34,0.42
4013,Fūki Yamada,JPN,"FW,MF",Nacional,23,2001,13,7,493,5.5,1,2,3,1,0,0,2,1,1.1,1.1,0.9,2.0,7,10,51,0.18,0.37,0.55,0.18,0.55,0.2,0.17,0.37,0.2,0.37
4014,Zaydou Youssouf,COM,MF,Famalicão,25,1999,17,17,1336,14.8,2,0,2,2,0,0,4,0,2.2,2.2,0.6,2.7,9,50,38,0.13,0.0,0.13,0.13,0.13,0.15,0.04,0.18,0.15,0.18
4015,Yassir Zabiri,MAR,"FW,MF",Famalicão,19,2005,5,0,58,0.6,1,0,1,1,0,0,0,0,0.6,0.6,0.0,0.6,0,2,4,1.55,0.0,1.55,1.55,1.55,0.98,0.0,0.98,0.98,0.98
4016,Rodrigo Zalazar,URU,"MF,FW",Braga,24,1999,19,17,1390,15.4,4,5,9,3,1,1,4,0,3.6,2.8,4.4,7.2,65,76,116,0.26,0.32,0.58,0.19,0.52,0.23,0.28,0.52,0.18,0.46
4017,Vinícius Zanocelo,BRA,MF,Estoril,23,2001,30,23,2075,23.1,2,0,2,2,0,0,8,0,2.2,2.0,0.2,2.3,11,106,34,0.09,0.0,0.09,0.09,0.09,0.1,0.01,0.11,0.09,0.1
4018,Ivan Zlobin,RUS,GK,Famalicão,27,1997,15,15,1350,15.0,0,0,0,0,0,0,2,0,0.0,0.0,0.0,0.0,0,0,0,0.0,0.0,0.0,0.0,0.0,0.0,0.0,0.0,0.0,0.0
4019,Karem Zoabi,ISR,"FW,MF",Rio Ave,18,2006,12,2,222,2.5,0,2,2,0,0,0,1,0,0.0,0.0,1.4,1.4,2,1,11,0.0,0.81,0.81,0.0,0.81,0.0,0.57,0.57,0.0,0.57
4020,Nermin Zolotić,BIH,DF,Casa Pia,31,1993,7,7,626,7.0,0,0,0,0,0,0,4,0,0.0,0.0,0.0,0.0,9,29,0,0.0,0.0,0.0,0.0,0.0,0.0,0.0,0.0,0.0,0.0
4021,Ahmed Abdullahi,NGA,MF,Gent,20,2004,1,0,1,0.0,0,0,0,0,0,0,0,0,0.0,0.0,0.0,0.0,0,1,0,0.0,0.0,0.0,0.0,0.0,0.0,0.0,0.0,0.0,0.0
4022,Francis Abu,GHA,MF,Cercle Brugge,23,2001,29,17,1659,18.4,0,4,4,0,0,0,1,0,0.7,0.7,2.1,2.8,6,128,34,0.0,0.22,0.22,0.0,0.22,0.04,0.11,0.15,0.04,0.15
4023,Orseer Achihi,NGA,FW,Antwerp,17,2006,1,0,28,0.3,0,0,0,0,0,0,1,0,0.0,0.0,0.0,0.0,1,1,4,0.0,0.0,0.0,0.0,0.0,0.09,0.0,0.09,0.09,0.09
4024,Desmond Acquah,BEL,"MF,DF",Dender,22,2002,13,0,231,2.6,0,0,0,0,0,0,1,0,0.0,0.0,0.1,0.1,3,15,16,0.0,0.0,0.0,0.0,0.0,0.02,0.03,0.05,0.02,0.05
4025,Noah Adedeji,BEL,"FW,MF",Genk,19,2005,23,5,525,5.8,3,3,6,3,0,0,0,0,3.0,3.0,1.7,4.7,35,16,58,0.51,0.51,1.03,0.51,1.03,0.51,0.29,0.8,0.51,0.8
4026,Farouck Adekami,CIV,"FW,MF",Antwerp,17,2006,3,1,129,1.4,0,0,0,0,0,0,1,0,0.2,0.2,0.1,0.4,3,2,18,0.0,0.0,0.0,0.0,0.0,0.16,0.09,0.25,0.16,0.25
4027,Adryelson,BRA,DF,Anderlecht,26,1998,7,6,542,6.0,1,0,1,1,0,0,0,0,0.3,0.3,0.1,0.4,2,27,1,0.17,0.0,0.17,0.17,0.17,0.05,0.02,0.07,0.05,0.07
4028,Lawrence Agyekum,GHA,MF,Cercle Brugge,20,2003,27,23,1963,21.8,0,0,0,0,0,0,2,0,1.8,1.8,1.8,3.6,27,74,51,0.0,0.0,0.0,0.0,0.0,0.08,0.08,0.17,0.08,0.17
4029,Takahiro Akimoto,JPN,DF,OH Leuven,26,1998,25,23,2027,22.5,0,0,0,0,0,0,6,0,0.7,0.7,1.1,1.8,22,58,48,0.0,0.0,0.0,0.0,0.0,0.03,0.05,0.08,0.03,0.08
4030,Ali Akman,TUR,"FW,MF",Dender,22,2002,4,0,44,0.5,1,0,1,1,0,0,0,0,0.1,0.1,0.0,0.1,0,3,3,2.05,0.0,2.05,2.05,2.05,0.17,0.0,0.17,0.17,0.17
4031,Josimar Alcocer,CRC,"FW,MF",Westerlo,20,2004,24,12,1309,14.5,1,0,1,1,0,0,6,0,2.5,2.5,0.9,3.4,37,37,96,0.07,0.0,0.07,0.07,0.07,0.17,0.06,0.23,0.17,0.23
4032,Toby Alderweireld,BEL,DF,Antwerp,35,1989,27,27,2425,26.9,3,2,5,3,0,0,6,0,1.8,1.8,1.7,3.5,6,90,11,0.11,0.07,0.19,0.11,0.19,0.07,0.06,0.13,0.07,0.13
4033,Ryan Alebiosu,ENG,DF,Kortrijk,22,2001,13,7,610,6.8,0,2,2,0,0,0,1,0,0.1,0.1,0.8,1.0,27,15,42,0.0,0.3,0.3,0.0,0.3,0.02,0.12,0.14,0.02,0.14
4034,Sotiris Alexandropoulos,GRE,MF,Standard Liège,22,2001,26,6,687,7.6,0,0,0,0,0,0,4,0,0.2,0.2,0.7,0.9,15,54,11,0.0,0.0,0.0,0.0,0.0,0.03,0.09,0.12,0.03,0.12
4035,Arthur Alexis,BEL,MF,Sint-Truiden,18,2006,1,0,12,0.1,0,0,0,0,0,0,0,0,0.0,0.0,0.0,0.0,0,0,0,0.0,0.0,0.0,0.0,0.0,0.0,0.0,0.0,0.0,0.0
4036,Thierry Ambrose,GLP,FW,Kortrijk,27,1997,29,18,1717,19.1,6,2,8,5,1,1,5,0,6.5,5.8,2.9,8.6,54,71,140,0.31,0.1,0.42,0.26,0.37,0.34,0.15,0.49,0.3,0.45
4037,Francis Amuzu,BEL,FW,Anderlecht,24,1999,18,7,715,7.9,2,2,4,2,0,0,1,0,1.5,1.5,3.4,4.9,42,26,96,0.25,0.25,0.5,0.25,0.5,0.19,0.42,0.61,0.19,0.61
4038,Frederic Ananou,TOG,"DF,MF",Sint-Truiden,26,1997,5,2,200,2.2,0,0,0,0,0,0,0,0,0.0,0.0,0.0,0.0,4,6,13,0.0,0.0,0.0,0.0,0.0,0.02,0.0,0.02,0.02,0.02
4039,Stelios Andreou,CYP,DF,Charleroi,22,2002,27,24,2174,24.2,1,0,1,1,0,0,5,1,2.0,2.0,0.0,2.1,16,97,4,0.04,0.0,0.04,0.04,0.04,0.08,0.0,0.09,0.08,0.09
4040,Nilson Angulo,ECU,"FW,DF",Anderlecht,21,2003,19,3,459,5.1,1,3,4,1,0,0,1,0,1.2,1.2,1.6,2.8,31,14,71,0.2,0.59,0.78,0.2,0.78,0.24,0.31,0.55,0.24,0.55
4041,Bill Antonio,ZIM,"DF,FW",Mechelen,21,2002,8,3,348,3.9,0,2,2,0,0,0,1,0,0.4,0.4,1.2,1.6,17,10,47,0.0,0.52,0.52,0.0,0.52,0.11,0.3,0.41,0.11,0.41
4042,Tiago Araújo,POR,"DF,MF",Gent,23,2001,16,5,583,6.5,0,1,1,0,0,0,2,0,0.7,0.7,1.6,2.3,22,40,40,0.0,0.15,0.15,0.0,0.15,0.1,0.25,0.35,0.1,0.35
4043,Kristian Arnstad,NOR,DF,Anderlecht,20,2003,1,0,25,0.3,0,0,0,0,0,0,0,0,0.0,0.0,0.0,0.0,0,4,2,0.0,0.0,0.0,0.0,0.0,0.0,0.0,0.0,0.0,0.0
4044,Tolu Arokodare,NGA,FW,Genk,23,2000,30,28,2314,25.7,17,5,22,17,0,1,2,0,22.7,21.9,3.0,24.9,25,31,173,0.66,0.19,0.86,0.66,0.86,0.88,0.12,1.0,0.85,0.97
4045,Raymond Asante,GHA,"FW,MF",Charleroi,20,2004,4,0,67,0.7,0,0,0,0,0,0,0,0,0.0,0.0,0.0,0.0,2,0,12,0.0,0.0,0.0,0.0,0.0,0.05,0.0,0.05,0.05,0.05
4046,Majeed Ashimeru,GHA,MF,Anderlecht,26,1997,13,3,382,4.2,1,1,2,1,0,0,2,0,0.5,0.5,0.5,1.0,7,28,16,0.24,0.24,0.47,0.24,0.47,0.12,0.12,0.23,0.12,0.23
4047,Ludwig Augustinsson,SWE,DF,Anderlecht,30,1994,16,9,852,9.5,1,1,2,1,0,0,1,0,1.1,1.1,1.0,2.0,12,66,32,0.11,0.11,0.21,0.11,0.21,0.11,0.1,0.21,0.11,0.21
4048,Felipe Augusto,BRA,"FW,MF",Cercle Brugge,20,2004,25,15,1386,15.4,2,2,4,2,0,1,1,0,7.1,6.3,1.5,7.8,21,17,99,0.13,0.13,0.26,0.13,0.26,0.46,0.1,0.56,0.41,0.51
4049,Muhammed Badamosi,GAM,FW,Standard Liège,25,1998,8,0,119,1.3,0,0,0,0,0,0,0,0,0.2,0.2,0.0,0.2,3,4,8,0.0,0.0,0.0,0.0,0.0,0.14,0.0,0.14,0.14,0.14
4050,Youssouph Badji,SEN,FW,Charleroi,22,2001,5,2,205,2.3,0,1,1,0,0,0,0,0,1.7,1.7,0.4,2.1,2,7,13,0.0,0.44,0.44,0.0,0.44,0.73,0.17,0.9,0.73,0.9
4051,Bilal Bafdili,BEL,"MF,FW",Mechelen,19,2004,25,5,882,9.8,2,0,2,2,0,0,3,0,1.9,1.9,1.5,3.4,18,29,72,0.2,0.0,0.2,0.2,0.2,0.19,0.15,0.34,0.19,0.34
4052,Michel-Ange Balikwisha,BEL,"MF,FW",Antwerp,23,2001,5,1,200,2.2,0,0,0,0,0,0,0,0,0.1,0.1,0.8,0.9,7,7,17,0.0,0.0,0.0,0.0,0.0,0.03,0.36,0.39,0.03,0.39
4053,William Balikwisha,COD,"FW,MF",OH Leuven,25,1999,25,12,1082,12.0,1,1,2,1,0,0,2,1,0.8,0.8,1.2,2.0,43,39,83,0.08,0.08,0.17,0.08,0.17,0.07,0.1,0.17,0.07,0.17
4054,Sacha Banse,BFA,MF,Standard Liège,23,2001,2,0,40,0.4,0,0,0,0,0,0,0,0,0.1,0.1,0.0,0.1,1,0,4,0.0,0.0,0.0,0.0,0.0,0.32,0.0,0.32,0.32,0.32
4055,Ezechiel Banzuzi,NED,MF,OH Leuven,19,2005,28,23,2083,23.1,2,5,7,2,0,0,8,1,3.5,3.5,2.0,5.5,47,81,55,0.09,0.22,0.3,0.09,0.3,0.15,0.09,0.24,0.15,0.24
4056,Joselpho Barnes,GHA,"FW,MF",Sint-Truiden,22,2001,9,0,119,1.3,0,0,0,0,0,0,0,0,0.5,0.5,0.1,0.6,0,0,9,0.0,0.0,0.0,0.0,0.0,0.36,0.07,0.42,0.36,0.42
4057,Jelle Bataille,BEL,DF,Antwerp,25,1999,19,19,1490,16.6,0,0,0,0,0,0,2,0,0.6,0.6,1.8,2.4,41,83,92,0.0,0.0,0.0,0.0,0.0,0.04,0.11,0.16,0.04,0.16
4058,David Bates,SCO,DF,Standard Liège,27,1996,9,9,776,8.6,0,0,0,0,0,0,0,0,0.1,0.1,0.0,0.1,0,12,0,0.0,0.0,0.0,0.0,0.0,0.01,0.0,0.01,0.01,0.01
4059,Emin Bayram,TUR,DF,Westerlo,21,2003,21,17,1503,16.7,1,0,1,1,0,0,8,2,1.5,1.5,0.7,2.2,13,99,6,0.06,0.0,0.06,0.06,0.06,0.09,0.04,0.13,0.09,0.13
4060,Gavin Bazunu,IRL,GK,Standard Liège,22,2002,6,6,540,6.0,0,0,0,0,0,0,0,0,0.0,0.0,0.0,0.0,0,0,0,0.0,0.0,0.0,0.0,0.0,0.0,0.0,0.0,0.0,0.0
4061,Zineddine Belaid,ALG,DF,Sint-Truiden,25,1999,12,10,911,10.1,0,0,0,0,0,0,2,0,0.8,0.8,0.1,0.9,3,16,0,0.0,0.0,0.0,0.0,0.0,0.08,0.01,0.09,0.08,0.09
4062,Rafik Belghali,ALG,DF,Mechelen,22,2002,26,15,1562,17.4,1,1,2,1,0,0,2,0,2.0,2.0,0.8,2.8,42,79,115,0.06,0.06,0.12,0.06,0.12,0.12,0.04,0.16,0.12,0.16
4063,Quentin Benaets,BEL,"DF,FW",Charleroi,20,2003,2,0,12,0.1,0,0,0,0,0,0,0,0,0.0,0.0,0.0,0.0,1,1,7,0.0,0.0,0.0,0.0,0.0,0.0,0.0,0.0,0.0,0.0
4064,Mauricio Benítez,ARG,MF,Antwerp,20,2004,6,5,347,3.9,0,0,0,0,0,0,1,0,0.1,0.1,0.0,0.1,0,15,3,0.0,0.0,0.0,0.0,0.0,0.02,0.01,0.04,0.02,0.04
4065,Soufiane Benjdida,MAR,FW,Standard Liège,22,2001,15,6,565,6.3,2,1,3,0,2,2,1,0,2.1,0.5,0.7,1.2,3,4,34,0.32,0.16,0.48,0.0,0.16,0.33,0.11,0.44,0.08,0.19
4066,Antoine Bernier,BEL,FW,Charleroi,26,1997,28,19,1667,18.5,3,3,6,3,0,0,5,0,3.2,3.2,3.9,7.1,56,56,180,0.16,0.16,0.32,0.16,0.32,0.17,0.21,0.38,0.17,0.38
4067,Adriano Bertaccini,BEL,"FW,MF",Sint-Truiden,23,2000,27,26,2221,24.7,16,1,17,14,2,2,8,0,12.3,10.7,0.9,11.6,63,42,136,0.65,0.04,0.69,0.57,0.61,0.5,0.04,0.54,0.43,0.47
4068,Mohamed Berte,BEL,FW,Dender,22,2002,28,14,1330,14.8,5,1,6,5,0,0,3,0,3.5,3.5,2.4,5.9,24,36,113,0.34,0.07,0.41,0.34,0.41,0.24,0.16,0.4,0.24,0.4
4069,Mickaël Biron,MTQ,"FW,MF",OH Leuven,26,1997,11,0,122,1.4,0,0,0,0,0,0,0,0,0.2,0.2,0.1,0.3,5,3,11,0.0,0.0,0.0,0.0,0.0,0.18,0.06,0.24,0.18,0.24
4070,Arnaud Bodart,BEL,GK,Standard Liège,26,1998,2,2,180,2.0,0,0,0,0,0,0,0,0,0.0,0.0,0.0,0.0,0,0,0,0.0,0.0,0.0,0.0,0.0,0.0,0.0,0.0,0.0,0.0
4071,Sinan Bolat,TUR,GK,Westerlo,35,1988,11,11,990,11.0,0,0,0,0,0,0,3,0,0.0,0.0,0.0,0.0,0,0,0,0.0,0.0,0.0,0.0,0.0,0.0,0.0,0.0,0.0,0.0
4072,Boli Bolingoli-Mbombo,BEL,DF,Standard Liège,29,1995,12,3,474,5.3,0,0,0,0,0,0,3,0,0.1,0.1,0.3,0.4,10,30,25,0.0,0.0,0.0,0.0,0.0,0.01,0.07,0.08,0.01,0.08
4073,Christopher Bonsu-Baah,GHA,"FW,MF",Genk,19,2004,28,20,1816,20.2,3,3,6,3,0,0,1,0,3.1,3.1,4.8,7.9,82,99,239,0.15,0.15,0.3,0.15,0.3,0.15,0.24,0.39,0.15,0.39
4074,Jordan Bos,AUS,"DF,FW",Westerlo,21,2002,18,12,1029,11.4,4,3,7,4,0,0,2,0,3.7,3.7,2.0,5.7,45,33,120,0.35,0.26,0.61,0.35,0.61,0.32,0.18,0.5,0.32,0.5
4075,Sofiane Boufal,MAR,MF,Union SG,30,1993,16,8,662,7.4,0,3,3,0,0,0,4,0,0.5,0.5,2.4,3.0,31,42,41,0.0,0.41,0.41,0.0,0.41,0.07,0.33,0.4,0.07,0.4
4076,Amine Boukamir,MAR,MF,Charleroi,17,2006,1,0,11,0.1,0,0,0,0,0,0,0,0,0.0,0.0,0.0,0.0,0,0,0,0.0,0.0,0.0,0.0,0.0,0.0,0.0,0.0,0.0,0.0
4077,Rosen Bozhinov,BUL,DF,Antwerp,19,2005,7,1,115,1.3,0,0,0,0,0,0,2,0,0.0,0.0,0.0,0.0,0,8,0,0.0,0.0,0.0,0.0,0.0,0.02,0.0,0.02,0.02,0.02
4078,Bilal Brahimi,ALG,"MF,FW",Sint-Truiden,24,2000,21,16,1487,16.5,1,3,4,1,0,0,6,1,2.5,2.5,5.9,8.3,82,93,138,0.06,0.18,0.24,0.06,0.24,0.15,0.35,0.5,0.15,0.5
4079,Archie Brown,ENG,DF,Gent,22,2002,27,26,2283,25.4,1,3,4,1,0,0,6,0,1.3,1.3,2.8,4.1,112,119,170,0.04,0.12,0.16,0.04,0.16,0.05,0.11,0.16,0.05,0.16
4080,Bruninho,BRA,"MF,FW",Cercle Brugge,21,2003,11,4,419,4.7,1,1,2,1,0,0,0,0,0.7,0.7,0.7,1.5,5,15,24,0.21,0.21,0.43,0.21,0.43,0.16,0.16,0.32,0.16,0.32
4081,Paris Brunner,GER,"FW,MF",Cercle Brugge,18,2006,12,2,345,3.8,1,0,1,1,0,0,0,0,0.5,0.5,0.0,0.5,11,7,52,0.26,0.0,0.26,0.26,0.26,0.13,0.01,0.14,0.13,0.14
4082,Massimo Bruno,BEL,MF,Kortrijk,30,1993,18,6,581,6.5,0,0,0,0,0,0,1,0,1.2,1.2,0.6,1.8,9,32,31,0.0,0.0,0.0,0.0,0.0,0.18,0.09,0.27,0.18,0.27
4083,Marko Bulat,CRO,"MF,FW",Standard Liège,22,2001,23,16,1264,14.0,1,0,1,1,0,0,3,0,1.4,1.4,1.6,2.9,11,28,36,0.07,0.0,0.07,0.07,0.07,0.1,0.11,0.21,0.1,0.21
4084,Christian Burgess,ENG,DF,Union SG,32,1991,21,21,1890,21.0,0,2,2,0,0,0,8,0,0.9,0.9,0.6,1.5,5,66,1,0.0,0.1,0.1,0.0,0.1,0.04,0.03,0.07,0.04,0.07
4085,Welat Cagro,BEL,MF,Beerschot,25,1999,17,10,936,10.4,1,0,1,1,0,1,7,1,1.1,0.3,0.2,0.5,11,52,11,0.1,0.0,0.1,0.1,0.1,0.11,0.02,0.13,0.03,0.05
4086,Alexandro Calut,BEL,"DF,MF",Standard Liège,21,2003,8,2,193,2.1,0,0,0,0,0,0,0,0,0.1,0.1,0.1,0.1,5,16,8,0.0,0.0,0.0,0.0,0.0,0.03,0.04,0.07,0.03,0.07
4087,Etienne Camara,FRA,MF,Charleroi,21,2003,20,14,1075,11.9,0,1,1,0,0,0,5,0,0.3,0.3,0.4,0.7,9,61,12,0.0,0.08,0.08,0.0,0.08,0.02,0.04,0.06,0.02,0.06
4088,Ilay Camara,SEN,DF,Standard Liège,21,2003,26,24,2132,23.7,0,2,2,0,0,0,2,0,1.7,1.7,3.0,4.7,100,78,165,0.0,0.08,0.08,0.0,0.08,0.07,0.13,0.2,0.07,0.2
4089,Shandre Campbell,RSA,FW,Club Brugge,19,2005,1,0,6,0.1,0,0,0,0,0,0,0,0,0.1,0.1,0.0,0.1,0,0,3,0.0,0.0,0.0,0.0,0.0,1.58,0.0,1.58,1.58,1.58
4090,Alessio Castro-Montes,BEL,"DF,FW",Union SG,27,1997,15,12,1027,11.4,1,3,4,1,0,0,2,0,0.9,0.9,3.5,4.5,34,43,90,0.09,0.26,0.35,0.09,0.35,0.08,0.31,0.39,0.08,0.39
4091,Tjaronn Chery,SUR,"MF,FW",Antwerp,36,1988,29,29,2362,26.2,11,6,17,10,1,1,1,0,6.5,5.8,5.4,11.2,47,140,157,0.42,0.23,0.65,0.38,0.61,0.26,0.21,0.47,0.23,0.44
4092,Antoine Colassin,BEL,"FW,MF",Beerschot,23,2001,19,14,1208,13.4,2,4,6,2,0,0,4,1,3.3,3.3,3.0,6.3,21,50,59,0.15,0.3,0.45,0.15,0.45,0.25,0.22,0.47,0.25,0.47
4093,Kobe Cools,BEL,DF,Dender,27,1997,30,30,2636,29.3,0,1,1,0,0,0,4,0,1.1,1.1,0.8,1.8,4,60,1,0.0,0.03,0.03,0.0,0.03,0.04,0.03,0.06,0.04,0.06
4094,Colin Coosemans,BEL,GK,Anderlecht,31,1992,28,28,2520,28.0,0,0,0,0,0,0,0,0,0.0,0.0,0.0,0.0,0,5,0,0.0,0.0,0.0,0.0,0.0,0.0,0.0,0.0,0.0,0.0
4095,Jo Coppens,BEL,GK,Sint-Truiden,33,1990,3,3,270,3.0,0,0,0,0,0,0,2,0,0.0,0.0,0.0,0.0,0,0,0,0.0,0.0,0.0,0.0,0.0,0.0,0.0,0.0,0.0,0.0
4096,Kobe Corbanie,BEL,"DF,MF",Antwerp,19,2005,21,12,1179,13.1,0,0,0,0,0,0,2,0,0.4,0.4,0.0,0.4,10,51,27,0.0,0.0,0.0,0.0,0.0,0.03,0.0,0.03,0.03,0.03
4097,Ayrton Costa,ARG,DF,Antwerp,25,1999,15,15,1212,13.5,0,0,0,0,0,0,7,0,0.6,0.6,0.2,0.8,19,74,28,0.0,0.0,0.0,0.0,0.0,0.05,0.01,0.06,0.05,0.06
4098,Carlos Cuesta,COL,DF,Genk,25,1999,10,7,611,6.8,1,0,1,1,0,0,3,0,1.3,1.3,0.0,1.3,2,16,0,0.15,0.0,0.15,0.15,0.15,0.19,0.0,0.19,0.19,0.19
4099,Karol Czubak,POL,FW,Kortrijk,24,2000,5,0,63,0.7,0,1,1,0,0,0,0,0,0.5,0.5,0.1,0.6,0,0,5,0.0,1.43,1.43,0.0,1.43,0.72,0.18,0.9,0.72,0.9
4100,Oday Dabbagh,PLE,FW,Charleroi,25,1998,15,4,491,5.5,1,0,1,1,0,0,1,1,2.1,2.1,0.6,2.7,6,5,44,0.18,0.0,0.18,0.18,0.18,0.38,0.12,0.49,0.38,0.49
4101,Colin Dagba,FRA,"DF,MF",Beerschot,25,1998,19,18,1364,15.2,0,1,1,0,0,0,4,0,0.6,0.6,0.6,1.2,15,42,50,0.0,0.07,0.07,0.0,0.07,0.04,0.04,0.08,0.04,0.08
4102,Jón Dagur Þorsteinsson,ISL,"MF,FW",OH Leuven,25,1998,3,0,92,1.0,1,0,1,1,0,0,0,0,0.5,0.5,0.1,0.5,2,4,8,0.98,0.0,0.98,0.98,0.98,0.48,0.06,0.54,0.48,0.54
4103,Jesper Daland,NOR,DF,Cercle Brugge,24,2000,2,2,180,2.0,0,0,0,0,0,0,0,0,0.0,0.0,0.0,0.0,1,10,3,0.0,0.0,0.0,0.0,0.0,0.0,0.0,0.0,0.0,0.0
4104,Elyess Dao,MAR,"MF,FW",Anderlecht,17,2006,2,0,5,0.1,0,0,0,0,0,0,0,0,0.1,0.1,0.0,0.1,1,0,1,0.0,0.0,0.0,0.0,0.0,1.84,0.0,1.84,1.84,1.84
4105,Gabriel David,NGA,"MF,FW",Antwerp,17,2007,1,0,6,0.1,0,0,0,0,0,0,0,0,0.0,0.0,0.0,0.0,0,0,1,0.0,0.0,0.0,0.0,0.0,0.0,0.0,0.0,0.0,0.0
4106,Promise David,CAN,FW,Union SG,23,2001,24,16,1377,15.3,11,4,15,7,4,4,6,0,12.0,8.8,3.7,12.5,31,30,119,0.72,0.26,0.98,0.46,0.72,0.78,0.24,1.02,0.58,0.82
4107,Maxim De Cuyper,BEL,DF,Club Brugge,23,2000,27,24,2209,24.5,2,4,6,1,1,1,3,0,2.7,1.9,9.1,11.1,33,186,167,0.08,0.16,0.24,0.04,0.2,0.11,0.37,0.48,0.08,0.45
4108,Gilles De Meyer,BEL,DF,Gent,17,2006,4,0,18,0.2,1,0,1,1,0,0,0,0,0.0,0.0,0.0,0.0,0,2,1,5.0,0.0,5.0,5.0,5.0,0.08,0.0,0.08,0.08,0.08
4109,Dion De Neve,BEL,DF,Kortrijk,22,2002,26,20,1835,20.4,2,3,5,2,0,0,0,0,1.3,1.3,3.6,4.8,61,56,163,0.1,0.15,0.25,0.1,0.25,0.06,0.18,0.24,0.06,0.24
4110,Kamiel Van De Perre,BEL,MF,Union SG,20,2004,14,3,438,4.9,0,0,0,0,0,0,1,0,0.5,0.5,0.6,1.0,8,27,16,0.0,0.0,0.0,0.0,0.0,0.1,0.11,0.21,0.1,0.21
4111,Tibe De Vlieger,BEL,"FW,DF",Gent,18,2005,3,0,46,0.5,0,0,0,0,0,0,0,0,0.0,0.0,0.2,0.2,0,7,4,0.0,0.0,0.0,0.0,0.0,0.0,0.3,0.3,0.0,0.3
4112,Nils De Wilde,BEL,MF,Cercle Brugge,21,2003,8,0,115,1.3,0,0,0,0,0,0,1,0,0.0,0.0,0.2,0.2,0,9,1,0.0,0.0,0.0,0.0,0.0,0.04,0.14,0.18,0.04,0.18
4113,Ortwin De Wolf,BEL,GK,Mechelen,27,1997,30,30,2700,30.0,0,0,0,0,0,0,1,0,0.0,0.0,0.1,0.1,0,1,0,0.0,0.0,0.0,0.0,0.0,0.0,0.0,0.0,0.0,0.0
4114,Max Dean,ENG,FW,Gent,20,2004,17,12,971,10.8,6,1,7,5,1,1,3,0,5.3,4.5,1.2,5.6,15,33,64,0.56,0.09,0.65,0.46,0.56,0.49,0.11,0.6,0.42,0.52
4115,Théo Defourny,BEL,GK,Charleroi,32,1992,1,1,90,1.0,0,0,0,0,0,0,0,0,0.0,0.0,0.0,0.0,0,0,0,0.0,0.0,0.0,0.0,0.0,0.0,0.0,0.0,0.0,0.0
4116,Tristan Degreef,BEL,"FW,MF",Anderlecht,19,2005,10,4,380,4.2,0,0,0,0,0,0,4,0,0.1,0.1,0.4,0.5,13,19,25,0.0,0.0,0.0,0.0,0.0,0.04,0.09,0.12,0.04,0.12
4117,Brecht Dejaegere,BEL,"MF,DF",Kortrijk,33,1991,22,16,1357,15.1,1,1,2,1,0,0,4,0,1.7,1.7,1.1,2.7,26,69,83,0.07,0.07,0.13,0.07,0.13,0.11,0.07,0.18,0.11,0.18
4118,Maxime Delanghe,BEL,GK,Cercle Brugge,23,2001,21,21,1881,20.9,0,0,0,0,0,0,1,1,0.0,0.0,0.0,0.0,0,0,0,0.0,0.0,0.0,0.0,0.0,0.0,0.0,0.0,0.0,0.0
4119,Martin Delavallée,BEL,GK,Charleroi,20,2004,8,8,720,8.0,0,0,0,0,0,0,0,0,0.0,0.0,0.0,0.0,0,0,0,0.0,0.0,0.0,0.0,0.0,0.0,0.0,0.0,0.0,0.0
4120,Mathias Delorge,BEL,MF,Gent,20,2004,28,28,2388,26.5,1,3,4,1,0,0,3,0,1.5,1.5,1.5,3.0,30,160,69,0.04,0.11,0.15,0.04,0.15,0.06,0.06,0.11,0.06,0.11
4121,Isaías Delpupo,ARG,"FW,DF",Sint-Truiden,21,2003,8,1,139,1.5,0,0,0,0,0,0,1,2,0.3,0.3,0.3,0.6,5,8,17,0.0,0.0,0.0,0.0,0.0,0.22,0.18,0.4,0.22,0.4
4122,Olivier Deman,BEL,DF,Antwerp,24,2000,10,10,891,9.9,0,0,0,0,0,0,4,0,0.5,0.5,0.8,1.3,11,38,38,0.0,0.0,0.0,0.0,0.0,0.05,0.09,0.13,0.05,0.13
4123,Bas van den Eynden,BEL,DF,Mechelen,22,2002,9,8,724,8.0,3,0,3,3,0,0,2,0,1.0,1.0,0.0,1.0,0,10,0,0.37,0.0,0.37,0.37,0.37,0.12,0.01,0.12,0.12,0.12
4124,Leander Dendoncker,BEL,"MF,DF",Anderlecht,29,1995,20,19,1739,19.3,0,1,1,0,0,0,3,0,1.9,1.9,1.0,2.9,23,70,16,0.0,0.05,0.05,0.0,0.05,0.1,0.05,0.15,0.1,0.15
4125,Kévin Denkey,TOG,FW,Cercle Brugge,23,2000,17,14,1311,14.6,10,1,11,9,1,1,3,0,8.3,7.5,2.2,9.7,17,29,130,0.69,0.07,0.76,0.62,0.69,0.57,0.15,0.72,0.51,0.66
4126,Djevencio van der Kust,SUR,DF,Beerschot,23,2001,3,3,197,2.2,0,0,0,0,0,0,0,0,0.2,0.2,0.1,0.3,10,10,19,0.0,0.0,0.0,0.0,0.0,0.08,0.07,0.14,0.08,0.14
4127,Alfie Devine,ENG,MF,Westerlo,19,2004,21,18,1606,17.8,4,0,4,4,0,0,3,0,3.3,3.2,1.3,4.5,32,92,91,0.22,0.0,0.22,0.22,0.22,0.18,0.07,0.25,0.18,0.25
4128,Julien Devriendt,BEL,GK,Dender,25,1998,4,3,315,3.5,0,0,0,0,0,0,0,0,0.0,0.0,0.0,0.0,0,0,0,0.0,0.0,0.0,0.0,0.0,0.0,0.0,0.0,0.0,0.0
4129,Gilles Dewaele,BEL,DF,Kortrijk,28,1996,19,12,1094,12.2,1,0,1,1,0,0,1,0,0.8,0.8,0.6,1.4,12,36,60,0.08,0.0,0.08,0.08,0.08,0.07,0.05,0.12,0.07,0.12
4130,Ibrahim Diakité,GUI,DF,Cercle Brugge,20,2003,22,18,1647,18.3,2,0,2,2,0,0,2,1,0.4,0.4,0.4,0.8,22,68,17,0.11,0.0,0.11,0.11,0.11,0.02,0.02,0.04,0.02,0.04
4131,Daan Dierckx,BEL,DF,Standard Liège,21,2003,7,6,523,5.8,0,0,0,0,0,0,1,0,0.2,0.2,0.1,0.3,0,6,0,0.0,0.0,0.0,0.0,0.0,0.04,0.01,0.05,0.04,0.05
4132,Guillaume Dietsch,FRA,GK,Dender,23,2001,1,0,49,0.5,0,0,0,0,0,0,0,0,0.0,0.0,0.0,0.0,0,0,0,0.0,0.0,0.0,0.0,0.0,0.0,0.0,0.0,0.0,0.0
4133,Alouis Diriken,BEL,MF,Sint-Truiden,20,2004,2,2,147,1.6,0,0,0,0,0,0,0,0,0.0,0.0,0.0,0.0,0,1,1,0.0,0.0,0.0,0.0,0.0,0.0,0.0,0.0,0.0,0.0
4134,Kasper Dolberg,DEN,FW,Anderlecht,26,1997,22,22,1672,18.6,14,1,15,10,4,4,1,0,12.6,9.4,2.6,12.1,21,24,109,0.75,0.05,0.81,0.54,0.59,0.68,0.14,0.82,0.51,0.65
4135,Mahamadou Doumbia,MLI,MF,Antwerp,20,2004,21,18,1662,18.5,3,0,3,2,1,1,5,0,1.7,0.9,0.8,1.7,31,80,22,0.16,0.0,0.16,0.11,0.11,0.1,0.05,0.14,0.05,0.1
4136,Souleyman Doumbia,CIV,DF,Standard Liège,27,1996,10,1,186,2.1,0,0,0,0,0,0,0,0,0.0,0.0,0.0,0.0,2,4,7,0.0,0.0,0.0,0.0,0.0,0.02,0.0,0.02,0.02,0.02
4137,Vetle Dragsnes,NOR,DF,Charleroi,30,1994,28,25,2155,23.9,0,1,1,0,0,0,2,0,0.7,0.7,2.8,3.5,55,92,132,0.0,0.04,0.04,0.0,0.04,0.03,0.12,0.15,0.03,0.15
4138,Anders Dreyer,DEN,FW,Anderlecht,26,1998,18,16,1377,15.3,3,5,8,3,0,0,0,0,4.2,4.2,4.3,8.5,29,61,128,0.2,0.33,0.52,0.2,0.52,0.28,0.28,0.56,0.28,0.56
4139,Olivier Dumont,BEL,"MF,FW",Sint-Truiden,22,2002,13,5,441,4.9,1,0,1,1,0,0,0,0,0.5,0.5,0.6,1.0,7,18,20,0.2,0.0,0.2,0.2,0.2,0.1,0.12,0.21,0.1,0.21
4140,Jean-Kevin Duverne,HAI,"DF,MF",Kortrijk,27,1997,7,7,630,7.0,3,0,3,3,0,0,1,0,0.8,0.8,0.9,1.7,13,32,27,0.43,0.0,0.43,0.43,0.43,0.12,0.13,0.24,0.12,0.24
4141,Dennis Eckert,GER,FW,Standard Liège,27,1997,23,20,1796,20.0,6,0,6,5,1,2,2,0,8.8,7.2,1.5,8.6,31,64,130,0.3,0.0,0.3,0.25,0.25,0.44,0.07,0.52,0.36,0.43
4142,Dennis Eckert,GER,FW,Union SG,27,1997,3,3,198,2.2,1,0,1,1,0,0,0,0,1.0,1.0,0.1,1.1,2,5,11,0.45,0.0,0.45,0.45,0.45,0.45,0.05,0.5,0.45,0.5
4143,Samuel Edozie,ENG,FW,Anderlecht,21,2003,17,11,955,10.6,2,2,4,2,0,0,1,0,2.6,2.6,1.7,4.2,49,27,118,0.19,0.19,0.38,0.19,0.38,0.24,0.16,0.4,0.24,0.4
4144,Malamine Efekele,FRA,"MF,FW",Cercle Brugge,20,2004,13,2,243,2.7,0,0,0,0,0,0,0,0,0.0,0.0,0.1,0.1,1,5,15,0.0,0.0,0.0,0.0,0.0,0.0,0.05,0.05,0.0,0.05
4145,Jurgen Ekkelenkamp,NED,MF,Antwerp,24,2000,1,1,66,0.7,0,0,0,0,0,0,0,0,0.2,0.2,0.0,0.2,1,3,4,0.0,0.0,0.0,0.0,0.0,0.23,0.0,0.23,0.23,0.23
4146,Nunzio Engwanda,BEL,DF,Anderlecht,16,2007,2,1,63,0.7,0,0,0,0,0,0,0,0,0.0,0.0,0.0,0.0,1,2,2,0.0,0.0,0.0,0.0,0.0,0.03,0.0,0.03,0.03,0.03
4147,Matthieu Epolo,BEL,GK,Standard Liège,20,2004,19,18,1665,18.5,0,1,1,0,0,0,0,0,0.0,0.0,0.1,0.1,0,1,0,0.0,0.05,0.05,0.0,0.05,0.0,0.0,0.0,0.0,0.0
4148,Alieu Fadera,GAM,MF,Genk,22,2001,2,2,180,2.0,0,0,0,0,0,0,1,0,0.1,0.1,0.1,0.3,8,5,24,0.0,0.0,0.0,0.0,0.0,0.07,0.07,0.14,0.07,0.14
4149,Noah Fadiga,SEN,"DF,MF",Gent,24,1999,15,12,841,9.3,4,0,4,4,0,0,2,0,1.4,1.4,0.5,1.9,24,28,90,0.43,0.0,0.43,0.43,0.43,0.15,0.06,0.2,0.15,0.2
4150,Omar Fayed,EGY,DF,Beerschot,21,2003,11,9,740,8.2,0,1,1,0,0,0,5,0,0.0,0.0,1.0,1.0,10,30,2,0.0,0.12,0.12,0.0,0.12,0.0,0.12,0.12,0.0,0.12
4151,Matias Fernandez-Pardo,BEL,"MF,FW",Gent,19,2005,3,2,164,1.8,1,0,1,1,0,0,1,0,1.1,1.1,0.0,1.1,9,6,17,0.55,0.0,0.55,0.55,0.55,0.6,0.0,0.6,0.6,0.6
4152,Andrés Ferrari,URU,FW,Sint-Truiden,21,2003,22,9,824,9.2,5,1,6,5,0,0,1,0,3.1,3.1,0.3,3.4,17,16,48,0.55,0.11,0.66,0.55,0.66,0.34,0.04,0.37,0.34,0.37
4153,Fabio Ferraro,BEL,"DF,MF",Dender,21,2002,30,29,2401,26.7,0,5,5,0,0,0,1,0,0.8,0.8,3.2,4.0,79,91,149,0.0,0.19,0.19,0.0,0.19,0.03,0.12,0.15,0.03,0.15
4154,Nacho Ferri,ESP,FW,Kortrijk,19,2004,27,22,1844,20.5,6,1,7,6,0,0,6,0,6.7,6.7,1.9,8.5,20,41,99,0.29,0.05,0.34,0.29,0.34,0.33,0.09,0.42,0.33,0.42
4155,Karol Fila,POL,DF,Dender,26,1998,5,5,366,4.1,1,0,1,1,0,0,3,0,0.7,0.7,0.1,0.8,3,14,18,0.25,0.0,0.25,0.25,0.25,0.16,0.03,0.2,0.16,0.2
4156,Mathias Fixelles,BEL,"FW,MF",Westerlo,27,1996,5,0,16,0.2,0,0,0,0,0,0,0,0,0.0,0.0,0.0,0.0,1,3,2,0.0,0.0,0.0,0.0,0.0,0.0,0.11,0.11,0.0,0.11
4157,Alexis Flips,FRA,FW,Anderlecht,24,2000,1,0,1,0.0,0,0,0,0,0,0,0,0,0.0,0.0,0.0,0.0,0,0,1,0.0,0.0,0.0,0.0,0.0,0.0,0.0,0.0,0.0,0.0
4158,Alexis Flips,FRA,"FW,MF",Charleroi,24,2000,10,2,278,3.1,0,0,0,0,0,0,1,0,0.6,0.6,1.6,2.3,4,19,30,0.0,0.0,0.0,0.0,0.0,0.2,0.53,0.73,0.2,0.73
4159,Thomas Foket,BEL,DF,Anderlecht,29,1994,11,5,525,5.8,0,2,2,0,0,0,0,0,0.3,0.3,1.3,1.6,7,26,37,0.0,0.34,0.34,0.0,0.34,0.05,0.23,0.28,0.05,0.28
4160,Núrio Fortuna,ANG,"MF,DF",Gent,29,1995,2,0,10,0.1,0,0,0,0,0,0,0,0,0.0,0.0,0.0,0.0,0,1,0,0.0,0.0,0.0,0.0,0.0,0.36,0.0,0.36,0.36,0.36
4161,Marlon Fossey,USA,DF,Standard Liège,25,1998,29,28,2525,28.1,0,1,1,0,0,0,2,0,0.4,0.4,2.2,2.7,54,95,111,0.0,0.04,0.04,0.0,0.04,0.01,0.08,0.1,0.01,0.1
4162,Iver Fossum,NOR,MF,Kortrijk,28,1996,11,2,233,2.6,0,0,0,0,0,0,0,0,0.3,0.3,0.1,0.4,3,10,10,0.0,0.0,0.0,0.0,0.0,0.1,0.05,0.16,0.1,0.16
4163,Daam Foulon,BEL,"DF,MF",Mechelen,25,1999,20,18,1593,17.7,3,3,6,3,0,0,3,0,1.5,1.5,2.2,3.8,44,77,122,0.17,0.17,0.34,0.17,0.34,0.09,0.13,0.21,0.09,0.21
4164,Guillaume François,BEL,"DF,FW",Union SG,34,1990,3,1,114,1.3,0,0,0,0,0,0,0,0,0.2,0.2,0.2,0.4,1,10,9,0.0,0.0,0.0,0.0,0.0,0.13,0.17,0.3,0.13,0.3
4165,Matija Frigan,CRO,FW,Westerlo,21,2003,29,21,1846,20.5,9,1,10,9,0,1,7,0,9.0,8.2,1.8,10.0,26,44,107,0.44,0.05,0.49,0.44,0.49,0.44,0.09,0.52,0.4,0.49
4166,Haruya Fujii,JPN,DF,Kortrijk,23,2000,18,17,1544,17.2,0,0,0,0,0,0,0,0,0.4,0.4,0.1,0.5,11,79,7,0.0,0.0,0.0,0.0,0.0,0.02,0.01,0.03,0.02,0.03
4167,Joel Fujita,JPN,MF,Sint-Truiden,22,2002,27,27,2399,26.7,0,3,3,0,0,0,6,0,0.8,0.8,2.3,3.1,20,141,45,0.0,0.11,0.11,0.0,0.11,0.03,0.09,0.12,0.03,0.12
4168,Mohammed Fuseini,GHA,"FW,MF",Union SG,22,2002,23,14,1290,14.3,6,1,7,5,1,1,3,0,7.3,6.5,1.9,8.4,44,24,112,0.42,0.07,0.49,0.35,0.42,0.51,0.13,0.64,0.46,0.59
4169,Hugo Gambor,CTA,DF,Gent,21,2002,18,14,1219,13.5,1,0,1,1,0,0,3,0,0.8,0.8,0.6,1.4,21,85,27,0.07,0.0,0.07,0.07,0.07,0.06,0.05,0.11,0.06,0.11
4170,Omri Gandelman,ISR,"MF,FW",Gent,24,2000,24,17,1517,16.9,4,3,7,4,0,0,2,0,7.6,7.6,1.6,9.2,11,56,72,0.24,0.18,0.42,0.24,0.42,0.45,0.1,0.55,0.45,0.55
4171,Wouter George,BEL,MF,OH Leuven,22,2002,8,1,172,1.9,0,0,0,0,0,0,0,0,0.1,0.1,0.0,0.1,1,5,11,0.0,0.0,0.0,0.0,0.0,0.05,0.01,0.06,0.05,0.06
4172,Pieter Gerkens,BEL,MF,Gent,28,1995,19,7,700,7.8,1,1,2,1,0,0,0,0,0.5,0.5,0.7,1.2,10,42,49,0.13,0.13,0.26,0.13,0.26,0.06,0.09,0.15,0.06,0.15
4173,Faisal Al Ghamdi,KSA,MF,Beerschot,22,2001,21,21,1747,19.4,0,1,1,0,0,1,5,1,2.0,1.2,1.2,2.3,34,115,42,0.0,0.05,0.05,0.0,0.05,0.11,0.06,0.17,0.06,0.13
4174,Marc Giger,SUI,"DF,MF",Union SG,20,2004,2,0,21,0.2,0,0,0,0,0,0,0,0,0.1,0.1,0.0,0.2,1,2,3,0.0,0.0,0.0,0.0,0.0,0.53,0.13,0.66,0.53,0.66
4175,Óscar Gil,ESP,DF,OH Leuven,27,1997,17,12,1006,11.2,1,0,1,1,0,0,4,1,0.8,0.8,0.8,1.5,20,33,35,0.09,0.0,0.09,0.09,0.09,0.07,0.07,0.14,0.07,0.14
4176,Nick Gillekens,BEL,GK,Westerlo,29,1995,1,1,90,1.0,0,0,0,0,0,0,0,0,0.0,0.0,0.0,0.0,0,0,0,0.0,0.0,0.0,0.0,0.0,0.0,0.0,0.0,0.0,0.0
4177,Bruno Godeau,BEL,DF,Sint-Truiden,32,1992,28,28,2457,27.3,0,0,0,0,0,0,3,0,1.9,1.9,0.6,2.5,13,101,16,0.0,0.0,0.0,0.0,0.0,0.07,0.02,0.09,0.07,0.09
4178,Bryan Goncalves,FRA,DF,Dender,28,1996,19,12,1028,11.4,0,1,1,0,0,0,6,0,0.1,0.1,2.2,2.3,6,74,7,0.0,0.09,0.09,0.0,0.09,0.01,0.19,0.2,0.01,0.2
4179,Hyllarion Goore,CIV,"FW,MF",Gent,18,2005,5,2,209,2.3,0,0,0,0,0,0,0,0,1.8,1.8,0.2,1.9,12,4,20,0.0,0.0,0.0,0.0,0.0,0.75,0.06,0.82,0.75,0.82
4180,Keisuke Goto,JPN,FW,Anderlecht,19,2005,6,2,154,1.7,1,0,1,1,0,0,0,0,0.4,0.4,0.3,0.7,1,2,7,0.58,0.0,0.58,0.58,0.58,0.26,0.15,0.41,0.26,0.41
4181,Mouhamed Guèye,SEN,"DF,MF",Kortrijk,20,2003,3,1,115,1.3,0,0,0,0,0,0,1,0,0.1,0.1,0.2,0.3,0,7,3,0.0,0.0,0.0,0.0,0.0,0.08,0.14,0.22,0.08,0.22
4182,Parfait Guiagon,CIV,FW,Charleroi,23,2001,26,25,1971,21.9,5,4,9,5,0,0,6,0,5.3,5.3,4.1,9.4,94,89,176,0.23,0.18,0.41,0.23,0.41,0.24,0.19,0.43,0.24,0.43
4183,Muhammed Gümüskaya,TUR,"FW,MF",Westerlo,23,2001,5,0,27,0.3,0,0,0,0,0,0,0,0,0.1,0.1,0.0,0.1,3,2,4,0.0,0.0,0.0,0.0,0.0,0.21,0.11,0.32,0.21,0.32
4184,Patrik Gunnarsson,ISL,GK,Kortrijk,23,2000,11,11,922,10.2,0,0,0,0,0,0,0,0,0.0,0.0,0.0,0.0,0,0,0,0.0,0.0,0.0,0.0,0.0,0.0,0.0,0.0,0.0,0.0
4185,Andri Guðjohnsen,ISL,FW,Gent,22,2002,26,13,1257,14.0,4,1,5,4,0,1,1,0,2.8,2.0,1.8,3.9,16,36,72,0.29,0.07,0.36,0.29,0.36,0.2,0.13,0.33,0.14,0.28
4186,Anouar Ait El Hadj,BEL,MF,Union SG,22,2002,19,12,1075,11.9,3,1,4,3,0,0,1,0,3.6,3.6,1.4,5.0,26,74,59,0.25,0.08,0.33,0.25,0.33,0.31,0.12,0.42,0.31,0.42
4187,Geoffry Hairemans,BEL,"MF,FW",Mechelen,32,1991,23,12,1186,13.2,2,2,4,2,0,0,1,0,1.1,1.1,3.5,4.7,29,107,98,0.15,0.15,0.3,0.15,0.3,0.09,0.27,0.36,0.09,0.36
4188,Youssef Hamdaoui,BEL,DF,Antwerp,16,2008,1,0,12,0.1,0,0,0,0,0,0,0,0,0.0,0.0,0.0,0.0,0,1,0,0.0,0.0,0.0,0.0,0.0,0.0,0.0,0.0,0.0,0.0
4189,Fredrik Hammer,SWE,MF,Mechelen,23,2001,10,9,787,8.7,0,0,0,0,0,0,1,0,0.2,0.2,0.0,0.2,0,22,3,0.0,0.0,0.0,0.0,0.0,0.02,0.0,0.03,0.02,0.03
4190,Dogucan Haspolat,TUR,MF,Westerlo,24,2000,29,29,2605,28.9,3,5,8,3,0,0,8,0,1.8,1.8,4.4,6.2,21,144,34,0.1,0.17,0.28,0.1,0.28,0.06,0.15,0.21,0.06,0.21
4191,Ibe Hautekiet,BEL,DF,Standard Liège,22,2002,25,25,2159,24.0,0,0,0,0,0,0,6,0,0.9,0.9,0.1,1.0,6,46,3,0.0,0.0,0.0,0.0,0.0,0.04,0.0,0.04,0.04,0.04
4192,Thorgan Hazard,BEL,"FW,MF",Anderlecht,31,1993,11,7,671,7.5,2,1,3,2,0,0,2,0,0.6,0.6,1.8,2.4,23,43,64,0.27,0.13,0.4,0.27,0.4,0.08,0.24,0.32,0.08,0.32
4193,Ewan Henderson,SCO,"MF,FW",Beerschot,24,2000,25,20,1695,18.8,2,1,3,2,0,1,3,1,2.6,1.8,2.0,3.8,35,81,80,0.11,0.05,0.16,0.11,0.16,0.15,0.11,0.26,0.1,0.21
4194,Laurent Henkinet,BEL,GK,Standard Liège,31,1992,4,4,315,3.5,0,0,0,0,0,0,0,0,0.0,0.0,0.0,0.0,0,0,0,0.0,0.0,0.0,0.0,0.0,0.0,0.0,0.0,0.0,0.0
4195,Lennard Hens,BEL,MF,Dender,28,1996,18,8,748,8.3,1,1,2,1,0,0,0,0,0.5,0.5,1.6,2.1,6,57,18,0.12,0.12,0.24,0.12,0.24,0.07,0.19,0.26,0.07,0.26
4196,Lucas Hey,DEN,DF,Anderlecht,21,2003,8,7,649,7.2,0,0,0,0,0,0,2,0,0.5,0.5,0.2,0.7,2,30,3,0.0,0.0,0.0,0.0,0.0,0.07,0.03,0.09,0.07,0.09
4197,Daan Heymans,BEL,MF,Charleroi,25,1999,29,29,2516,28.0,11,1,12,7,4,5,6,0,13.3,9.4,2.2,11.6,30,149,158,0.39,0.04,0.43,0.25,0.29,0.48,0.08,0.56,0.34,0.41
4198,Bryan Heynen,BEL,MF,Genk,27,1997,28,26,2351,26.1,0,2,2,0,0,0,3,0,1.7,1.7,2.9,4.6,33,258,45,0.0,0.08,0.08,0.0,0.08,0.07,0.11,0.18,0.07,0.18
4199,Kyan Himpe,BEL,"FW,DF",Kortrijk,18,2006,1,0,4,0.0,0,0,0,0,0,0,0,0,0.2,0.2,0.0,0.2,0,0,0,0.0,0.0,0.0,0.0,0.0,4.4,0.0,4.4,4.4,4.4
4200,Andrew Hjulsager,DEN,"FW,MF",Gent,29,1995,7,7,443,4.9,0,1,1,0,0,0,1,0,1.0,1.0,1.9,2.8,12,21,45,0.0,0.2,0.2,0.0,0.2,0.19,0.38,0.57,0.19,0.57
4201,Tom Holmes,ENG,DF,Dender,24,2000,2,1,94,1.0,0,0,0,0,0,0,1,0,0.1,0.1,0.3,0.4,0,2,1,0.0,0.0,0.0,0.0,0.0,0.09,0.3,0.39,0.09,0.39
4202,Milo Horemans,BEL,MF,Antwerp,18,2006,1,0,29,0.3,0,0,0,0,0,0,0,0,0.0,0.0,0.0,0.0,1,0,4,0.0,0.0,0.0,0.0,0.0,0.14,0.0,0.14,0.14,0.14
4203,Andreas Hountondji,BEN,FW,Standard Liège,22,2002,10,2,317,3.5,1,0,1,1,0,0,0,0,1.1,1.1,0.7,1.9,7,3,33,0.28,0.0,0.28,0.28,0.28,0.32,0.21,0.54,0.32,0.54
4204,David Hrnčár,SVK,DF,Dender,26,1997,25,18,1597,17.7,2,2,4,2,0,0,1,1,2.2,2.2,1.9,4.0,19,59,105,0.11,0.11,0.23,0.11,0.23,0.12,0.11,0.23,0.12,0.23
4205,Patrik Hrošovský,SVK,MF,Genk,32,1992,26,19,1687,18.7,6,2,8,6,0,0,2,0,2.8,2.8,2.1,4.9,16,102,77,0.32,0.11,0.43,0.32,0.43,0.15,0.11,0.26,0.15,0.26
4206,César Huerta,MEX,"MF,FW",Anderlecht,23,2000,9,7,615,6.8,2,2,4,2,0,0,0,0,1.0,1.0,0.8,1.8,17,11,44,0.29,0.29,0.59,0.29,0.59,0.14,0.12,0.26,0.14,0.26
4207,Dean Huiberts,NED,MF,Beerschot,24,2000,10,4,345,3.8,0,0,0,0,0,0,1,0,0.1,0.1,0.0,0.1,1,10,5,0.0,0.0,0.0,0.0,0.0,0.03,0.01,0.03,0.03,0.03
4208,Oh Hyeon-gyu,KOR,FW,Genk,23,2001,27,2,436,4.8,7,1,8,4,3,3,1,0,5.5,3.1,1.4,4.5,19,10,43,1.44,0.21,1.65,0.83,1.03,1.13,0.29,1.42,0.64,0.93
4209,Hong Hyunseok,KOR,MF,Gent,25,1999,3,3,248,2.8,0,0,0,0,0,0,0,0,0.0,0.0,0.5,0.5,3,7,13,0.0,0.0,0.0,0.0,0.0,0.0,0.18,0.18,0.0,0.18
4210,Mounaim El Idrissy,FRA,"DF,FW",Kortrijk,25,1999,15,3,345,3.8,0,0,0,0,0,0,5,0,0.1,0.1,0.1,0.2,4,3,31,0.0,0.0,0.0,0.0,0.0,0.02,0.03,0.05,0.02,0.05
4211,Chukwubuikem Ikwuemesi,NGA,FW,OH Leuven,22,2001,27,15,1536,17.1,4,0,4,4,0,0,2,0,3.8,3.8,1.1,4.9,31,30,80,0.23,0.0,0.23,0.23,0.23,0.23,0.06,0.29,0.23,0.29
4212,Marco Ilaimaharitra,MAD,MF,Kortrijk,29,1995,8,7,629,7.0,1,0,1,1,0,0,2,0,0.5,0.5,0.3,0.8,6,38,11,0.14,0.0,0.14,0.14,0.14,0.08,0.04,0.12,0.08,0.12
4213,Marko Ilić,SRB,GK,Kortrijk,26,1998,5,5,425,4.7,0,0,0,0,0,0,0,0,0.0,0.0,0.0,0.0,0,0,0,0.0,0.0,0.0,0.0,0.0,0.0,0.0,0.0,0.0,0.0
4214,Atsuki Ito,JPN,MF,Gent,25,1998,25,21,1909,21.2,2,1,3,2,0,0,6,0,2.1,2.1,1.5,3.6,20,101,60,0.09,0.05,0.14,0.09,0.14,0.1,0.07,0.17,0.1,0.17
4215,Ryotaro Ito,JPN,MF,Sint-Truiden,26,1998,28,23,2009,22.3,2,3,5,2,0,0,0,0,2.9,2.9,3.8,6.6,29,133,83,0.09,0.13,0.22,0.09,0.22,0.13,0.17,0.3,0.13,0.3
4216,Franjo Ivanović,CRO,"FW,MF",Union SG,20,2003,24,22,1759,19.5,11,4,15,10,1,1,2,0,13.3,12.5,4.9,17.4,68,48,152,0.56,0.2,0.77,0.51,0.72,0.68,0.25,0.93,0.64,0.89
4217,Nordin Jackers,BEL,GK,Club Brugge,26,1997,1,0,31,0.3,0,0,0,0,0,0,0,0,0.0,0.0,0.0,0.0,0,0,0,0.0,0.0,0.0,0.0,0.0,0.0,0.0,0.0,0.0,0.0
4218,Vincent Janssen,NED,"FW,MF",Antwerp,30,1994,28,28,2488,27.6,10,6,16,10,0,1,8,0,8.8,8.0,4.2,12.2,27,87,134,0.36,0.22,0.58,0.36,0.58,0.33,0.16,0.49,0.3,0.46
4219,Wolke Janssens,BEL,DF,Sint-Truiden,29,1995,14,9,882,9.8,0,0,0,0,0,0,0,0,0.0,0.0,0.0,0.0,5,40,9,0.0,0.0,0.0,0.0,0.0,0.0,0.0,0.0,0.0,0.0
4220,Ardon Jashari,SUI,MF,Club Brugge,22,2002,25,21,1877,20.9,2,4,6,2,0,0,3,0,1.7,1.7,4.2,5.8,29,150,47,0.1,0.19,0.29,0.1,0.29,0.08,0.2,0.28,0.08,0.28
4221,Edisson Jordanov,BUL,DF,Westerlo,31,1993,4,0,73,0.8,0,0,0,0,0,0,0,0,0.0,0.0,0.0,0.0,3,3,8,0.0,0.0,0.0,0.0,0.0,0.0,0.05,0.05,0.0,0.05
4222,Simen Juklerød,NOR,"DF,FW",Sint-Truiden,30,1994,5,1,98,1.1,0,0,0,0,0,0,0,0,0.1,0.1,0.0,0.1,4,4,6,0.0,0.0,0.0,0.0,0.0,0.12,0.0,0.12,0.12,0.12
4223,Andreas Jungdal,DEN,GK,Westerlo,22,2002,8,8,720,8.0,0,0,0,0,0,0,0,0,0.0,0.0,0.0,0.0,0,1,0,0.0,0.0,0.0,0.0,0.0,0.0,0.0,0.0,0.0,0.0
4224,Heriberto Jurado,MEX,MF,Cercle Brugge,19,2005,1,0,1,0.0,0,0,0,0,0,0,0,0,0.0,0.0,0.0,0.0,0,0,0,0.0,0.0,0.0,0.0,0.0,0.0,0.0,0.0,0.0,0.0
4225,Ferran Jutglà,ESP,"FW,MF",Club Brugge,25,1999,27,9,1117,12.4,8,2,10,8,0,0,2,0,7.6,7.6,3.4,11.0,40,34,123,0.64,0.16,0.81,0.64,0.81,0.62,0.27,0.89,0.62,0.89
4226,Mathias Jørgensen,DEN,DF,Anderlecht,34,1990,17,16,1417,15.7,0,2,2,0,0,0,4,1,1.0,1.0,0.9,1.9,13,82,1,0.0,0.13,0.13,0.0,0.13,0.06,0.06,0.12,0.06,0.12
4227,Elton Kabangu,BEL,"FW,MF",Union SG,26,1998,7,1,122,1.4,0,0,0,0,0,0,0,0,0.1,0.1,0.1,0.2,2,2,13,0.0,0.0,0.0,0.0,0.0,0.07,0.09,0.16,0.07,0.16
4228,Abdelkahar Kadri,ALG,"MF,FW",Kortrijk,24,2000,23,19,1659,18.4,1,6,7,1,0,0,7,1,2.9,2.9,3.7,6.6,46,104,87,0.05,0.33,0.38,0.05,0.38,0.16,0.2,0.36,0.16,0.36
4229,Emmanuel Kakou,CIV,DF,Cercle Brugge,19,2005,17,14,1264,14.0,1,0,1,1,0,0,4,0,0.7,0.7,0.2,0.8,5,66,4,0.07,0.0,0.07,0.07,0.07,0.05,0.01,0.06,0.05,0.06
4230,Ismaël Kandouss,MAR,MF,Gent,26,1997,1,0,4,0.0,0,0,0,0,0,0,0,0,0.0,0.0,0.0,0.0,0,0,0,0.0,0.0,0.0,0.0,0.0,0.0,0.0,0.0,0.0,0.0
4231,Takuro Kaneko,JPN,"MF,FW",Kortrijk,27,1997,16,11,894,9.9,1,0,1,1,0,0,2,0,1.0,1.0,1.4,2.3,50,28,99,0.1,0.0,0.1,0.1,0.1,0.1,0.14,0.24,0.1,0.24
4232,Ibrahim Karamoko,FRA,MF,Standard Liège,23,2001,9,5,449,5.0,0,0,0,0,0,0,4,0,0.2,0.2,0.1,0.3,2,23,2,0.0,0.0,0.0,0.0,0.0,0.04,0.01,0.05,0.04,0.05
4233,Konstantinos Karetsas,GRE,MF,Genk,16,2007,25,14,1160,12.9,2,2,4,2,0,0,1,0,2.7,2.7,3.7,6.4,57,60,118,0.16,0.16,0.31,0.16,0.31,0.21,0.29,0.5,0.21,0.5
4234,Dermane Karim,TOG,"MF,FW",Kortrijk,20,2003,9,8,686,7.6,1,1,2,1,0,0,0,0,1.6,1.6,0.7,2.3,15,25,39,0.13,0.13,0.26,0.13,0.26,0.2,0.09,0.3,0.2,0.3
4235,Joris Kayembe,COD,DF,Genk,29,1994,29,27,2446,27.2,1,1,2,1,0,0,2,0,0.6,0.6,2.3,2.9,69,154,162,0.04,0.04,0.07,0.04,0.07,0.02,0.08,0.1,0.02,0.1
4236,Charly Keita,FRA,"FW,MF",Beerschot,25,1999,20,9,1004,11.2,1,1,2,1,0,0,2,0,3.7,3.7,0.4,4.1,15,12,44,0.09,0.09,0.18,0.09,0.18,0.36,0.04,0.4,0.36,0.4
4237,Check Keita,FRA,DF,Charleroi,21,2003,16,14,1187,13.2,0,0,0,0,0,0,6,1,0.4,0.4,0.2,0.5,4,31,3,0.0,0.0,0.0,0.0,0.0,0.03,0.01,0.04,0.03,0.04
4238,Mandela Keita,BEL,"MF,DF",Antwerp,22,2002,5,2,238,2.6,0,0,0,0,0,0,0,0,0.0,0.0,0.1,0.1,6,16,1,0.0,0.0,0.0,0.0,0.0,0.0,0.02,0.02,0.0,0.02
4239,Gyrano Kerk,SUR,"FW,MF",Antwerp,28,1995,29,28,2327,25.9,5,4,9,5,0,0,3,0,5.7,5.7,3.0,8.6,74,79,226,0.19,0.15,0.35,0.19,0.35,0.22,0.11,0.33,0.22,0.33
4240,Anan Khalaili,ISR,"DF,FW",Union SG,19,2004,24,16,1500,16.7,1,2,3,1,0,0,4,0,2.9,2.9,4.9,7.8,55,71,122,0.06,0.12,0.18,0.06,0.18,0.18,0.29,0.47,0.18,0.47
4241,Bilal El Khannouss,MAR,MF,Genk,20,2004,1,1,68,0.8,0,1,1,0,0,0,0,0,0.1,0.1,0.1,0.2,0,6,2,0.0,1.32,1.32,0.0,1.32,0.15,0.15,0.3,0.15,0.3
4242,Mads Kikkenborg,DEN,GK,Anderlecht,24,1999,2,2,180,2.0,0,0,0,0,0,0,0,0,0.0,0.0,0.0,0.0,0,0,0,0.0,0.0,0.0,0.0,0.0,0.0,0.0,0.0,0.0,0.0
4243,Leo Kokubo,JPN,GK,Sint-Truiden,23,2001,27,27,2430,27.0,0,0,0,0,0,0,2,0,0.0,0.0,0.1,0.1,0,0,0,0.0,0.0,0.0,0.0,0.0,0.0,0.0,0.0,0.0,0.0
4244,Hiiro komori,JPN,"MF,FW",Sint-Truiden,23,2000,4,0,17,0.2,0,0,0,0,0,0,0,0,0.0,0.0,0.0,0.0,1,0,1,0.0,0.0,0.0,0.0,0.0,0.0,0.0,0.0,0.0,0.0
4245,Mory Konaté,GUI,"DF,MF",Mechelen,30,1993,3,1,123,1.4,0,0,0,0,0,0,1,0,0.0,0.0,0.0,0.0,0,4,1,0.0,0.0,0.0,0.0,0.0,0.0,0.0,0.0,0.0,0.0
4246,Mohamed Koné,CIV,GK,Charleroi,22,2002,21,21,1890,21.0,0,0,0,0,0,0,2,0,0.0,0.0,0.0,0.0,0,4,0,0.0,0.0,0.0,0.0,0.0,0.0,0.0,0.0,0.0,0.0
4247,Josué Kongolo,BEL,DF,Genk,18,2006,4,1,76,0.8,0,0,0,0,0,0,0,0,0.0,0.0,0.1,0.1,0,5,0,0.0,0.0,0.0,0.0,0.0,0.0,0.12,0.12,0.0,0.12
4248,Tolis Konstantopoulos,GRE,DF,Beerschot,21,2002,26,23,2162,24.0,0,0,0,0,0,0,4,0,0.7,0.7,0.6,1.2,19,97,15,0.0,0.0,0.0,0.0,0.0,0.03,0.02,0.05,0.03,0.05
4249,Ayouba Kosiah,LBR,"FW,DF",Beerschot,23,2001,16,5,535,5.9,1,0,1,1,0,0,2,0,1.9,1.9,0.3,2.2,4,7,22,0.17,0.0,0.17,0.17,0.17,0.32,0.05,0.37,0.32,0.37
4250,Koen Kostons,NED,"FW,MF",Kortrijk,24,1999,7,3,261,2.9,0,1,1,0,0,0,1,0,0.3,0.3,0.7,1.0,4,6,21,0.0,0.34,0.34,0.0,0.34,0.1,0.23,0.33,0.1,0.33
4251,Samuel Kotto,CMR,DF,Gent,20,2003,4,3,304,3.4,0,0,0,0,0,0,0,0,0.0,0.0,0.1,0.1,3,10,2,0.0,0.0,0.0,0.0,0.0,0.0,0.02,0.02,0.0,0.02
4252,Florian Krüger,GER,FW,Beerschot,25,1999,6,1,128,1.4,0,0,0,0,0,0,0,0,0.2,0.2,0.0,0.2,0,3,10,0.0,0.0,0.0,0.0,0.0,0.16,0.02,0.18,0.16,0.18
4253,Léandre Kuavita,BEL,MF,Standard Liège,20,2004,30,23,1855,20.6,1,0,1,1,0,0,1,0,2.1,2.1,0.6,2.7,23,60,72,0.05,0.0,0.05,0.05,0.05,0.1,0.03,0.13,0.1,0.13
4254,Sven Kums,BEL,MF,Gent,36,1988,20,9,892,9.9,2,0,2,2,0,0,2,0,1.0,1.0,2.8,3.7,17,83,38,0.2,0.0,0.2,0.2,0.2,0.1,0.28,0.37,0.1,0.37
4255,Hasan Kuruçay,TUR,DF,OH Leuven,26,1997,18,17,1555,17.3,1,0,1,1,0,0,5,1,0.6,0.6,0.3,0.9,9,54,2,0.06,0.0,0.06,0.06,0.06,0.04,0.02,0.05,0.04,0.05
4256,Roman Květ,CZE,MF,Dender,26,1997,28,24,1903,21.1,4,1,5,4,0,0,5,1,2.4,2.4,1.8,4.2,29,87,120,0.19,0.05,0.24,0.19,0.24,0.11,0.09,0.2,0.11,0.2
4257,Grejohn Kyei,FRA,FW,Charleroi,28,1995,11,5,373,4.1,1,0,1,1,0,0,0,0,1.9,1.9,0.2,2.1,2,7,34,0.24,0.0,0.24,0.24,0.24,0.46,0.05,0.51,0.46,0.51
4258,Grejohn Kyei,FRA,"FW,MF",Standard Liège,28,1995,6,2,213,2.4,0,0,0,0,0,0,0,0,0.3,0.3,0.5,0.8,4,5,16,0.0,0.0,0.0,0.0,0.0,0.12,0.23,0.36,0.12,0.36
4259,Rajiv van La Parra,NED,"MF,FW",Beerschot,33,1991,6,5,467,5.2,0,0,0,0,0,0,1,0,2.0,2.0,0.5,2.5,35,16,58,0.0,0.0,0.0,0.0,0.0,0.38,0.1,0.47,0.38,0.47
4260,Bram Lagae,BEL,DF,Kortrijk,20,2004,19,19,1665,18.5,0,0,0,0,0,0,5,0,0.7,0.7,0.8,1.4,11,81,11,0.0,0.0,0.0,0.0,0.0,0.04,0.04,0.08,0.04,0.08
4261,Hugo Lambotte,BEL,MF,Sint-Truiden,18,2006,2,0,36,0.4,0,0,0,0,0,0,0,0,0.0,0.0,0.0,0.0,0,2,3,0.0,0.0,0.0,0.0,0.0,0.0,0.0,0.0,0.0,0.0
4262,Mohamed Lamine Bayo,GUI,FW,Antwerp,26,1998,6,3,248,2.8,0,1,1,0,0,0,0,0,1.2,1.2,0.4,1.6,2,8,19,0.0,0.36,0.36,0.0,0.36,0.42,0.15,0.57,0.42,0.57
4263,Didier Lamkel Zé,CMR,FW,Sint-Truiden,27,1996,9,7,641,7.1,4,0,4,3,1,2,4,0,4.3,2.6,0.4,3.0,12,20,64,0.56,0.0,0.56,0.42,0.42,0.61,0.05,0.66,0.37,0.43
4264,Senne Lammens,BEL,GK,Antwerp,22,2002,30,30,2700,30.0,0,0,0,0,0,0,0,0,0.0,0.0,0.0,0.0,0,0,0,0.0,0.0,0.0,0.0,0.0,0.0,0.0,0.0,0.0,0.0
4265,Amando Lapage,BEL,DF,Anderlecht,19,2004,2,1,96,1.1,0,0,0,0,0,0,0,0,0.0,0.0,0.0,0.0,1,6,1,0.0,0.0,0.0,0.0,0.0,0.0,0.0,0.0,0.0,0.0
4266,Amando Lapage,BEL,DF,Westerlo,19,2004,1,0,27,0.3,0,0,0,0,0,0,0,0,0.0,0.0,0.0,0.0,0,2,0,0.0,0.0,0.0,0.0,0.0,0.0,0.0,0.0,0.0,0.0
4267,Loïc Lapoussin,MAD,"MF,DF",Sint-Truiden,28,1996,6,6,506,5.6,1,2,3,1,0,0,1,0,1.8,1.8,0.9,2.7,24,45,38,0.18,0.36,0.53,0.18,0.53,0.32,0.17,0.48,0.32,0.48
4268,Loïc Lapoussin,MAD,DF,Union SG,28,1996,6,6,532,5.9,1,1,2,1,0,0,1,0,0.8,0.8,1.7,2.5,19,47,33,0.17,0.17,0.34,0.17,0.34,0.14,0.28,0.42,0.14,0.42
4269,Lion Lauberbach,GER,FW,Mechelen,26,1998,25,15,1379,15.3,3,2,5,3,0,0,4,0,6.6,6.6,2.3,8.9,30,26,100,0.2,0.13,0.33,0.2,0.33,0.43,0.15,0.58,0.43,0.58
4270,Henry Lawrence,ENG,DF,Standard Liège,22,2001,26,24,2075,23.1,0,0,0,0,0,0,4,1,0.2,0.2,0.7,0.9,21,74,19,0.0,0.0,0.0,0.0,0.0,0.01,0.03,0.04,0.01,0.04
4271,Theo Leoni,BEL,"MF,DF",Anderlecht,24,2000,22,16,1359,15.1,2,0,2,2,0,0,2,0,1.8,1.8,1.9,3.8,12,91,46,0.13,0.0,0.13,0.13,0.13,0.12,0.13,0.25,0.12,0.25
4272,Fedde Leysen,BEL,DF,Union SG,21,2003,23,16,1562,17.4,0,0,0,0,0,0,4,0,0.8,0.8,0.8,1.6,13,114,12,0.0,0.0,0.0,0.0,0.0,0.05,0.05,0.09,0.05,0.09
4273,Tobe Leysen,BEL,GK,OH Leuven,22,2002,29,29,2610,29.0,0,0,0,0,0,0,3,0,0.0,0.0,0.2,0.2,0,1,0,0.0,0.0,0.0,0.0,0.0,0.0,0.01,0.01,0.0,0.01
4274,Jonas Lietaert,BEL,DF,Cercle Brugge,20,2004,2,0,58,0.6,0,0,0,0,0,0,0,0,0.0,0.0,0.0,0.0,0,3,4,0.0,0.0,0.0,0.0,0.0,0.0,0.0,0.0,0.0,0.0
4275,Kilian Lokembo,BEL,DF,Standard Liège,22,2002,1,0,3,0.0,0,0,0,0,0,0,0,0,0.0,0.0,0.0,0.0,0,0,0,0.0,0.0,0.0,0.0,0.0,0.0,0.0,0.0,0.0,0.0
4276,Ridwane M'Barki,BEL,"DF,MF",Dender,30,1994,7,0,148,1.6,0,0,0,0,0,0,1,0,0.0,0.0,0.0,0.0,8,3,11,0.0,0.0,0.0,0.0,0.0,0.0,0.0,0.0,0.0,0.0
4277,Ali Maamar,MAR,"DF,MF",Anderlecht,19,2005,6,5,425,4.7,0,0,0,0,0,0,2,0,0.2,0.2,0.0,0.2,11,13,21,0.0,0.0,0.0,0.0,0.0,0.05,0.0,0.05,0.05,0.05
4278,Kevin Mac Allister,ARG,DF,Union SG,26,1997,26,23,2030,22.6,2,0,2,2,0,0,9,1,1.3,1.3,0.5,1.8,10,118,15,0.09,0.0,0.09,0.09,0.09,0.06,0.02,0.08,0.06,0.08
4279,Koki Machida,JPN,DF,Union SG,26,1997,25,22,1886,21.0,0,0,0,0,0,0,3,1,0.6,0.6,0.5,1.1,18,124,20,0.0,0.0,0.0,0.0,0.0,0.03,0.03,0.05,0.03,0.05
4280,Nicolas Madsen,DEN,MF,Westerlo,24,2000,4,4,356,4.0,1,1,2,0,1,1,0,0,1.0,0.2,0.6,0.8,5,25,17,0.25,0.25,0.51,0.0,0.25,0.25,0.16,0.41,0.05,0.21
4281,Mathieu Maertens,BEL,"FW,MF",OH Leuven,29,1995,12,11,774,8.6,1,1,2,1,0,0,1,0,1.4,1.4,0.9,2.3,6,19,41,0.12,0.12,0.23,0.12,0.23,0.17,0.1,0.27,0.17,0.27
4282,Gary Magnée,BEL,"DF,MF",Cercle Brugge,24,1999,25,22,1726,19.2,0,3,3,0,0,0,0,1,0.9,0.9,3.3,4.2,40,77,75,0.0,0.16,0.16,0.0,0.16,0.04,0.17,0.22,0.04,0.22
4283,Mark Mampasi,UKR,DF,Kortrijk,21,2003,14,12,1038,11.5,1,0,1,1,0,0,4,1,0.8,0.8,0.0,0.9,6,41,1,0.09,0.0,0.09,0.09,0.09,0.07,0.0,0.08,0.07,0.08
4284,José Marsà,ESP,DF,Mechelen,22,2002,29,28,2269,25.2,0,0,0,0,0,0,4,0,0.4,0.4,1.1,1.6,38,110,51,0.0,0.0,0.0,0.0,0.0,0.02,0.04,0.06,0.02,0.06
4285,Ar'jany Martha,NED,"MF,FW",Beerschot,20,2003,16,6,585,6.5,0,1,1,0,0,0,1,0,0.2,0.2,0.1,0.3,5,21,31,0.0,0.15,0.15,0.0,0.15,0.03,0.02,0.05,0.03,0.05
4286,Kéres Masangu,BEL,DF,Dender,24,2000,3,0,6,0.1,0,0,0,0,0,0,1,0,0.0,0.0,0.0,0.0,0,1,0,0.0,0.0,0.0,0.0,0.0,0.0,0.0,0.0,0.0,0.0
4287,Davor Matijas,CRO,GK,Beerschot,24,1999,10,9,852,9.5,0,0,0,0,0,0,2,0,0.0,0.0,0.0,0.0,0,2,0,0.0,0.0,0.0,0.0,0.0,0.0,0.0,0.0,0.0,0.0
4288,Hervé Matthys,BEL,DF,Beerschot,28,1996,11,11,907,10.1,1,1,2,0,1,1,1,0,0.9,0.1,0.3,0.4,3,18,3,0.1,0.1,0.2,0.0,0.1,0.09,0.03,0.13,0.01,0.04
4289,Noam Mayoka-Tika,BEL,MF,Charleroi,20,2003,1,0,9,0.1,0,0,0,0,0,0,0,0,0.0,0.0,0.0,0.0,0,1,0,0.0,0.0,0.0,0.0,0.0,0.15,0.0,0.15,0.15,0.15
4290,Youssef Maziz,FRA,"MF,FW",OH Leuven,26,1998,30,17,1423,15.8,3,1,4,3,0,0,4,0,3.4,3.4,2.0,5.4,46,78,70,0.19,0.06,0.25,0.19,0.25,0.22,0.13,0.34,0.22,0.34
4291,Jay-David Mbalanda,FRA,FW,Sint-Truiden,17,2007,3,0,19,0.2,0,0,0,0,0,0,1,0,0.0,0.0,0.0,0.0,0,1,5,0.0,0.0,0.0,0.0,0.0,0.23,0.0,0.23,0.23,0.23
4292,Noah Mbamba,BEL,MF,Dender,19,2005,6,2,199,2.2,0,0,0,0,0,0,0,0,0.3,0.3,0.6,0.9,5,5,9,0.0,0.0,0.0,0.0,0.0,0.12,0.27,0.39,0.12,0.39
4293,Loïc Mbe Soh,FRA,DF,Beerschot,23,2001,22,22,1980,22.0,1,0,1,1,0,0,1,0,1.0,0.8,0.5,1.3,8,68,8,0.05,0.0,0.05,0.05,0.05,0.05,0.02,0.07,0.04,0.06
4294,Isaac Mbenza,BEL,FW,Charleroi,28,1996,28,9,925,10.3,3,1,4,3,0,0,1,0,1.6,1.6,3.5,5.0,33,28,108,0.29,0.1,0.39,0.29,0.39,0.15,0.34,0.49,0.15,0.49
4295,Mark McKenzie,USA,FW,Genk,25,1999,1,0,1,0.0,0,0,0,0,0,0,0,0,0.0,0.0,0.0,0.0,0,0,0,0.0,0.0,0.0,0.0,0.0,0.0,0.0,0.0,0.0,0.0
4296,Dire Mebude,SCO,FW,Westerlo,20,2004,17,7,680,7.6,2,1,3,2,0,0,1,0,2.7,2.7,1.6,4.3,21,26,57,0.26,0.13,0.4,0.26,0.4,0.35,0.22,0.57,0.35,0.57
4297,Brandon Mechele,BEL,DF,Club Brugge,31,1993,30,30,2700,30.0,3,1,4,3,0,0,2,0,1.3,1.3,1.3,2.6,23,158,6,0.1,0.03,0.13,0.1,0.13,0.04,0.04,0.09,0.04,0.09
4298,Nayel Mehssatou,CHI,"MF,DF",Kortrijk,22,2002,29,25,2266,25.2,0,2,2,0,0,0,3,0,1.0,1.0,3.3,4.3,34,133,55,0.0,0.08,0.08,0.0,0.08,0.04,0.13,0.17,0.04,0.17
4299,Bjorn Meijer,NED,DF,Club Brugge,21,2003,5,3,235,2.6,0,2,2,0,0,0,0,0,1.0,1.0,1.7,2.7,10,13,37,0.0,0.77,0.77,0.0,0.77,0.38,0.65,1.03,0.38,1.03
4300,Hamza Mendyl,MAR,DF,OH Leuven,26,1997,12,6,581,6.5,0,1,1,0,0,0,1,0,0.1,0.1,0.4,0.5,21,20,31,0.0,0.15,0.15,0.0,0.15,0.02,0.06,0.08,0.02,0.08
4301,Billal Messaoudi,ALG,FW,Kortrijk,26,1997,15,6,625,6.9,0,0,0,0,0,0,4,0,2.2,2.2,0.1,2.3,9,11,50,0.0,0.0,0.0,0.0,0.0,0.32,0.01,0.33,0.32,0.33
4302,Senna Miangue,BEL,DF,Cercle Brugge,27,1997,16,7,802,8.9,0,0,0,0,0,0,5,0,0.5,0.5,0.1,0.6,3,49,2,0.0,0.0,0.0,0.0,0.0,0.06,0.01,0.07,0.06,0.07
4303,Simion Michez,BEL,"DF,MF",Beerschot,22,2002,6,6,483,5.4,2,1,3,2,0,0,2,0,0.7,0.7,0.3,1.0,12,9,29,0.37,0.19,0.56,0.37,0.56,0.13,0.06,0.19,0.13,0.19
4304,Simon Mignolet,BEL,GK,Club Brugge,36,1988,30,30,2669,29.7,0,0,0,0,0,0,2,0,0.0,0.0,0.0,0.0,0,4,0,0.0,0.0,0.0,0.0,0.0,0.0,0.0,0.0,0.0,0.0
4305,Jovan Mijatović,SRB,"FW,MF",OH Leuven,19,2005,5,1,132,1.5,1,0,1,1,0,0,1,0,0.5,0.5,0.0,0.6,1,3,6,0.68,0.0,0.68,0.68,0.68,0.35,0.03,0.38,0.35,0.38
4306,Alan Minda,ECU,"FW,MF",Cercle Brugge,21,2003,26,14,1303,14.5,1,1,2,1,0,0,1,0,2.7,2.7,2.3,5.0,49,31,112,0.07,0.07,0.14,0.07,0.14,0.19,0.16,0.34,0.19,0.34
4307,David Mindombe,BEL,DF,Sint-Truiden,23,2001,1,1,90,1.0,0,0,0,0,0,0,0,0,0.0,0.0,0.0,0.0,0,0,0,0.0,0.0,0.0,0.0,0.0,0.0,0.0,0.0,0.0,0.0
4308,Stefan Mitrović,SRB,"FW,MF",OH Leuven,21,2002,20,15,1260,14.0,2,1,3,2,0,0,1,0,2.7,2.7,1.1,3.8,47,40,100,0.14,0.07,0.21,0.14,0.21,0.19,0.08,0.27,0.19,0.27
4309,Stefan Mitrović,SRB,DF,Gent,34,1990,17,13,1252,13.9,0,0,0,0,0,0,4,0,0.2,0.2,0.0,0.2,9,56,1,0.0,0.0,0.0,0.0,0.0,0.01,0.0,0.01,0.01,0.01
4310,Anthony Moris,LUX,GK,Union SG,34,1990,30,30,2700,30.0,0,0,0,0,0,0,2,0,0.0,0.0,0.3,0.3,0,0,0,0.0,0.0,0.0,0.0,0.0,0.0,0.01,0.01,0.0,0.01
4311,Kerim Mrabti,SWE,"MF,FW",Mechelen,30,1994,27,25,2010,22.3,2,2,4,1,1,2,6,0,2.9,1.3,2.9,4.3,18,96,78,0.09,0.09,0.18,0.04,0.13,0.13,0.13,0.26,0.06,0.19
4312,Suphanat Mueanta,THA,"FW,MF",OH Leuven,21,2002,2,1,61,0.7,0,0,0,0,0,0,0,0,0.0,0.0,0.0,0.0,0,1,5,0.0,0.0,0.0,0.0,0.0,0.0,0.02,0.02,0.0,0.02
4313,Visar Musliu,MKD,DF,Sint-Truiden,29,1994,3,2,189,2.1,0,0,0,0,0,0,2,0,0.0,0.0,0.0,0.0,0,4,0,0.0,0.0,0.0,0.0,0.0,0.0,0.0,0.0,0.0,0.0
4314,Moussa N'Diaye,SEN,DF,Anderlecht,22,2002,22,20,1611,17.9,0,0,0,0,0,0,6,1,0.3,0.3,0.4,0.7,47,127,56,0.0,0.0,0.0,0.0,0.0,0.02,0.02,0.04,0.02,0.04
4315,Konan N'dri,CIV,"FW,MF",OH Leuven,23,2000,24,17,1587,17.6,3,2,5,3,0,0,2,0,2.5,2.5,3.2,5.8,86,40,145,0.17,0.11,0.28,0.17,0.28,0.14,0.18,0.33,0.14,0.33
4316,Flávio Nazinho,POR,DF,Cercle Brugge,21,2003,22,11,1172,13.0,1,4,5,1,0,0,6,0,0.7,0.7,4.0,4.7,28,72,58,0.08,0.31,0.38,0.08,0.38,0.05,0.31,0.36,0.05,0.36
4317,James Ndjeungoue,CMR,DF,Kortrijk,21,2003,4,2,222,2.5,0,0,0,0,0,0,0,1,0.1,0.1,0.0,0.1,1,10,1,0.0,0.0,0.0,0.0,0.0,0.05,0.01,0.06,0.05,0.06
4318,Roman Neustädter,RUS,DF,Westerlo,36,1988,17,16,1441,16.0,1,0,1,1,0,0,2,0,0.8,0.8,0.0,0.8,4,50,0,0.06,0.0,0.06,0.06,0.06,0.05,0.0,0.05,0.05,0.05
4319,Steve Ngoura,FRA,FW,Cercle Brugge,19,2005,2,0,23,0.3,0,0,0,0,0,0,0,0,0.1,0.1,0.0,0.2,1,1,4,0.0,0.0,0.0,0.0,0.0,0.52,0.19,0.72,0.52,0.72
4320,Julien Ngoy,BEL,FW,Mechelen,26,1997,8,1,119,1.3,0,0,0,0,0,0,1,0,0.7,0.7,0.5,1.2,5,2,9,0.0,0.0,0.0,0.0,0.0,0.49,0.38,0.87,0.49,0.87
4321,Nathan Ngoy,BEL,DF,Standard Liège,21,2003,6,4,359,4.0,0,0,0,0,0,0,1,0,0.3,0.3,0.0,0.3,8,21,2,0.0,0.0,0.0,0.0,0.0,0.07,0.0,0.07,0.07,0.07
4322,Adam Nhaili,BEL,"FW,MF",Sint-Truiden,18,2005,8,1,204,2.3,0,1,1,0,0,0,0,0,0.1,0.1,0.3,0.4,6,7,11,0.0,0.44,0.44,0.0,0.44,0.03,0.13,0.16,0.03,0.16
4323,Ousseynou Niang,SEN,"DF,FW",Union SG,22,2001,18,12,1060,11.8,2,0,2,2,0,0,5,0,1.0,1.0,0.7,1.7,38,42,91,0.17,0.0,0.17,0.17,0.17,0.08,0.06,0.15,0.08,0.15
4324,Casper Nielsen,DEN,MF,Club Brugge,30,1994,14,5,504,5.6,0,1,1,0,0,0,0,0,0.6,0.6,0.9,1.6,10,32,46,0.0,0.18,0.18,0.0,0.18,0.11,0.17,0.28,0.11,0.28
4325,Gustaf Nilsson,SWE,FW,Club Brugge,27,1997,22,18,1551,17.2,9,5,14,7,2,2,2,0,11.7,10.1,2.3,12.4,18,24,104,0.52,0.29,0.81,0.41,0.7,0.68,0.13,0.81,0.59,0.72
4326,Ken Nkuba,BEL,"DF,MF",Genk,22,2002,16,5,463,5.1,0,1,1,0,0,0,3,0,0.9,0.9,0.6,1.5,16,17,34,0.0,0.19,0.19,0.0,0.19,0.17,0.12,0.29,0.17,0.29
4327,Petter Nosa Dahl,NOR,"MF,FW",Mechelen,21,2003,19,3,458,5.1,1,1,2,1,0,0,1,0,1.5,1.5,1.0,2.5,24,18,67,0.2,0.2,0.39,0.2,0.39,0.3,0.2,0.5,0.3,0.5
4328,Lucas Noubi,BEL,DF,Standard Liège,19,2005,2,1,137,1.5,0,0,0,0,0,0,0,0,0.0,0.0,0.0,0.0,1,5,0,0.0,0.0,0.0,0.0,0.0,0.0,0.0,0.0,0.0,0.0
4329,Bruny Nsimba,BEL,FW,Dender,24,2000,29,21,1933,21.5,6,2,8,4,2,2,6,1,6.9,5.3,2.1,7.4,45,57,152,0.28,0.09,0.37,0.19,0.28,0.32,0.1,0.42,0.25,0.35
4330,Erick Nunes,BRA,"MF,DF",Cercle Brugge,20,2004,27,22,1540,17.1,0,2,2,0,0,0,3,0,1.7,1.7,1.7,3.4,30,54,89,0.0,0.12,0.12,0.0,0.12,0.1,0.1,0.2,0.1,0.2
4331,Antonio Nusa,NOR,"FW,MF",Club Brugge,19,2005,3,2,162,1.8,0,1,1,0,0,0,0,0,0.2,0.2,1.1,1.3,11,6,24,0.0,0.56,0.56,0.0,0.56,0.14,0.6,0.73,0.14,0.73
4332,Mardochee Nzita,BEL,DF,Charleroi,24,2000,14,5,561,6.2,0,0,0,0,0,0,2,0,0.2,0.2,0.8,1.0,21,32,38,0.0,0.0,0.0,0.0,0.0,0.03,0.13,0.16,0.03,0.16
4333,Aiden O'Neill,AUS,MF,Standard Liège,26,1998,25,24,2165,24.1,0,1,1,0,0,0,7,1,0.8,0.8,1.1,2.0,13,85,11,0.0,0.04,0.04,0.0,0.04,0.03,0.05,0.08,0.03,0.08
4334,Denis Odoi,GHA,"MF,DF",Antwerp,36,1988,18,16,1438,16.0,1,2,3,1,0,0,9,1,1.1,1.1,1.1,2.1,22,75,40,0.06,0.13,0.19,0.06,0.19,0.07,0.07,0.13,0.07,0.13
4335,Ryoya Ogawa,JPN,"DF,MF",Sint-Truiden,27,1996,29,28,2449,27.2,2,4,6,2,0,0,3,0,1.6,1.6,3.6,5.2,46,98,146,0.07,0.15,0.22,0.07,0.22,0.06,0.13,0.19,0.06,0.19
4336,Ayumu Ohata,JPN,DF,OH Leuven,23,2001,2,0,57,0.6,0,0,0,0,0,0,0,0,0.0,0.0,0.1,0.1,0,1,2,0.0,0.0,0.0,0.0,0.0,0.0,0.14,0.14,0.0,0.14
4337,Kazeem Olaigbe,BEL,"MF,FW",Cercle Brugge,21,2003,19,10,902,10.0,3,0,3,2,1,1,1,0,3.3,2.5,1.6,4.1,54,20,91,0.3,0.0,0.3,0.2,0.2,0.33,0.16,0.49,0.25,0.41
4338,Aimé Omgba,NED,"MF,FW",Gent,21,2002,3,0,54,0.6,1,0,1,1,0,0,0,0,0.6,0.6,0.0,0.6,3,5,5,1.67,0.0,1.67,1.67,1.67,0.93,0.03,0.97,0.93,0.97
4339,Takuma Ominami,JPN,DF,OH Leuven,26,1997,19,14,1330,14.8,0,0,0,0,0,0,2,0,0.6,0.6,0.0,0.6,5,28,3,0.0,0.0,0.0,0.0,0.0,0.04,0.0,0.04,0.04,0.04
4340,Jacob Ondrejka,SWE,FW,Antwerp,21,2002,22,17,1509,16.8,7,4,11,7,0,1,2,0,3.9,3.0,3.9,6.9,42,64,142,0.42,0.24,0.66,0.42,0.66,0.25,0.25,0.49,0.19,0.43
4341,Raphael Onyedika,NGA,MF,Club Brugge,23,2001,25,21,1683,18.7,1,1,2,1,0,0,1,1,1.1,1.1,1.0,2.1,7,87,23,0.05,0.05,0.11,0.05,0.11,0.06,0.05,0.11,0.06,0.11
4342,Davis Opoku,BEL,"FW,DF",OH Leuven,16,2007,1,0,2,0.0,0,0,0,0,0,0,0,0,0.0,0.0,0.0,0.0,0,2,1,0.0,0.0,0.0,0.0,0.0,0.0,0.0,0.0,0.0,0.0
4343,Ragnar Oratmangoen,IDN,MF,Dender,26,1998,20,11,1012,11.2,1,0,1,1,0,0,1,0,1.3,1.3,0.8,2.1,20,50,63,0.09,0.0,0.09,0.09,0.09,0.11,0.07,0.18,0.11,0.18
4344,Joel Ordóñez,ECU,DF,Club Brugge,20,2004,23,20,1729,19.2,1,0,1,1,0,0,4,0,1.4,1.4,0.4,1.8,13,97,1,0.05,0.0,0.05,0.05,0.05,0.07,0.02,0.09,0.07,0.09
4345,Emir Ortakaya,TUR,DF,Westerlo,20,2004,3,1,153,1.7,0,0,0,0,0,0,1,0,0.0,0.0,0.0,0.0,0,3,0,0.0,0.0,0.0,0.0,0.0,0.0,0.0,0.0,0.0,0.0
4346,Manuel Osifo,BEL,DF,OH Leuven,21,2003,14,8,720,8.0,0,1,1,0,0,0,2,0,0.1,0.1,0.5,0.6,19,28,12,0.0,0.12,0.12,0.0,0.12,0.02,0.06,0.08,0.02,0.08
4347,Zakaria El Ouahdi,MAR,DF,Genk,22,2001,27,26,2308,25.6,3,1,4,3,0,0,5,0,3.3,3.3,3.2,6.4,47,116,135,0.12,0.04,0.16,0.12,0.16,0.13,0.12,0.25,0.13,0.25
4348,Aziz Ouattara,CIV,MF,Mechelen,23,2001,26,19,1561,17.3,0,0,0,0,0,0,7,0,0.8,0.8,0.9,1.7,12,54,8,0.0,0.0,0.0,0.0,0.0,0.05,0.05,0.1,0.05,0.1
4349,Kader Ouattara,BFA,"MF,FW",Cercle Brugge,19,2005,8,2,283,3.1,2,0,2,2,0,0,1,0,2.0,2.0,0.2,2.2,5,1,33,0.64,0.0,0.64,0.64,0.64,0.63,0.07,0.7,0.63,0.7
4350,Aiham Ousou,SYR,DF,Charleroi,24,2000,26,22,2020,22.4,0,0,0,0,0,0,3,0,0.9,0.9,0.1,1.0,14,62,5,0.0,0.0,0.0,0.0,0.0,0.04,0.0,0.04,0.04,0.04
4351,Luca Oyen,BEL,FW,Genk,21,2003,2,0,4,0.0,0,0,0,0,0,0,0,0,0.0,0.0,0.0,0.0,0,0,0,0.0,0.0,0.0,0.0,0.0,0.0,0.0,0.0,0.0,0.0
4352,Louis Patris,BEL,DF,Anderlecht,23,2001,1,0,1,0.0,0,0,0,0,0,0,0,0,0.0,0.0,0.0,0.0,0,0,0,0.0,0.0,0.0,0.0,0.0,0.0,0.0,0.0,0.0,0.0
4353,Louis Patris,BEL,"DF,MF",Sint-Truiden,23,2001,23,18,1679,18.7,0,5,5,0,0,0,7,0,1.9,1.9,3.5,5.4,33,73,111,0.0,0.27,0.27,0.0,0.27,0.1,0.19,0.29,0.1,0.29
4354,Mike Penders,BEL,GK,Genk,19,2005,11,11,989,11.0,0,0,0,0,0,0,2,1,0.0,0.0,0.0,0.0,0,1,0,0.0,0.0,0.0,0.0,0.0,0.0,0.0,0.0,0.0,0.0
4355,Lucas Perrin,FRA,DF,Cercle Brugge,25,1998,6,5,494,5.5,0,0,0,0,0,0,2,0,0.2,0.2,0.1,0.3,6,28,15,0.0,0.0,0.0,0.0,0.0,0.04,0.02,0.06,0.04,0.06
4356,Jérémy Pétris,FRA,"DF,FW",Charleroi,26,1998,27,26,2290,25.4,0,2,2,0,0,0,6,0,0.7,0.7,2.6,3.3,86,92,157,0.0,0.08,0.08,0.0,0.08,0.03,0.1,0.13,0.03,0.13
4357,Patrick Pflücke,GER,"DF,MF",Mechelen,27,1996,23,18,1472,16.4,4,4,8,3,1,1,1,0,4.6,3.9,3.4,7.2,41,66,129,0.24,0.24,0.49,0.18,0.43,0.28,0.21,0.49,0.24,0.44
4358,Arthur Piedfort,BEL,MF,Westerlo,19,2005,20,18,1390,15.4,0,1,1,0,0,0,3,0,0.9,0.9,1.3,2.2,22,43,48,0.0,0.06,0.06,0.0,0.06,0.06,0.08,0.14,0.06,0.14
4359,Lucas Pirard,BEL,GK,Kortrijk,29,1995,7,5,543,6.0,0,0,0,0,0,0,2,0,0.0,0.0,0.0,0.0,0,0,0,0.0,0.0,0.0,0.0,0.0,0.0,0.0,0.0,0.0,0.0
4360,Brian Plat,NED,DF,Beerschot,24,2000,26,25,2091,23.2,0,0,0,0,0,0,5,1,0.4,0.4,0.5,0.8,21,57,45,0.0,0.0,0.0,0.0,0.0,0.02,0.02,0.04,0.02,0.04
4361,Ewoud Pletinckx,BEL,DF,OH Leuven,23,2000,11,9,831,9.2,1,1,2,1,0,0,1,0,0.3,0.3,0.3,0.6,0,12,2,0.11,0.11,0.22,0.11,0.22,0.04,0.03,0.07,0.04,0.07
4362,Boris Popović,SRB,DF,Cercle Brugge,24,2000,2,2,158,1.8,0,0,0,0,0,0,1,0,0.2,0.2,0.1,0.3,1,11,1,0.0,0.0,0.0,0.0,0.0,0.09,0.06,0.15,0.09,0.15
4363,Dennis Praet,BEL,MF,Antwerp,30,1994,16,9,830,9.2,0,1,1,0,0,0,0,0,0.7,0.7,0.7,1.4,11,46,41,0.0,0.11,0.11,0.0,0.11,0.08,0.08,0.15,0.08,0.15
4364,Maxence Prevot,FRA,GK,OH Leuven,27,1997,1,1,90,1.0,0,0,0,0,0,0,0,0,0.0,0.0,0.0,0.0,0,0,0,0.0,0.0,0.0,0.0,0.0,0.0,0.0,0.0,0.0,0.0
4365,Isaac Price,NIR,MF,Standard Liège,20,2003,22,19,1768,19.6,0,0,0,0,0,0,3,0,3.9,3.9,3.1,7.0,35,87,90,0.0,0.0,0.0,0.0,0.0,0.2,0.16,0.36,0.2,0.36
4366,Cameron Puertas,SUI,MF,Union SG,25,1998,3,2,201,2.2,1,0,1,1,0,0,1,0,1.2,1.2,0.5,1.7,9,16,20,0.45,0.0,0.45,0.45,0.45,0.52,0.23,0.75,0.52,0.75
4367,Joedrick Pupe,BEL,DF,Dender,27,1997,25,24,2172,24.1,0,5,5,0,0,0,8,0,0.9,0.9,1.8,2.7,20,163,66,0.0,0.21,0.21,0.0,0.21,0.04,0.07,0.11,0.04,0.11
4368,Toon Raemaekers,BEL,DF,Mechelen,23,2000,28,25,2229,24.8,0,0,0,0,0,0,3,0,0.8,0.8,0.8,1.7,13,100,11,0.0,0.0,0.0,0.0,0.0,0.03,0.03,0.07,0.03,0.07
4369,Benito Raman,BEL,FW,Mechelen,29,1994,24,13,1139,12.7,13,0,13,13,0,0,3,0,10.1,10.1,1.3,11.4,20,24,78,1.03,0.0,1.03,1.03,1.03,0.8,0.1,0.9,0.8,0.9
4370,Mathias Rasmussen,NOR,MF,Union SG,26,1997,18,11,914,10.2,1,3,4,1,0,0,1,0,0.4,0.4,1.4,1.8,6,45,24,0.1,0.3,0.39,0.1,0.39,0.04,0.14,0.18,0.04,0.18
4371,Christiaan Ravych,BEL,DF,Cercle Brugge,22,2002,28,28,2396,26.6,1,0,1,1,0,0,2,1,1.2,1.2,0.2,1.3,14,94,13,0.04,0.0,0.04,0.04,0.04,0.04,0.01,0.05,0.04,0.05
4372,Daishawn Redan,NED,FW,Beerschot,23,2001,6,5,442,4.9,3,0,3,3,0,1,1,0,3.2,2.4,0.3,2.7,5,4,24,0.61,0.0,0.61,0.61,0.61,0.65,0.07,0.72,0.49,0.56
4373,Semm Renders,BEL,DF,Antwerp,16,2007,13,6,556,6.2,0,1,1,0,0,0,1,0,0.0,0.0,0.2,0.2,8,15,30,0.0,0.16,0.16,0.0,0.16,0.0,0.04,0.04,0.0,0.04
4374,Tom Reyners,BEL,"MF,FW",Beerschot,24,2000,21,11,956,10.6,1,0,1,1,0,0,3,0,1.1,1.1,1.9,3.0,17,36,63,0.09,0.0,0.09,0.09,0.09,0.1,0.18,0.28,0.1,0.28
4375,Bryan Reynolds,USA,DF,Westerlo,23,2001,27,27,2365,26.3,1,3,4,1,0,0,8,0,1.0,1.0,3.1,4.1,78,188,168,0.04,0.11,0.15,0.04,0.15,0.04,0.12,0.16,0.04,0.16
4376,Federico Ricca,URU,DF,OH Leuven,29,1994,23,22,1907,21.2,1,0,1,1,0,0,8,1,1.3,1.3,0.6,1.9,13,85,5,0.05,0.0,0.05,0.05,0.05,0.06,0.03,0.09,0.06,0.09
4377,Jaïro Riedewald,NED,"DF,MF",Antwerp,27,1996,15,9,819,9.1,0,0,0,0,0,0,1,1,0.8,0.8,0.0,0.8,8,41,9,0.0,0.0,0.0,0.0,0.0,0.09,0.0,0.09,0.09,0.09
4378,Mats Rits,BEL,MF,Anderlecht,31,1993,25,24,2037,22.6,1,2,3,1,0,0,2,0,1.3,1.3,2.0,3.3,12,101,36,0.04,0.09,0.13,0.04,0.13,0.06,0.09,0.15,0.06,0.15
4379,Nathan Rôdes,BEL,MF,Dender,26,1997,30,30,2638,29.3,3,1,4,3,0,0,2,0,2.9,2.9,1.9,4.8,22,96,35,0.1,0.03,0.14,0.1,0.14,0.1,0.06,0.16,0.1,0.16
4380,Kevin Rodríguez,ECU,FW,Union SG,24,2000,20,5,628,7.0,1,0,1,1,0,1,0,0,2.5,1.7,0.3,2.0,19,9,72,0.14,0.0,0.14,0.14,0.14,0.35,0.04,0.4,0.24,0.28
4381,Davy Roef,BEL,GK,Gent,30,1994,26,26,2340,26.0,0,0,0,0,0,0,1,0,0.0,0.0,0.0,0.0,0,0,0,0.0,0.0,0.0,0.0,0.0,0.0,0.0,0.0,0.0,0.0
4382,Žan Rogelj,SVN,"DF,FW",Charleroi,24,1999,16,9,828,9.2,0,0,0,0,0,0,1,0,0.4,0.4,1.0,1.4,30,30,63,0.0,0.0,0.0,0.0,0.0,0.04,0.11,0.15,0.04,0.15
4383,Zaid Romero,ARG,DF,Club Brugge,24,1999,10,6,594,6.6,0,0,0,0,0,0,1,0,0.2,0.2,0.0,0.3,5,41,7,0.0,0.0,0.0,0.0,0.0,0.03,0.0,0.04,0.03,0.04
4384,Tuur Rommens,BEL,DF,Westerlo,21,2003,28,27,2388,26.5,0,2,2,0,0,0,8,0,2.1,2.1,1.6,3.7,80,191,116,0.0,0.08,0.08,0.0,0.08,0.08,0.06,0.14,0.08,0.14
4385,Gilles Ruyssen,BEL,DF,Dender,30,1994,28,28,2477,27.5,0,0,0,0,0,0,5,0,0.3,0.3,0.4,0.7,7,86,1,0.0,0.0,0.0,0.0,0.0,0.01,0.01,0.03,0.01,0.03
4386,Kyriani Sabbe,BEL,DF,Club Brugge,19,2005,17,7,685,7.6,0,1,1,0,0,0,0,0,0.3,0.3,0.8,1.1,21,44,40,0.0,0.13,0.13,0.0,0.13,0.04,0.11,0.14,0.04,0.14
4387,Mujaid Sadick,ESP,DF,Genk,24,2000,27,27,2406,26.7,1,0,1,1,0,0,5,1,1.1,1.1,0.0,1.1,18,142,3,0.04,0.0,0.04,0.04,0.04,0.04,0.0,0.04,0.04,0.04
4388,Noah Sadiki,COD,MF,Union SG,19,2004,29,27,2424,26.9,1,2,3,1,0,0,4,0,1.8,1.8,4.3,6.2,47,142,124,0.04,0.07,0.11,0.04,0.11,0.07,0.16,0.23,0.07,0.23
4389,Hakim Sahabo,RWA,MF,Beerschot,19,2005,9,8,704,7.8,0,0,0,0,0,0,2,0,0.3,0.3,0.6,0.9,23,46,22,0.0,0.0,0.0,0.0,0.0,0.03,0.08,0.12,0.03,0.12
4390,Marwan Al Sahafi,KSA,FW,Beerschot,20,2004,19,15,1331,14.8,5,1,6,5,0,0,1,0,3.9,3.9,2.0,5.9,39,13,90,0.34,0.07,0.41,0.34,0.41,0.28,0.15,0.43,0.28,0.43
4391,Isa Sakamoto,JPN,"MF,FW",Westerlo,20,2003,9,8,664,7.4,3,2,5,3,0,0,2,0,1.0,1.0,1.4,2.5,11,13,39,0.41,0.27,0.68,0.41,0.68,0.14,0.19,0.33,0.14,0.33
4392,Matisse Samoise,BEL,DF,Gent,22,2001,22,13,1248,13.9,0,2,2,0,0,0,4,1,0.4,0.4,0.7,1.2,41,66,77,0.0,0.14,0.14,0.0,0.14,0.03,0.05,0.08,0.03,0.08
4393,Ryan Sanusi,BEL,MF,Beerschot,32,1992,12,12,1026,11.4,1,1,2,1,0,0,0,0,0.4,0.4,0.7,1.1,6,54,10,0.09,0.09,0.18,0.09,0.18,0.04,0.07,0.11,0.04,0.11
4394,Killian Sardella,BEL,"DF,MF",Anderlecht,22,2002,24,22,1966,21.8,0,1,1,0,0,0,6,0,1.0,1.0,2.4,3.4,59,104,148,0.0,0.05,0.05,0.0,0.05,0.05,0.11,0.16,0.05,0.16
4395,Nikolas Sattlberger,AUT,MF,Genk,20,2004,21,13,1120,12.4,1,1,2,1,0,0,2,0,1.2,1.2,0.7,1.9,4,47,13,0.08,0.08,0.16,0.08,0.16,0.09,0.06,0.15,0.09,0.15
4396,Allahyar Sayyadmanesh,IRN,"FW,MF",Westerlo,23,2001,26,22,1806,20.1,6,5,11,4,2,2,4,0,8.0,6.5,2.7,9.1,63,55,189,0.3,0.25,0.55,0.2,0.45,0.4,0.13,0.53,0.32,0.46
4397,Aurélien Scheidler,FRA,FW,Dender,26,1998,21,20,1492,16.6,6,2,8,6,0,0,3,1,6.1,6.1,1.8,7.9,14,36,80,0.36,0.12,0.48,0.36,0.48,0.37,0.11,0.48,0.37,0.48
4398,Joël Schingtienne,BEL,DF,OH Leuven,21,2002,4,4,360,4.0,0,0,0,0,0,0,0,0,0.0,0.0,0.0,0.0,0,7,0,0.0,0.0,0.0,0.0,0.0,0.0,0.0,0.0,0.0,0.0
4399,Daniel Schmidt,JPN,GK,Gent,32,1992,1,1,90,1.0,0,0,0,0,0,0,0,0,0.0,0.0,0.0,0.0,0,0,0,0.0,0.0,0.0,0.0,0.0,0.0,0.0,0.0,0.0,0.0
4400,Rob Schoofs,BEL,MF,Mechelen,30,1994,28,28,2470,27.4,3,4,7,3,0,0,4,0,3.4,3.4,4.4,7.8,60,213,109,0.11,0.15,0.26,0.11,0.26,0.12,0.16,0.28,0.12,0.28
4401,Siebe Schrijvers,BEL,MF,OH Leuven,28,1996,28,22,1819,20.2,4,3,7,1,3,3,5,0,5.2,2.8,2.4,5.3,19,114,53,0.2,0.15,0.35,0.05,0.2,0.26,0.12,0.38,0.14,0.26
4402,Christopher Scott,GER,"MF,FW",Antwerp,22,2002,8,0,122,1.4,0,0,0,0,0,0,0,0,0.3,0.3,0.2,0.5,9,12,15,0.0,0.0,0.0,0.0,0.0,0.23,0.16,0.39,0.23,0.39
4403,Joaquin Seys,BEL,DF,Club Brugge,19,2005,25,22,1737,19.3,2,0,2,2,0,0,0,0,0.9,0.9,2.1,3.0,55,98,99,0.1,0.0,0.1,0.1,0.1,0.05,0.11,0.15,0.05,0.15
4404,Nick Shinton,BEL,GK,Beerschot,23,2001,21,21,1845,20.5,0,0,0,0,0,0,1,1,0.0,0.0,0.0,0.0,0,0,0,0.0,0.0,0.0,0.0,0.0,0.0,0.0,0.0,0.0,0.0
4405,João Silva,POR,DF,Kortrijk,25,1999,22,22,1875,20.8,1,0,1,1,0,0,5,1,0.7,0.7,0.4,1.1,2,60,0,0.05,0.0,0.05,0.05,0.05,0.03,0.02,0.05,0.03,0.05
4406,Leonardo da Silva Lopes,POR,MF,Gent,25,1998,9,7,641,7.1,0,0,0,0,0,0,3,1,0.3,0.3,0.8,1.1,9,30,11,0.0,0.0,0.0,0.0,0.0,0.04,0.11,0.16,0.04,0.16
4407,Jan-Carlo Simic,SRB,DF,Anderlecht,19,2005,24,22,1991,22.1,3,0,3,3,0,0,6,0,0.7,0.7,0.1,0.8,7,100,6,0.14,0.0,0.14,0.14,0.14,0.03,0.01,0.04,0.03,0.04
4408,Roko Simic,CRO,FW,Kortrijk,20,2003,4,1,145,1.6,0,0,0,0,0,0,1,0,0.1,0.1,0.0,0.1,0,1,5,0.0,0.0,0.0,0.0,0.0,0.08,0.0,0.08,0.08,0.08
4409,Hugo Siquet,BEL,DF,Club Brugge,22,2002,14,4,452,5.0,2,1,3,2,0,1,3,0,1.6,0.6,0.8,1.5,11,46,39,0.4,0.2,0.6,0.4,0.6,0.32,0.17,0.49,0.12,0.29
4410,Abdoulaye Sissako,FRA,"MF,DF",Kortrijk,26,1998,24,18,1580,17.6,2,1,3,2,0,0,5,0,1.1,1.1,1.0,2.2,17,68,19,0.11,0.06,0.17,0.11,0.17,0.07,0.06,0.12,0.07,0.12
4411,Michał Skóraś,POL,"FW,MF",Club Brugge,24,2000,24,4,644,7.2,0,0,0,0,0,0,2,0,1.8,1.8,2.0,3.9,25,40,79,0.0,0.0,0.0,0.0,0.0,0.26,0.28,0.54,0.26,0.54
4412,Andreas Skov Olsen,DEN,FW,Club Brugge,24,1999,19,14,1136,12.6,8,4,12,8,0,0,1,0,5.3,5.3,3.1,8.4,68,58,148,0.63,0.32,0.95,0.63,0.95,0.42,0.25,0.67,0.42,0.67
4413,Islam Slimani,ALG,"FW,MF",Westerlo,36,1988,9,1,221,2.5,1,0,1,1,0,0,1,0,0.5,0.5,0.1,0.6,1,5,14,0.41,0.0,0.41,0.41,0.41,0.19,0.05,0.24,0.19,0.24
4414,Matte Smets,BEL,DF,Genk,20,2004,29,28,2483,27.6,0,0,0,0,0,0,4,1,0.7,0.7,0.2,0.9,12,111,2,0.0,0.0,0.0,0.0,0.0,0.02,0.01,0.03,0.02,0.03
4415,Milan Smits,BEL,MF,Antwerp,19,2004,3,0,29,0.3,0,0,0,0,0,0,1,0,0.0,0.0,0.0,0.0,0,2,1,0.0,0.0,0.0,0.0,0.0,0.0,0.0,0.0,0.0,0.0
4416,Jordy Soladio,BEL,FW,Dender,26,1998,13,4,407,4.5,1,0,1,1,0,0,3,1,1.0,1.0,0.3,1.3,6,8,23,0.22,0.0,0.22,0.22,0.22,0.23,0.07,0.3,0.23,0.3
4417,Thibo Somers,BEL,"FW,MF",Cercle Brugge,25,1999,30,30,2573,28.6,3,2,5,3,0,0,3,0,5.1,5.1,4.7,9.7,32,97,193,0.1,0.07,0.17,0.1,0.17,0.18,0.16,0.34,0.18,0.34
4418,Momodou Sonko,SWE,"FW,DF",Gent,19,2005,22,12,1159,12.9,2,2,4,2,0,0,0,0,2.2,2.2,2.2,4.4,60,57,122,0.16,0.16,0.31,0.16,0.31,0.17,0.17,0.34,0.17,0.34
4419,Yira Sor,NGA,FW,Genk,24,2000,14,5,597,6.6,1,4,5,1,0,0,0,0,2.5,2.5,4.1,6.6,20,17,67,0.15,0.6,0.75,0.15,0.75,0.38,0.61,1.0,0.38,1.0
4420,Ibrahima Sory Bangoura,GUI,MF,Genk,20,2004,25,14,1263,14.0,0,0,0,0,0,0,3,0,0.5,0.5,0.3,0.8,8,57,5,0.0,0.0,0.0,0.0,0.0,0.03,0.02,0.06,0.03,0.06
4421,Massamba Sow,FRA,DF,Charleroi,20,2004,4,1,131,1.5,0,0,0,0,0,0,1,0,0.2,0.2,0.0,0.2,1,3,0,0.0,0.0,0.0,0.0,0.0,0.14,0.0,0.14,0.14,0.14
4422,Jorne Spileers,BEL,DF,Club Brugge,19,2005,9,5,503,5.6,1,0,1,1,0,0,0,0,0.0,0.0,0.1,0.1,4,33,0,0.18,0.0,0.18,0.18,0.18,0.01,0.02,0.02,0.01,0.02
4423,Alexandre Stanic,BEL,"FW,MF",Charleroi,19,2004,1,0,13,0.1,0,0,0,0,0,0,0,0,0.1,0.1,0.0,0.1,0,1,1,0.0,0.0,0.0,0.0,0.0,0.81,0.0,0.81,0.81,0.81
4424,Alexandre Stanic,BEL,FW,Antwerp,19,2004,1,0,1,0.0,0,0,0,0,0,0,0,0,0.0,0.0,0.0,0.0,0,0,0,0.0,0.0,0.0,0.0,0.0,0.0,0.0,0.0,0.0,0.0
4425,Lucas Stassin,BEL,FW,Westerlo,19,2004,5,5,404,4.5,2,3,5,2,0,0,1,0,2.1,2.1,2.8,4.9,6,9,27,0.45,0.67,1.11,0.45,1.11,0.48,0.62,1.1,0.48,1.1
4426,Jarne Steuckers,BEL,FW,Genk,22,2002,30,30,2538,28.2,8,6,14,3,5,6,1,0,8.3,3.4,11.5,14.9,81,247,301,0.28,0.21,0.5,0.11,0.32,0.29,0.41,0.7,0.12,0.53
4427,Nikola Storm,BEL,"MF,FW",Mechelen,29,1994,22,18,1399,15.5,4,3,7,4,0,0,2,0,3.2,3.2,2.8,6.0,66,60,127,0.26,0.19,0.45,0.26,0.45,0.21,0.18,0.39,0.21,0.39
4428,Mario Stroeykens,BEL,MF,Anderlecht,19,2004,23,19,1525,16.9,3,4,7,3,0,0,1,0,2.3,2.3,2.9,5.1,24,112,73,0.18,0.24,0.41,0.18,0.41,0.13,0.17,0.3,0.13,0.3
4429,Nikola Štulić,SRB,FW,Charleroi,22,2001,18,16,1439,16.0,9,0,9,9,0,0,2,0,8.5,8.5,0.9,9.4,9,17,68,0.56,0.0,0.56,0.56,0.56,0.53,0.06,0.59,0.53,0.59
4430,Franck Surdez,SUI,"MF,FW",Gent,22,2002,23,14,1220,13.6,2,5,7,2,0,0,2,0,3.1,3.1,3.1,6.2,50,48,141,0.15,0.37,0.52,0.15,0.52,0.23,0.23,0.46,0.23,0.46
4431,Bosko Sutalo,CRO,DF,Standard Liège,24,2000,21,19,1636,18.2,1,0,1,1,0,0,6,0,0.8,0.8,0.3,1.1,14,52,5,0.06,0.0,0.06,0.06,0.06,0.05,0.01,0.06,0.05,0.06
4432,Serhiy Sydorchuk,UKR,MF,Westerlo,33,1991,11,3,317,3.5,0,1,1,0,0,0,3,0,0.2,0.2,1.2,1.4,4,27,14,0.0,0.28,0.28,0.0,0.28,0.05,0.34,0.4,0.05,0.4
4433,Ross Sykes,ENG,DF,Union SG,25,1999,15,12,1018,11.3,2,1,3,2,0,0,4,0,0.8,0.8,1.2,2.1,7,31,12,0.18,0.09,0.27,0.18,0.27,0.07,0.11,0.18,0.07,0.18
4434,Dembo Sylla,GUI,DF,Dender,21,2002,13,7,672,7.5,0,0,0,0,0,0,1,0,0.1,0.1,0.0,0.1,8,12,38,0.0,0.0,0.0,0.0,0.0,0.01,0.0,0.01,0.01,0.01
4435,Youssuf Sylla,BEL,FW,Charleroi,21,2002,13,3,392,4.4,0,0,0,0,0,0,0,0,1.9,1.9,0.1,2.1,8,7,34,0.0,0.0,0.0,0.0,0.0,0.44,0.03,0.48,0.44,0.48
4436,Attila Szalai,HUN,DF,Standard Liège,26,1998,4,3,244,2.7,0,0,0,0,0,0,0,0,0.0,0.0,0.0,0.0,0,7,2,0.0,0.0,0.0,0.0,0.0,0.0,0.0,0.0,0.0,0.0
4437,Tomoki Takamine,JPN,MF,Kortrijk,26,1997,19,11,979,10.9,0,0,0,0,0,0,2,0,0.4,0.4,0.7,1.1,1,53,7,0.0,0.0,0.0,0.0,0.0,0.04,0.06,0.1,0.04,0.1
4438,Chemsdine Talbi,BEL,"FW,MF",Club Brugge,19,2005,21,10,952,10.6,5,3,8,5,0,0,1,0,4.8,4.8,1.9,6.7,73,24,100,0.47,0.28,0.76,0.47,0.76,0.45,0.18,0.63,0.45,0.63
4439,Shogo Taniguchi,JPN,DF,Sint-Truiden,33,1991,13,12,948,10.5,1,0,1,1,0,0,1,1,0.9,0.9,0.8,1.7,7,37,1,0.09,0.0,0.09,0.09,0.09,0.09,0.07,0.16,0.09,0.16
4440,Henok Teklab,GER,"DF,FW",Union SG,25,1998,5,3,248,2.8,0,1,1,0,0,0,0,0,0.1,0.1,0.9,1.0,6,15,27,0.0,0.36,0.36,0.0,0.36,0.05,0.32,0.37,0.05,0.37
4441,Casper Terho,FIN,"DF,FW",Union SG,21,2003,9,4,436,4.8,0,1,1,0,0,0,2,0,0.5,0.5,1.5,2.0,8,11,40,0.0,0.21,0.21,0.0,0.21,0.1,0.31,0.41,0.1,0.41
4442,Jean Thierry Lazare,CIV,"MF,FW",Standard Liège,26,1998,8,5,487,5.4,1,0,1,1,0,0,1,0,0.3,0.3,0.6,0.9,14,28,27,0.18,0.0,0.18,0.18,0.18,0.06,0.1,0.16,0.06,0.16
4443,Jean Thierry Lazare,CIV,MF,Union SG,26,1998,11,5,446,5.0,0,0,0,0,0,0,2,0,0.4,0.4,0.7,1.2,15,21,38,0.0,0.0,0.0,0.0,0.0,0.09,0.15,0.24,0.09,0.24
4444,Yassine Titraoui,ALG,MF,Charleroi,21,2003,22,16,1487,16.5,1,1,2,1,0,0,4,0,1.7,1.7,1.2,3.0,34,124,44,0.06,0.06,0.12,0.06,0.12,0.1,0.07,0.18,0.1,0.18
4445,Jordan Torunarigha,GER,DF,Gent,26,1997,23,22,1853,20.6,0,1,1,0,0,0,8,1,0.1,0.1,0.4,0.5,21,103,7,0.0,0.05,0.05,0.0,0.05,0.01,0.02,0.03,0.01,0.03
4446,Ahmed Touba,ALG,DF,Mechelen,26,1998,23,22,1996,22.2,2,0,2,2,0,0,6,0,1.6,1.6,0.4,2.0,6,93,4,0.09,0.0,0.09,0.09,0.09,0.07,0.02,0.09,0.07,0.09
4447,Mamadou Traoré,MLI,DF,Union SG,22,2002,1,0,21,0.2,0,0,0,0,0,0,0,0,0.0,0.0,0.0,0.0,0,0,2,0.0,0.0,0.0,0.0,0.0,0.0,0.0,0.0,0.0,0.0
4448,Derrick Tshimanga,BEL,DF,Beerschot,35,1988,14,11,1033,11.5,1,0,1,1,0,0,1,0,0.2,0.2,0.1,0.3,4,39,5,0.09,0.0,0.09,0.09,0.09,0.02,0.01,0.02,0.02,0.02
4449,Antef Tsoungui,BEL,DF,OH Leuven,21,2002,2,0,46,0.5,0,0,0,0,0,0,0,0,0.0,0.0,0.0,0.0,0,3,1,0.0,0.0,0.0,0.0,0.0,0.0,0.0,0.0,0.0,0.0
4450,Ryotaro Tsunoda,JPN,DF,Kortrijk,25,1999,6,5,454,5.0,0,0,0,0,0,0,1,0,0.1,0.1,0.0,0.2,3,19,1,0.0,0.0,0.0,0.0,0.0,0.03,0.01,0.04,0.03,0.04
4451,Christos Tzolis,GRE,"FW,MF",Club Brugge,22,2002,28,25,2048,22.8,8,5,13,7,1,1,4,1,9.6,8.8,5.4,14.2,95,88,254,0.35,0.22,0.57,0.31,0.53,0.42,0.24,0.66,0.39,0.63
4452,Victor Udoh,NGA,"FW,DF",Antwerp,19,2004,12,0,88,1.0,0,0,0,0,0,0,0,0,0.2,0.2,0.5,0.7,9,1,14,0.0,0.0,0.0,0.0,0.0,0.27,0.73,1.0,0.27,1.0
4453,Edgaras Utkus,LTU,DF,Cercle Brugge,24,2000,18,11,976,10.8,0,0,0,0,0,0,4,1,1.3,1.3,0.1,1.4,5,44,10,0.0,0.0,0.0,0.0,0.0,0.12,0.01,0.13,0.12,0.13
4454,Anthony Valencia,ECU,"FW,DF",Antwerp,21,2003,26,8,889,9.9,2,2,4,2,0,0,3,0,2.3,2.3,1.5,3.8,35,37,80,0.2,0.2,0.4,0.2,0.4,0.26,0.17,0.43,0.26,0.43
4455,Jules Van Cleemput,BEL,DF,Mechelen,27,1997,10,4,315,3.5,0,0,0,0,0,0,2,1,0.1,0.1,0.0,0.1,1,10,2,0.0,0.0,0.0,0.0,0.0,0.02,0.0,0.02,0.02,0.02
4456,Hendrik Van Crombrugge,BEL,GK,Genk,31,1993,19,19,1710,19.0,0,0,0,0,0,0,2,0,0.0,0.0,0.0,0.0,0,1,0,0.0,0.0,0.0,0.0,0.0,0.0,0.0,0.0,0.0,0.0
4457,Zeno Van den Bosch,BEL,DF,Antwerp,21,2003,30,30,2699,30.0,1,0,1,1,0,0,5,0,0.4,0.4,0.2,0.5,5,100,2,0.03,0.0,0.03,0.03,0.03,0.01,0.01,0.02,0.01,0.02
4458,Thomas Van den Keybus,BEL,MF,Westerlo,23,2001,18,7,694,7.7,0,1,1,0,0,0,3,0,0.4,0.4,1.7,2.1,11,41,24,0.0,0.13,0.13,0.0,0.13,0.05,0.22,0.27,0.05,0.27
4459,Hannes Van der Bruggen,BEL,MF,Cercle Brugge,31,1993,27,25,1997,22.2,1,1,2,1,0,0,7,0,1.9,1.9,1.7,3.5,5,164,31,0.05,0.05,0.09,0.05,0.09,0.08,0.08,0.16,0.08,0.16
4460,Rein Van Helden,BEL,DF,Sint-Truiden,22,2002,27,26,2340,26.0,1,1,2,1,0,0,7,1,1.1,1.1,0.4,1.6,26,88,14,0.04,0.04,0.08,0.04,0.08,0.04,0.02,0.06,0.04,0.06
4461,Koen Van Langendonck,BEL,GK,Westerlo,35,1989,10,10,900,10.0,0,0,0,0,0,0,0,0,0.0,0.0,0.0,0.0,0,0,0,0.0,0.0,0.0,0.0,0.0,0.0,0.0,0.0,0.0,0.0
4462,Jasper Van Oudenhove,BEL,"MF,DF",Dender,25,1998,7,1,153,1.7,0,0,0,0,0,0,2,0,0.4,0.4,0.0,0.5,2,3,10,0.0,0.0,0.0,0.0,0.0,0.26,0.02,0.28,0.26,0.28
4463,Hans Vanaken,BEL,MF,Club Brugge,31,1992,29,29,2583,28.7,9,10,19,9,0,0,3,0,7.2,7.2,6.1,13.3,54,238,130,0.31,0.35,0.66,0.31,0.66,0.25,0.21,0.46,0.25,0.46
4464,Zalán Vancsa,HUN,MF,Gent,19,2004,2,1,85,0.9,0,0,0,0,0,0,0,0,0.0,0.0,0.0,0.0,4,0,7,0.0,0.0,0.0,0.0,0.0,0.0,0.03,0.03,0.0,0.03
4465,Tom Vandenberghe,BEL,GK,Gent,31,1992,3,3,270,3.0,0,0,0,0,0,0,0,0,0.0,0.0,0.0,0.0,0,0,0,0.0,0.0,0.0,0.0,0.0,0.0,0.01,0.01,0.0,0.01
4466,Tom Vandenberghe,BEL,GK,Kortrijk,31,1992,9,9,810,9.0,0,0,0,0,0,0,0,0,0.0,0.0,0.0,0.0,0,0,0,0.0,0.0,0.0,0.0,0.0,0.0,0.0,0.0,0.0,0.0
4467,Gerard Vandeplas,BEL,"MF,FW",Antwerp,18,2006,5,0,33,0.4,0,0,0,0,0,0,0,0,0.0,0.0,0.0,0.0,2,0,3,0.0,0.0,0.0,0.0,0.0,0.0,0.0,0.0,0.0,0.0
4468,Zinho Vanheusden,BEL,DF,Mechelen,25,1999,2,2,158,1.8,0,0,0,0,0,0,1,0,0.1,0.1,0.0,0.1,1,6,1,0.0,0.0,0.0,0.0,0.0,0.08,0.0,0.08,0.08,0.08
4469,Charles Vanhoutte,BEL,MF,Union SG,25,1998,24,23,2029,22.5,1,3,4,1,0,0,2,1,1.0,1.0,1.9,2.9,28,149,35,0.04,0.13,0.18,0.04,0.18,0.04,0.09,0.13,0.04,0.13
4470,Keano Vanrafelghem,BEL,"MF,FW",Mechelen,20,2003,5,1,159,1.8,0,0,0,0,0,0,0,0,0.1,0.1,0.1,0.2,4,6,15,0.0,0.0,0.0,0.0,0.0,0.05,0.08,0.12,0.05,0.12
4471,Robert-Jan Vanwesemael,BEL,"MF,DF",Sint-Truiden,22,2002,29,16,1399,15.5,1,1,2,1,0,0,3,0,0.7,0.7,0.8,1.4,39,57,71,0.06,0.06,0.13,0.06,0.13,0.04,0.05,0.09,0.04,0.09
4472,Dante Vanzeir,BEL,FW,Gent,26,1998,8,7,604,6.7,4,1,5,2,2,2,0,0,3.9,2.4,1.2,3.6,16,24,64,0.6,0.15,0.75,0.3,0.45,0.59,0.18,0.77,0.35,0.54
4473,Hélio Varela,CPV,"FW,MF",Gent,22,2002,10,0,146,1.6,0,1,1,0,0,0,2,0,0.3,0.3,0.2,0.5,12,9,16,0.0,0.62,0.62,0.0,0.62,0.17,0.14,0.31,0.17,0.31
4474,Óscar Vargas,BEL,DF,Beerschot,18,2006,1,0,11,0.1,0,0,0,0,0,0,0,0,0.0,0.0,0.0,0.0,0,0,1,0.0,0.0,0.0,0.0,0.0,0.0,0.0,0.0,0.0,0.0
4475,Luis Vázquez,ARG,"FW,MF",Anderlecht,23,2001,28,6,928,10.3,4,1,5,4,0,0,2,0,5.4,5.4,0.8,6.2,8,17,56,0.39,0.1,0.48,0.39,0.48,0.53,0.08,0.6,0.53,0.6
4476,Thibaud Verlinden,BEL,"FW,MF",OH Leuven,25,1999,5,5,352,3.9,0,1,1,0,0,0,1,1,0.4,0.4,0.2,0.6,14,8,20,0.0,0.26,0.26,0.0,0.26,0.1,0.05,0.15,0.1,0.15
4477,Thibaud Verlinden,BEL,"MF,FW",Beerschot,25,1999,21,21,1749,19.4,2,5,7,2,0,0,2,0,2.4,2.4,3.9,6.3,152,62,187,0.1,0.26,0.36,0.1,0.36,0.12,0.2,0.32,0.12,0.32
4478,Romeo Vermant,BEL,FW,Club Brugge,20,2004,19,7,659,7.3,3,2,5,3,0,0,2,0,4.3,4.3,1.4,5.7,10,28,50,0.41,0.27,0.68,0.41,0.68,0.59,0.19,0.78,0.59,0.78
4479,Michael Verrips,NED,GK,Dender,27,1996,27,27,2336,26.0,0,0,0,0,0,0,1,0,0.0,0.0,0.0,0.0,0,0,0,0.0,0.0,0.0,0.0,0.0,0.0,0.0,0.0,0.0,0.0
4480,Yari Verschaeren,BEL,"MF,FW",Anderlecht,23,2001,25,17,1508,16.8,3,4,7,3,0,0,1,0,2.6,2.6,2.5,5.2,38,68,94,0.18,0.24,0.42,0.18,0.42,0.16,0.15,0.31,0.16,0.31
4481,Birger Verstraete,BEL,MF,OH Leuven,30,1994,26,24,2142,23.8,0,3,3,0,0,0,9,0,0.7,0.7,1.7,2.4,8,102,12,0.0,0.13,0.13,0.0,0.13,0.03,0.07,0.1,0.03,0.1
4482,Andreas Verstraeten,BEL,MF,Antwerp,18,2006,10,4,457,5.1,0,0,0,0,0,0,1,0,0.1,0.1,0.1,0.2,0,18,5,0.0,0.0,0.0,0.0,0.0,0.02,0.01,0.03,0.02,0.03
4483,Jan Vertonghen,BEL,DF,Anderlecht,37,1987,4,3,274,3.0,0,0,0,0,0,0,1,0,0.2,0.2,0.0,0.2,4,22,1,0.0,0.0,0.0,0.0,0.0,0.05,0.0,0.05,0.05,0.05
4484,Hugo Vetlesen,NOR,"MF,FW",Club Brugge,24,2000,23,14,1162,12.9,1,1,2,1,0,0,4,0,2.5,2.5,2.3,4.8,23,72,66,0.08,0.08,0.15,0.08,0.15,0.19,0.18,0.37,0.19,0.37
4485,Malcolm Viltard,FRA,"MF,DF",Dender,21,2002,23,11,1078,12.0,0,0,0,0,0,0,3,0,0.6,0.6,0.3,0.9,13,63,37,0.0,0.0,0.0,0.0,0.0,0.05,0.03,0.08,0.05,0.08
4486,Thibault Vlietinck,BEL,DF,OH Leuven,26,1997,23,15,1270,14.1,1,0,1,1,0,0,2,0,0.4,0.4,1.4,1.8,40,54,82,0.07,0.0,0.07,0.07,0.07,0.03,0.1,0.13,0.03,0.13
4487,Luka Vušković,CRO,DF,Westerlo,17,2007,28,28,2474,27.5,7,1,8,7,0,0,6,1,2.7,2.7,0.3,3.1,37,154,11,0.25,0.04,0.29,0.25,0.29,0.1,0.01,0.11,0.1,0.11
4488,Sandy Walsh,IDN,DF,Mechelen,29,1995,6,2,199,2.2,0,0,0,0,0,0,1,0,0.0,0.0,0.0,0.0,2,13,2,0.0,0.0,0.0,0.0,0.0,0.02,0.0,0.02,0.02,0.02
4489,Warleson,BRA,GK,Cercle Brugge,27,1996,10,9,817,9.1,0,0,0,0,0,0,1,0,0.0,0.0,0.0,0.0,0,0,0,0.0,0.0,0.0,0.0,0.0,0.0,0.0,0.0,0.0,0.0
4490,Tsuyoshi Watanabe,JPN,DF,Gent,27,1997,27,27,2422,26.9,2,2,4,2,0,0,3,0,1.7,1.7,2.0,3.7,15,92,3,0.07,0.07,0.15,0.07,0.15,0.06,0.08,0.14,0.06,0.14
4491,Stephen Welsh,SCO,DF,Mechelen,24,2000,7,5,405,4.5,0,0,0,0,0,0,1,0,0.4,0.4,0.0,0.4,0,21,1,0.0,0.0,0.0,0.0,0.0,0.08,0.0,0.08,0.08,0.08
4492,Marco Weymans,BDI,"DF,MF",Beerschot,27,1997,21,5,866,9.6,1,1,2,1,0,0,4,0,0.4,0.4,0.9,1.3,16,42,37,0.1,0.1,0.21,0.1,0.21,0.05,0.1,0.15,0.05,0.15
4493,D'Margio Wright-Phillips,ENG,"FW,MF",Beerschot,22,2001,10,0,159,1.8,0,0,0,0,0,0,0,0,0.1,0.1,0.0,0.1,2,2,18,0.0,0.0,0.0,0.0,0.0,0.04,0.0,0.04,0.04,0.04
4494,Rihito Yamamoto,JPN,MF,Sint-Truiden,22,2001,18,11,948,10.5,0,1,1,0,0,0,1,0,0.3,0.3,0.4,0.8,17,51,33,0.0,0.09,0.09,0.0,0.09,0.03,0.04,0.07,0.03,0.07
4495,Elton Yeboah,BEL,"MF,DF",Mechelen,19,2005,2,0,12,0.1,0,0,0,0,0,0,1,0,0.0,0.0,0.0,0.0,0,0,0,0.0,0.0,0.0,0.0,0.0,0.0,0.0,0.0,0.0,0.0
4496,Daisuke Yokota,JPN,MF,Gent,24,2000,3,3,231,2.6,1,0,1,1,0,0,1,0,0.4,0.4,0.1,0.5,10,7,18,0.39,0.0,0.39,0.39,0.39,0.16,0.02,0.18,0.16,0.18
4497,Rhys Youlley,AUS,"FW,MF",Westerlo,19,2005,4,0,47,0.5,0,0,0,0,0,0,0,0,0.1,0.1,0.0,0.1,0,2,2,0.0,0.0,0.0,0.0,0.0,0.22,0.0,0.22,0.22,0.22
4498,Kadan Young,ENG,FW,Antwerp,18,2006,3,1,64,0.7,0,0,0,0,0,0,0,0,0.0,0.0,0.0,0.0,1,2,4,0.0,0.0,0.0,0.0,0.0,0.07,0.0,0.07,0.07,0.07
4499,Griffin Yow,USA,FW,Westerlo,21,2002,24,17,1529,17.0,4,3,7,2,2,2,2,0,4.9,3.3,2.6,6.0,44,56,140,0.24,0.18,0.41,0.12,0.29,0.29,0.15,0.44,0.2,0.35
4500,Alhassan Yusuf,NGA,"MF,DF",Antwerp,24,2000,1,0,7,0.1,0,0,0,0,0,0,0,0,0.0,0.0,0.0,0.0,0,0,0,0.0,0.0,0.0,0.0,0.0,0.0,0.0,0.0,0.0,0.0
4501,Kahveh Zahiroleslam,USA,FW,Sint-Truiden,22,2002,17,13,1072,11.9,3,2,5,3,0,0,1,0,2.9,2.9,2.7,5.6,21,22,80,0.25,0.17,0.42,0.25,0.42,0.24,0.23,0.47,0.24,0.47
4502,Lequincio Zeefuik,NED,FW,OH Leuven,19,2004,9,6,467,5.2,0,0,0,0,0,0,2,0,0.9,0.9,0.2,1.2,7,6,25,0.0,0.0,0.0,0.0,0.0,0.18,0.05,0.22,0.18,0.22
4503,Andi Zeqiri,SUI,"MF,FW",Genk,25,1999,2,0,47,0.5,0,0,0,0,0,0,0,0,0.3,0.3,0.2,0.5,2,3,3,0.0,0.0,0.0,0.0,0.0,0.6,0.39,0.99,0.6,0.99
4504,Andi Zeqiri,SUI,FW,Standard Liège,25,1999,23,23,1718,19.1,9,2,11,4,5,5,0,0,10.1,6.1,2.5,8.7,25,44,101,0.47,0.1,0.58,0.21,0.31,0.53,0.13,0.66,0.32,0.45
4505,Adem Zorgane,ALG,MF,Charleroi,24,2000,30,30,2693,29.9,1,4,5,1,0,0,3,0,1.1,1.1,6.5,7.6,38,382,56,0.03,0.13,0.17,0.03,0.17,0.04,0.22,0.25,0.04,0.25
4506,Viktor Đukanović,MNE,"DF,MF",Standard Liège,20,2004,4,0,47,0.5,0,0,0,0,0,0,0,0,0.0,0.0,0.0,0.0,1,2,7,0.0,0.0,0.0,0.0,0.0,0.0,0.09,0.09,0.0,0.09
4507,Liel Abada,ISR,"FW,MF",Charlotte,23,2001,22,16,1259,14.0,5,1,6,5,0,0,1,0,6.8,6.8,1.9,8.7,54,38,105,0.36,0.07,0.43,0.36,0.43,0.48,0.14,0.62,0.48,0.62
4508,Luis Abram,PER,DF,Atlanta Utd,29,1996,21,16,1493,16.6,0,0,0,0,0,0,1,0,0.1,0.1,0.0,0.1,15,75,4,0.0,0.0,0.0,0.0,0.0,0.0,0.0,0.0,0.0,0.0
4509,Lalas Abubakar,GHA,DF,FC Dallas,30,1994,18,10,928,10.3,0,0,0,0,0,0,3,1,0.4,0.4,0.1,0.5,4,21,6,0.0,0.0,0.0,0.0,0.0,0.04,0.01,0.05,0.04,0.05
4510,Bryan Acosta,HON,MF,Nashville SC,31,1993,9,0,87,1.0,0,0,0,0,0,0,1,0,0.0,0.0,0.0,0.0,1,7,1,0.0,0.0,0.0,0.0,0.0,0.0,0.03,0.03,0.0,0.03
4511,Kellyn Acosta,USA,MF,Chicago Fire,29,1995,13,6,587,6.5,0,0,0,0,0,0,2,0,0.0,0.0,0.4,0.4,4,24,6,0.0,0.0,0.0,0.0,0.0,0.01,0.06,0.07,0.01,0.07
4512,Luciano Acosta,ARG,"MF,FW",FC Dallas,31,1994,20,18,1665,18.5,5,1,6,4,1,2,8,0,5.6,4.0,3.9,7.9,58,128,121,0.27,0.05,0.32,0.22,0.27,0.3,0.21,0.51,0.22,0.42
4513,Sam Adekugbe,CAN,DF,Vancouver W'caps,30,1995,7,4,291,3.2,2,0,2,2,0,0,0,0,1.3,1.3,0.3,1.7,10,16,33,0.62,0.0,0.62,0.62,0.62,0.42,0.1,0.52,0.42,0.52
4514,Leonardo Afonso,BRA,"FW,MF",Inter Miami,24,2001,3,1,87,1.0,0,0,0,0,0,0,1,0,0.4,0.4,0.0,0.4,1,1,7,0.0,0.0,0.0,0.0,0.0,0.38,0.0,0.38,0.38,0.38
4515,Stephen Afrifa,CAN,"FW,MF",Sporting KC,24,2001,4,0,30,0.3,0,0,0,0,0,0,0,0,0.0,0.0,0.1,0.2,4,2,3,0.0,0.0,0.0,0.0,0.0,0.14,0.41,0.55,0.14,0.55
4516,William Agada,NGA,FW,Sporting KC,25,1999,6,1,99,1.1,0,0,0,0,0,0,0,0,0.5,0.5,0.2,0.6,0,2,2,0.0,0.0,0.0,0.0,0.0,0.44,0.15,0.58,0.44,0.58
4517,William Agada,NGA,FW,Real Salt Lake,25,1999,13,10,870,9.7,2,1,3,2,0,0,5,1,2.9,2.9,1.1,4.0,9,7,41,0.21,0.1,0.31,0.21,0.31,0.3,0.12,0.42,0.3,0.42
4518,Patrick Agyemang,USA,FW,Charlotte,24,2000,16,15,1224,13.6,6,1,7,5,1,1,3,0,5.1,4.4,2.4,6.8,29,19,82,0.44,0.07,0.51,0.37,0.44,0.38,0.18,0.56,0.32,0.5
4519,Ali Ahmed,CAN,FW,Vancouver W'caps,24,2000,14,7,781,8.7,0,5,5,0,0,0,2,0,0.7,0.7,3.5,4.2,44,37,140,0.0,0.58,0.58,0.0,0.58,0.08,0.41,0.48,0.08,0.48
4520,Forster Ajago,GHA,FW,Real Salt Lake,23,2001,6,3,259,2.9,1,0,1,1,0,0,2,0,0.6,0.6,0.1,0.7,1,1,15,0.35,0.0,0.35,0.35,0.35,0.22,0.03,0.25,0.22,0.25
4521,Jordi Alba,ESP,DF,Inter Miami,36,1989,19,18,1579,17.5,1,5,6,1,0,0,4,0,0.8,0.8,3.4,4.2,27,100,165,0.06,0.28,0.34,0.06,0.34,0.05,0.19,0.24,0.05,0.24
4522,Noah Allen,USA,DF,Inter Miami,21,2004,15,13,1200,13.3,0,1,1,0,0,0,3,0,0.1,0.1,1.3,1.5,9,41,26,0.0,0.07,0.07,0.0,0.07,0.01,0.1,0.11,0.01,0.11
4523,Tadeo Allende,ARG,"MF,FW",Inter Miami,26,1999,18,15,1220,13.6,7,1,8,7,0,0,0,0,4.8,4.8,1.6,6.4,25,17,112,0.52,0.07,0.59,0.52,0.59,0.35,0.12,0.47,0.35,0.47
4524,Rasmus Alm,SWE,DF,St. Louis,29,1995,1,0,8,0.1,0,0,0,0,0,0,0,0,0.0,0.0,0.0,0.0,0,0,0,0.0,0.0,0.0,0.0,0.0,0.59,0.0,0.59,0.59,0.59
4525,Miguel Almirón,PAR,"FW,MF",Atlanta Utd,31,1994,21,21,1834,20.4,3,3,6,2,1,1,1,0,6.0,5.2,1.8,7.0,61,143,143,0.15,0.15,0.29,0.1,0.25,0.3,0.09,0.38,0.26,0.34
4526,Alejandro Alvarado Jr.,USA,MF,San Diego FC,21,2003,12,6,488,5.4,0,0,0,0,0,0,2,0,0.3,0.3,0.2,0.5,5,33,17,0.0,0.0,0.0,0.0,0.0,0.06,0.03,0.09,0.06,0.09
4527,Fernando Álvarez,COL,DF,CF Montréal,21,2003,16,7,775,8.6,0,1,1,0,0,0,3,0,0.1,0.1,0.5,0.7,1,43,0,0.0,0.12,0.12,0.0,0.12,0.02,0.06,0.08,0.02,0.08
4528,Pedro Amador,POR,DF,Atlanta Utd,26,1998,17,15,1298,14.4,0,0,0,0,0,0,2,0,0.2,0.2,1.1,1.3,18,55,81,0.0,0.0,0.0,0.0,0.0,0.01,0.08,0.09,0.01,0.09
4529,Frankie Amaya,USA,MF,LAFC,24,2000,10,3,300,3.3,0,0,0,0,0,0,1,0,0.2,0.2,0.2,0.5,3,12,11,0.0,0.0,0.0,0.0,0.0,0.07,0.06,0.14,0.07,0.14
4530,Malte Amundsen,DEN,DF,Columbus Crew,27,1998,15,12,1031,11.5,1,1,2,1,0,0,2,1,1.0,1.0,0.5,1.5,11,75,21,0.09,0.09,0.17,0.09,0.17,0.08,0.05,0.13,0.08,0.13
4531,Markus Anderson,USA,FW,Philadelphia Union,21,2003,3,1,100,1.1,1,0,1,1,0,0,0,0,0.1,0.1,0.0,0.1,1,3,7,0.9,0.0,0.9,0.9,0.9,0.07,0.0,0.07,0.07,0.07
4532,Tomas Ángel,COL,FW,San Diego FC,22,2003,19,7,604,6.7,3,2,5,3,0,0,1,0,1.4,1.4,0.9,2.3,9,18,39,0.45,0.3,0.75,0.45,0.75,0.21,0.13,0.34,0.21,0.34
4533,Iván Angulo,COL,"FW,MF",Orlando City,26,1999,24,22,1666,18.5,0,2,2,0,0,0,3,0,2.2,2.2,2.6,4.8,61,84,152,0.0,0.11,0.11,0.0,0.11,0.12,0.14,0.26,0.12,0.26
4534,Conner Antley,USA,"DF,MF",D.C. United,30,1995,11,10,719,8.0,1,0,1,1,0,0,0,0,0.5,0.5,0.1,0.6,15,21,35,0.13,0.0,0.13,0.13,0.13,0.07,0.01,0.08,0.07,0.08
4535,Antony,BRA,"FW,MF",Portland Timbers,23,2001,18,17,1375,15.3,6,5,11,6,0,0,4,0,4.7,4.7,1.7,6.4,57,50,164,0.39,0.33,0.72,0.39,0.72,0.31,0.11,0.42,0.31,0.42
4536,Brian Anunga,CMR,MF,FC Cincinnati,28,1996,21,14,1294,14.4,0,1,1,0,0,0,2,0,0.4,0.4,0.2,0.7,8,48,10,0.0,0.07,0.07,0.0,0.07,0.03,0.02,0.05,0.03,0.05
4537,Chris Applewhite,USA,DF,Nashville SC,17,2007,5,2,190,2.1,0,0,0,0,0,0,0,0,0.0,0.0,0.0,0.0,1,6,0,0.0,0.0,0.0,0.0,0.0,0.0,0.0,0.0,0.0,0.0
4538,Cristian Arango,COL,"FW,MF",SJ Earthquakes,30,1995,20,20,1710,19.0,11,1,12,9,2,2,3,0,10.4,8.8,2.3,11.1,46,82,115,0.58,0.05,0.63,0.47,0.53,0.55,0.12,0.67,0.47,0.58
4539,César Araujo,URU,MF,Orlando City,24,2001,18,17,1533,17.0,2,3,5,2,0,0,5,1,0.9,0.9,1.7,2.5,19,101,28,0.12,0.18,0.29,0.12,0.29,0.05,0.1,0.15,0.05,0.15
4540,Max Arfsten,USA,"DF,MF",Columbus Crew,24,2001,19,19,1671,18.6,4,3,7,4,0,0,4,0,3.8,3.8,4.3,8.1,51,103,183,0.22,0.16,0.38,0.22,0.38,0.2,0.23,0.44,0.2,0.44
4541,Daniel Armando Ríos,MEX,FW,Vancouver W'caps,30,1995,20,11,1018,11.3,2,2,4,2,0,2,1,0,4.8,3.2,1.4,4.6,9,17,63,0.18,0.18,0.35,0.18,0.35,0.42,0.12,0.55,0.28,0.41
4542,Paul Arriola,USA,"FW,DF",Seattle Sounders,30,1995,2,0,75,0.8,0,0,0,0,0,0,0,0,0.0,0.0,0.0,0.0,2,2,17,0.0,0.0,0.0,0.0,0.0,0.06,0.0,0.06,0.06,0.06
4543,Artur,BRA,MF,Houston Dynamo,29,1996,24,23,2048,22.8,0,0,0,0,0,0,3,0,0.2,0.2,0.3,0.5,13,136,16,0.0,0.0,0.0,0.0,0.0,0.01,0.01,0.02,0.01,0.02
4544,Joshua Atencio,USA,MF,Colorado Rapids,23,2002,23,20,1573,17.5,0,0,0,0,0,0,2,0,0.9,0.9,1.0,1.9,18,105,28,0.0,0.0,0.0,0.0,0.0,0.05,0.06,0.11,0.05,0.11
4545,Eduard Atuesta,COL,MF,Orlando City,28,1997,18,16,1442,16.0,0,6,6,0,0,0,4,0,1.6,1.6,4.7,6.3,21,112,37,0.0,0.37,0.37,0.0,0.37,0.1,0.29,0.4,0.1,0.4
4546,Julián Aude,ARG,DF,LA Galaxy,22,2003,22,10,1022,11.4,0,0,0,0,0,0,3,0,0.3,0.3,0.7,1.0,24,64,77,0.0,0.0,0.0,0.0,0.0,0.02,0.06,0.09,0.02,0.09
4547,Tomás Avilés,ARG,"DF,MF",Inter Miami,21,2004,17,10,797,8.9,1,0,1,1,0,0,1,1,0.5,0.5,0.0,0.5,6,28,1,0.11,0.0,0.11,0.11,0.11,0.06,0.0,0.06,0.06,0.06
4548,Chidozie Awaziem,NGA,DF,Colorado Rapids,28,1997,20,20,1773,19.7,0,1,1,0,0,0,6,0,1.2,1.2,0.9,2.1,7,59,4,0.0,0.05,0.05,0.0,0.05,0.06,0.04,0.11,0.06,0.11
4549,Obafemi Awodesu,USA,DF,Houston Dynamo,24,2001,19,17,1451,16.1,1,0,1,1,0,0,3,1,0.5,0.5,0.2,0.7,1,31,3,0.06,0.0,0.06,0.06,0.06,0.03,0.01,0.04,0.03,0.04
4550,David Ayala,ARG,MF,Portland Timbers,22,2002,22,22,1766,19.6,2,1,3,2,0,0,4,0,1.3,1.3,0.9,2.2,7,131,17,0.1,0.05,0.15,0.1,0.15,0.07,0.05,0.11,0.07,0.11
4551,Dominique Badji,SEN,"FW,MF",D.C. United,32,1992,18,6,706,7.8,1,0,1,1,0,0,3,0,2.4,2.4,0.3,2.7,8,9,53,0.13,0.0,0.13,0.13,0.13,0.31,0.03,0.34,0.31,0.34
4552,Jeevan Badwal,CAN,MF,Vancouver W'caps,19,2006,15,6,557,6.2,1,1,2,1,0,0,1,0,0.4,0.4,1.1,1.5,7,15,11,0.16,0.16,0.32,0.16,0.32,0.06,0.18,0.24,0.06,0.24
4553,Corey Baird,USA,"FW,MF",FC Cincinnati,29,1996,17,3,419,4.7,0,0,0,0,0,0,4,0,0.9,0.9,0.5,1.4,14,12,29,0.0,0.0,0.0,0.0,0.0,0.18,0.11,0.3,0.18,0.3
4554,Cody Baker,USA,"MF,DF",Seattle Sounders,21,2004,2,0,27,0.3,0,0,0,0,0,0,0,0,0.0,0.0,0.0,0.0,0,0,0,0.0,0.0,0.0,0.0,0.0,0.0,0.0,0.0,0.0,0.0
4555,Reed Baker-Whiting,USA,DF,Seattle Sounders,20,2005,8,2,257,2.9,0,0,0,0,0,0,3,1,0.1,0.1,0.2,0.3,4,14,14,0.0,0.0,0.0,0.0,0.0,0.04,0.08,0.11,0.04,0.11
4556,Monsef Bakrar,ALG,"FW,MF",NYCFC,24,2001,21,5,601,6.7,2,0,2,2,0,0,1,0,1.9,1.9,0.4,2.4,4,9,51,0.3,0.0,0.3,0.3,0.3,0.29,0.06,0.35,0.29,0.35
4557,Jonathan Bamba,CIV,FW,Chicago Fire,29,1996,23,22,1655,18.4,3,4,7,3,0,0,2,0,3.8,3.8,3.8,7.7,76,79,138,0.16,0.22,0.38,0.16,0.38,0.21,0.21,0.42,0.21,0.42
4558,Fidel Barajas,MEX,FW,D.C. United,19,2006,4,0,38,0.4,0,0,0,0,0,0,0,0,0.0,0.0,0.1,0.1,0,3,10,0.0,0.0,0.0,0.0,0.0,0.0,0.2,0.2,0.0,0.2
4559,Jesús Barea,ESP,FW,Real Salt Lake,23,2002,9,1,239,2.7,0,0,0,0,0,0,0,0,1.5,1.5,0.1,1.5,2,5,13,0.0,0.0,0.0,0.0,0.0,0.55,0.03,0.58,0.55,0.58
4560,Tai Baribo,ISR,FW,Philadelphia Union,27,1998,20,15,1342,14.9,14,1,15,13,1,1,3,0,9.3,8.5,0.6,9.1,8,24,74,0.94,0.07,1.01,0.87,0.94,0.62,0.04,0.66,0.57,0.61
4561,Tom Barlow,USA,FW,Chicago Fire,30,1995,18,1,330,3.7,3,0,3,3,0,0,1,0,1.4,1.4,0.2,1.6,2,6,12,0.82,0.0,0.82,0.82,0.82,0.38,0.05,0.43,0.38,0.43
4562,Luis Barraza,USA,GK,D.C. United,28,1996,17,17,1530,17.0,0,1,1,0,0,0,3,0,0.0,0.0,0.0,0.0,0,0,0,0.0,0.06,0.06,0.0,0.06,0.0,0.0,0.0,0.0,0.0
4563,Leonardo Barroso,POR,DF,Chicago Fire,20,2005,13,6,693,7.7,1,1,2,1,0,0,0,0,0.4,0.4,0.8,1.2,14,22,24,0.13,0.13,0.26,0.13,0.26,0.05,0.1,0.15,0.05,0.15
4564,Jacob Bartlett,USA,MF,Sporting KC,19,2005,19,19,1501,16.7,0,0,0,0,0,0,7,0,0.1,0.1,0.3,0.3,5,43,5,0.0,0.0,0.0,0.0,0.0,0.0,0.02,0.02,0.0,0.02
4565,Lucas Bartlett,USA,DF,D.C. United,27,1997,22,22,1980,22.0,0,0,0,0,0,0,5,0,0.3,0.3,1.0,1.4,4,45,6,0.0,0.0,0.0,0.0,0.0,0.01,0.05,0.06,0.01,0.06
4566,Ethan Bartlow,USA,DF,Houston Dynamo,25,2000,17,11,1018,11.3,0,2,2,0,0,0,2,0,1.1,1.1,0.8,1.9,8,51,6,0.0,0.18,0.18,0.0,0.18,0.1,0.07,0.17,0.1,0.17
4567,Cole Bassett,USA,"MF,FW",Colorado Rapids,23,2001,18,15,1332,14.8,2,2,4,1,1,1,3,0,3.8,3.0,0.6,3.7,45,74,62,0.14,0.14,0.27,0.07,0.2,0.26,0.04,0.3,0.21,0.25
4568,Sam Bassett,USA,"FW,MF",Colorado Rapids,22,2003,10,3,320,3.6,0,1,1,0,0,0,1,0,0.9,0.9,0.5,1.3,5,8,20,0.0,0.28,0.28,0.0,0.28,0.25,0.13,0.38,0.25,0.38
4569,Amine Bassi,FRA,"MF,FW",Houston Dynamo,27,1997,22,20,1614,17.9,2,2,4,2,0,0,3,0,1.9,1.9,3.9,5.7,33,113,120,0.11,0.11,0.22,0.11,0.22,0.1,0.21,0.32,0.1,0.32
4570,Zorhan Bassong,CAN,"MF,DF",Sporting KC,26,1999,16,9,919,10.2,1,0,1,1,0,0,4,0,0.2,0.2,0.2,0.4,16,57,33,0.1,0.0,0.1,0.1,0.1,0.02,0.02,0.04,0.02,0.04
4571,Andy Batioja,COL,FW,Houston Dynamo,19,2006,1,0,10,0.1,0,0,0,0,0,0,0,0,0.0,0.0,0.0,0.0,0,0,1,0.0,0.0,0.0,0.0,0.0,0.0,0.0,0.0,0.0,0.0
4572,Josh Bauer,USA,DF,Nashville SC,26,1998,15,4,402,4.5,2,0,2,2,0,0,0,0,0.5,0.5,0.4,0.9,7,23,19,0.45,0.0,0.45,0.45,0.45,0.1,0.1,0.2,0.1,0.2
4573,Timo Baumgartl,GER,DF,St. Louis,29,1996,15,13,1156,12.8,0,1,1,0,0,0,3,0,0.9,0.9,0.2,1.1,3,35,3,0.0,0.08,0.08,0.0,0.08,0.07,0.01,0.08,0.07,0.08
4574,Tanner Beason,USA,DF,NE Revolution,28,1997,18,16,1361,15.1,0,1,1,0,0,0,1,0,0.1,0.1,0.2,0.4,3,36,3,0.0,0.07,0.07,0.0,0.07,0.01,0.02,0.02,0.01,0.02
4575,Adam Beaudry,USA,GK,Colorado Rapids,19,2006,1,1,90,1.0,0,0,0,0,0,0,0,0,0.0,0.0,0.0,0.0,0,0,0,0.0,0.0,0.0,0.0,0.0,0.0,0.0,0.0,0.0,0.0
4576,Simon Becher,USA,"FW,MF",St. Louis,26,1999,23,10,1055,11.7,2,0,2,2,0,0,3,0,6.5,6.5,0.8,7.3,18,16,86,0.17,0.0,0.17,0.17,0.17,0.55,0.07,0.62,0.55,0.62
4577,Alejandro Bedoya,USA,"MF,DF",Philadelphia Union,38,1987,17,6,562,6.2,1,0,1,1,0,0,4,0,1.1,1.1,0.9,1.9,10,33,51,0.16,0.0,0.16,0.16,0.16,0.17,0.14,0.31,0.17,0.31
4578,Jon Bell,JAM,DF,Seattle Sounders,27,1997,17,11,1066,11.8,0,0,0,0,0,0,1,1,0.2,0.2,0.0,0.2,2,34,4,0.0,0.0,0.0,0.0,0.0,0.02,0.0,0.02,0.02,0.02
4579,Ben Bender,USA,"MF,FW",Philadelphia Union,24,2001,6,4,313,3.5,0,0,0,0,0,0,3,0,0.2,0.2,0.4,0.6,2,10,34,0.0,0.0,0.0,0.0,0.0,0.06,0.1,0.17,0.06,0.17
4580,Ramiro Benetti,BRA,MF,FC Dallas,32,1993,19,18,1538,17.1,0,1,1,0,0,0,6,0,0.1,0.1,1.6,1.8,7,100,14,0.0,0.06,0.06,0.0,0.06,0.01,0.1,0.1,0.01,0.1
4581,Christian Benteke,BEL,FW,D.C. United,34,1990,16,14,1113,12.4,7,1,8,6,1,2,3,0,8.2,6.7,1.4,8.1,11,23,61,0.57,0.08,0.65,0.49,0.57,0.66,0.11,0.77,0.54,0.65
4582,Sebastian Berhalter,USA,MF,Vancouver W'caps,24,2001,18,15,1366,15.2,2,4,6,2,0,0,5,0,1.4,1.4,4.0,5.4,16,115,56,0.13,0.26,0.4,0.13,0.4,0.09,0.27,0.36,0.09,0.36
4583,Federico Bernardeschi,ITA,"FW,MF",Toronto FC,31,1994,15,15,1298,14.4,4,3,7,3,1,1,5,0,3.7,2.9,3.8,6.8,56,62,123,0.28,0.21,0.49,0.21,0.42,0.26,0.27,0.52,0.2,0.47
4584,Miguel Berry,ESP,FW,LA Galaxy,27,1997,9,4,389,4.3,0,2,2,0,0,0,0,0,0.7,0.7,1.0,1.8,4,2,18,0.0,0.46,0.46,0.0,0.46,0.17,0.24,0.41,0.17,0.41
4585,Pep Biel,ESP,"MF,FW",Charlotte,28,1996,23,23,1870,20.8,10,11,21,10,0,0,4,0,6.4,6.4,10.5,16.9,38,100,118,0.48,0.53,1.01,0.48,1.01,0.31,0.5,0.81,0.31,0.81
4586,David Bingham,USA,GK,Charlotte,35,1989,2,2,180,2.0,0,0,0,0,0,0,0,0,0.0,0.0,0.0,0.0,0,0,0,0.0,0.0,0.0,0.0,0.0,0.0,0.0,0.0,0.0,0.0
4587,Guilherme Biro,BRA,DF,Austin,25,2000,22,21,1773,19.7,2,0,2,2,0,0,4,0,1.0,1.0,1.3,2.3,22,62,35,0.1,0.0,0.1,0.1,0.1,0.05,0.07,0.12,0.05,0.12
4588,Tristan Blackmon,USA,DF,Vancouver W'caps,28,1996,20,18,1671,18.6,2,0,2,2,0,0,3,0,0.8,0.7,0.3,1.0,18,123,7,0.11,0.0,0.11,0.11,0.11,0.04,0.01,0.06,0.04,0.05
4589,Andre Blake,JAM,GK,Philadelphia Union,34,1990,14,14,1260,14.0,0,0,0,0,0,0,0,0,0.0,0.0,0.0,0.0,0,0,0,0.0,0.0,0.0,0.0,0.0,0.0,0.0,0.0,0.0,0.0
4590,Emmanuel Boateng,GHA,FW,San Diego FC,31,1994,10,0,183,2.0,0,0,0,0,0,0,2,0,0.0,0.0,0.0,0.0,6,6,11,0.0,0.0,0.0,0.0,0.0,0.0,0.0,0.0,0.0,0.0
4591,Wiktor Bogacz,POL,"FW,MF",NY Red Bulls,21,2004,16,1,285,3.2,1,1,2,1,0,0,0,0,0.5,0.5,0.7,1.2,3,5,23,0.32,0.32,0.63,0.32,0.63,0.16,0.23,0.4,0.16,0.4
4592,Luca Bombino,USA,DF,San Diego FC,19,2006,18,16,1409,15.7,1,2,3,1,0,0,4,0,0.8,0.8,1.0,1.8,21,91,68,0.06,0.13,0.19,0.06,0.19,0.05,0.07,0.11,0.05,0.11
4593,Jonathan Bond,ENG,GK,Houston Dynamo,32,1993,16,16,1440,16.0,0,0,0,0,0,0,0,0,0.0,0.0,0.0,0.0,0,1,0,0.0,0.0,0.0,0.0,0.0,0.0,0.0,0.0,0.0,0.0
4594,Denis Bouanga,GAB,FW,LAFC,30,1994,20,19,1719,19.1,13,5,18,7,6,7,2,0,14.0,8.5,5.5,14.0,122,70,284,0.68,0.26,0.94,0.37,0.63,0.73,0.29,1.02,0.44,0.73
4595,Ousseni Bouda,BFA,"FW,MF",SJ Earthquakes,25,2000,24,9,879,9.8,3,1,4,3,0,0,3,0,3.4,3.4,1.6,5.0,28,29,79,0.31,0.1,0.41,0.31,0.41,0.35,0.16,0.51,0.35,0.51
4596,Giuseppe Bovalina,AUS,DF,Vancouver W'caps,20,2004,3,1,116,1.3,0,1,1,0,0,0,0,0,0.3,0.3,0.1,0.4,2,3,10,0.0,0.78,0.78,0.0,0.78,0.24,0.05,0.3,0.24,0.3
4597,Michael Boxall,NZL,DF,Minnesota Utd,36,1988,21,20,1845,20.5,1,1,2,1,0,0,4,0,0.8,0.8,0.8,1.6,5,22,11,0.05,0.05,0.1,0.05,0.1,0.04,0.04,0.08,0.04,0.08
4598,Chris Brady,USA,GK,Chicago Fire,21,2004,17,17,1475,16.4,0,0,0,0,0,0,1,1,0.0,0.0,0.0,0.0,0,1,0,0.0,0.0,0.0,0.0,0.0,0.0,0.0,0.0,0.0,0.0
4599,Claudio Bravo,ARG,DF,Portland Timbers,28,1997,8,3,330,3.7,0,0,0,0,0,0,1,0,0.3,0.3,0.6,0.9,4,17,10,0.0,0.0,0.0,0.0,0.0,0.1,0.16,0.25,0.1,0.25
4600,David Brekalo,SVN,DF,Orlando City,26,1998,21,19,1699,18.9,0,2,2,0,0,0,4,0,2.4,2.4,1.4,3.8,18,76,15,0.0,0.11,0.11,0.0,0.11,0.13,0.08,0.2,0.13,0.2
4601,Luke Brennan,USA,FW,Atlanta Utd,20,2005,6,1,137,1.5,0,0,0,0,0,0,1,0,0.1,0.1,0.5,0.6,9,2,23,0.0,0.0,0.0,0.0,0.0,0.06,0.35,0.41,0.06,0.41
4602,Sebastian Breza,CAN,GK,CF Montréal,27,1998,3,3,270,3.0,0,0,0,0,0,0,0,0,0.0,0.0,0.0,0.0,0,0,0,0.0,0.0,0.0,0.0,0.0,0.0,0.0,0.0,0.0,0.0
4603,Yannick Bright,ITA,MF,Inter Miami,23,2001,15,10,809,9.0,0,0,0,0,0,0,4,0,0.1,0.1,0.1,0.2,8,37,14,0.0,0.0,0.0,0.0,0.0,0.01,0.02,0.03,0.01,0.03
4604,Andrew Brody,USA,DF,Sporting KC,30,1995,11,5,403,4.5,0,0,0,0,0,0,0,0,0.2,0.2,0.3,0.5,12,18,34,0.0,0.0,0.0,0.0,0.0,0.04,0.07,0.11,0.04,0.11
4605,Brandt Bronico,USA,MF,Charlotte,30,1995,22,19,1632,18.1,1,1,2,1,0,0,6,0,1.5,1.5,0.6,2.1,26,83,44,0.06,0.06,0.11,0.06,0.11,0.08,0.03,0.12,0.08,0.12
4606,Lachlan Brook,AUS,FW,Real Salt Lake,24,2001,5,0,100,1.1,0,0,0,0,0,0,1,0,0.3,0.3,0.4,0.7,1,3,6,0.0,0.0,0.0,0.0,0.0,0.31,0.32,0.63,0.31,0.63
4607,Javain Brown,JAM,DF,Real Salt Lake,26,1999,3,3,194,2.2,0,0,0,0,0,0,1,0,0.3,0.3,0.0,0.3,3,6,1,0.0,0.0,0.0,0.0,0.0,0.13,0.0,0.13,0.13,0.13
4608,Tristan Brown,USA,"DF,MF",Columbus Crew,17,2007,5,0,32,0.4,0,0,0,0,0,0,0,0,0.0,0.0,0.0,0.1,6,2,7,0.0,0.0,0.0,0.0,0.0,0.07,0.12,0.19,0.07,0.19
4609,Gastón Brugman,URU,MF,Nashville SC,32,1992,15,8,722,8.0,0,0,0,0,0,0,2,0,0.3,0.3,1.4,1.8,3,66,18,0.0,0.0,0.0,0.0,0.0,0.04,0.18,0.22,0.04,0.22
4610,Ola Brynhildsen,NOR,FW,Toronto FC,26,1999,17,14,1060,11.8,2,1,3,2,0,0,0,0,5.0,5.0,0.5,5.4,18,11,36,0.17,0.08,0.25,0.17,0.25,0.42,0.04,0.46,0.42,0.46
4611,Pavel Bucha,CZE,MF,FC Cincinnati,27,1998,23,22,1994,22.2,2,2,4,2,0,0,2,0,1.5,1.5,2.6,4.1,19,117,58,0.09,0.09,0.18,0.09,0.18,0.07,0.12,0.18,0.07,0.18
4612,Noel Buck,ENG,"MF,DF",NE Revolution,20,2005,2,0,24,0.3,0,0,0,0,0,0,0,0,0.0,0.0,0.0,0.0,0,2,2,0.0,0.0,0.0,0.0,0.0,0.0,0.0,0.0,0.0,0.0
4613,Noel Buck,ENG,MF,SJ Earthquakes,20,2005,2,0,21,0.2,0,0,0,0,0,0,0,0,0.0,0.0,0.0,0.0,0,0,0,0.0,0.0,0.0,0.0,0.0,0.0,0.0,0.0,0.0,0.0
4614,Dawid Bugaj,POL,DF,CF Montréal,21,2004,15,13,1205,13.4,0,0,0,0,0,0,3,0,0.1,0.1,0.3,0.4,15,22,23,0.0,0.0,0.0,0.0,0.0,0.01,0.02,0.03,0.01,0.03
4615,Osman Bukari,GHA,"MF,FW",Austin,26,1998,22,18,1527,17.0,1,2,3,1,0,0,1,0,2.5,2.5,4.3,6.8,68,46,151,0.06,0.12,0.18,0.06,0.18,0.15,0.26,0.4,0.15,0.4
4616,Teal Bunbury,USA,"FW,MF",Nashville SC,35,1990,14,1,138,1.5,0,0,0,0,0,0,0,0,1.0,1.0,0.0,1.0,0,1,16,0.0,0.0,0.0,0.0,0.0,0.67,0.0,0.67,0.67,0.67
4617,Roman Bürki,SUI,GK,St. Louis,34,1990,14,14,1260,14.0,0,0,0,0,0,0,0,0,0.0,0.0,0.0,0.0,0,4,0,0.0,0.0,0.0,0.0,0.0,0.0,0.0,0.0,0.0,0.0
4618,Evan Bush,USA,GK,Columbus Crew,39,1986,5,5,450,5.0,0,0,0,0,0,0,0,0,0.0,0.0,0.0,0.0,0,0,0,0.0,0.0,0.0,0.0,0.0,0.0,0.0,0.0,0.0,0.0
4619,Sergio Busquets,ESP,MF,Inter Miami,37,1988,20,20,1785,19.8,0,5,5,0,0,0,3,0,0.2,0.2,3.2,3.5,15,143,18,0.0,0.25,0.25,0.0,0.25,0.01,0.16,0.17,0.01,0.17
4620,Brandon Bye,USA,DF,NE Revolution,29,1995,19,9,803,8.9,0,0,0,0,0,0,0,0,0.5,0.5,0.7,1.2,5,20,55,0.0,0.0,0.0,0.0,0.0,0.06,0.07,0.13,0.06,0.13
4621,Nathan Byrne,ENG,DF,Charlotte,33,1992,8,8,720,8.0,0,0,0,0,0,0,1,0,0.0,0.0,0.2,0.2,17,40,33,0.0,0.0,0.0,0.0,0.0,0.0,0.02,0.02,0.0,0.02
4622,Kevin Cabral,FRA,"FW,MF",Colorado Rapids,26,1999,18,10,767,8.5,0,0,0,0,0,0,4,0,1.4,1.4,0.2,1.5,12,10,58,0.0,0.0,0.0,0.0,0.0,0.16,0.02,0.18,0.16,0.18
4623,Rafael Cabral,BRA,GK,Real Salt Lake,35,1990,23,23,2070,23.0,0,0,0,0,0,0,2,0,0.0,0.0,0.0,0.0,0,0,0,0.0,0.0,0.0,0.0,0.0,0.0,0.0,0.0,0.0,0.0
4624,Noel Caliskan,GER,"DF,MF",Real Salt Lake,24,2000,14,12,1085,12.1,1,0,1,1,0,0,3,0,0.2,0.2,0.2,0.4,16,59,15,0.08,0.0,0.08,0.08,0.08,0.01,0.02,0.03,0.01,0.03
4625,Drake Callender,USA,GK,Inter Miami,27,1997,3,2,185,2.1,0,0,0,0,0,0,0,0,0.0,0.0,0.0,0.0,0,0,0,0.0,0.0,0.0,0.0,0.0,0.0,0.0,0.0,0.0,0.0
4626,Brandon Cambridge,USA,FW,Charlotte,22,2002,1,0,1,0.0,0,0,0,0,0,0,0,0,0.2,0.2,0.0,0.2,0,0,0,0.0,0.0,0.0,0.0,0.0,14.89,0.0,14.89,14.89,14.89
4627,Leonardo Campana,ECU,FW,NE Revolution,24,2000,16,13,1040,11.6,4,0,4,4,0,0,4,0,4.2,4.2,0.7,5.0,9,26,59,0.35,0.0,0.35,0.35,0.35,0.37,0.06,0.43,0.37,0.43
4628,George Campbell,USA,DF,CF Montréal,24,2001,16,15,1345,14.9,0,1,1,0,0,0,4,0,0.6,0.6,1.5,2.1,9,59,5,0.0,0.07,0.07,0.0,0.07,0.04,0.1,0.14,0.04,0.14
4629,Reggie Cannon,USA,DF,Colorado Rapids,27,1998,19,19,1642,18.2,0,0,0,0,0,0,5,0,0.2,0.2,0.8,1.0,21,58,47,0.0,0.0,0.0,0.0,0.0,0.01,0.04,0.05,0.01,0.05
4630,Gustavo Caraballo,USA,"MF,FW",Orlando City,16,2008,5,0,17,0.2,0,0,0,0,0,0,0,0,0.1,0.1,0.2,0.4,2,3,2,0.0,0.0,0.0,0.0,0.0,0.73,1.23,1.95,0.73,1.95
4631,Felipe Carballo,URU,MF,NY Red Bulls,28,1996,16,10,941,10.5,0,1,1,0,0,0,3,1,0.7,0.7,1.0,1.7,15,82,26,0.0,0.1,0.1,0.0,0.1,0.07,0.09,0.16,0.07,0.16
4632,Alan Carleton,USA,FW,Nashville SC,20,2005,1,0,14,0.2,0,0,0,0,0,0,0,0,0.0,0.0,0.0,0.0,0,3,2,0.0,0.0,0.0,0.0,0.0,0.0,0.0,0.0,0.0,0.0
4633,Wikelman Carmona,VEN,"FW,MF",NY Red Bulls,22,2003,24,14,1262,14.0,0,1,1,0,0,0,1,0,1.2,1.2,0.8,2.0,20,31,80,0.0,0.07,0.07,0.0,0.07,0.08,0.06,0.14,0.08,0.14
4634,Maximo Carrizo,USA,"MF,FW",NYCFC,17,2008,3,0,71,0.8,0,0,0,0,0,0,0,0,0.1,0.1,0.0,0.1,1,3,7,0.0,0.0,0.0,0.0,0.0,0.13,0.05,0.18,0.13,0.18
4635,Julio Cascante,CRC,DF,Austin,31,1993,10,7,552,6.1,0,0,0,0,0,0,1,0,0.1,0.1,0.0,0.1,2,27,0,0.0,0.0,0.0,0.0,0.0,0.02,0.0,0.02,0.02,0.02
4636,Jackson Castro,USA,MF,Vancouver W'caps,22,2002,1,0,1,0.0,0,0,0,0,0,0,0,0,0.0,0.0,0.0,0.0,0,1,0,0.0,0.0,0.0,0.0,0.0,0.0,0.0,0.0,0.0,0.0
4637,Nico Cavallo,USA,"DF,MF",NYCFC,23,2001,14,2,318,3.5,0,0,0,0,0,0,1,0,0.1,0.1,0.0,0.1,5,15,15,0.0,0.0,0.0,0.0,0.0,0.02,0.01,0.03,0.02,0.03
4638,Brayan Ceballos,COL,DF,NE Revolution,24,2001,20,20,1741,19.3,1,0,1,1,0,0,6,0,0.6,0.6,0.2,0.8,9,40,7,0.05,0.0,0.05,0.05,0.05,0.03,0.01,0.04,0.03,0.04
4639,Roman Celentano,USA,GK,FC Cincinnati,24,2000,24,24,2160,24.0,0,0,0,0,0,0,1,0,0.0,0.0,0.0,0.0,0,0,0,0.0,0.0,0.0,0.0,0.0,0.0,0.0,0.0,0.0,0.0
4640,Edwin Cerrillo,USA,MF,LA Galaxy,24,2000,22,22,1817,20.2,0,0,0,0,0,0,10,0,0.3,0.3,0.9,1.2,21,139,17,0.0,0.0,0.0,0.0,0.0,0.02,0.04,0.06,0.02,0.06
4641,Dylan Chambost,FRA,MF,Columbus Crew,27,1997,24,21,1883,20.9,1,5,6,1,0,0,3,0,2.8,2.8,3.3,6.1,36,213,78,0.05,0.24,0.29,0.05,0.29,0.13,0.16,0.29,0.13,0.29
4642,Tomás Chancalay,ARG,"FW,MF",NE Revolution,26,1999,15,7,643,7.1,3,1,4,3,0,0,0,0,3.9,3.9,0.8,4.7,15,18,43,0.42,0.14,0.56,0.42,0.56,0.55,0.11,0.66,0.55,0.66
4643,Kieran Chandler,USA,DF,Minnesota Utd,20,2005,1,1,64,0.7,0,0,0,0,0,0,0,0,0.0,0.0,0.0,0.0,1,0,2,0.0,0.0,0.0,0.0,0.0,0.0,0.0,0.0,0.0,0.0
4644,Maxime Chanot,LUX,DF,LAFC,35,1989,1,1,67,0.7,0,0,0,0,0,0,0,0,0.0,0.0,0.0,0.0,0,0,0,0.0,0.0,0.0,0.0,0.0,0.0,0.0,0.0,0.0,0.0
4645,Diego Chará,COL,MF,Portland Timbers,39,1986,18,9,945,10.5,0,1,1,0,0,0,2,0,0.1,0.1,0.3,0.4,5,55,6,0.0,0.1,0.1,0.0,0.1,0.0,0.03,0.04,0.0,0.04
4646,Gabriel Chaves,BRA,"FW,MF",LA Galaxy,24,2001,21,21,1872,20.8,5,0,5,4,1,1,6,0,8.2,7.4,2.1,9.5,96,77,187,0.24,0.0,0.24,0.19,0.19,0.39,0.1,0.49,0.35,0.46
4647,Yevhen Cheberko,UKR,DF,Columbus Crew,27,1998,21,20,1769,19.7,0,0,0,0,0,0,1,0,0.4,0.4,0.7,1.1,25,112,16,0.0,0.0,0.0,0.0,0.0,0.02,0.03,0.06,0.02,0.06
4648,Ștefan Chirilă,ROU,MF,FC Cincinnati,18,2007,2,0,8,0.1,0,0,0,0,0,0,0,0,0.0,0.0,0.1,0.1,0,0,1,0.0,0.0,0.0,0.0,0.0,0.0,1.14,1.14,0.0,1.14
4649,Dominik Chong Qui,USA,DF,Atlanta Utd,17,2007,2,1,60,0.7,0,0,0,0,0,0,0,0,0.0,0.0,0.0,0.0,4,4,4,0.0,0.0,0.0,0.0,0.0,0.0,0.04,0.04,0.0,0.04
4650,Léo Chú,BRA,"FW,MF",FC Dallas,25,2000,4,3,210,2.3,1,0,1,1,0,0,0,0,1.0,1.0,0.3,1.2,2,6,15,0.43,0.0,0.43,0.43,0.43,0.41,0.11,0.52,0.41,0.52
4651,Markus Cimermancic,CAN,"DF,MF",Toronto FC,20,2004,4,3,219,2.4,0,0,0,0,0,0,0,0,0.0,0.0,0.2,0.2,1,2,14,0.0,0.0,0.0,0.0,0.0,0.01,0.06,0.08,0.01,0.08
4652,Caden Clark,USA,"FW,MF",CF Montréal,22,2003,23,14,1330,14.8,0,2,2,0,0,0,5,0,1.3,1.3,2.1,3.4,19,42,84,0.0,0.14,0.14,0.0,0.14,0.09,0.14,0.23,0.09,0.23
4653,Noah Cobb,USA,"DF,FW",Atlanta Utd,20,2005,13,3,432,4.8,0,0,0,0,0,0,0,0,0.0,0.0,0.1,0.2,5,19,6,0.0,0.0,0.0,0.0,0.0,0.01,0.03,0.04,0.01,0.04
4654,Alonso Coello,ESP,MF,Toronto FC,25,1999,21,14,1309,14.5,1,0,1,1,0,0,2,0,0.2,0.2,1.7,1.9,8,90,12,0.07,0.0,0.07,0.07,0.07,0.01,0.12,0.13,0.01,0.13
4655,Michael Collodi,USA,GK,FC Dallas,24,2001,2,2,180,2.0,0,0,0,0,0,0,0,0,0.0,0.0,0.0,0.0,0,0,0,0.0,0.0,0.0,0.0,0.0,0.0,0.0,0.0,0.0,0.0
4656,Theo Corbeanu,CAN,"FW,MF",Toronto FC,23,2002,21,17,1505,16.7,5,1,6,4,1,1,1,0,3.8,3.1,2.8,5.8,112,21,141,0.3,0.06,0.36,0.24,0.3,0.23,0.17,0.4,0.18,0.35
4657,Matthew Corcoran,USA,MF,Nashville SC,19,2006,7,3,242,2.7,0,0,0,0,0,0,1,0,0.0,0.0,0.0,0.0,6,11,2,0.0,0.0,0.0,0.0,0.0,0.0,0.01,0.01,0.0,0.01
4658,Carlos Coronel,PAR,GK,NY Red Bulls,28,1996,23,23,2070,23.0,0,0,0,0,0,0,0,0,0.0,0.0,0.0,0.0,0,1,0,0.0,0.0,0.0,0.0,0.0,0.0,0.0,0.0,0.0,0.0
4659,David Costa,POR,"MF,FW",Portland Timbers,24,2001,21,20,1783,19.8,4,6,10,4,0,0,2,0,3.8,3.8,4.8,8.6,107,148,136,0.2,0.3,0.5,0.2,0.5,0.19,0.24,0.43,0.19,0.43
4660,Vitor Costa,BRA,"DF,MF",SJ Earthquakes,31,1994,19,15,1253,13.9,1,2,3,1,0,0,5,0,2.0,2.0,2.0,4.0,32,46,102,0.07,0.14,0.22,0.07,0.22,0.15,0.14,0.29,0.15,0.29
4661,Antoine Coupland,CAN,FW,Vancouver W'caps,21,2003,2,0,16,0.2,1,0,1,1,0,0,0,0,0.0,0.0,0.0,0.0,0,1,1,5.63,0.0,5.63,5.63,5.63,0.24,0.0,0.24,0.24,0.24
4662,Brandan Craig,USA,"DF,MF",CF Montréal,21,2004,13,6,695,7.7,0,0,0,0,0,0,2,0,0.2,0.2,0.0,0.3,0,22,2,0.0,0.0,0.0,0.0,0.0,0.03,0.01,0.04,0.03,0.04
4663,Ben Cremaschi,USA,"MF,FW",Inter Miami,20,2005,18,13,1120,12.4,1,2,3,1,0,0,4,0,1.5,1.5,2.0,3.4,18,33,62,0.08,0.16,0.24,0.08,0.24,0.12,0.16,0.27,0.12,0.27
4664,Maxime Crépeau,CAN,GK,Portland Timbers,31,1994,11,11,990,11.0,0,0,0,0,0,0,0,0,0.0,0.0,0.0,0.0,0,0,0,0.0,0.0,0.0,0.0,0.0,0.0,0.0,0.0,0.0,0.0
4665,Andrés Cubas,PAR,MF,Vancouver W'caps,29,1996,17,16,1283,14.3,0,0,0,0,0,0,5,0,0.3,0.3,0.1,0.4,3,69,8,0.0,0.0,0.0,0.0,0.0,0.02,0.0,0.03,0.02,0.03
4666,Mauricio Cuevas,USA,"DF,FW",LA Galaxy,22,2003,15,2,297,3.3,1,1,2,1,0,0,2,0,0.3,0.3,1.2,1.5,11,18,45,0.3,0.3,0.61,0.3,0.61,0.1,0.37,0.47,0.1,0.47
4667,Christopher Cupps,USA,DF,Chicago Fire,17,2008,3,2,195,2.2,0,0,0,0,0,0,1,0,0.0,0.0,0.0,0.0,0,1,0,0.0,0.0,0.0,0.0,0.0,0.0,0.0,0.0,0.0,0.0
4668,Hugo Cuypers,BEL,FW,Chicago Fire,28,1997,22,22,1844,20.5,13,1,14,11,2,2,0,0,14.9,13.3,2.6,15.9,26,39,109,0.63,0.05,0.68,0.54,0.59,0.72,0.13,0.85,0.65,0.78
4669,Bruno Damiani,URU,"FW,MF",Philadelphia Union,23,2002,23,15,1367,15.2,4,0,4,3,1,1,4,0,8.0,6.4,1.1,7.5,8,31,68,0.26,0.0,0.26,0.2,0.2,0.53,0.07,0.6,0.42,0.5
4670,Dagur Dan Þórhallsson,ISL,"MF,DF",Orlando City,25,2000,23,8,832,9.2,2,0,2,2,0,0,3,0,1.0,1.0,0.4,1.3,22,22,40,0.22,0.0,0.22,0.22,0.22,0.11,0.04,0.14,0.11,0.14
4671,Daniel,BRA,GK,SJ Earthquakes,31,1994,20,20,1685,18.7,0,0,0,0,0,0,2,0,0.0,0.0,0.0,0.0,0,0,0,0.0,0.0,0.0,0.0,0.0,0.0,0.0,0.0,0.0,0.0
4672,Jesús Daniel Bueno,VEN,MF,Philadelphia Union,26,1999,13,7,565,6.3,1,0,1,1,0,0,3,0,1.0,1.0,0.3,1.3,2,22,8,0.16,0.0,0.16,0.16,0.16,0.15,0.05,0.2,0.15,0.2
4673,Héctor David Martínez,PAR,DF,Inter Miami,27,1998,9,3,382,4.2,1,0,1,1,0,0,3,0,0.2,0.2,0.7,0.9,3,18,2,0.24,0.0,0.24,0.24,0.24,0.05,0.16,0.21,0.05,0.21
4674,Juan David Mosquera,COL,DF,Portland Timbers,22,2002,19,18,1565,17.4,1,2,3,1,0,0,1,0,0.8,0.8,2.7,3.5,49,64,102,0.06,0.12,0.17,0.06,0.17,0.04,0.15,0.2,0.04,0.2
4675,Edward Davis,USA,FW,Philadelphia Union,19,2006,1,0,3,0.0,0,0,0,0,0,0,0,0,0.0,0.0,0.0,0.0,0,0,1,0.0,0.0,0.0,0.0,0.0,0.0,0.0,0.0,0.0,0.0
4676,Jake Davis,USA,"DF,MF",Sporting KC,23,2002,17,11,1084,12.0,0,1,1,0,0,0,6,1,0.8,0.8,0.8,1.6,25,89,60,0.0,0.08,0.08,0.0,0.08,0.07,0.07,0.14,0.07,0.14
4677,Pedro De la Vega,ARG,"FW,MF",Seattle Sounders,24,2001,20,10,843,9.4,2,3,5,2,0,0,0,0,1.7,1.7,2.0,3.7,29,32,70,0.21,0.32,0.53,0.21,0.53,0.18,0.22,0.4,0.18,0.4
4678,Osaze De Rosario,GUY,"FW,MF",Seattle Sounders,24,2001,5,1,95,1.1,0,0,0,0,0,0,2,0,0.7,0.7,0.0,0.7,1,0,0,0.0,0.0,0.0,0.0,0.0,0.66,0.0,0.66,0.66,0.66
4679,Jonathan Dean,USA,DF,Chicago Fire,28,1997,18,13,1092,12.1,0,3,3,0,0,0,2,0,0.2,0.2,1.5,1.7,18,35,60,0.0,0.25,0.25,0.0,0.25,0.01,0.12,0.14,0.01,0.14
4680,Marky Delgado,USA,MF,LAFC,30,1995,21,17,1461,16.2,2,3,5,2,0,0,3,0,1.2,1.2,2.5,3.7,18,164,41,0.12,0.18,0.31,0.12,0.31,0.07,0.15,0.23,0.07,0.23
4681,Patrickson Delgado,ECU,"MF,FW",FC Dallas,21,2003,19,12,1032,11.5,0,1,1,0,0,0,0,0,0.9,0.9,1.0,2.0,26,50,28,0.0,0.09,0.09,0.0,0.09,0.08,0.09,0.17,0.08,0.17
4682,Kévin Denkey,TOG,FW,FC Cincinnati,24,2000,21,20,1757,19.5,12,1,13,9,3,3,4,0,8.8,6.5,1.4,7.9,33,31,122,0.61,0.05,0.67,0.46,0.51,0.45,0.07,0.53,0.33,0.41
4683,Mikkel Desler,DEN,DF,Austin,30,1995,10,8,603,6.7,1,0,1,1,0,0,3,0,1.0,1.0,0.3,1.3,9,24,21,0.15,0.0,0.15,0.15,0.15,0.16,0.05,0.2,0.16,0.2
4684,Djibril Diani,FRA,MF,Charlotte,27,1998,16,5,493,5.5,0,0,0,0,0,0,1,0,0.6,0.6,0.3,0.8,11,18,16,0.0,0.0,0.0,0.0,0.0,0.11,0.05,0.15,0.11,0.15
4685,Jefferson Díaz,COL,DF,Minnesota Utd,24,2000,20,17,1413,15.7,0,3,3,0,0,0,2,0,0.6,0.6,1.1,1.7,9,37,13,0.0,0.19,0.19,0.0,0.19,0.04,0.07,0.11,0.04,0.11
4686,Luis Díaz,CRC,"FW,DF",NE Revolution,26,1998,19,1,398,4.4,0,1,1,0,0,0,2,0,0.9,0.9,2.0,2.9,14,7,58,0.0,0.23,0.23,0.0,0.23,0.21,0.45,0.65,0.21,0.65
4687,Javairô Dilrosun,NED,FW,LAFC,27,1998,5,5,339,3.8,2,0,2,2,0,0,0,0,0.9,0.9,0.3,1.1,13,10,34,0.53,0.0,0.53,0.53,0.53,0.23,0.07,0.3,0.23,0.3
4688,Hamady Diop,SEN,DF,San Diego FC,23,2002,7,0,196,2.2,0,0,0,0,0,0,1,0,0.1,0.1,0.1,0.2,4,18,2,0.0,0.0,0.0,0.0,0.0,0.04,0.05,0.09,0.04,0.09
4689,Innocent Dje,CIV,MF,Chicago Fire,22,2003,10,1,314,3.5,0,0,0,0,0,0,4,1,0.1,0.1,0.6,0.8,2,15,3,0.0,0.0,0.0,0.0,0.0,0.04,0.18,0.22,0.04,0.22
4690,Derek Dodson,USA,"DF,MF",D.C. United,26,1998,12,4,454,5.0,0,1,1,0,0,0,1,0,0.1,0.1,0.5,0.6,5,16,23,0.0,0.2,0.2,0.0,0.2,0.02,0.1,0.12,0.02,0.12
4691,Maxime Dominguez,SUI,MF,Toronto FC,29,1996,15,10,883,9.8,0,1,1,0,0,0,2,0,0.6,0.6,1.1,1.6,16,42,35,0.0,0.1,0.1,0.0,0.1,0.06,0.11,0.17,0.06,0.17
4692,Ronald Donkor,MLI,MF,NY Red Bulls,20,2004,12,3,367,4.1,0,2,2,0,0,0,3,0,0.0,0.0,0.7,0.8,5,42,14,0.0,0.49,0.49,0.0,0.49,0.0,0.18,0.18,0.0,0.18
4693,Christopher Donovan,USA,FW,Philadelphia Union,24,2000,17,5,479,5.3,0,0,0,0,0,0,0,0,1.5,1.5,0.5,2.0,15,9,44,0.0,0.0,0.0,0.0,0.0,0.28,0.09,0.38,0.28,0.38
4694,Griffin Dorsey,USA,DF,Houston Dynamo,26,1999,23,19,1776,19.7,2,4,6,2,0,0,7,0,2.2,2.2,2.6,4.8,63,30,166,0.1,0.2,0.3,0.1,0.3,0.11,0.13,0.24,0.11,0.24
4695,C.J. dos Santos,USA,GK,San Diego FC,24,2000,21,21,1890,21.0,0,0,0,0,0,0,1,0,0.0,0.0,0.0,0.0,0,2,0,0.0,0.0,0.0,0.0,0.0,0.0,0.0,0.0,0.0,0.0
4696,Hassani Dotson,USA,MF,Minnesota Utd,27,1997,5,5,373,4.1,1,0,1,1,0,0,2,0,0.1,0.1,1.0,1.0,1,12,8,0.24,0.0,0.24,0.24,0.24,0.02,0.23,0.25,0.02,0.25
4697,Souleyman Doumbia,CIV,DF,Charlotte,28,1996,11,8,600,6.7,0,1,1,0,0,0,0,0,0.0,0.0,0.4,0.4,18,24,14,0.0,0.15,0.15,0.0,0.15,0.0,0.06,0.06,0.0,0.06
4698,Anders Dreyer,DEN,FW,San Diego FC,27,1998,24,24,2121,23.6,11,13,24,9,2,2,1,0,10.3,8.7,9.4,18.0,60,97,204,0.47,0.55,1.02,0.38,0.93,0.44,0.4,0.83,0.37,0.76
4699,Manu Duah,GHA,"DF,MF",San Diego FC,20,2005,4,2,149,1.7,0,0,0,0,0,0,0,0,0.0,0.0,0.2,0.2,2,11,1,0.0,0.0,0.0,0.0,0.0,0.03,0.09,0.12,0.03,0.12
4700,Nicolás Dubersarsky,ARG,MF,Austin,20,2004,12,2,250,2.8,0,0,0,0,0,0,1,0,0.3,0.3,0.0,0.3,4,17,2,0.0,0.0,0.0,0.0,0.0,0.11,0.0,0.11,0.11,0.11
4701,Erik Duenas,USA,"MF,FW",Houston Dynamo,20,2004,8,1,158,1.8,0,1,1,0,0,0,3,0,0.2,0.2,0.3,0.5,4,9,11,0.0,0.57,0.57,0.0,0.57,0.1,0.19,0.3,0.1,0.3
4702,Morris Duggan,GER,DF,Minnesota Utd,24,2000,13,8,768,8.5,0,1,1,0,0,0,0,0,0.3,0.3,0.4,0.8,2,16,5,0.0,0.12,0.12,0.0,0.12,0.04,0.05,0.09,0.04,0.09
4703,Bryce Duke,USA,"MF,FW",CF Montréal,24,2001,11,5,471,5.2,0,0,0,0,0,0,0,0,0.6,0.6,0.4,1.0,8,25,30,0.0,0.0,0.0,0.0,0.0,0.11,0.08,0.19,0.11,0.19
4704,Kyle Duncan,USA,DF,NY Red Bulls,27,1997,13,13,1096,12.2,0,2,2,0,0,0,2,0,0.5,0.5,1.2,1.7,19,59,48,0.0,0.16,0.16,0.0,0.16,0.04,0.1,0.14,0.04,0.14
4705,Chris Durkin,USA,"MF,DF",St. Louis,25,2000,8,6,494,5.5,0,0,0,0,0,0,2,0,0.2,0.2,0.0,0.2,1,22,18,0.0,0.0,0.0,0.0,0.0,0.04,0.0,0.04,0.04,0.04
4706,Jeremy Ebobisse,USA,FW,LAFC,28,1997,16,7,666,7.4,3,0,3,3,0,0,0,0,2.1,2.1,0.8,2.9,5,15,27,0.41,0.0,0.41,0.41,0.41,0.29,0.11,0.39,0.29,0.39
4707,Daniel Edelman,USA,MF,NY Red Bulls,22,2003,18,18,1470,16.3,1,0,1,1,0,0,3,0,0.5,0.5,0.3,0.8,12,106,17,0.06,0.0,0.06,0.06,0.06,0.03,0.02,0.05,0.03,0.05
4708,Earl Edwards Jr.,USA,GK,SJ Earthquakes,33,1992,6,4,475,5.3,0,0,0,0,0,0,1,0,0.0,0.0,0.0,0.0,0,1,0,0.0,0.0,0.0,0.0,0.0,0.0,0.0,0.0,0.0,0.0
4709,Matthew Edwards,USA,DF,Atlanta Utd,22,2003,20,14,1207,13.4,0,1,1,0,0,0,3,0,0.5,0.5,1.2,1.7,8,37,39,0.0,0.07,0.07,0.0,0.07,0.04,0.09,0.13,0.04,0.13
4710,Michael Edwards,USA,DF,Colorado Rapids,24,2000,1,0,27,0.3,0,0,0,0,0,0,0,0,0.0,0.0,0.0,0.0,0,1,0,0.0,0.0,0.0,0.0,0.0,0.0,0.0,0.0,0.0,0.0
4711,Raheem Edwards,CAN,DF,NY Red Bulls,30,1995,15,8,832,9.2,0,0,0,0,0,0,4,1,0.5,0.5,0.8,1.3,12,44,66,0.0,0.0,0.0,0.0,0.0,0.05,0.09,0.14,0.05,0.14
4712,Noah Eile,SWE,DF,NY Red Bulls,23,2002,23,22,1980,22.0,1,0,1,1,0,0,7,0,1.8,1.8,0.3,2.1,27,99,12,0.05,0.0,0.05,0.05,0.05,0.08,0.01,0.09,0.08,0.09
4713,Jack Elliott,ENG,DF,Chicago Fire,29,1995,22,22,1948,21.6,1,2,3,1,0,0,4,0,1.4,1.4,1.2,2.6,5,47,2,0.05,0.09,0.14,0.05,0.14,0.07,0.05,0.12,0.07,0.12
4714,Justin Ellis,USA,FW,Orlando City,18,2007,1,0,3,0.0,0,0,0,0,0,0,0,0,0.0,0.0,0.0,0.0,0,0,0,0.0,0.0,0.0,0.0,0.0,0.0,0.0,0.0,0.0,0.0
4715,Rayan Elloumi,CAN,MF,Vancouver W'caps,17,2007,1,0,9,0.1,0,0,0,0,0,0,0,0,0.0,0.0,0.0,0.0,0,0,1,0.0,0.0,0.0,0.0,0.0,0.0,0.0,0.0,0.0,0.0
4716,Emeka Eneli,USA,MF,Real Salt Lake,25,1999,17,12,1206,13.4,0,1,1,0,0,0,3,0,0.1,0.1,1.3,1.4,25,73,24,0.0,0.07,0.07,0.0,0.07,0.01,0.09,0.1,0.01,0.1
4717,Lukas Engel,DEN,DF,FC Cincinnati,26,1998,24,22,1920,21.3,0,4,4,0,0,0,3,0,0.7,0.7,2.3,3.0,33,105,96,0.0,0.19,0.19,0.0,0.19,0.03,0.11,0.14,0.03,0.14
4718,Lawrence Ennali,GER,"FW,MF",Houston Dynamo,23,2002,8,3,311,3.5,1,0,1,1,0,0,0,0,1.1,1.1,0.6,1.7,24,4,48,0.29,0.0,0.29,0.29,0.29,0.32,0.16,0.49,0.32,0.49
4719,Boris Enow,CMR,MF,D.C. United,25,2000,21,16,1399,15.5,1,0,1,1,0,0,4,0,0.5,0.5,0.3,0.7,5,69,9,0.06,0.0,0.06,0.06,0.06,0.03,0.02,0.05,0.03,0.05
4720,Ramiro Enrique,ARG,FW,Orlando City,24,2001,20,7,800,8.9,5,0,5,5,0,0,2,0,5.7,5.7,0.2,5.9,12,11,42,0.56,0.0,0.56,0.56,0.56,0.64,0.02,0.67,0.64,0.67
4721,Franco Escobar,ARG,DF,Houston Dynamo,30,1995,22,18,1565,17.4,2,2,4,2,0,0,10,1,2.0,2.0,0.9,2.9,21,76,44,0.12,0.12,0.23,0.12,0.23,0.12,0.05,0.17,0.12,0.17
4722,Olger Escobar,GUA,"MF,DF",CF Montréal,18,2006,3,0,64,0.7,0,0,0,0,0,0,0,0,0.0,0.0,0.0,0.0,2,2,0,0.0,0.0,0.0,0.0,0.0,0.02,0.03,0.06,0.02,0.06
4723,Cristian Espinoza,ARG,"MF,DF",SJ Earthquakes,30,1995,22,21,1906,21.2,4,8,12,3,1,1,5,0,3.1,2.4,9.4,11.7,85,125,190,0.19,0.38,0.57,0.14,0.52,0.15,0.44,0.59,0.11,0.55
4724,Derrick Etienne,HAI,"FW,DF",Toronto FC,28,1996,17,6,692,7.7,0,1,1,0,0,0,1,0,1.0,1.0,0.8,1.7,22,17,61,0.0,0.13,0.13,0.0,0.13,0.12,0.1,0.23,0.12,0.23
4725,Evander,BRA,MF,FC Cincinnati,27,1998,22,21,1844,20.5,15,7,22,15,0,0,4,0,5.6,5.6,4.9,10.5,79,130,85,0.73,0.34,1.07,0.73,1.07,0.27,0.24,0.51,0.27,0.51
4726,Diego Fagúndez,URU,"MF,FW",LA Galaxy,30,1995,23,20,1703,18.9,4,0,4,4,0,0,3,0,1.6,1.6,1.9,3.5,33,127,84,0.21,0.0,0.21,0.21,0.21,0.09,0.1,0.19,0.09,0.19
4727,Maximiliano Falcón,URU,DF,Inter Miami,28,1997,15,12,1089,12.1,1,0,1,1,0,0,5,0,0.4,0.4,0.0,0.4,2,18,0,0.08,0.0,0.08,0.08,0.08,0.04,0.0,0.04,0.04,0.04
4728,Marco Farfan,USA,DF,FC Dallas,26,1998,16,14,1278,14.2,0,0,0,0,0,0,1,0,0.2,0.2,1.6,1.8,18,32,34,0.0,0.0,0.0,0.0,0.0,0.01,0.11,0.12,0.01,0.12
4729,Logan Farrington,USA,"FW,MF",FC Dallas,23,2001,22,9,939,10.4,2,1,3,2,0,0,3,0,1.8,1.8,1.0,2.9,30,23,68,0.19,0.1,0.29,0.19,0.29,0.18,0.1,0.28,0.18,0.28
4730,Mohamed Farsi,ALG,"DF,MF",Columbus Crew,25,1999,18,16,1481,16.5,1,3,4,1,0,0,2,0,2.6,2.6,2.6,5.2,40,53,202,0.06,0.18,0.24,0.06,0.24,0.16,0.16,0.32,0.16,0.32
4731,Ilay Feingold,ISR,"DF,FW",NE Revolution,20,2004,20,17,1494,16.6,3,3,6,3,0,0,3,0,1.4,1.4,2.6,4.0,49,34,114,0.18,0.18,0.36,0.18,0.36,0.08,0.16,0.24,0.08,0.24
4732,Joaquín Fernández,ESP,DF,Sporting KC,29,1996,15,14,1146,12.7,0,0,0,0,0,0,6,0,0.4,0.4,0.1,0.5,5,40,0,0.0,0.0,0.0,0.0,0.0,0.03,0.01,0.04,0.03,0.04
4733,Julián Fernández,ARG,"FW,MF",NYCFC,21,2004,23,14,1261,14.0,2,4,6,2,0,0,3,0,2.4,2.4,5.0,7.4,40,54,133,0.14,0.29,0.43,0.14,0.43,0.17,0.35,0.52,0.17,0.52
4734,Nick Fernandez,USA,MF,SJ Earthquakes,23,2001,2,2,117,1.3,0,0,0,0,0,0,0,0,0.1,0.1,0.1,0.2,0,3,1,0.0,0.0,0.0,0.0,0.0,0.07,0.06,0.13,0.07,0.13
4735,Omir Fernandez,USA,"MF,FW",Colorado Rapids,26,1999,8,0,182,2.0,0,2,2,0,0,0,0,0,0.2,0.2,2.1,2.3,10,5,18,0.0,0.99,0.99,0.0,0.99,0.08,1.06,1.14,0.08,1.14
4736,Omir Fernandez,USA,"MF,FW",Portland Timbers,26,1999,13,3,358,4.0,1,0,1,1,0,0,0,0,1.0,1.0,0.7,1.7,12,13,45,0.25,0.0,0.25,0.25,0.25,0.25,0.18,0.43,0.25,0.43
4737,Jesús Ferreira,USA,FW,Seattle Sounders,24,2000,21,18,1393,15.5,3,4,7,3,0,0,2,0,4.0,4.0,2.5,6.5,25,60,100,0.19,0.26,0.45,0.19,0.45,0.26,0.16,0.42,0.26,0.42
4738,Kristian Fletcher,USA,FW,D.C. United,19,2005,3,0,77,0.9,0,0,0,0,0,0,0,0,0.1,0.1,0.0,0.1,1,1,5,0.0,0.0,0.0,0.0,0.0,0.07,0.02,0.09,0.07,0.09
4739,Nicolas Fleuriau,CAN,"DF,FW",Vancouver W'caps,23,2002,2,0,8,0.1,0,0,0,0,0,0,0,0,0.1,0.1,0.0,0.1,0,0,3,0.0,0.0,0.0,0.0,0.0,1.29,0.0,1.29,1.29,1.29
4740,Deybi Flores,HON,MF,Toronto FC,29,1996,17,15,1252,13.9,2,2,4,2,0,0,5,0,1.0,1.0,0.8,1.8,7,53,5,0.14,0.14,0.29,0.14,0.29,0.07,0.06,0.13,0.07,0.13
4741,Gilberto Flores,PAR,DF,FC Cincinnati,22,2003,15,12,1136,12.6,0,0,0,0,0,0,5,1,0.4,0.4,0.0,0.4,1,34,1,0.0,0.0,0.0,0.0,0.0,0.03,0.0,0.04,0.03,0.04
4742,Max Floriani,USA,DF,SJ Earthquakes,22,2003,11,6,610,6.8,0,0,0,0,0,0,3,0,0.0,0.0,0.0,0.0,2,24,3,0.0,0.0,0.0,0.0,0.0,0.0,0.0,0.0,0.0,0.0
4743,CJ Fodrey,USA,"FW,MF",Austin,21,2004,12,0,97,1.1,0,0,0,0,0,0,0,0,0.3,0.3,0.1,0.4,1,5,6,0.0,0.0,0.0,0.0,0.0,0.28,0.05,0.32,0.28,0.32
4744,Mamadou Fofana,MLI,DF,NE Revolution,27,1998,21,21,1816,20.2,0,0,0,0,0,0,6,0,0.1,0.1,0.0,0.1,3,34,1,0.0,0.0,0.0,0.0,0.0,0.01,0.0,0.01,0.01,0.01
4745,Emil Forsberg,SWE,MF,NY Red Bulls,33,1991,23,23,1989,22.1,9,6,15,7,2,2,2,0,6.6,5.0,5.4,10.4,23,85,119,0.41,0.27,0.68,0.32,0.59,0.3,0.24,0.54,0.23,0.47
4746,Ajani Fortune,TRI,"MF,DF",Atlanta Utd,22,2002,15,8,784,8.7,1,0,1,1,0,0,4,0,0.7,0.7,1.0,1.7,18,56,34,0.11,0.0,0.11,0.11,0.11,0.08,0.11,0.19,0.08,0.19
4747,Jimer Fory,COL,DF,Portland Timbers,23,2002,18,18,1499,16.7,0,2,2,0,0,0,8,0,0.4,0.4,1.2,1.7,27,82,60,0.0,0.12,0.12,0.0,0.12,0.03,0.07,0.1,0.03,0.1
4748,Kobe Franklin,CAN,DF,Toronto FC,22,2003,5,1,163,1.8,0,0,0,0,0,0,1,0,0.0,0.0,0.0,0.0,3,9,4,0.0,0.0,0.0,0.0,0.0,0.0,0.0,0.0,0.0,0.0
4749,Ian Fray,USA,DF,Inter Miami,22,2002,11,7,668,7.4,0,1,1,0,0,0,1,1,0.2,0.2,1.3,1.5,18,18,27,0.0,0.13,0.13,0.0,0.13,0.03,0.18,0.21,0.03,0.21
4750,Wayne Frederick,TRI,MF,Colorado Rapids,21,2004,9,2,222,2.5,0,0,0,0,0,0,3,1,0.1,0.1,0.0,0.1,2,4,5,0.0,0.0,0.0,0.0,0.0,0.03,0.0,0.03,0.03,0.03
4751,Alex Freeman,USA,DF,Orlando City,20,2004,20,19,1745,19.4,4,1,5,4,0,0,1,0,3.2,3.2,3.2,6.5,44,69,120,0.21,0.05,0.26,0.21,0.26,0.17,0.17,0.33,0.17,0.33
4752,Matt Freese,USA,GK,NYCFC,26,1998,20,20,1800,20.0,0,0,0,0,0,0,2,0,0.0,0.0,0.0,0.0,0,0,0,0.0,0.0,0.0,0.0,0.0,0.0,0.0,0.0,0.0,0.0
4753,Stefan Frei,SUI,GK,Seattle Sounders,39,1986,18,18,1620,18.0,0,0,0,0,0,0,0,0,0.0,0.0,0.0,0.0,0,0,0,0.0,0.0,0.0,0.0,0.0,0.0,0.0,0.0,0.0,0.0
4754,Julian Gaines,USA,FW,Nashville SC,22,2002,2,0,24,0.3,0,0,0,0,0,0,0,0,0.0,0.0,0.0,0.0,1,1,1,0.0,0.0,0.0,0.0,0.0,0.0,0.0,0.0,0.0,0.0
4755,Jeffrey Gal,USA,GK,Chicago Fire,32,1993,7,6,591,6.6,0,0,0,0,0,0,0,0,0.0,0.0,0.0,0.0,0,0,0,0.0,0.0,0.0,0.0,0.0,0.0,0.0,0.0,0.0,0.0
4756,Jon Gallagher,IRL,"DF,MF",Austin,29,1996,22,18,1670,18.6,1,0,1,1,0,0,3,0,0.9,0.9,1.7,2.6,44,59,118,0.05,0.0,0.05,0.05,0.05,0.05,0.09,0.14,0.05,0.14
4757,Pedro Gallese,PER,GK,Orlando City,35,1990,22,22,1980,22.0,0,1,1,0,0,0,6,0,0.0,0.0,0.2,0.2,0,2,0,0.0,0.05,0.05,0.0,0.05,0.0,0.01,0.01,0.0,0.01
4758,Ignatius Ganago,CMR,FW,NE Revolution,26,1999,15,15,1244,13.8,1,2,3,1,0,0,1,0,4.6,4.6,1.8,6.4,22,16,85,0.07,0.14,0.22,0.07,0.22,0.34,0.13,0.47,0.34,0.47
4759,Carlos Garcés,COL,DF,LA Galaxy,23,2001,20,17,1509,16.8,1,0,1,1,0,0,5,0,0.3,0.3,0.2,0.5,5,67,1,0.06,0.0,0.06,0.06,0.06,0.02,0.01,0.03,0.02,0.03
4760,Manu García,ESP,MF,Sporting KC,27,1998,23,22,1983,22.0,2,7,9,2,0,0,4,0,1.3,1.3,3.5,4.7,43,198,53,0.09,0.32,0.41,0.09,0.41,0.06,0.16,0.21,0.06,0.21
4761,Ryan Gauld,SCO,FW,Vancouver W'caps,29,1995,3,3,198,2.2,1,0,1,1,0,0,1,0,0.6,0.6,0.4,1.0,2,9,18,0.45,0.0,0.45,0.45,0.45,0.28,0.17,0.46,0.28,0.46
4762,Dániel Gazdag,HUN,"MF,FW",Philadelphia Union,29,1996,6,6,494,5.5,2,2,4,2,0,0,1,0,1.1,1.1,2.9,4.0,6,20,31,0.36,0.36,0.73,0.36,0.73,0.2,0.53,0.73,0.2,0.73
4763,Dániel Gazdag,HUN,"MF,FW",Columbus Crew,29,1996,16,15,1344,14.9,1,1,2,0,1,1,4,0,5.6,4.8,1.9,6.7,28,102,105,0.07,0.07,0.13,0.0,0.07,0.38,0.12,0.5,0.32,0.45
4764,Owen Géne,FRA,MF,Minnesota Utd,22,2003,14,3,428,4.8,0,0,0,0,0,0,0,0,0.1,0.1,0.0,0.1,3,17,11,0.0,0.0,0.0,0.0,0.0,0.02,0.0,0.03,0.02,0.03
4765,Joran Gerbet,FRA,MF,Orlando City,24,2001,15,10,907,10.1,0,1,1,0,0,0,2,0,0.0,0.0,0.4,0.4,1,35,5,0.0,0.1,0.1,0.0,0.1,0.0,0.04,0.04,0.0,0.04
4766,Carles Gil,ESP,MF,NE Revolution,32,1992,23,23,2066,23.0,8,4,12,4,4,4,1,0,6.1,3.0,6.7,9.6,110,280,95,0.35,0.17,0.52,0.17,0.35,0.27,0.29,0.56,0.13,0.42
4767,Blake Gillingham,USA,GK,Houston Dynamo,22,2002,4,3,294,3.3,0,0,0,0,0,0,0,0,0.0,0.0,0.0,0.0,0,0,0,0.0,0.0,0.0,0.0,0.0,0.0,0.0,0.0,0.0,0.0
4768,Jake Girdwood-Reich,AUS,"MF,DF",St. Louis,21,2004,8,5,476,5.3,0,0,0,0,0,0,0,0,0.0,0.0,0.0,0.0,2,12,0,0.0,0.0,0.0,0.0,0.0,0.0,0.0,0.0,0.0,0.0
4769,Olivier Giroud,FRA,FW,LAFC,38,1986,11,6,528,5.9,3,1,4,3,0,0,1,0,3.0,3.0,0.7,3.7,4,14,40,0.51,0.17,0.68,0.51,0.68,0.51,0.12,0.63,0.51,0.63
4770,Dennis Gjengaar,NOR,"FW,MF",NY Red Bulls,21,2004,16,5,556,6.2,2,1,3,2,0,0,1,0,2.7,2.7,0.9,3.6,17,15,35,0.32,0.16,0.49,0.32,0.49,0.44,0.15,0.59,0.44,0.59
4771,Justen Glad,USA,DF,Real Salt Lake,28,1997,20,20,1789,19.9,0,0,0,0,0,0,5,0,0.9,0.9,1.0,1.9,1,33,6,0.0,0.0,0.0,0.0,0.0,0.05,0.05,0.1,0.05,0.1
4772,Omari Glasgow,GUY,"DF,FW",Chicago Fire,21,2003,14,4,529,5.9,0,1,1,0,0,0,0,0,0.3,0.3,0.9,1.2,9,15,46,0.0,0.17,0.17,0.0,0.17,0.05,0.16,0.21,0.05,0.21
4773,Ian Glavinovich,ARG,DF,Philadelphia Union,23,2001,4,3,257,2.9,1,0,1,1,0,0,1,0,0.2,0.2,0.0,0.2,1,12,0,0.35,0.0,0.35,0.35,0.35,0.08,0.0,0.08,0.08,0.08
4774,Jakob Glesnes,NOR,DF,Philadelphia Union,31,1994,22,21,1814,20.2,1,1,2,1,0,0,7,0,0.8,0.8,1.1,1.9,15,67,0,0.05,0.05,0.1,0.05,0.1,0.04,0.06,0.09,0.04,0.09
4775,Aníbal Godoy,PAN,MF,San Diego FC,35,1990,17,15,1249,13.9,1,1,2,1,0,0,4,0,1.4,1.4,0.6,2.0,15,123,17,0.07,0.07,0.14,0.07,0.14,0.1,0.04,0.14,0.1,0.14
4776,Yeimar Gómez Andrade,COL,DF,Seattle Sounders,33,1992,16,16,1203,13.4,0,0,0,0,0,0,2,0,0.6,0.6,0.0,0.6,8,46,2,0.0,0.0,0.0,0.0,0.0,0.05,0.0,0.05,0.05,0.05
4777,Nicksoen Gomis,FRA,DF,Toronto FC,23,2002,6,6,479,5.3,0,0,0,0,0,0,0,0,0.2,0.2,0.0,0.2,2,11,0,0.0,0.0,0.0,0.0,0.0,0.04,0.0,0.04,0.04,0.04
4778,Diogo Gonçalves,POR,"FW,MF",Real Salt Lake,28,1997,19,18,1498,16.6,3,2,5,3,0,0,2,0,4.2,4.2,3.0,7.3,43,69,89,0.18,0.12,0.3,0.18,0.3,0.25,0.18,0.44,0.25,0.44
4779,Omar Gonzalez,USA,DF,Chicago Fire,36,1988,10,3,397,4.4,0,0,0,0,0,0,2,0,0.0,0.0,0.1,0.1,0,5,1,0.0,0.0,0.0,0.0,0.0,0.0,0.01,0.01,0.0,0.01
4780,Zavier Gozo,USA,"MF,FW",Real Salt Lake,18,2007,18,14,1221,13.6,2,0,2,2,0,0,1,0,3.2,3.2,1.1,4.3,48,15,106,0.15,0.0,0.15,0.15,0.15,0.23,0.08,0.32,0.23,0.32
4781,Owen Graham Roache,CAN,FW,CF Montréal,17,2008,5,1,113,1.3,0,0,0,0,0,0,0,0,0.1,0.1,0.0,0.1,1,2,8,0.0,0.0,0.0,0.0,0.0,0.1,0.02,0.12,0.1,0.12
4782,Tayvon Gray,JAM,DF,NYCFC,22,2002,15,11,826,9.2,0,0,0,0,0,0,5,0,0.2,0.2,0.8,1.0,12,40,17,0.0,0.0,0.0,0.0,0.0,0.02,0.08,0.1,0.02,0.1
4783,Julian Gressel,USA,"DF,MF",Minnesota Utd,31,1993,14,9,824,9.2,1,3,4,1,0,0,1,0,0.6,0.6,1.6,2.3,6,18,22,0.11,0.33,0.44,0.11,0.44,0.07,0.18,0.25,0.07,0.25
4784,Yuri Guboglo,HAI,"DF,FW",CF Montréal,18,2007,16,8,746,8.3,0,1,1,0,0,0,1,0,0.1,0.1,0.4,0.5,26,13,50,0.0,0.12,0.12,0.0,0.12,0.02,0.05,0.07,0.02,0.07
4785,Gage Guerra,USA,"DF,FW",Portland Timbers,22,2002,5,0,121,1.3,0,0,0,0,0,0,0,0,0.3,0.3,0.1,0.3,1,1,9,0.0,0.0,0.0,0.0,0.0,0.21,0.04,0.25,0.21,0.25
4786,Colin Guske,USA,"MF,FW",Orlando City,18,2007,3,0,7,0.1,0,0,0,0,0,0,1,0,0.0,0.0,0.0,0.0,1,0,0,0.0,0.0,0.0,0.0,0.0,0.0,0.0,0.0,0.0,0.0
4787,Brian Gutiérrez,USA,MF,Chicago Fire,22,2003,18,17,1392,15.5,7,1,8,5,2,2,5,1,5.2,3.6,2.9,6.6,41,119,61,0.45,0.06,0.52,0.32,0.39,0.34,0.19,0.53,0.23,0.42
4788,Andrew Gutman,USA,DF,Chicago Fire,28,1996,23,23,1915,21.3,2,6,8,2,0,0,4,0,2.2,2.2,3.2,5.4,26,83,96,0.09,0.28,0.38,0.09,0.38,0.1,0.15,0.25,0.1,0.25
4789,Brad Guzan,USA,GK,Atlanta Utd,40,1984,22,22,1980,22.0,0,0,0,0,0,0,1,0,0.0,0.0,0.0,0.0,0,0,0,0.0,0.0,0.0,0.0,0.0,0.0,0.0,0.0,0.0,0.0
4790,Justin Haak,USA,"DF,MF",NYCFC,23,2001,23,23,2018,22.4,0,3,3,0,0,0,3,0,0.8,0.8,1.9,2.7,26,96,19,0.0,0.13,0.13,0.0,0.13,0.04,0.08,0.12,0.04,0.12
4791,Taha Habroune,USA,"FW,MF",Columbus Crew,19,2006,10,1,156,1.7,1,0,1,1,0,0,2,0,0.7,0.7,0.1,0.7,1,9,10,0.58,0.0,0.58,0.58,0.58,0.38,0.04,0.42,0.38,0.42
4792,Alexander Hack,GER,DF,NY Red Bulls,31,1993,17,12,1127,12.5,1,0,1,1,0,0,4,0,0.5,0.5,0.3,0.9,17,118,1,0.08,0.0,0.08,0.08,0.08,0.04,0.03,0.07,0.04,0.07
4793,Teenage Hadebe,ZIM,DF,FC Cincinnati,29,1995,15,7,762,8.5,0,0,0,0,0,0,3,0,0.1,0.1,0.0,0.1,3,28,6,0.0,0.0,0.0,0.0,0.0,0.01,0.0,0.01,0.01,0.01
4794,Nicholas Hagen,GUA,GK,Columbus Crew,28,1996,3,3,270,3.0,0,0,0,0,0,0,0,0,0.0,0.0,0.0,0.0,0,0,0,0.0,0.0,0.0,0.0,0.0,0.0,0.0,0.0,0.0,0.0
4795,Nick Hagglund,USA,DF,FC Cincinnati,32,1992,10,10,688,7.6,0,0,0,0,0,0,0,0,0.5,0.5,0.0,0.5,4,21,1,0.0,0.0,0.0,0.0,0.0,0.07,0.0,0.07,0.07,0.07
4796,Maren Haile-Selassie,SUI,"FW,MF",Chicago Fire,26,1999,19,3,588,6.5,2,3,5,2,0,0,1,0,2.2,2.2,1.0,3.2,24,32,41,0.31,0.46,0.77,0.31,0.77,0.33,0.15,0.49,0.33,0.49
4797,Belal Halbouni,SYR,DF,Vancouver W'caps,25,1999,4,0,95,1.1,0,0,0,0,0,0,1,0,0.0,0.0,0.0,0.0,0,6,0,0.0,0.0,0.0,0.0,0.0,0.0,0.0,0.0,0.0,0.0
4798,Julian Hall,USA,"FW,MF",NY Red Bulls,17,2008,17,2,361,4.0,0,0,0,0,0,0,0,0,0.8,0.8,0.2,1.0,14,14,41,0.0,0.0,0.0,0.0,0.0,0.19,0.06,0.25,0.19,0.25
4799,Bret Halsey,USA,DF,FC Cincinnati,25,2000,1,0,33,0.4,0,0,0,0,0,0,0,0,0.0,0.0,0.1,0.1,1,1,1,0.0,0.0,0.0,0.0,0.0,0.0,0.28,0.28,0.0,0.28
4800,Nicholas Hansen,DEN,GK,Colorado Rapids,24,2001,10,10,900,10.0,0,0,0,0,0,0,0,0,0.0,0.0,0.0,0.0,0,0,0,0.0,0.0,0.0,0.0,0.0,0.0,0.0,0.0,0.0,0.0
4801,Ian Harkes,USA,MF,SJ Earthquakes,30,1995,22,20,1657,18.4,2,2,4,2,0,0,6,1,1.1,1.1,3.2,4.3,17,85,40,0.11,0.11,0.22,0.11,0.22,0.06,0.17,0.23,0.06,0.23
4802,Cameron Harper,USA,"DF,MF",NY Red Bulls,23,2001,12,8,668,7.4,3,2,5,3,0,0,2,0,2.5,2.5,1.4,4.0,41,21,73,0.4,0.27,0.67,0.4,0.67,0.34,0.2,0.54,0.34,0.54
4803,Nathan Harriel,USA,DF,Philadelphia Union,24,2001,17,15,1392,15.5,2,0,2,2,0,0,5,0,1.6,1.6,0.5,2.1,7,50,23,0.13,0.0,0.13,0.13,0.13,0.11,0.03,0.14,0.11,0.14
4804,Alex Harris,USA,MF,Colorado Rapids,20,2005,1,0,1,0.0,0,0,0,0,0,0,0,0,0.0,0.0,0.0,0.0,0,0,0,0.0,0.0,0.0,0.0,0.0,0.0,0.0,0.0,0.0,0.0
4805,Calvin Harris,ENG,"FW,MF",Colorado Rapids,25,2000,18,5,717,8.0,4,0,4,4,0,0,2,0,3.0,3.0,0.7,3.6,29,15,54,0.5,0.0,0.5,0.5,0.5,0.37,0.08,0.46,0.37,0.46
4806,Marcel Hartel,GER,MF,St. Louis,29,1996,23,23,2041,22.7,4,3,7,3,1,1,0,0,4.4,3.6,7.4,11.0,43,135,123,0.18,0.13,0.31,0.13,0.26,0.2,0.33,0.52,0.16,0.49
4807,Carlos Harvey,PAN,"DF,MF",Minnesota Utd,25,2000,20,13,1181,13.1,1,1,2,1,0,0,1,0,1.1,1.1,0.7,1.8,11,26,23,0.08,0.08,0.15,0.08,0.15,0.08,0.05,0.14,0.08,0.14
4808,Thomas Hasal,CAN,GK,LAFC,26,1999,1,1,90,1.0,0,0,0,0,0,0,0,0,0.0,0.0,0.0,0.0,0,0,0,0.0,0.0,0.0,0.0,0.0,0.0,0.0,0.0,0.0,0.0
4809,Stuart Hawkins,USA,DF,Seattle Sounders,18,2006,3,0,96,1.1,0,0,0,0,0,0,0,0,0.2,0.2,0.0,0.2,1,10,0,0.0,0.0,0.0,0.0,0.0,0.2,0.0,0.2,0.2,0.2
4810,Kobi Henry,USA,"DF,FW",Real Salt Lake,21,2004,3,0,41,0.5,0,0,0,0,0,0,0,0,0.0,0.0,0.0,0.0,0,1,1,0.0,0.0,0.0,0.0,0.0,0.04,0.0,0.04,0.04,0.04
4811,Malik Henry,CAN,MF,Toronto FC,22,2002,2,0,25,0.3,0,0,0,0,0,0,1,0,0.0,0.0,0.0,0.0,2,1,1,0.0,0.0,0.0,0.0,0.0,0.0,0.0,0.0,0.0,0.0
4812,Fabian Herbers,GER,"MF,FW",CF Montréal,31,1993,11,9,539,6.0,0,0,0,0,0,0,3,0,0.5,0.5,0.7,1.3,11,43,19,0.0,0.0,0.0,0.0,0.0,0.09,0.12,0.21,0.09,0.21
4813,Ronald Hernández,VEN,DF,Atlanta Utd,27,1997,11,6,516,5.7,0,0,0,0,0,0,1,0,0.4,0.4,0.6,1.0,12,20,37,0.0,0.0,0.0,0.0,0.0,0.06,0.11,0.17,0.06,0.17
4814,Aaron Herrera,GUA,"DF,MF",D.C. United,28,1997,19,17,1530,17.0,0,2,2,0,0,0,8,1,0.6,0.6,2.0,2.6,32,74,51,0.0,0.12,0.12,0.0,0.12,0.04,0.12,0.15,0.04,0.15
4815,Marcelo Herrera,ARG,DF,Columbus Crew,26,1998,11,6,618,6.9,1,1,2,1,0,0,1,0,0.9,0.9,1.3,2.2,15,47,66,0.15,0.15,0.29,0.15,0.29,0.13,0.19,0.32,0.13,0.32
4816,Aiden Hezarkhani,USA,"FW,MF",Real Salt Lake,18,2007,2,0,58,0.6,0,0,0,0,0,0,0,0,0.0,0.0,0.0,0.0,1,1,6,0.0,0.0,0.0,0.0,0.0,0.04,0.0,0.04,0.04,0.04
4817,Jayden Hibbert,JAM,GK,Atlanta Utd,20,2004,1,1,90,1.0,0,0,0,0,0,0,0,0,0.0,0.0,0.0,0.0,0,1,0,0.0,0.0,0.0,0.0,0.0,0.0,0.0,0.0,0.0,0.0
4818,Bode Hidalgo,USA,DF,Real Salt Lake,23,2002,17,8,819,9.1,0,0,0,0,0,0,5,1,0.4,0.4,0.2,0.6,20,43,27,0.0,0.0,0.0,0.0,0.0,0.04,0.02,0.06,0.04,0.06
4819,Kyle Hiebert,CAN,DF,St. Louis,27,1997,19,17,1495,16.6,1,1,2,1,0,0,3,0,1.2,1.2,0.2,1.4,11,56,17,0.06,0.06,0.12,0.06,0.12,0.07,0.02,0.08,0.07,0.08
4820,Brendan Hines-Ike,USA,DF,Austin,30,1994,19,19,1709,19.0,0,0,0,0,0,0,3,1,0.7,0.7,0.0,0.7,4,26,1,0.0,0.0,0.0,0.0,0.0,0.04,0.0,0.04,0.04,0.04
4821,Bongokuhle Hlongwane,RSA,"DF,MF",Minnesota Utd,25,2000,24,19,1614,17.9,3,1,4,3,0,0,1,0,3.3,3.3,0.8,4.1,32,46,70,0.17,0.06,0.22,0.17,0.22,0.18,0.05,0.23,0.18,0.23
4822,Ryan Hollingshead,USA,"DF,MF",LAFC,34,1991,19,14,1409,15.7,1,2,3,1,0,0,4,0,2.5,2.5,2.6,5.1,46,106,101,0.06,0.13,0.19,0.06,0.19,0.16,0.17,0.32,0.16,0.32
4823,Duane Holmes,USA,"FW,MF",Houston Dynamo,30,1994,9,1,193,2.1,0,0,0,0,0,0,2,0,0.2,0.2,0.2,0.4,6,8,22,0.0,0.0,0.0,0.0,0.0,0.1,0.1,0.2,0.1,0.2
4824,Jackson Hopkins,USA,MF,D.C. United,21,2004,8,3,213,2.4,0,0,0,0,0,0,2,0,0.1,0.1,0.0,0.1,2,8,7,0.0,0.0,0.0,0.0,0.0,0.03,0.01,0.04,0.03,0.04
4825,Jannes Horn,GER,DF,St. Louis,28,1997,9,9,719,8.0,0,1,1,0,0,0,2,0,0.0,0.0,1.0,1.1,19,24,28,0.0,0.13,0.13,0.0,0.13,0.01,0.13,0.13,0.01,0.13
4826,Jung Hoyeon,KOR,MF,Minnesota Utd,24,2000,4,1,89,1.0,0,0,0,0,0,0,0,0,0.0,0.0,0.0,0.0,1,5,0,0.0,0.0,0.0,0.0,0.0,0.0,0.0,0.0,0.0,0.0
4827,Keegan Hughes,USA,DF,NE Revolution,24,2000,6,3,279,3.1,0,0,0,0,0,0,2,0,0.0,0.0,0.0,0.0,0,12,1,0.0,0.0,0.0,0.0,0.0,0.0,0.01,0.01,0.0,0.01
4828,Sebastien Ibeagha,USA,DF,FC Dallas,33,1992,22,21,1929,21.4,1,0,1,1,0,0,3,1,1.2,1.2,0.5,1.7,0,42,2,0.05,0.0,0.05,0.05,0.05,0.05,0.02,0.08,0.05,0.08
4829,Aliyu Ibrahim,NGA,"MF,FW",Houston Dynamo,23,2002,8,2,176,2.0,0,0,0,0,0,0,1,0,0.3,0.3,0.0,0.3,3,4,23,0.0,0.0,0.0,0.0,0.0,0.14,0.02,0.16,0.14,0.16
4830,Aliyu Ibrahim,NGA,"DF,FW",Columbus Crew,23,2002,14,9,823,9.1,2,2,4,2,0,0,0,0,1.6,1.6,1.8,3.3,30,19,128,0.22,0.22,0.44,0.22,0.44,0.17,0.19,0.36,0.17,0.36
4831,Sunusi Ibrahim,NGA,FW,CF Montréal,22,2002,9,0,63,0.7,0,0,0,0,0,0,0,0,0.9,0.9,0.1,0.9,3,8,6,0.0,0.0,0.0,0.0,0.0,1.25,0.1,1.35,1.25,1.35
4832,Igor,BRA,MF,LAFC,22,2003,20,18,1577,17.5,0,1,1,0,0,0,3,1,1.2,1.2,0.8,2.0,9,66,9,0.0,0.06,0.06,0.0,0.06,0.07,0.05,0.11,0.07,0.11
4833,Mitja Ilenič,SVN,DF,NYCFC,20,2004,15,9,987,11.0,2,2,4,2,0,0,1,0,0.8,0.8,0.8,1.6,11,46,40,0.18,0.18,0.36,0.18,0.36,0.07,0.08,0.15,0.07,0.15
4834,Milan Iloski,USA,"FW,MF",San Diego FC,25,1999,14,3,479,5.3,10,1,11,10,0,0,0,0,4.1,4.1,1.5,5.5,13,20,38,1.88,0.19,2.07,1.88,2.07,0.77,0.28,1.04,0.77,1.04
4835,Bjørn Inge Utvik,NOR,DF,Vancouver W'caps,29,1996,13,10,804,8.9,0,0,0,0,0,0,1,0,0.4,0.4,0.0,0.4,3,31,2,0.0,0.0,0.0,0.0,0.0,0.05,0.0,0.05,0.05,0.05
4836,Marcus Ingvartsen,DEN,FW,San Diego FC,29,1996,6,5,370,4.1,1,0,1,1,0,0,0,0,2.3,2.3,0.2,2.5,10,8,22,0.24,0.0,0.24,0.24,0.24,0.57,0.04,0.61,0.57,0.61
4837,Lorenzo Insigne,ITA,"MF,FW",Toronto FC,34,1991,12,10,861,9.6,1,2,3,1,0,0,1,0,1.5,1.5,0.8,2.3,13,41,50,0.1,0.21,0.31,0.1,0.31,0.15,0.08,0.24,0.15,0.24
4838,Aljaž Ivačič,SVN,GK,NE Revolution,31,1993,23,23,2070,23.0,0,0,0,0,0,0,1,0,0.0,0.0,0.0,0.0,0,0,0,0.0,0.0,0.0,0.0,0.0,0.0,0.0,0.0,0.0,0.0
4839,Ousman jabang,USA,DF,CF Montréal,24,2001,1,1,88,1.0,0,0,0,0,0,0,1,0,0.0,0.0,0.0,0.0,5,5,2,0.0,0.0,0.0,0.0,0.0,0.0,0.0,0.0,0.0,0.0
4840,Aziel Jackson,USA,"FW,MF",Columbus Crew,23,2001,18,7,733,8.1,2,1,3,2,0,0,0,0,2.5,2.5,0.3,2.7,21,50,57,0.25,0.12,0.37,0.25,0.37,0.31,0.03,0.34,0.31,0.34
4841,Ian James,USA,DF,Sporting KC,17,2008,3,1,136,1.5,0,0,0,0,0,0,0,0,0.0,0.0,0.0,0.0,0,1,0,0.0,0.0,0.0,0.0,0.0,0.0,0.0,0.0,0.0,0.0
4842,Robin Jansson,SWE,DF,Orlando City,33,1991,21,21,1876,20.8,1,0,1,1,0,0,4,0,1.0,1.0,0.1,1.1,0,32,2,0.05,0.0,0.05,0.05,0.05,0.05,0.0,0.05,0.05,0.05
4843,Danley Jean-Jacques,HAI,MF,Philadelphia Union,25,2000,21,18,1623,18.0,2,3,5,2,0,0,4,0,2.4,2.4,1.8,4.2,22,84,25,0.11,0.17,0.28,0.11,0.28,0.13,0.1,0.23,0.13,0.23
4844,Julio Joao Ortíz,ECU,MF,Portland Timbers,29,1996,16,13,863,9.6,0,0,0,0,0,0,2,0,0.2,0.2,0.1,0.3,7,36,14,0.0,0.0,0.0,0.0,0.0,0.02,0.01,0.03,0.02,0.03
4845,Sean Johnson,USA,GK,Toronto FC,36,1989,23,23,2070,23.0,0,0,0,0,0,0,1,0,0.0,0.0,0.0,0.0,0,0,0,0.0,0.0,0.0,0.0,0.0,0.0,0.0,0.0,0.0,0.0
4846,Tate Johnson,USA,DF,Vancouver W'caps,20,2005,19,14,1345,14.9,1,1,2,1,0,0,3,0,0.5,0.5,0.6,1.0,18,63,51,0.07,0.07,0.13,0.07,0.13,0.03,0.04,0.07,0.03,0.07
4847,DeJuan Jones,USA,DF,Columbus Crew,28,1997,5,3,245,2.7,0,1,1,0,0,0,0,0,0.0,0.0,0.2,0.3,9,13,25,0.0,0.37,0.37,0.0,0.37,0.01,0.09,0.1,0.01,0.1
4848,DeJuan Jones,USA,"DF,MF",SJ Earthquakes,28,1997,10,8,722,8.0,1,4,5,1,0,0,3,1,0.2,0.2,1.4,1.6,23,36,59,0.12,0.5,0.62,0.12,0.62,0.03,0.18,0.2,0.03,0.2
4849,Derrick Jones,USA,MF,Columbus Crew,28,1997,3,0,5,0.1,0,0,0,0,0,0,0,0,0.0,0.0,0.0,0.0,0,0,1,0.0,0.0,0.0,0.0,0.0,0.33,0.0,0.33,0.33,0.33
4850,Kim Joonhong,KOR,GK,D.C. United,22,2003,7,7,630,7.0,0,0,0,0,0,0,1,0,0.0,0.0,0.0,0.0,0,0,0,0.0,0.0,0.0,0.0,0.0,0.0,0.0,0.0,0.0,0.0
4851,Dejan Joveljić,SRB,FW,Sporting KC,25,1999,21,20,1773,19.7,13,2,15,9,4,5,2,0,8.9,5.0,1.2,6.2,19,29,79,0.66,0.1,0.76,0.46,0.56,0.45,0.06,0.51,0.25,0.31
4852,Mykhi Joyner,USA,"MF,FW",St. Louis,18,2006,5,0,84,0.9,0,0,0,0,0,0,0,0,0.1,0.1,0.1,0.1,1,1,2,0.0,0.0,0.0,0.0,0.0,0.08,0.08,0.16,0.08,0.16
4853,Preston Judd,USA,"FW,MF",SJ Earthquakes,26,1999,20,6,689,7.7,4,2,6,4,0,0,2,0,3.9,3.9,1.9,5.8,17,7,52,0.52,0.26,0.78,0.52,0.78,0.51,0.25,0.76,0.51,0.76
4854,Anderson Julio,ECU,"FW,MF",FC Dallas,29,1996,15,14,1141,12.7,4,1,5,4,0,0,2,0,3.8,3.8,1.2,5.0,34,16,86,0.32,0.08,0.39,0.32,0.39,0.3,0.09,0.4,0.3,0.4
4855,Sam Junqua,USA,DF,Real Salt Lake,28,1996,22,12,1324,14.7,1,0,1,1,0,0,0,0,0.5,0.5,0.9,1.4,32,47,46,0.07,0.0,0.07,0.07,0.07,0.04,0.06,0.1,0.04,0.1
4856,Mathias Jørgensen,DEN,DF,LA Galaxy,35,1990,13,12,1013,11.3,0,1,1,0,0,0,2,1,0.5,0.5,0.3,0.8,6,37,3,0.0,0.09,0.09,0.0,0.09,0.04,0.02,0.07,0.04,0.07
4857,Kristijan Kahlina,CRO,GK,Charlotte,32,1992,22,22,1980,22.0,0,0,0,0,0,0,0,0,0.0,0.0,0.0,0.0,0,0,0,0.0,0.0,0.0,0.0,0.0,0.0,0.0,0.0,0.0,0.0
4858,Kaick,BRA,MF,FC Dallas,19,2005,16,11,937,10.4,1,0,1,1,0,0,5,1,0.3,0.3,0.8,1.1,8,43,17,0.1,0.0,0.1,0.1,0.1,0.02,0.08,0.1,0.02,0.1
4859,Kei Kamara,SLE,FW,FC Cincinnati,40,1984,12,5,508,5.6,0,0,0,0,0,0,2,0,0.6,0.6,0.4,1.0,12,5,23,0.0,0.0,0.0,0.0,0.0,0.11,0.07,0.18,0.11,0.18
4860,Bernard Kamungo,USA,"FW,MF",FC Dallas,23,2002,18,6,687,7.6,1,0,1,1,0,0,2,0,2.1,2.1,0.5,2.6,21,10,57,0.13,0.0,0.13,0.13,0.13,0.27,0.07,0.35,0.27,0.35
4861,Bibi Karamoko,USA,FW,D.C. United,19,2005,1,0,20,0.2,0,0,0,0,0,0,1,0,0.0,0.0,0.0,0.0,0,0,3,0.0,0.0,0.0,0.0,0.0,0.0,0.11,0.11,0.0,0.11
4862,Alexandros Katranis,GRE,DF,Real Salt Lake,27,1998,21,17,1331,14.8,0,3,3,0,0,0,6,0,1.3,1.3,2.7,4.0,27,61,84,0.0,0.2,0.2,0.0,0.2,0.09,0.18,0.27,0.09,0.27
4863,Mark-Anthony Kaye,CAN,MF,SJ Earthquakes,30,1994,22,6,727,8.1,1,2,3,1,0,0,3,0,1.0,1.0,0.5,1.5,9,41,18,0.12,0.25,0.37,0.12,0.37,0.13,0.06,0.18,0.13,0.18
4864,Kim Kee-hee,KOR,DF,Seattle Sounders,36,1989,11,7,737,8.2,0,0,0,0,0,0,3,0,0.2,0.2,0.0,0.2,1,20,0,0.0,0.0,0.0,0.0,0.0,0.02,0.0,0.02,0.02,0.02
4865,Kevin Kelsy,VEN,FW,Portland Timbers,20,2004,22,11,1075,11.9,5,0,5,5,0,0,2,0,3.2,3.2,0.2,3.4,8,18,47,0.42,0.0,0.42,0.42,0.42,0.26,0.02,0.28,0.26,0.28
4866,Ryan Kent,ENG,"FW,MF",Seattle Sounders,28,1996,14,5,533,5.9,0,3,3,0,0,0,0,0,0.2,0.2,1.8,1.9,25,30,72,0.0,0.51,0.51,0.0,0.51,0.03,0.3,0.33,0.03,0.33
4867,Deandre Kerr,CAN,FW,Toronto FC,22,2002,11,3,445,4.9,2,0,2,2,0,0,0,0,0.5,0.5,0.2,0.8,5,4,18,0.4,0.0,0.4,0.4,0.4,0.11,0.05,0.15,0.11,0.15
4868,Henry Kessler,USA,DF,St. Louis,27,1998,11,9,868,9.6,0,1,1,0,0,0,2,0,0.2,0.2,0.3,0.5,0,11,0,0.0,0.1,0.1,0.0,0.1,0.02,0.04,0.05,0.02,0.05
4869,Hosei Kijima,JPN,"MF,FW",D.C. United,23,2002,24,18,1414,15.7,2,0,2,2,0,0,0,0,0.6,0.6,1.2,1.8,23,52,53,0.13,0.0,0.13,0.13,0.13,0.04,0.07,0.12,0.04,0.12
4870,Benjamin Kikanovic,USA,"DF,MF",SJ Earthquakes,25,2000,5,2,139,1.5,0,0,0,0,0,0,1,0,0.0,0.0,0.1,0.1,5,4,17,0.0,0.0,0.0,0.0,0.0,0.0,0.04,0.04,0.0,0.04
4871,Klauss,BRA,FW,St. Louis,28,1997,22,18,1504,16.7,7,0,7,7,0,0,3,0,6.5,6.5,1.9,8.5,15,46,72,0.42,0.0,0.42,0.42,0.42,0.39,0.12,0.51,0.39,0.51
4872,Eric Klein,USA,MF,NE Revolution,18,2006,1,0,1,0.0,0,0,0,0,0,0,0,0,0.0,0.0,0.0,0.0,0,0,0,0.0,0.0,0.0,0.0,0.0,0.0,0.0,0.0,0.0,0.0
4873,Mateusz Klich,POL,MF,Atlanta Utd,35,1990,16,9,795,8.8,0,1,1,0,0,0,4,0,0.3,0.3,1.1,1.4,7,51,29,0.0,0.11,0.11,0.0,0.11,0.03,0.13,0.16,0.03,0.16
4874,Žan Kolmanič,SVN,"DF,MF",Austin,25,2000,16,4,489,5.4,1,1,2,1,0,0,0,0,0.2,0.2,1.9,2.1,12,16,35,0.18,0.18,0.37,0.18,0.37,0.03,0.35,0.38,0.03,0.38
4875,Rominigue Kouamé,MLI,MF,Chicago Fire,28,1996,13,4,414,4.6,2,0,2,2,0,0,1,0,1.0,1.0,0.0,1.1,15,25,8,0.43,0.0,0.43,0.43,0.43,0.22,0.01,0.23,0.22,0.23
4876,Sebastian Kowalczyk,POL,"FW,MF",Houston Dynamo,26,1998,22,14,1325,14.7,1,1,2,1,0,0,3,0,1.2,1.2,0.9,2.2,34,50,118,0.07,0.07,0.14,0.07,0.14,0.08,0.06,0.15,0.08,0.15
4877,Damir Kreilach,CRO,"FW,MF",Vancouver W'caps,36,1989,4,0,23,0.3,1,0,1,0,1,1,0,0,0.8,0.0,0.0,0.0,0,4,3,3.91,0.0,3.91,0.0,0.0,3.09,0.0,3.09,0.0,0.0
4878,Theodore Ku-Dipietro,USA,"FW,MF",Colorado Rapids,23,2002,15,9,780,8.7,1,2,3,1,0,0,1,0,2.0,2.0,0.9,2.9,29,36,51,0.12,0.23,0.35,0.12,0.35,0.23,0.1,0.33,0.23,0.33
4879,Yuya Kubo,JPN,"MF,FW",FC Cincinnati,31,1993,10,7,583,6.5,1,0,1,1,0,0,1,0,1.2,1.2,0.3,1.5,22,23,43,0.15,0.0,0.15,0.15,0.15,0.18,0.04,0.23,0.18,0.23
4880,Willy Kumado,GHA,DF,San Diego FC,22,2002,14,7,670,7.4,0,0,0,0,0,0,2,0,0.0,0.0,0.4,0.4,18,16,53,0.0,0.0,0.0,0.0,0.0,0.0,0.05,0.05,0.0,0.05
4881,Luca de la Torre,USA,MF,San Diego FC,27,1998,20,19,1578,17.5,4,1,5,4,0,0,3,0,1.8,1.8,1.3,3.1,53,102,93,0.23,0.06,0.29,0.23,0.29,0.1,0.07,0.17,0.1,0.17
4882,Mathías Laborda,URU,DF,Vancouver W'caps,25,1999,17,14,1276,14.2,2,0,2,2,0,0,3,0,2.8,2.8,1.0,3.8,20,85,50,0.14,0.0,0.14,0.14,0.14,0.2,0.07,0.27,0.2,0.27
4883,Luca Langoni,ARG,"FW,MF",NE Revolution,23,2002,16,10,868,9.6,1,1,2,1,0,0,2,0,1.9,1.9,1.2,3.1,35,25,73,0.1,0.1,0.21,0.1,0.21,0.19,0.13,0.32,0.19,0.32
4884,Lassi Lappalainen,FIN,"DF,MF",Columbus Crew,26,1998,10,3,235,2.6,1,2,3,1,0,0,0,0,0.5,0.5,0.8,1.3,9,13,33,0.38,0.77,1.15,0.38,1.15,0.19,0.3,0.49,0.19,0.49
4885,Oliver Larraz,USA,MF,Colorado Rapids,23,2001,23,20,1634,18.2,0,2,2,0,0,0,3,0,1.0,1.0,2.2,3.2,14,67,51,0.0,0.11,0.11,0.0,0.11,0.05,0.12,0.18,0.05,0.18
4886,Richie Laryea,CAN,"DF,MF",Toronto FC,30,1995,7,5,429,4.8,0,0,0,0,0,0,1,0,0.1,0.1,0.0,0.1,8,5,12,0.0,0.0,0.0,0.0,0.0,0.02,0.0,0.02,0.02,0.02
4887,Ariel Lassiter,CRC,"FW,MF",Portland Timbers,30,1994,13,3,318,3.5,0,0,0,0,0,0,2,0,0.2,0.2,0.3,0.5,20,9,38,0.0,0.0,0.0,0.0,0.0,0.06,0.1,0.15,0.06,0.15
4888,Emmanuel Latte Lath,CIV,FW,Atlanta Utd,26,1999,22,20,1709,19.0,7,1,8,6,1,1,7,0,8.3,7.5,1.2,8.7,23,21,88,0.37,0.05,0.42,0.32,0.37,0.44,0.06,0.5,0.4,0.46
4889,Randall Leal,CRC,"MF,FW",D.C. United,28,1997,13,2,398,4.4,0,1,1,0,0,0,0,0,0.5,0.5,0.4,0.9,5,34,19,0.0,0.23,0.23,0.0,0.23,0.12,0.09,0.21,0.12,0.21
4890,Tim Leibold,GER,DF,Sporting KC,31,1993,13,6,519,5.8,1,1,2,1,0,0,5,0,0.5,0.5,0.6,1.1,12,23,26,0.17,0.17,0.35,0.17,0.35,0.08,0.11,0.19,0.08,0.19
4891,Brooks Lennon,USA,DF,Atlanta Utd,27,1997,17,15,1290,14.3,1,2,3,1,0,0,1,0,0.9,0.9,2.5,3.4,35,44,104,0.07,0.14,0.21,0.07,0.21,0.06,0.18,0.24,0.06,0.24
4892,Tucker Lepley,USA,MF,LA Galaxy,23,2002,9,4,392,4.4,0,0,0,0,0,0,2,0,0.4,0.4,0.1,0.5,7,12,28,0.0,0.0,0.0,0.0,0.0,0.1,0.01,0.11,0.1,0.11
4893,Beau Leroux,USA,MF,SJ Earthquakes,21,2003,24,20,1688,18.8,4,3,7,4,0,0,3,0,3.4,3.4,1.9,5.3,22,114,52,0.21,0.16,0.37,0.21,0.37,0.18,0.1,0.28,0.18,0.28
4894,Danny Leyva,USA,"MF,FW",Seattle Sounders,22,2003,9,3,362,4.0,0,0,0,0,0,0,2,0,0.2,0.2,0.7,0.9,6,28,20,0.0,0.0,0.0,0.0,0.0,0.05,0.17,0.22,0.05,0.22
4895,Nick Lima,USA,"MF,DF",SJ Earthquakes,30,1994,10,4,438,4.9,0,0,0,0,0,0,1,0,0.2,0.2,1.5,1.7,5,14,28,0.0,0.0,0.0,0.0,0.0,0.04,0.3,0.34,0.04,0.34
4896,Ondřej Lingr,CZE,"FW,MF",Houston Dynamo,26,1998,16,12,1034,11.5,3,1,4,3,0,0,4,0,2.6,2.6,1.4,4.0,14,30,77,0.26,0.09,0.35,0.26,0.35,0.23,0.12,0.35,0.23,0.35
4897,Sebastian Lletget,USA,MF,FC Dallas,32,1992,13,13,971,10.8,1,1,2,1,0,0,1,0,1.3,1.3,0.9,2.2,8,44,26,0.09,0.09,0.19,0.09,0.19,0.12,0.09,0.21,0.12,0.21
4898,Hugo Lloris,FRA,GK,LAFC,38,1986,19,19,1710,19.0,0,0,0,0,0,0,1,0,0.0,0.0,0.0,0.0,0,0,0,0.0,0.0,0.0,0.0,0.0,0.0,0.0,0.0,0.0,0.0
4899,Saba Lobzhanidze,GEO,"FW,DF",Atlanta Utd,30,1994,23,17,1447,16.1,0,5,5,0,0,0,0,0,2.7,2.7,4.0,6.7,58,28,160,0.0,0.31,0.31,0.0,0.31,0.17,0.25,0.42,0.17,0.42
4900,Robin Lod,FIN,MF,Minnesota Utd,32,1993,23,20,1741,19.3,3,2,5,2,1,1,3,0,1.8,1.0,4.4,5.4,15,73,55,0.16,0.1,0.26,0.1,0.21,0.09,0.23,0.32,0.05,0.28
4901,Nicolás Lodeiro,URU,"FW,MF",Houston Dynamo,36,1989,16,6,580,6.4,1,1,2,1,0,0,0,0,0.3,0.3,1.5,1.8,16,47,49,0.16,0.16,0.31,0.16,0.31,0.04,0.23,0.27,0.04,0.27
4902,Jasper Löffelsend,GER,DF,San Diego FC,27,1997,13,7,600,6.7,0,1,1,0,0,0,0,0,0.2,0.2,1.1,1.3,21,29,45,0.0,0.15,0.15,0.0,0.15,0.03,0.16,0.19,0.03,0.19
4903,Aaron Long,USA,DF,LAFC,32,1992,15,15,1271,14.1,1,0,1,1,0,0,0,0,0.9,0.9,0.1,0.9,6,57,2,0.07,0.0,0.07,0.07,0.07,0.06,0.01,0.07,0.06,0.07
4904,Kevin Long,IRL,DF,Toronto FC,34,1990,18,17,1452,16.1,0,0,0,0,0,0,5,0,0.5,0.5,0.0,0.5,0,23,1,0.0,0.0,0.0,0.0,0.0,0.03,0.0,0.03,0.03,0.03
4905,Matthew Longstaff,ENG,"MF,FW",Toronto FC,25,2000,16,10,845,9.4,0,1,1,0,0,0,3,0,0.3,0.3,0.6,0.9,8,35,27,0.0,0.11,0.11,0.0,0.11,0.04,0.06,0.1,0.04,0.1
4906,Hernán López Muñoz,ARG,"MF,FW",SJ Earthquakes,24,2000,5,4,252,2.8,0,0,0,0,0,0,2,1,0.3,0.3,0.4,0.7,10,10,17,0.0,0.0,0.0,0.0,0.0,0.12,0.14,0.27,0.12,0.27
4907,Victor Loturi,CAN,MF,CF Montréal,24,2001,24,17,1606,17.8,2,0,2,2,0,0,4,0,1.6,1.6,0.8,2.4,15,90,38,0.11,0.0,0.11,0.11,0.11,0.09,0.04,0.13,0.09,0.13
4908,Daniel Lovitz,USA,DF,Nashville SC,33,1991,24,24,2158,24.0,2,4,6,2,0,0,3,0,0.4,0.4,1.9,2.3,57,90,65,0.08,0.17,0.25,0.08,0.25,0.02,0.08,0.1,0.02,0.09
4909,Eduard Löwen,GER,MF,St. Louis,28,1997,9,6,526,5.8,2,1,3,1,1,1,3,1,1.4,0.6,1.8,2.4,11,40,7,0.34,0.17,0.51,0.17,0.34,0.23,0.31,0.54,0.1,0.4
4910,Hirving Lozano,MEX,FW,San Diego FC,29,1995,19,14,1234,13.7,6,6,12,4,2,2,4,0,8.2,6.6,3.0,9.6,58,54,160,0.44,0.44,0.88,0.29,0.73,0.6,0.22,0.82,0.48,0.7
4911,Gonzalo Luján,ARG,DF,Inter Miami,24,2001,16,13,1131,12.6,0,0,0,0,0,0,2,0,0.2,0.2,0.1,0.2,10,46,8,0.0,0.0,0.0,0.0,0.0,0.01,0.0,0.02,0.01,0.02
4912,Jovan Lukić,SRB,MF,Philadelphia Union,23,2002,23,22,1894,21.0,2,1,3,2,0,0,7,1,1.6,1.6,1.1,2.7,28,119,23,0.1,0.05,0.14,0.1,0.14,0.08,0.05,0.13,0.08,0.13
4913,Diego Luna,USA,"MF,FW",Real Salt Lake,21,2003,19,19,1604,17.8,8,2,10,6,2,2,5,1,5.2,3.8,2.3,6.1,52,98,112,0.45,0.11,0.56,0.34,0.45,0.29,0.13,0.42,0.21,0.34
4914,Benjamin Lundt,GER,GK,St. Louis,29,1995,9,9,810,9.0,0,0,0,0,0,0,1,0,0.0,0.0,0.0,0.0,0,0,0,0.0,0.0,0.0,0.0,0.0,0.0,0.0,0.0,0.0,0.0
4915,Liam MacKenzie,CAN,FW,Vancouver W'caps,18,2007,1,1,64,0.7,0,0,0,0,0,0,0,0,0.0,0.0,0.0,0.0,1,0,2,0.0,0.0,0.0,0.0,0.0,0.0,0.0,0.0,0.0,0.0
4916,Lukas MacNaughton,CAN,DF,D.C. United,30,1995,6,5,408,4.5,1,0,1,1,0,0,2,0,0.8,0.8,0.0,0.8,0,13,1,0.22,0.0,0.22,0.22,0.22,0.17,0.0,0.17,0.17,0.17
4917,Jack Maher,USA,DF,Nashville SC,25,1999,23,22,1953,21.7,0,0,0,0,0,0,2,0,0.4,0.4,0.0,0.4,0,43,3,0.0,0.0,0.0,0.0,0.0,0.02,0.0,0.02,0.02,0.02
4918,Olwethu Makhanya,RSA,DF,Philadelphia Union,21,2004,21,15,1458,16.2,1,0,1,1,0,0,4,1,1.6,1.6,0.0,1.6,10,57,1,0.06,0.0,0.06,0.06,0.06,0.1,0.0,0.1,0.1,0.1
4919,Adilson Malanda,FRA,DF,Charlotte,23,2001,24,24,2160,24.0,1,0,1,1,0,0,4,0,1.3,1.3,0.2,1.5,4,61,1,0.04,0.0,0.04,0.04,0.04,0.05,0.01,0.06,0.05,0.06
4920,AJ Marcucci,USA,GK,NY Red Bulls,25,1999,1,1,90,1.0,0,0,0,0,0,0,0,0,0.0,0.0,0.0,0.0,0,0,0,0.0,0.0,0.0,0.0,0.0,0.0,0.0,0.0,0.0,0.0
4921,Dominik Marczuk,POL,FW,Real Salt Lake,21,2003,16,10,856,9.5,1,2,3,1,0,0,2,0,1.4,1.4,1.5,2.8,44,26,104,0.11,0.21,0.32,0.11,0.32,0.14,0.15,0.3,0.14,0.3
4922,Paul Marie,FRA,"FW,MF",SJ Earthquakes,30,1995,2,1,103,1.1,0,0,0,0,0,0,0,0,0.8,0.8,0.1,0.8,2,1,5,0.0,0.0,0.0,0.0,0.0,0.66,0.05,0.71,0.66,0.71
4923,Anthony Markanich,PHI,DF,Minnesota Utd,25,1999,21,15,1261,14.0,6,1,7,6,0,0,3,0,3.3,3.3,1.7,5.0,10,26,42,0.43,0.07,0.5,0.43,0.5,0.23,0.12,0.36,0.23,0.36
4924,Idan Markovich,ISR,FW,Charlotte,20,2004,20,9,920,10.2,5,1,6,5,0,0,2,0,6.6,6.6,1.8,8.4,10,9,55,0.49,0.1,0.59,0.49,0.59,0.65,0.17,0.82,0.65,0.82
4925,Marlon,BRA,DF,LAFC,29,1995,11,7,631,7.0,0,0,0,0,0,0,0,0,0.1,0.1,0.0,0.2,6,27,0,0.0,0.0,0.0,0.0,0.0,0.02,0.0,0.02,0.02,0.02
4926,Jahkeele Marshall-Rutty,CAN,DF,Charlotte,21,2004,14,12,1107,12.3,0,2,2,0,0,0,1,0,0.1,0.1,0.7,0.8,34,43,34,0.0,0.16,0.16,0.0,0.16,0.01,0.06,0.06,0.01,0.06
4927,Jahkeele Marshall-Rutty,CAN,"MF,DF",CF Montréal,21,2004,6,2,230,2.6,0,0,0,0,0,0,1,0,0.2,0.2,0.1,0.4,1,8,17,0.0,0.0,0.0,0.0,0.0,0.09,0.06,0.15,0.09,0.15
4928,Alonso Martínez,CRC,FW,NYCFC,26,1998,20,20,1725,19.2,9,1,10,6,3,5,1,0,14.3,10.3,2.1,12.5,34,29,103,0.47,0.05,0.52,0.31,0.37,0.75,0.11,0.86,0.54,0.65
4929,David Martínez,VEN,FW,LAFC,19,2006,18,8,765,8.5,3,1,4,3,0,0,4,0,2.7,2.7,0.6,3.2,35,35,69,0.35,0.12,0.47,0.35,0.47,0.31,0.07,0.38,0.31,0.38
4930,Josef Martínez,VEN,FW,SJ Earthquakes,32,1993,20,14,1213,13.5,9,2,11,9,0,0,0,0,9.1,9.1,1.0,10.0,6,18,55,0.67,0.15,0.82,0.67,0.82,0.67,0.07,0.74,0.67,0.74
4931,Thiago Martins,BRA,DF,NYCFC,30,1995,22,21,1906,21.2,0,0,0,0,0,0,1,0,0.3,0.3,0.0,0.3,13,73,1,0.0,0.0,0.0,0.0,0.0,0.01,0.0,0.01,0.01,0.01
4932,Jimmy Maurer,USA,GK,Houston Dynamo,36,1988,2,1,120,1.3,0,0,0,0,0,0,0,0,0.0,0.0,0.0,0.0,0,0,0,0.0,0.0,0.0,0.0,0.0,0.0,0.0,0.0,0.0,0.0
4933,Eric Maxim Choupo-Moting,CMR,FW,NY Red Bulls,36,1989,23,21,1872,20.8,13,1,14,9,4,4,4,0,10.0,6.8,2.7,9.5,22,59,143,0.62,0.05,0.67,0.43,0.48,0.48,0.13,0.61,0.33,0.46
4934,Andreas Maxsø,DEN,DF,Colorado Rapids,31,1994,22,22,1980,22.0,1,0,1,1,0,0,4,0,0.3,0.3,0.9,1.2,4,37,4,0.05,0.0,0.05,0.05,0.05,0.01,0.04,0.05,0.01,0.05
4935,Olivier Mbaizo,CMR,DF,Philadelphia Union,27,1997,5,4,285,3.2,0,0,0,0,0,0,2,0,0.1,0.1,0.4,0.5,6,6,4,0.0,0.0,0.0,0.0,0.0,0.02,0.13,0.15,0.02,0.15
4936,Kenji Mboma Dem,FRA,DF,FC Cincinnati,23,2002,2,0,15,0.2,0,0,0,0,0,0,0,0,0.0,0.0,0.0,0.0,0,2,1,0.0,0.0,0.0,0.0,0.0,0.0,0.0,0.0,0.0,0.0
4937,John McCarthy,USA,GK,LA Galaxy,33,1992,11,11,990,11.0,0,0,0,0,0,0,0,0,0.0,0.0,0.0,0.0,0,0,0,0.0,0.0,0.0,0.0,0.0,0.0,0.0,0.0,0.0,0.0
4938,Jack McGlynn,USA,"FW,MF",Houston Dynamo,22,2003,19,19,1683,18.7,3,3,6,2,1,1,1,0,2.0,1.2,4.5,5.7,37,180,88,0.16,0.16,0.32,0.11,0.27,0.11,0.24,0.35,0.07,0.31
4939,Zac McGraw,CAN,DF,Portland Timbers,28,1997,4,3,242,2.7,0,0,0,0,0,0,2,0,0.0,0.0,0.0,0.0,0,4,1,0.0,0.0,0.0,0.0,0.0,0.0,0.0,0.0,0.0,0.0
4940,Duncan McGuire,USA,FW,Orlando City,24,2001,12,3,354,3.9,1,1,2,1,0,0,0,0,1.5,1.5,1.2,2.7,7,5,27,0.25,0.25,0.51,0.25,0.51,0.38,0.3,0.68,0.38,0.68
4941,Paddy McNair,NIR,DF,San Diego FC,30,1995,18,18,1504,16.7,0,0,0,0,0,0,0,0,0.6,0.6,0.6,1.3,6,50,2,0.0,0.0,0.0,0.0,0.0,0.04,0.04,0.08,0.04,0.08
4942,Brendan McSorley,USA,FW,St. Louis,23,2002,2,0,42,0.5,0,0,0,0,0,0,0,0,0.1,0.1,0.0,0.1,4,0,1,0.0,0.0,0.0,0.0,0.0,0.11,0.0,0.11,0.11,0.11
4943,Christopher McVey,SWE,DF,San Diego FC,28,1997,23,23,2070,23.0,2,0,2,2,0,0,4,0,1.6,1.6,0.4,2.0,17,97,8,0.09,0.0,0.09,0.09,0.09,0.07,0.02,0.09,0.07,0.09
4944,Loïc Mesanvi,TOG,"FW,DF",Minnesota Utd,21,2003,2,0,12,0.1,0,0,0,0,0,0,0,0,0.0,0.0,0.0,0.0,0,1,0,0.0,0.0,0.0,0.0,0.0,0.0,0.0,0.0,0.0,0.0
4945,Lionel Messi,ARG,"FW,MF",Inter Miami,38,1987,18,17,1566,17.4,18,7,25,18,0,0,2,0,12.3,12.3,6.4,18.6,90,169,139,1.03,0.4,1.44,1.03,1.44,0.7,0.37,1.07,0.7,1.07
4946,Wyatt Meyer,USA,MF,Nashville SC,24,2001,5,2,162,1.8,0,0,0,0,0,0,0,0,0.1,0.1,0.0,0.1,1,8,1,0.0,0.0,0.0,0.0,0.0,0.05,0.0,0.05,0.05,0.05
4947,Matt Miazga,USA,DF,FC Cincinnati,30,1995,15,13,1004,11.2,0,0,0,0,0,0,3,0,0.1,0.1,0.0,0.2,0,17,0,0.0,0.0,0.0,0.0,0.0,0.01,0.0,0.01,0.01,0.01
4948,Novak Mićović,SRB,GK,LA Galaxy,23,2001,13,13,1170,13.0,0,0,0,0,0,0,0,0,0.0,0.0,0.0,0.0,0,0,0,0.0,0.0,0.0,0.0,0.0,0.0,0.0,0.0,0.0,0.0
4949,Alex Mighten,ENG,FW,San Diego FC,23,2002,19,11,931,10.3,1,0,1,1,0,0,1,0,1.6,1.6,0.8,2.3,47,13,115,0.1,0.0,0.1,0.1,0.1,0.15,0.07,0.23,0.15,0.23
4950,Djordje Mihailovic,USA,"MF,FW",Colorado Rapids,26,1998,23,23,1965,21.8,9,6,15,5,4,6,1,0,8.6,3.9,6.8,10.7,44,112,138,0.41,0.27,0.69,0.23,0.5,0.39,0.31,0.71,0.18,0.49
4951,Eric Miller,USA,DF,Portland Timbers,32,1993,12,2,339,3.8,0,0,0,0,0,0,0,0,0.2,0.2,0.1,0.3,7,9,14,0.0,0.0,0.0,0.0,0.0,0.04,0.04,0.08,0.04,0.08
4952,Harbor Miller,USA,DF,LA Galaxy,18,2007,4,3,244,2.7,0,0,0,0,0,0,1,0,0.2,0.2,0.0,0.2,3,5,16,0.0,0.0,0.0,0.0,0.0,0.07,0.02,0.09,0.07,0.09
4953,Jansen Miller,USA,DF,Sporting KC,23,2002,20,19,1755,19.5,0,0,0,0,0,0,2,0,0.9,0.9,0.2,1.2,20,56,11,0.0,0.0,0.0,0.0,0.0,0.05,0.01,0.06,0.05,0.06
4954,Kamal Miller,CAN,DF,Portland Timbers,28,1997,17,16,1281,14.2,0,0,0,0,0,0,5,1,0.3,0.3,0.1,0.4,3,39,1,0.0,0.0,0.0,0.0,0.0,0.02,0.01,0.02,0.02,0.02
4955,Peyton Miller,USA,"DF,FW",NE Revolution,18,2007,18,17,1384,15.4,1,1,2,1,0,0,1,0,1.6,1.6,2.0,3.6,28,39,118,0.07,0.07,0.13,0.07,0.13,0.1,0.13,0.24,0.1,0.24
4956,Georgi Minoungou,CIV,"FW,MF",Seattle Sounders,22,2002,13,4,433,4.8,0,2,2,0,0,0,0,0,0.8,0.8,2.1,3.0,37,14,89,0.0,0.42,0.42,0.0,0.42,0.18,0.44,0.62,0.18,0.62
4957,Aleksei Miranchuk,RUS,MF,Atlanta Utd,29,1995,23,22,1961,21.8,3,3,6,3,0,0,1,0,2.6,2.6,5.4,8.0,38,141,116,0.14,0.14,0.28,0.14,0.28,0.12,0.25,0.37,0.12,0.37
4958,Zane Monlouis,ENG,DF,Toronto FC,21,2003,10,6,514,5.7,0,0,0,0,0,0,0,0,0.0,0.0,0.0,0.0,2,23,2,0.0,0.0,0.0,0.0,0.0,0.0,0.0,0.0,0.0,0.0
4959,Shaq Moore,USA,DF,FC Dallas,28,1996,22,20,1844,20.5,2,2,4,2,0,0,3,0,2.1,2.1,3.0,5.1,48,50,108,0.1,0.1,0.2,0.1,0.2,0.1,0.15,0.25,0.1,0.25
4960,Felipe Mora,CHI,FW,Portland Timbers,31,1993,22,15,1203,13.4,5,3,8,4,1,2,4,0,5.6,4.0,1.5,5.5,7,35,75,0.37,0.22,0.6,0.3,0.52,0.42,0.11,0.53,0.3,0.41
4961,Alfredo Morales,USA,MF,St. Louis,35,1990,15,8,710,7.9,0,0,0,0,0,0,3,1,0.1,0.1,1.0,1.1,2,38,4,0.0,0.0,0.0,0.0,0.0,0.01,0.13,0.14,0.01,0.14
4962,Efrain Morales,BOL,DF,Atlanta Utd,21,2004,5,5,405,4.5,0,0,0,0,0,0,2,0,0.0,0.0,0.3,0.3,7,17,0,0.0,0.0,0.0,0.0,0.0,0.0,0.08,0.08,0.0,0.08
4963,Santi Morales,USA,"MF,DF",Inter Miami,18,2007,3,0,28,0.3,0,0,0,0,0,0,0,0,0.0,0.0,0.0,0.0,1,2,3,0.0,0.0,0.0,0.0,0.0,0.0,0.0,0.0,0.0,0.0
4964,Maximiliano Moralez,ARG,MF,NYCFC,38,1987,23,23,1873,20.8,2,3,5,2,0,0,4,0,2.9,2.9,4.1,7.0,38,161,91,0.1,0.14,0.24,0.1,0.24,0.14,0.2,0.34,0.14,0.34
4965,Steven Moreira,CPV,DF,Columbus Crew,30,1994,20,19,1612,17.9,1,2,3,1,0,0,3,0,1.0,1.0,2.4,3.4,36,142,39,0.06,0.11,0.17,0.06,0.17,0.05,0.14,0.19,0.05,0.19
4966,Santiago Moreno,COL,"FW,MF",Portland Timbers,25,2000,21,19,1623,18.0,4,5,9,4,0,0,1,0,4.0,4.0,4.6,8.6,64,81,129,0.22,0.28,0.5,0.22,0.5,0.22,0.26,0.48,0.22,0.48
4967,Lewis Morgan,SCO,"MF,FW",NY Red Bulls,28,1996,3,2,148,1.6,0,0,0,0,0,0,0,0,0.5,0.5,0.7,1.2,6,4,15,0.0,0.0,0.0,0.0,0.0,0.33,0.41,0.75,0.33,0.75
4968,Jordan Morris,USA,FW,Seattle Sounders,30,1994,10,4,409,4.5,4,0,4,4,0,0,0,0,2.9,2.9,0.4,3.3,10,14,30,0.88,0.0,0.88,0.88,0.88,0.63,0.09,0.72,0.63,0.72
4969,Edwin Mosquera,COL,"FW,DF",Atlanta Utd,24,2001,10,0,156,1.7,1,0,1,1,0,0,3,0,0.4,0.4,0.1,0.5,14,11,27,0.58,0.0,0.58,0.58,0.58,0.23,0.04,0.26,0.23,0.26
4970,Cole Mrowka,USA,MF,Columbus Crew,19,2006,2,0,28,0.3,0,0,0,0,0,0,0,0,0.0,0.0,0.0,0.1,1,2,1,0.0,0.0,0.0,0.0,0.0,0.12,0.08,0.2,0.12,0.2
4971,Hany Mukhtar,GER,"MF,FW",Nashville SC,30,1995,24,24,2114,23.5,11,5,16,9,2,4,3,0,12.7,9.6,5.2,14.8,82,104,171,0.47,0.21,0.68,0.38,0.6,0.54,0.22,0.76,0.41,0.63
4972,Daniel Munie,USA,DF,SJ Earthquakes,25,2000,15,13,1181,13.1,1,1,2,1,0,0,3,0,1.1,1.1,0.2,1.3,6,33,2,0.08,0.08,0.15,0.08,0.15,0.09,0.01,0.1,0.09,0.1
4973,Santiago Muñóz,MEX,"FW,MF",Sporting KC,22,2002,10,2,310,3.4,3,1,4,2,1,1,0,0,2.2,1.4,0.6,2.0,4,7,20,0.87,0.29,1.16,0.58,0.87,0.63,0.17,0.8,0.4,0.57
4974,Luis Muriel,COL,FW,Orlando City,34,1991,24,19,1624,18.0,6,5,11,5,1,1,1,0,7.3,6.5,5.1,11.7,47,66,120,0.33,0.28,0.61,0.28,0.55,0.4,0.29,0.69,0.36,0.65
4975,Ian Murphy,USA,DF,Colorado Rapids,25,2000,13,9,823,9.1,0,0,0,0,0,0,0,0,0.0,0.0,0.0,0.0,7,21,8,0.0,0.0,0.0,0.0,0.0,0.0,0.0,0.0,0.0,0.0
4976,Jacob Murrell,USA,"FW,MF",D.C. United,21,2004,19,7,787,8.7,1,1,2,1,0,0,1,0,1.7,1.7,0.2,2.0,9,12,39,0.11,0.11,0.23,0.11,0.23,0.2,0.02,0.22,0.2,0.22
4977,Petar Musa,CRO,FW,FC Dallas,27,1998,20,18,1565,17.4,11,5,16,10,1,2,5,0,9.2,7.6,3.2,10.9,15,67,92,0.63,0.29,0.92,0.58,0.86,0.53,0.19,0.72,0.44,0.62
4978,Daniel Musovski,USA,FW,Seattle Sounders,29,1995,20,11,1075,11.9,8,2,10,8,0,0,4,0,8.2,8.2,0.3,8.4,12,11,47,0.67,0.17,0.84,0.67,0.84,0.68,0.02,0.71,0.68,0.71
4979,Sebastiano Musu,ITA,FW,NYCFC,24,2000,1,0,14,0.2,0,0,0,0,0,0,0,0,0.2,0.2,0.1,0.3,1,0,2,0.0,0.0,0.0,0.0,0.0,1.32,0.8,2.12,1.32,2.12
4980,Alex Muyl,USA,"FW,MF",Nashville SC,29,1995,24,21,1708,19.0,1,3,4,1,0,0,4,0,3.4,3.2,1.9,5.0,37,39,100,0.05,0.16,0.21,0.05,0.21,0.18,0.1,0.28,0.17,0.27
4981,Tristan Muyumba,FRA,MF,Atlanta Utd,28,1997,14,10,768,8.5,1,0,1,1,0,0,1,0,0.8,0.8,1.6,2.4,4,41,6,0.12,0.0,0.12,0.12,0.12,0.09,0.19,0.28,0.09,0.28
4982,Darlington Nagbe,USA,MF,Columbus Crew,35,1990,23,23,1973,21.9,0,0,0,0,0,0,1,0,0.3,0.3,0.4,0.8,16,75,12,0.0,0.0,0.0,0.0,0.0,0.01,0.02,0.03,0.01,0.03
4983,Andy Najar,HON,DF,Nashville SC,32,1993,23,20,1804,20.0,1,7,8,1,0,0,1,0,0.5,0.5,3.4,3.8,51,141,76,0.05,0.35,0.4,0.05,0.4,0.02,0.17,0.19,0.02,0.19
4984,Matheus Nascimento,BRA,FW,LA Galaxy,21,2004,17,9,821,9.1,2,2,4,2,0,0,1,0,1.9,1.9,2.3,4.1,12,16,33,0.22,0.22,0.44,0.22,0.44,0.21,0.25,0.45,0.21,0.45
4985,Rafael Navarro,BRA,FW,Colorado Rapids,25,2000,21,20,1761,19.6,8,1,9,7,1,2,1,0,9.0,7.4,3.5,10.9,22,47,101,0.41,0.05,0.46,0.36,0.41,0.46,0.18,0.64,0.38,0.56
4986,Logan Ndenbe,BEL,DF,Sporting KC,25,2000,20,16,1416,15.7,1,0,1,1,0,0,2,0,0.8,0.8,0.7,1.6,60,68,123,0.06,0.0,0.06,0.06,0.06,0.05,0.05,0.1,0.05,0.1
4987,Jalen Neal,USA,DF,CF Montréal,21,2003,9,8,640,7.1,1,0,1,1,0,0,1,0,0.4,0.4,0.0,0.4,2,16,1,0.14,0.0,0.14,0.14,0.14,0.06,0.0,0.06,0.06,0.06
4988,Dylan Nealis,USA,DF,NY Red Bulls,26,1998,9,7,608,6.8,0,0,0,0,0,0,0,0,0.3,0.3,0.4,0.7,13,16,52,0.0,0.0,0.0,0.0,0.0,0.04,0.06,0.1,0.04,0.1
4989,Sean Nealis,USA,DF,NY Red Bulls,28,1997,19,17,1528,17.0,0,0,0,0,0,0,5,0,0.3,0.3,0.3,0.6,10,51,3,0.0,0.0,0.0,0.0,0.0,0.02,0.02,0.04,0.02,0.04
4990,Jack Neeley,USA,DF,Charlotte,20,2005,1,0,3,0.0,0,0,0,0,0,0,0,0,0.0,0.0,0.0,0.0,0,0,0,0.0,0.0,0.0,0.0,0.0,0.0,0.0,0.0,0.0,0.0
4991,Franco Negri,ARG,DF,San Diego FC,30,1995,11,7,483,5.4,1,0,1,1,0,0,4,0,0.1,0.1,0.7,0.8,8,33,23,0.19,0.0,0.19,0.19,0.19,0.02,0.12,0.14,0.02,0.14
4992,Jayden Nelson,CAN,FW,Vancouver W'caps,22,2002,14,10,795,8.8,2,4,6,2,0,0,4,1,1.9,1.9,2.8,4.7,36,24,86,0.23,0.45,0.68,0.23,0.68,0.22,0.32,0.54,0.22,0.54
4993,John Nelson,USA,DF,LA Galaxy,27,1998,21,15,1290,14.3,0,0,0,0,0,0,1,0,0.2,0.2,0.3,0.6,22,52,58,0.0,0.0,0.0,0.0,0.0,0.02,0.02,0.04,0.02,0.04
4994,Jean-Claude Ngando,CMR,"MF,FW",Vancouver W'caps,25,1999,20,11,1089,12.1,1,3,4,1,0,0,1,0,0.9,0.9,2.0,3.0,32,73,67,0.08,0.25,0.33,0.08,0.33,0.08,0.17,0.24,0.08,0.24
4995,Serge Ngoma,USA,"FW,MF",NY Red Bulls,20,2005,11,4,414,4.6,1,0,1,1,0,0,4,0,0.4,0.4,0.5,0.9,6,9,25,0.22,0.0,0.22,0.22,0.22,0.09,0.1,0.19,0.09,0.19
4996,Joakim Nilsson,SWE,"DF,MF",St. Louis,31,1994,6,2,133,1.5,0,0,0,0,0,0,0,0,0.4,0.4,0.0,0.4,2,8,0,0.0,0.0,0.0,0.0,0.0,0.28,0.0,0.28,0.28,0.28
4997,Nolan Norris,USA,"DF,MF",FC Dallas,20,2005,9,8,614,6.8,0,1,1,0,0,0,2,0,0.6,0.6,1.2,1.8,7,23,11,0.0,0.15,0.15,0.0,0.15,0.09,0.18,0.27,0.09,0.27
4998,Tsiki Ntsabeleng,RSA,MF,FC Dallas,27,1998,13,1,337,3.7,0,1,1,0,0,0,1,0,0.4,0.4,0.6,1.0,4,15,6,0.0,0.27,0.27,0.0,0.27,0.11,0.15,0.27,0.11,0.27
4999,Obinna Nwobodo,NGA,MF,FC Cincinnati,28,1996,13,10,822,9.1,0,0,0,0,0,0,4,0,0.2,0.2,0.1,0.3,3,44,8,0.0,0.0,0.0,0.0,0.0,0.02,0.01,0.03,0.02,0.03
5000,Aiden O'Neill,AUS,MF,NYCFC,27,1998,10,9,765,8.5,0,0,0,0,0,0,3,0,0.2,0.2,0.3,0.5,13,36,4,0.0,0.0,0.0,0.0,0.0,0.02,0.03,0.05,0.02,0.05
5001,Kevin O'Toole,USA,DF,NYCFC,26,1998,15,12,1063,11.8,1,0,1,1,0,0,3,1,0.5,0.5,0.5,0.9,18,71,50,0.08,0.0,0.08,0.08,0.08,0.04,0.04,0.08,0.04,0.08
5002,Allen Obando,ECU,FW,Inter Miami,19,2006,6,1,157,1.7,1,0,1,1,0,0,0,0,0.6,0.6,0.0,0.6,0,4,4,0.57,0.0,0.57,0.57,0.57,0.36,0.0,0.36,0.36,0.36
5003,Jáder Obrian,COL,"MF,FW",Austin,30,1995,21,5,535,5.9,0,0,0,0,0,0,4,0,1.2,1.2,0.3,1.5,11,18,37,0.0,0.0,0.0,0.0,0.0,0.21,0.05,0.26,0.21,0.26
5004,Édier Ocampo,COL,"DF,FW",Vancouver W'caps,21,2003,20,16,1432,15.9,1,0,1,1,0,0,5,0,1.9,1.9,1.0,2.9,68,47,164,0.06,0.0,0.06,0.06,0.06,0.12,0.06,0.18,0.12,0.18
5005,David Ochoa,USA,GK,LAFC,24,2001,1,1,90,1.0,0,0,0,0,0,0,0,0,0.0,0.0,0.0,0.0,0,0,0,0.0,0.0,0.0,0.0,0.0,0.0,0.0,0.0,0.0,0.0
5006,Agustin Ojeda,ARG,FW,NYCFC,21,2004,23,10,945,10.5,0,1,1,0,0,0,0,0,0.9,0.9,1.4,2.3,48,36,100,0.0,0.1,0.1,0.0,0.1,0.09,0.13,0.22,0.09,0.22
5007,Braian Ojeda,PAR,MF,Real Salt Lake,25,2000,20,18,1469,16.3,0,0,0,0,0,0,5,0,1.3,1.3,0.6,1.9,21,85,17,0.0,0.0,0.0,0.0,0.0,0.08,0.03,0.12,0.08,0.12
5008,Martín Ojeda,ARG,"MF,FW",Orlando City,26,1998,24,21,1870,20.8,12,7,19,10,2,2,0,0,8.8,7.2,6.3,13.5,47,117,152,0.58,0.34,0.91,0.48,0.82,0.42,0.3,0.73,0.35,0.65
5009,Salvador Olivas,USA,FW,Philadelphia Union,19,2006,2,0,46,0.5,0,0,0,0,0,0,1,0,0.3,0.3,0.0,0.4,1,0,5,0.0,0.0,0.0,0.0,0.0,0.65,0.04,0.69,0.65,0.69
5010,Toyosi Olusanya,ENG,"FW,MF",Houston Dynamo,27,1997,4,0,40,0.4,0,1,1,0,0,0,1,0,0.0,0.0,0.1,0.1,0,2,3,0.0,2.25,2.25,0.0,2.25,0.05,0.2,0.26,0.05,0.26
5011,Tani Oluwaseyi,CAN,FW,Minnesota Utd,25,2000,20,18,1559,17.3,9,7,16,9,0,0,5,0,8.4,8.4,4.1,12.6,30,20,75,0.52,0.4,0.92,0.52,0.92,0.49,0.24,0.72,0.49,0.72
5012,Wyatt Omsberg,USA,DF,NE Revolution,29,1995,7,3,297,3.3,0,0,0,0,0,0,0,0,0.6,0.6,0.0,0.6,0,7,0,0.0,0.0,0.0,0.0,0.0,0.19,0.0,0.19,0.19,0.19
5013,Kwadwo Opoku,GHA,"FW,MF",CF Montréal,24,2001,7,2,178,2.0,0,0,0,0,0,0,1,0,0.1,0.1,0.0,0.1,7,2,10,0.0,0.0,0.0,0.0,0.0,0.05,0.0,0.05,0.05,0.05
5014,Nathan Ordaz,SLV,FW,LAFC,21,2004,20,12,1031,11.5,5,3,8,5,0,0,1,0,4.5,4.5,1.6,6.0,26,28,69,0.44,0.26,0.7,0.44,0.7,0.39,0.14,0.53,0.39,0.53
5015,Sergio Oregel,USA,MF,Chicago Fire,20,2005,20,20,1586,17.6,0,0,0,0,0,0,6,0,0.8,0.8,2.0,2.8,11,98,29,0.0,0.0,0.0,0.0,0.0,0.05,0.11,0.16,0.05,0.16
5016,Luca Orellano,ARG,"DF,FW",FC Cincinnati,25,2000,20,17,1494,16.6,2,5,7,2,0,0,3,0,2.5,2.5,2.5,5.0,90,76,134,0.12,0.3,0.42,0.12,0.42,0.15,0.15,0.3,0.15,0.3
5017,Jaziel Orozco,USA,DF,St. Louis,21,2004,3,3,269,3.0,0,0,0,0,0,0,1,0,0.2,0.2,0.1,0.3,5,13,8,0.0,0.0,0.0,0.0,0.0,0.07,0.02,0.08,0.07,0.08
5018,Pablo Ortiz,COL,DF,Houston Dynamo,25,2000,13,11,961,10.7,1,0,1,1,0,0,4,0,0.2,0.2,0.1,0.3,1,17,0,0.09,0.0,0.09,0.09,0.09,0.02,0.01,0.02,0.02,0.02
5019,Prince Osei Owusu,GER,FW,CF Montréal,28,1997,24,22,1961,21.8,10,2,12,8,2,2,2,0,10.6,9.0,3.1,12.1,36,40,122,0.46,0.09,0.55,0.37,0.46,0.48,0.14,0.63,0.41,0.56
5020,Harold Osorio,SLV,MF,Chicago Fire,21,2003,1,0,1,0.0,0,0,0,0,0,0,0,0,0.0,0.0,0.0,0.0,0,0,0,0.0,0.0,0.0,0.0,0.0,0.0,0.0,0.0,0.0,0.0
5021,Jonathan Osorio,CAN,MF,Toronto FC,33,1992,14,11,1076,12.0,2,0,2,2,0,0,1,0,1.5,1.5,0.5,2.0,12,52,28,0.17,0.0,0.17,0.17,0.17,0.13,0.04,0.17,0.13,0.17
5022,Tomáš Ostrák,CZE,MF,St. Louis,25,2000,15,8,655,7.3,0,1,1,0,0,0,2,0,0.8,0.8,0.6,1.4,18,38,24,0.0,0.14,0.14,0.0,0.14,0.1,0.08,0.19,0.1,0.19
5023,Javier Otero,VEN,GK,Orlando City,22,2002,2,2,180,2.0,0,0,0,0,0,0,1,0,0.0,0.0,0.0,0.0,0,0,0,0.0,0.0,0.0,0.0,0.0,0.0,0.0,0.0,0.0,0.0
5024,Devin Padelford,USA,DF,Minnesota Utd,22,2003,4,1,105,1.2,0,0,0,0,0,0,0,0,0.0,0.0,0.0,0.0,0,4,4,0.0,0.0,0.0,0.0,0.0,0.0,0.0,0.0,0.0,0.0
5025,Maarten Paes,IDN,GK,FC Dallas,27,1998,21,21,1890,21.0,0,0,0,0,0,0,0,0,0.0,0.0,0.0,0.0,0,1,0,0.0,0.0,0.0,0.0,0.0,0.0,0.0,0.0,0.0,0.0
5026,Joseph Paintsil,GHA,FW,LA Galaxy,27,1998,17,15,1346,15.0,4,1,5,2,2,2,3,0,5.1,3.6,1.3,4.9,68,35,178,0.27,0.07,0.33,0.13,0.2,0.34,0.09,0.43,0.24,0.33
5027,Nelson Palacio,COL,MF,Real Salt Lake,24,2001,10,6,589,6.5,0,0,0,0,0,0,1,0,0.3,0.3,0.1,0.4,5,30,3,0.0,0.0,0.0,0.0,0.0,0.04,0.01,0.05,0.04,0.05
5028,Jeison Palacios,COL,DF,Nashville SC,31,1994,15,14,1213,13.5,1,0,1,1,0,0,1,0,0.8,0.8,1.3,2.1,6,37,1,0.07,0.0,0.07,0.07,0.07,0.06,0.1,0.15,0.06,0.15
5029,Sergi Palencia,ESP,"DF,MF",LAFC,29,1996,21,20,1735,19.3,1,0,1,1,0,0,5,0,0.5,0.5,1.5,2.0,48,105,110,0.05,0.0,0.05,0.05,0.05,0.03,0.08,0.1,0.03,0.1
5030,James Pantemis,CAN,GK,Portland Timbers,28,1997,12,12,1080,12.0,0,0,0,0,0,0,0,0,0.0,0.0,0.0,0.0,0,0,0,0.0,0.0,0.0,0.0,0.0,0.0,0.0,0.0,0.0,0.0
5031,Cristhian Paredes,PAR,MF,Portland Timbers,27,1998,19,3,536,6.0,0,0,0,0,0,0,2,0,0.2,0.2,0.4,0.6,2,41,15,0.0,0.0,0.0,0.0,0.0,0.04,0.06,0.1,0.04,0.1
5032,Isaiah Parente,USA,MF,LA Galaxy,25,2000,19,7,872,9.7,0,0,0,0,0,0,4,0,0.2,0.2,0.2,0.4,11,61,12,0.0,0.0,0.0,0.0,0.0,0.02,0.02,0.04,0.02,0.04
5033,Tim Parker,USA,DF,NY Red Bulls,32,1993,6,4,324,3.6,0,0,0,0,0,0,0,0,0.1,0.1,0.0,0.1,1,15,0,0.0,0.0,0.0,0.0,0.0,0.03,0.0,0.03,0.03,0.03
5034,Keaton Parks,USA,MF,NYCFC,27,1997,14,10,880,9.8,1,2,3,1,0,0,3,0,1.5,1.5,1.2,2.7,15,65,24,0.1,0.2,0.31,0.1,0.31,0.16,0.12,0.28,0.16,0.28
5035,Marco Pašalić,CRO,"MF,FW",Orlando City,24,2000,24,24,1892,21.0,10,4,14,10,0,0,3,0,5.4,5.4,4.1,9.6,75,103,147,0.48,0.19,0.67,0.48,0.67,0.26,0.2,0.45,0.26,0.45
5036,João Paulo Mior,BRA,MF,Seattle Sounders,34,1991,8,4,362,4.0,0,0,0,0,0,0,3,0,0.2,0.2,0.2,0.3,4,23,1,0.0,0.0,0.0,0.0,0.0,0.04,0.04,0.08,0.04,0.08
5037,Tom Pearce,ENG,"MF,DF",CF Montréal,27,1998,19,9,893,9.9,0,1,1,0,0,0,2,0,1.2,1.2,1.8,3.0,32,20,100,0.0,0.1,0.1,0.0,0.1,0.12,0.18,0.3,0.12,0.3
5038,Tyson Pearce,USA,"MF,DF",St. Louis,17,2007,2,0,30,0.3,0,0,0,0,0,0,0,0,0.0,0.0,0.0,0.0,1,1,0,0.0,0.0,0.0,0.0,0.0,0.0,0.0,0.0,0.0,0.0
5039,Pedrinho,BRA,"FW,MF",FC Dallas,22,2003,17,9,809,9.0,2,3,5,2,0,0,2,0,2.0,2.0,2.1,4.1,21,44,46,0.22,0.33,0.56,0.22,0.56,0.22,0.23,0.45,0.22,0.45
5040,Peglow,BRA,"FW,MF",D.C. United,23,2002,16,15,1181,13.1,2,3,5,2,0,0,2,0,1.7,1.7,2.0,3.8,30,61,92,0.15,0.23,0.38,0.15,0.38,0.13,0.16,0.29,0.13,0.29
5041,Amahl Pellegrino,NOR,"MF,FW",SJ Earthquakes,35,1990,13,5,488,5.4,1,1,2,1,0,0,0,0,3.3,3.3,1.7,5.0,11,22,38,0.18,0.18,0.37,0.18,0.37,0.61,0.31,0.92,0.61,0.92
5042,Matti Peltola,FIN,"MF,DF",D.C. United,23,2002,17,8,816,9.1,0,0,0,0,0,0,3,0,0.2,0.2,0.3,0.5,3,32,8,0.0,0.0,0.0,0.0,0.0,0.02,0.03,0.05,0.02,0.05
5043,Andrés Perea,USA,"MF,FW",NYCFC,24,2000,14,10,827,9.2,1,1,2,1,0,0,2,0,1.7,1.7,1.0,2.7,15,45,37,0.11,0.11,0.22,0.11,0.22,0.19,0.11,0.3,0.19,0.3
5044,Daniel Pereira,VEN,MF,Austin,25,2000,17,15,1322,14.7,1,1,2,1,0,0,5,0,0.9,0.9,2.1,3.0,18,88,29,0.07,0.07,0.14,0.07,0.14,0.06,0.14,0.2,0.06,0.2
5045,Joaquín Pereyra,ARG,MF,Minnesota Utd,26,1998,24,21,1805,20.1,2,6,8,2,0,0,6,0,2.6,2.6,6.1,8.7,51,114,85,0.1,0.3,0.4,0.1,0.4,0.13,0.3,0.43,0.13,0.43
5046,Jonathan Perez,MEX,"FW,MF",Nashville SC,22,2003,16,6,592,6.6,1,2,3,1,0,0,5,1,1.3,1.3,1.0,2.2,20,25,44,0.15,0.3,0.46,0.15,0.46,0.19,0.15,0.34,0.19,0.34
5047,Luca Petrasso,CAN,DF,CF Montréal,25,2000,24,23,1952,21.7,1,2,3,1,0,0,3,0,0.4,0.4,2.9,3.3,44,85,78,0.05,0.09,0.14,0.05,0.14,0.02,0.13,0.15,0.02,0.15
5048,Raoul Petretta,ITA,DF,Toronto FC,28,1997,17,16,1269,14.1,0,0,0,0,0,0,4,0,0.2,0.2,0.6,0.8,20,49,20,0.0,0.0,0.0,0.0,0.0,0.01,0.04,0.06,0.01,0.06
5049,Fafà Picault,HAI,"FW,MF",Inter Miami,34,1991,14,4,435,4.8,4,0,4,4,0,0,0,0,2.3,2.3,0.8,3.1,10,8,49,0.83,0.0,0.83,0.83,0.83,0.48,0.16,0.64,0.48,0.64
5050,Nelson Pierre,HAI,FW,Vancouver W'caps,20,2005,2,0,18,0.2,0,0,0,0,0,0,0,0,0.0,0.0,0.0,0.0,0,0,0,0.0,0.0,0.0,0.0,0.0,0.0,0.0,0.0,0.0,0.0
5051,Samuel Piette,CAN,MF,CF Montréal,30,1994,21,18,1390,15.4,0,0,0,0,0,0,3,0,0.0,0.0,0.4,0.4,3,62,8,0.0,0.0,0.0,0.0,0.0,0.0,0.02,0.03,0.0,0.03
5052,Ian Pilcher,USA,DF,San Diego FC,22,2003,11,6,652,7.2,1,1,2,1,0,0,2,0,0.1,0.1,0.1,0.1,5,36,1,0.14,0.14,0.28,0.14,0.28,0.01,0.01,0.02,0.01,0.02
5053,Mauricio Pineda,USA,MF,Chicago Fire,27,1997,22,17,1391,15.5,0,1,1,0,0,0,7,0,0.5,0.5,0.7,1.2,5,44,18,0.0,0.06,0.06,0.0,0.06,0.03,0.04,0.08,0.03,0.08
5054,Ariath Piol,AUS,"FW,MF",Real Salt Lake,20,2004,18,10,738,8.2,1,1,2,1,0,0,0,1,1.1,1.1,0.3,1.4,4,10,44,0.12,0.12,0.24,0.12,0.24,0.13,0.04,0.17,0.13,0.17
5055,Gabriel Pirani,BRA,"MF,FW",D.C. United,23,2002,18,13,1152,12.8,4,2,6,4,0,0,2,0,3.0,3.0,2.0,5.0,34,71,59,0.31,0.16,0.47,0.31,0.47,0.23,0.16,0.39,0.23,0.39
5056,Matt Polster,USA,MF,NE Revolution,32,1993,19,19,1693,18.8,1,1,2,1,0,0,5,0,0.6,0.6,0.2,0.9,12,88,23,0.05,0.05,0.11,0.05,0.11,0.03,0.01,0.05,0.03,0.05
5057,Célio Pompeu,BRA,"FW,MF",St. Louis,25,1999,18,11,1044,11.6,1,2,3,1,0,0,2,0,0.6,0.6,2.1,2.7,54,25,94,0.09,0.17,0.26,0.09,0.26,0.05,0.18,0.23,0.05,0.23
5058,Paxton Pomykal,USA,MF,FC Dallas,25,1999,2,0,30,0.3,0,0,0,0,0,0,0,0,0.0,0.0,0.1,0.1,1,3,1,0.0,0.0,0.0,0.0,0.0,0.0,0.41,0.41,0.0,0.41
5059,Ezequiel Ponce,ARG,FW,Houston Dynamo,28,1997,22,22,1835,20.4,7,1,8,6,1,1,5,0,8.8,8.0,1.4,9.4,11,22,84,0.34,0.05,0.39,0.29,0.34,0.43,0.07,0.5,0.39,0.46
5060,Alvas Powell,JAM,DF,FC Cincinnati,31,1994,16,5,520,5.8,0,0,0,0,0,0,2,0,0.1,0.1,0.0,0.2,16,24,9,0.0,0.0,0.0,0.0,0.0,0.02,0.0,0.03,0.02,0.03
5061,Ralph Priso-Mbongue,CAN,MF,Vancouver W'caps,22,2002,19,10,902,10.0,0,2,2,0,0,0,5,0,0.1,0.1,1.1,1.2,10,65,5,0.0,0.2,0.2,0.0,0.2,0.01,0.11,0.12,0.01,0.12
5062,Andrew Privett,USA,DF,Charlotte,24,2000,20,18,1625,18.1,1,0,1,1,0,0,1,1,0.5,0.5,0.1,0.6,2,42,3,0.06,0.0,0.06,0.06,0.06,0.03,0.01,0.03,0.03,0.03
5063,John Pulskamp,USA,GK,Sporting KC,24,2001,23,23,2070,23.0,0,2,2,0,0,0,2,0,0.0,0.0,0.2,0.2,0,0,0,0.0,0.09,0.09,0.0,0.09,0.0,0.01,0.01,0.0,0.01
5064,Ahmed Qasem,SWE,"FW,MF",Nashville SC,22,2003,23,12,1050,11.7,2,1,3,2,0,0,1,0,1.6,1.6,2.0,3.7,37,25,78,0.17,0.09,0.26,0.17,0.26,0.14,0.17,0.31,0.14,0.31
5065,Philip Quinton,USA,DF,Real Salt Lake,25,1999,13,8,717,8.0,0,0,0,0,0,0,2,0,0.2,0.2,0.0,0.3,3,20,5,0.0,0.0,0.0,0.0,0.0,0.03,0.01,0.04,0.03,0.04
5066,Nemanja Radoja,SRB,MF,Sporting KC,32,1993,13,9,805,8.9,0,0,0,0,0,0,3,0,0.1,0.1,0.0,0.2,6,65,15,0.0,0.0,0.0,0.0,0.0,0.01,0.0,0.02,0.01,0.02
5067,Jeremy Rafanello,USA,MF,Philadelphia Union,25,2000,10,2,242,2.7,0,0,0,0,0,0,0,0,0.1,0.1,0.0,0.2,4,6,4,0.0,0.0,0.0,0.0,0.0,0.05,0.02,0.06,0.05,0.06
5068,Jackson Ragen,USA,DF,Seattle Sounders,26,1998,14,13,1106,12.3,0,1,1,0,0,0,4,0,0.5,0.5,0.7,1.2,4,50,2,0.0,0.08,0.08,0.0,0.08,0.04,0.06,0.1,0.04,0.1
5069,Brooklyn Raines,USA,MF,Houston Dynamo,20,2005,16,14,1203,13.4,0,0,0,0,0,0,5,0,0.2,0.2,0.3,0.4,4,50,8,0.0,0.0,0.0,0.0,0.0,0.01,0.02,0.03,0.01,0.03
5070,Anthony Ramirez,USA,MF,FC Dallas,19,2005,1,0,1,0.0,0,0,0,0,0,0,0,0,0.0,0.0,0.1,0.1,0,1,1,0.0,0.0,0.0,0.0,0.0,0.0,5.93,5.93,0.0,5.93
5071,Christian Ramirez,USA,FW,LA Galaxy,34,1991,22,10,857,9.5,4,1,5,4,0,0,1,0,3.5,3.5,1.6,5.1,0,25,34,0.42,0.11,0.53,0.42,0.53,0.36,0.17,0.53,0.36,0.53
5072,Rubén Ramos,USA,MF,LA Galaxy,18,2007,2,1,64,0.7,0,0,0,0,0,0,0,0,0.2,0.2,0.0,0.2,1,1,1,0.0,0.0,0.0,0.0,0.0,0.21,0.0,0.21,0.21,0.21
5073,Alisa Randell,LBR,"MF,DF",Minnesota Utd,17,2007,3,0,10,0.1,0,0,0,0,0,0,0,0,0.0,0.0,0.0,0.0,1,0,2,0.0,0.0,0.0,0.0,0.0,0.0,0.0,0.0,0.0,0.0
5074,Ryan Raposo,CAN,"MF,FW",LAFC,26,1999,2,0,12,0.1,0,0,0,0,0,0,0,0,0.0,0.0,0.0,0.0,0,1,2,0.0,0.0,0.0,0.0,0.0,0.0,0.24,0.24,0.0,0.24
5075,Tim Ream,USA,DF,Charlotte,37,1987,17,14,1319,14.7,0,0,0,0,0,0,0,0,0.0,0.0,0.2,0.2,10,74,12,0.0,0.0,0.0,0.0,0.0,0.0,0.01,0.01,0.0,0.01
5076,Federico Redondo,ARG,MF,Inter Miami,22,2003,18,7,803,8.9,0,1,1,0,0,0,4,0,0.2,0.2,0.3,0.5,10,55,12,0.0,0.11,0.11,0.0,0.11,0.03,0.03,0.06,0.03,0.06
5077,Jayden Reid,USA,DF,St. Louis,23,2001,8,5,452,5.0,0,0,0,0,0,0,3,0,0.0,0.0,0.0,0.0,14,21,11,0.0,0.0,0.0,0.0,0.0,0.0,0.01,0.01,0.0,0.01
5078,Seymour Reid,JAM,FW,NYCFC,17,2008,5,0,68,0.8,0,0,0,0,0,0,0,0,0.0,0.0,0.1,0.2,0,3,9,0.0,0.0,0.0,0.0,0.0,0.03,0.19,0.23,0.03,0.23
5079,William Reilly,USA,MF,Atlanta Utd,22,2002,7,3,337,3.7,1,0,1,1,0,0,3,0,0.4,0.4,0.1,0.5,3,22,7,0.27,0.0,0.27,0.27,0.27,0.11,0.03,0.13,0.11,0.13
5080,Marco Reus,GER,"MF,FW",LA Galaxy,36,1989,18,15,1303,14.5,5,7,12,5,0,0,1,0,3.8,3.8,5.0,8.8,27,105,69,0.35,0.48,0.83,0.35,0.83,0.26,0.34,0.61,0.26,0.61
5081,Andrés Reyes,COL,DF,San Diego FC,25,1999,1,1,42,0.5,0,0,0,0,0,0,2,1,0.0,0.0,0.0,0.0,0,0,0,0.0,0.0,0.0,0.0,0.0,0.0,0.0,0.0,0.0,0.0
5082,Justin Reynolds,USA,DF,Chicago Fire,20,2004,2,1,106,1.2,0,0,0,0,0,0,0,0,0.0,0.0,0.0,0.0,4,3,7,0.0,0.0,0.0,0.0,0.0,0.0,0.0,0.0,0.0,0.0
5083,Alvaro Ribeiro,POR,DF,FC Dallas,20,2005,5,4,343,3.8,0,0,0,0,0,0,0,0,0.2,0.2,0.0,0.2,1,2,1,0.0,0.0,0.0,0.0,0.0,0.05,0.0,0.05,0.05,0.05
5084,Andrew Rick,USA,GK,Philadelphia Union,19,2006,10,10,900,10.0,0,0,0,0,0,0,1,0,0.0,0.0,0.0,0.0,0,0,0,0.0,0.0,0.0,0.0,0.0,0.0,0.0,0.0,0.0,0.0
5085,Jamar Ricketts,USA,"DF,MF",SJ Earthquakes,23,2001,10,8,604,6.7,1,2,3,1,0,0,0,0,0.2,0.2,1.4,1.6,19,16,35,0.15,0.3,0.45,0.15,0.45,0.03,0.22,0.24,0.03,0.24
5086,Kalani Rienzi,USA,"DF,MF",Seattle Sounders,23,2002,14,10,874,9.7,2,2,4,2,0,0,4,1,0.7,0.7,1.1,1.8,16,46,53,0.21,0.21,0.41,0.21,0.41,0.07,0.11,0.18,0.07,0.18
5087,Rocco Ríos Novo,ARG,GK,Inter Miami,23,2002,5,2,340,3.8,0,0,0,0,0,0,0,0,0.0,0.0,0.0,0.0,0,0,0,0.0,0.0,0.0,0.0,0.0,0.0,0.0,0.0,0.0,0.0
5088,Birk Risa,NOR,DF,NYCFC,27,1998,17,12,1057,11.7,0,0,0,0,0,0,1,0,0.3,0.3,0.7,1.0,10,57,18,0.0,0.0,0.0,0.0,0.0,0.03,0.06,0.08,0.03,0.08
5089,Reid Roberts,USA,DF,SJ Earthquakes,21,2003,9,5,503,5.6,0,0,0,0,0,0,3,0,0.2,0.2,0.1,0.3,7,28,12,0.0,0.0,0.0,0.0,0.0,0.03,0.03,0.06,0.03,0.06
5090,Miles Robinson,USA,DF,FC Cincinnati,28,1997,18,18,1548,17.2,1,0,1,1,0,0,2,0,1.0,1.0,0.5,1.5,13,59,2,0.06,0.0,0.06,0.06,0.06,0.06,0.03,0.09,0.06,0.09
5091,Stian Rode Gregersen,NOR,DF,Atlanta Utd,30,1995,8,8,612,6.8,0,0,0,0,0,0,1,0,0.6,0.6,0.0,0.6,1,17,0,0.0,0.0,0.0,0.0,0.0,0.09,0.0,0.09,0.09,0.09
5092,Rodrigues,BRA,DF,SJ Earthquakes,27,1997,18,16,1390,15.4,1,1,2,1,0,0,4,0,1.0,1.0,0.7,1.7,22,81,6,0.06,0.06,0.13,0.06,0.13,0.06,0.04,0.11,0.06,0.11
5093,Baltasar Rodríguez,ARG,"MF,FW",Inter Miami,22,2003,4,1,126,1.4,0,1,1,0,0,0,1,0,0.2,0.2,0.0,0.2,5,5,5,0.0,0.71,0.71,0.0,0.71,0.13,0.0,0.13,0.13,0.13
5094,Jonathan Rodríguez,URU,FW,Portland Timbers,32,1993,6,0,154,1.7,1,1,2,0,1,1,2,0,1.1,0.3,0.6,0.9,4,8,12,0.58,0.58,1.17,0.0,0.58,0.65,0.36,1.01,0.18,0.55
5095,Memo Rodriguez,USA,MF,Sporting KC,29,1995,16,5,525,5.8,0,0,0,0,0,0,3,0,0.3,0.3,1.0,1.3,7,47,20,0.0,0.0,0.0,0.0,0.0,0.05,0.17,0.22,0.05,0.22
5096,Nicolás Rodríguez,COL,"MF,FW",Orlando City,21,2004,7,0,40,0.4,0,0,0,0,0,0,0,0,0.1,0.1,0.0,0.1,0,5,8,0.0,0.0,0.0,0.0,0.0,0.15,0.09,0.24,0.15,0.24
5097,Sam Rogers,USA,DF,Chicago Fire,26,1999,17,15,1327,14.7,0,0,0,0,0,0,5,0,0.4,0.4,0.4,0.8,2,36,1,0.0,0.0,0.0,0.0,0.0,0.02,0.03,0.05,0.02,0.05
5098,Alex Roldan,SLV,"DF,MF",Seattle Sounders,28,1996,19,15,1378,15.3,0,0,0,0,0,0,2,0,0.8,0.8,1.2,1.9,22,78,94,0.0,0.0,0.0,0.0,0.0,0.05,0.08,0.13,0.05,0.13
5099,Cristian Roldan,USA,MF,Seattle Sounders,30,1995,22,21,1898,21.1,1,2,3,1,0,0,3,0,1.2,1.2,2.2,3.4,25,180,49,0.05,0.09,0.14,0.05,0.14,0.06,0.11,0.16,0.06,0.16
5100,Nicolás Romero,ARG,DF,Minnesota Utd,21,2003,20,19,1604,17.8,0,4,4,0,0,0,6,0,1.2,1.2,2.0,3.2,5,31,11,0.0,0.22,0.22,0.0,0.22,0.07,0.11,0.18,0.07,0.18
5101,Tomas Romero,SLV,GK,NYCFC,24,2000,3,3,270,3.0,0,0,0,0,0,0,0,0,0.0,0.0,0.0,0.0,0,0,0,0.0,0.0,0.0,0.0,0.0,0.0,0.0,0.0,0.0,0.0
5102,David Romney,USA,DF,SJ Earthquakes,32,1993,23,22,1992,22.1,0,0,0,0,0,0,3,0,0.3,0.3,0.5,0.8,16,93,16,0.0,0.0,0.0,0.0,0.0,0.01,0.02,0.04,0.01,0.04
5103,Connor Ronan,IRL,"MF,FW",Colorado Rapids,27,1998,18,5,628,7.0,0,0,0,0,0,0,1,0,0.5,0.5,0.7,1.3,3,62,21,0.0,0.0,0.0,0.0,0.0,0.08,0.11,0.18,0.08,0.18
5104,Anderson Rosa,BRA,DF,Colorado Rapids,23,2001,2,0,23,0.3,0,0,0,0,0,0,0,0,0.0,0.0,0.0,0.0,0,2,1,0.0,0.0,0.0,0.0,0.0,0.0,0.0,0.0,0.0,0.0
5105,Joseph Rosales,HON,DF,Minnesota Utd,24,2000,15,8,831,9.2,1,0,1,1,0,0,1,0,1.1,1.1,1.3,2.5,19,29,40,0.11,0.0,0.11,0.11,0.11,0.12,0.15,0.27,0.12,0.27
5106,Keegan Rosenberry,USA,DF,Colorado Rapids,31,1993,13,9,939,10.4,1,0,1,1,0,0,0,0,0.1,0.1,0.3,0.4,9,42,26,0.1,0.0,0.1,0.1,0.1,0.01,0.03,0.04,0.01,0.04
5107,Daniel Rosero,COL,DF,Sporting KC,31,1993,5,2,180,2.0,0,0,0,0,0,0,1,0,0.4,0.4,0.0,0.4,0,4,0,0.0,0.0,0.0,0.0,0.0,0.19,0.0,0.19,0.19,0.19
5108,Diego Rossi,URU,"FW,MF",Columbus Crew,27,1998,23,23,2032,22.6,11,3,14,9,2,2,2,0,10.0,8.4,3.8,12.3,83,114,165,0.49,0.13,0.62,0.4,0.53,0.44,0.17,0.61,0.37,0.54
5109,Sigurd Rosted,NOR,DF,Toronto FC,30,1994,21,18,1680,18.7,1,1,2,1,0,0,2,0,0.8,0.8,0.5,1.3,5,31,6,0.05,0.05,0.11,0.05,0.11,0.04,0.03,0.07,0.04,0.07
5110,Paul Rothrock,USA,"MF,FW",Seattle Sounders,26,1999,23,19,1476,16.4,3,4,7,3,0,0,2,0,2.8,2.8,2.6,5.5,59,25,184,0.18,0.24,0.43,0.18,0.43,0.17,0.16,0.33,0.17,0.33
5111,Kye Rowles,AUS,DF,D.C. United,27,1998,21,20,1845,20.5,0,0,0,0,0,0,7,0,0.4,0.4,0.3,0.7,6,61,1,0.0,0.0,0.0,0.0,0.0,0.02,0.01,0.03,0.02,0.03
5112,Diego Rubio,CHI,"FW,MF",Austin,32,1993,15,3,343,3.8,1,2,3,1,0,0,1,0,0.6,0.6,0.9,1.5,5,37,23,0.26,0.52,0.79,0.26,0.79,0.16,0.24,0.4,0.16,0.4
5113,David Ruíz,HON,"MF,FW",Inter Miami,21,2004,3,1,75,0.8,0,0,0,0,0,0,0,0,0.5,0.5,0.0,0.5,0,2,4,0.0,0.0,0.0,0.0,0.0,0.6,0.0,0.6,0.6,0.6
5114,Pablo Ruíz,ARG,MF,Real Salt Lake,26,1998,16,11,918,10.2,0,0,0,0,0,0,4,0,0.7,0.7,2.2,2.9,11,60,13,0.0,0.0,0.0,0.0,0.0,0.07,0.21,0.28,0.07,0.28
5115,Albert Rusnák,SVK,"MF,FW",Seattle Sounders,31,1994,22,18,1645,18.3,10,6,16,7,3,3,2,0,7.9,5.5,6.2,11.7,45,146,86,0.55,0.33,0.88,0.38,0.71,0.43,0.34,0.77,0.3,0.64
5116,Johnny Russell,SCO,FW,Real Salt Lake,35,1990,7,3,247,2.7,2,0,2,2,0,0,1,0,0.8,0.8,0.2,1.1,10,16,18,0.73,0.0,0.73,0.73,0.73,0.31,0.09,0.4,0.31,0.4
5117,Jacen Russell-Rowe,CAN,FW,Columbus Crew,22,2002,24,17,1479,16.4,7,1,8,7,0,0,3,0,5.3,5.3,2.3,7.5,21,43,130,0.43,0.06,0.49,0.43,0.49,0.32,0.14,0.46,0.32,0.46
5118,Cesar Ruvalcaba,USA,DF,Columbus Crew,24,2001,9,2,243,2.7,1,0,1,1,0,0,1,0,0.1,0.1,0.0,0.1,10,21,6,0.37,0.0,0.37,0.37,0.37,0.03,0.0,0.03,0.03,0.03
5119,Emmanuel Sabbi,USA,"FW,MF",Vancouver W'caps,27,1997,18,13,1087,12.1,4,2,6,4,0,0,3,0,3.9,3.9,0.8,4.7,26,23,75,0.33,0.17,0.5,0.33,0.5,0.32,0.07,0.39,0.32,0.39
5120,Besard Sabovic,SWE,MF,Austin,27,1998,21,15,1327,14.7,0,0,0,0,0,0,6,0,0.8,0.8,0.9,1.7,12,54,20,0.0,0.0,0.0,0.0,0.0,0.06,0.06,0.12,0.06,0.12
5121,Anisse Saidi,TUN,MF,San Diego FC,17,2008,1,0,9,0.1,0,0,0,0,0,0,0,0,0.0,0.0,0.0,0.0,0,0,0,0.0,0.0,0.0,0.0,0.0,0.0,0.0,0.0,0.0,0.0
5122,Ryan Sailor,USA,DF,Inter Miami,26,1998,3,0,6,0.1,0,0,0,0,0,0,0,0,0.0,0.0,0.0,0.0,0,0,0,0.0,0.0,0.0,0.0,0.0,0.0,0.0,0.0,0.0,0.0
5123,Adam Saldaña,USA,MF,LAFC,23,2002,2,2,180,2.0,0,0,0,0,0,0,1,0,0.0,0.0,0.0,0.0,1,4,1,0.0,0.0,0.0,0.0,0.0,0.01,0.0,0.01,0.01,0.01
5124,Nathan Saliba,CAN,MF,CF Montréal,20,2004,16,15,1260,14.0,1,0,1,1,0,0,5,0,1.5,1.5,0.4,1.8,21,85,17,0.07,0.0,0.07,0.07,0.07,0.1,0.03,0.13,0.1,0.13
5125,Dániel Sallói,HUN,"FW,MF",Sporting KC,29,1996,23,16,1499,16.7,6,2,8,6,0,0,4,0,4.0,4.0,2.5,6.5,41,36,140,0.36,0.12,0.48,0.36,0.48,0.24,0.15,0.39,0.24,0.39
5126,Lucas Sanabria,URU,"MF,FW",LA Galaxy,21,2003,18,11,852,9.5,1,0,1,1,0,0,3,0,1.0,1.0,0.5,1.5,6,36,19,0.11,0.0,0.11,0.11,0.11,0.1,0.05,0.15,0.1,0.15
5127,Ilie Sánchez,ESP,MF,Austin,34,1990,18,13,1119,12.4,0,0,0,0,0,0,4,0,0.3,0.3,0.1,0.4,6,54,9,0.0,0.0,0.0,0.0,0.0,0.02,0.01,0.03,0.02,0.03
5128,William Sands,USA,DF,NE Revolution,25,2000,12,3,431,4.8,0,0,0,0,0,0,2,0,0.1,0.1,0.2,0.3,12,11,30,0.0,0.0,0.0,0.0,0.0,0.02,0.05,0.07,0.02,0.07
5129,Edvard Sandvik Tagseth,NOR,MF,Nashville SC,24,2001,23,22,1908,21.2,0,2,2,0,0,0,7,0,0.5,0.5,1.6,2.1,14,90,30,0.0,0.09,0.09,0.0,0.09,0.02,0.07,0.1,0.02,0.1
5130,Jeong Sangbin,KOR,"FW,MF",Minnesota Utd,23,2002,15,2,319,3.5,0,0,0,0,0,0,1,0,0.5,0.5,0.4,0.9,8,5,15,0.0,0.0,0.0,0.0,0.0,0.15,0.1,0.26,0.15,0.26
5131,Sergio Santos Gomes,BRA,"FW,MF",FC Cincinnati,30,1994,17,6,614,6.8,1,2,3,1,0,0,0,0,1.9,1.9,1.3,3.2,15,15,56,0.15,0.29,0.44,0.15,0.44,0.28,0.18,0.46,0.28,0.46
5132,Rafael Santos,BRA,DF,Orlando City,27,1998,17,6,677,7.5,0,0,0,0,0,0,3,1,0.2,0.2,1.1,1.3,12,39,52,0.0,0.0,0.0,0.0,0.0,0.03,0.14,0.17,0.03,0.17
5133,Samuel Sarver,USA,"FW,DF",FC Dallas,22,2003,2,0,12,0.1,0,0,0,0,0,0,0,0,0.0,0.0,0.0,0.0,1,0,1,0.0,0.0,0.0,0.0,0.0,0.2,0.0,0.2,0.2,0.2
5134,Nick Scardina,USA,DF,Charlotte,24,2001,13,8,778,8.6,0,1,1,0,0,0,1,0,0.0,0.0,0.7,0.7,17,29,33,0.0,0.12,0.12,0.0,0.12,0.0,0.08,0.08,0.0,0.08
5135,Rodrigo Schlegel,ARG,DF,Orlando City,28,1997,22,22,1869,20.8,0,0,0,0,0,0,7,1,0.4,0.4,0.0,0.4,2,63,1,0.0,0.0,0.0,0.0,0.0,0.02,0.0,0.02,0.02,0.02
5136,David Schnegg,AUT,"DF,MF",D.C. United,26,1998,23,22,2004,22.3,0,1,1,0,0,0,7,0,1.3,1.3,3.2,4.5,48,79,125,0.0,0.04,0.04,0.0,0.04,0.06,0.14,0.2,0.06,0.2
5137,Patrick Schulte,USA,GK,Columbus Crew,24,2001,16,16,1440,16.0,0,0,0,0,0,0,2,0,0.0,0.0,0.4,0.4,0,1,0,0.0,0.0,0.0,0.0,0.0,0.0,0.02,0.02,0.0,0.02
5138,Tarik Scott,USA,"MF,DF",FC Dallas,20,2005,4,0,47,0.5,0,0,0,0,0,0,0,0,0.1,0.1,0.0,0.1,0,1,2,0.0,0.0,0.0,0.0,0.0,0.16,0.0,0.16,0.16,0.16
5139,Dante Sealy,TRI,"FW,MF",CF Montréal,22,2003,20,18,1628,18.1,2,1,3,2,0,0,5,0,3.2,3.2,2.4,5.6,63,63,126,0.11,0.06,0.17,0.11,0.17,0.17,0.13,0.31,0.17,0.31
5140,Gabe Segal,USA,FW,Houston Dynamo,24,2001,9,1,148,1.6,2,0,2,1,1,1,0,0,2.8,2.0,0.2,2.2,1,4,17,1.22,0.0,1.22,0.61,0.61,1.68,0.14,1.82,1.2,1.34
5141,Telasco Segovia,VEN,"MF,FW",Inter Miami,22,2003,21,13,1142,12.7,7,3,10,7,0,0,4,0,1.9,1.9,1.5,3.4,19,71,84,0.55,0.24,0.79,0.55,0.79,0.15,0.12,0.26,0.15,0.26
5142,Eddie Segura,COL,DF,LAFC,28,1997,19,16,1450,16.1,1,1,2,1,0,0,3,1,0.9,0.9,0.7,1.7,10,63,4,0.06,0.06,0.12,0.06,0.12,0.06,0.05,0.1,0.06,0.1
5143,Amar Sejdic,USA,MF,Columbus Crew,28,1996,12,3,287,3.2,0,0,0,0,0,0,0,0,0.1,0.1,0.3,0.4,1,25,7,0.0,0.0,0.0,0.0,0.0,0.03,0.11,0.13,0.03,0.13
5144,Johnny Selemani,CAN,MF,Vancouver W'caps,17,2008,1,0,27,0.3,0,0,0,0,0,0,0,0,0.0,0.0,0.0,0.0,1,0,1,0.0,0.0,0.0,0.0,0.0,0.1,0.0,0.1,0.1,0.1
5145,Brandon Servania,USA,MF,D.C. United,26,1999,21,16,1448,16.1,0,1,1,0,0,0,3,0,0.7,0.7,0.5,1.2,13,49,16,0.0,0.06,0.06,0.0,0.06,0.04,0.03,0.07,0.04,0.07
5146,Nykolas Sessock,USA,DF,Atlanta Utd,25,2000,1,0,3,0.0,0,0,0,0,0,0,0,0,0.0,0.0,0.0,0.0,0,0,0,0.0,0.0,0.0,0.0,0.0,0.0,0.0,0.0,0.0,0.0
5147,Jacob Shaffelburg,CAN,"FW,MF",Nashville SC,25,1999,13,6,574,6.4,1,0,1,1,0,0,0,0,1.1,1.1,1.4,2.6,15,18,67,0.16,0.0,0.16,0.16,0.16,0.18,0.23,0.4,0.18,0.4
5148,Charles Sharp,USA,FW,Toronto FC,24,2001,6,1,106,1.2,0,1,1,0,0,0,1,0,0.3,0.3,0.2,0.4,1,5,3,0.0,0.85,0.85,0.0,0.85,0.23,0.14,0.37,0.23,0.37
5149,Samuel Shashoua,ENG,"MF,FW",Minnesota Utd,26,1999,5,0,105,1.2,0,0,0,0,0,0,0,0,0.2,0.2,0.0,0.2,2,7,9,0.0,0.0,0.0,0.0,0.0,0.16,0.04,0.2,0.16,0.2
5150,Khiry Shelton,USA,DF,Sporting KC,32,1993,18,12,1043,11.6,0,0,0,0,0,0,2,1,0.3,0.3,0.2,0.5,19,40,39,0.0,0.0,0.0,0.0,0.0,0.03,0.01,0.04,0.03,0.04
5151,Jason Shokalook,USA,FW,Chicago Fire,22,2002,1,0,15,0.2,0,1,1,0,0,0,0,0,0.0,0.0,0.3,0.3,0,0,0,0.0,6.0,6.0,0.0,6.0,0.0,1.8,1.8,0.0,1.8
5152,Jonathan Shore,USA,MF,NYCFC,18,2007,22,13,1228,13.6,0,0,0,0,0,0,1,0,0.6,0.6,0.3,0.9,13,72,30,0.0,0.0,0.0,0.0,0.0,0.04,0.02,0.07,0.04,0.07
5153,Show,ANG,MF,FC Dallas,26,1999,6,4,304,3.4,0,0,0,0,0,0,2,0,0.0,0.0,0.0,0.0,5,13,8,0.0,0.0,0.0,0.0,0.0,0.01,0.0,0.01,0.01,0.01
5154,Xande Silva,POR,FW,Atlanta Utd,28,1997,7,2,229,2.5,0,1,1,0,0,0,0,0,0.3,0.3,0.9,1.2,10,9,19,0.0,0.39,0.39,0.0,0.39,0.11,0.37,0.47,0.11,0.47
5155,Xande Silva,POR,"FW,MF",St. Louis,28,1997,11,0,215,2.4,0,0,0,0,0,0,1,0,0.2,0.2,0.5,0.7,9,14,27,0.0,0.0,0.0,0.0,0.0,0.1,0.19,0.29,0.1,0.29
5156,Jonathan Sirois,CAN,GK,CF Montréal,24,2001,21,21,1890,21.0,0,0,0,0,0,0,0,0,0.0,0.0,0.0,0.0,0,0,0,0.0,0.0,0.0,0.0,0.0,0.0,0.0,0.0,0.0,0.0
5157,Pablo Sisniega,MEX,GK,San Diego FC,30,1995,3,3,270,3.0,0,0,0,0,0,0,0,0,0.0,0.0,0.0,0.0,0,0,0,0.0,0.0,0.0,0.0,0.0,0.0,0.0,0.0,0.0,0.0
5158,Jack Skahan,USA,MF,SJ Earthquakes,27,1998,3,0,39,0.4,0,1,1,0,0,0,0,0,0.2,0.2,0.5,0.8,1,2,2,0.0,2.31,2.31,0.0,2.31,0.56,1.24,1.8,0.56,1.8
5159,Bartosz Slisz,POL,MF,Atlanta Utd,26,1999,20,17,1483,16.5,2,1,3,2,0,0,7,0,1.3,1.3,0.9,2.2,24,121,21,0.12,0.06,0.18,0.12,0.18,0.08,0.06,0.14,0.08,0.14
5160,Tyger Smalls,ENG,"FW,MF",Charlotte,22,2002,12,0,154,1.7,0,0,0,0,0,0,0,0,0.3,0.3,0.1,0.4,6,6,11,0.0,0.0,0.0,0.0,0.0,0.18,0.03,0.21,0.18,0.21
5161,Alec Smir,USA,GK,Minnesota Utd,26,1999,2,1,161,1.8,0,0,0,0,0,0,1,0,0.0,0.0,0.0,0.0,0,0,0,0.0,0.0,0.0,0.0,0.0,0.0,0.0,0.0,0.0,0.0
5162,Brad Smith,AUS,"DF,MF",FC Cincinnati,31,1994,14,2,255,2.8,0,0,0,0,0,0,0,0,0.3,0.3,0.1,0.5,1,3,22,0.0,0.0,0.0,0.0,0.0,0.12,0.05,0.17,0.12,0.17
5163,Ian Smith,USA,DF,Portland Timbers,23,2002,12,5,540,6.0,1,0,1,1,0,0,1,0,0.2,0.2,0.1,0.3,10,19,25,0.17,0.0,0.17,0.17,0.17,0.04,0.02,0.06,0.04,0.06
5164,Kyle Smith,USA,"DF,MF",Orlando City,33,1992,20,6,646,7.2,0,1,1,0,0,0,2,0,0.6,0.6,0.9,1.4,4,25,14,0.0,0.14,0.14,0.0,0.14,0.08,0.12,0.2,0.08,0.2
5165,Artem Smoliakov,UKR,"DF,MF",LAFC,22,2003,13,7,565,6.3,1,0,1,1,0,0,1,0,0.2,0.2,0.3,0.6,16,28,37,0.16,0.0,0.16,0.16,0.16,0.04,0.05,0.09,0.04,0.09
5166,Mohammed Sofo,GHA,"FW,DF",NY Red Bulls,20,2004,17,13,1117,12.4,5,0,5,5,0,0,2,0,4.1,4.1,0.8,4.9,19,23,112,0.4,0.0,0.4,0.4,0.4,0.33,0.07,0.4,0.33,0.4
5167,Wessel Speel,NED,GK,Minnesota Utd,23,2001,3,3,199,2.2,0,0,0,0,0,0,0,0,0.0,0.0,0.0,0.0,0,0,0,0.0,0.0,0.0,0.0,0.0,0.0,0.0,0.0,0.0,0.0
5168,Tyrese Spicer,TRI,"DF,FW",Toronto FC,24,2000,20,7,838,9.3,2,0,2,2,0,0,1,0,1.7,1.7,0.5,2.2,37,10,52,0.21,0.0,0.21,0.21,0.21,0.18,0.06,0.24,0.18,0.24
5169,Dayne St. Clair,CAN,GK,Minnesota Utd,28,1997,20,20,1800,20.0,0,0,0,0,0,0,2,0,0.0,0.0,0.0,0.0,0,1,0,0.0,0.0,0.0,0.0,0.0,0.0,0.0,0.0,0.0,0.0
5170,Lazar Stefanovic,CAN,DF,Toronto FC,18,2006,9,3,430,4.8,0,0,0,0,0,0,0,0,0.0,0.0,0.0,0.0,1,17,1,0.0,0.0,0.0,0.0,0.0,0.0,0.0,0.0,0.0,0.0
5171,Zack Steffen,USA,GK,Colorado Rapids,30,1995,13,13,1170,13.0,0,0,0,0,0,0,2,0,0.0,0.0,0.0,0.0,0,0,0,0.0,0.0,0.0,0.0,0.0,0.0,0.0,0.0,0.0,0.0
5172,Daniel Steres,USA,DF,Houston Dynamo,34,1990,8,3,398,4.4,0,0,0,0,0,0,2,0,0.1,0.1,0.0,0.1,3,17,7,0.0,0.0,0.0,0.0,0.0,0.01,0.0,0.01,0.01,0.01
5173,Kimani Stewart-Baynes,CAN,"MF,FW",Colorado Rapids,20,2005,4,0,31,0.3,0,0,0,0,0,0,0,0,0.0,0.0,0.0,0.0,0,2,2,0.0,0.0,0.0,0.0,0.0,0.0,0.0,0.0,0.0,0.0
5174,Jared Stroud,USA,"FW,MF",D.C. United,29,1996,20,13,1034,11.5,0,0,0,0,0,0,1,0,1.7,1.7,2.7,4.4,14,30,80,0.0,0.0,0.0,0.0,0.0,0.15,0.23,0.38,0.15,0.38
5175,Peter Stroud,USA,MF,NY Red Bulls,23,2002,22,18,1393,15.5,0,3,3,0,0,0,5,0,0.5,0.5,2.0,2.5,14,80,32,0.0,0.19,0.19,0.0,0.19,0.03,0.13,0.16,0.03,0.16
5176,Brad Stuver,USA,GK,Austin,34,1991,22,22,1980,22.0,0,0,0,0,0,0,2,0,0.0,0.0,0.1,0.1,0,0,0,0.0,0.0,0.0,0.0,0.0,0.0,0.01,0.01,0.0,0.01
5177,Luis Suárez,URU,FW,Inter Miami,38,1987,18,18,1447,16.1,5,10,15,5,0,0,4,0,7.3,7.3,6.2,13.5,18,56,106,0.31,0.62,0.93,0.31,0.93,0.45,0.38,0.84,0.45,0.84
5178,Magomed-Shapi Suleymanov,RUS,"FW,MF",Sporting KC,25,1999,23,19,1491,16.6,2,3,5,2,0,0,2,0,1.6,1.6,0.8,2.5,67,56,155,0.12,0.18,0.3,0.12,0.3,0.1,0.05,0.15,0.1,0.15
5179,Cavan Sullivan,USA,MF,Philadelphia Union,15,2009,8,1,165,1.8,0,0,0,0,0,0,1,0,0.1,0.1,0.1,0.2,2,10,15,0.0,0.0,0.0,0.0,0.0,0.08,0.03,0.11,0.08,0.11
5180,Michael Sullivan,USA,MF,Toronto FC,22,2003,1,0,5,0.1,0,0,0,0,0,0,0,0,0.0,0.0,0.0,0.0,0,0,0,0.0,0.0,0.0,0.0,0.0,0.0,0.0,0.0,0.0,0.0
5181,Quinn Sullivan,USA,MF,Philadelphia Union,21,2004,20,17,1439,16.0,2,7,9,2,0,1,3,0,3.0,2.2,4.4,6.7,55,76,119,0.13,0.44,0.56,0.13,0.56,0.19,0.28,0.47,0.14,0.42
5182,Finn Surman,NZL,DF,Portland Timbers,21,2003,21,21,1865,20.7,0,0,0,0,0,0,1,0,1.0,1.0,0.1,1.0,1,47,2,0.0,0.0,0.0,0.0,0.0,0.05,0.0,0.05,0.05,0.05
5183,Sam Surridge,ENG,FW,Nashville SC,26,1998,24,23,2084,23.2,18,3,21,13,5,6,1,0,17.3,12.2,4.5,16.7,40,47,138,0.78,0.13,0.91,0.56,0.69,0.75,0.19,0.94,0.53,0.72
5184,Oleksandr Svatok,UKR,DF,Austin,30,1994,20,17,1623,18.0,0,0,0,0,0,0,4,0,0.4,0.4,0.6,0.9,3,33,1,0.0,0.0,0.0,0.0,0.0,0.02,0.03,0.05,0.02,0.05
5185,Erik Sviatchenko,DEN,DF,Houston Dynamo,33,1991,10,8,608,6.8,0,0,0,0,0,0,0,0,0.3,0.3,0.0,0.3,1,23,2,0.0,0.0,0.0,0.0,0.0,0.04,0.0,0.04,0.04,0.04
5186,Hennadii Synchuk,UKR,"MF,FW",CF Montréal,19,2006,6,4,308,3.4,0,0,0,0,0,0,0,0,0.6,0.6,0.2,0.9,20,11,41,0.0,0.0,0.0,0.0,0.0,0.18,0.07,0.25,0.18,0.25
5187,Nkosi Tafari,USA,DF,LAFC,28,1997,12,7,663,7.4,0,0,0,0,0,0,1,0,0.1,0.1,0.6,0.7,0,18,3,0.0,0.0,0.0,0.0,0.0,0.01,0.08,0.09,0.01,0.09
5188,Zakaria Taifi,USA,"FW,MF",Orlando City,19,2005,3,0,26,0.3,0,0,0,0,0,0,0,0,0.0,0.0,0.0,0.0,0,3,2,0.0,0.0,0.0,0.0,0.0,0.0,0.0,0.0,0.0,0.0
5189,Yohei Takaoka,JPN,GK,Vancouver W'caps,29,1996,23,23,2070,23.0,0,0,0,0,0,0,0,0,0.0,0.0,0.0,0.0,0,1,0,0.0,0.0,0.0,0.0,0.0,0.0,0.0,0.0,0.0,0.0
5190,Strahinja Tanasijević,SRB,DF,NYCFC,28,1997,9,5,449,5.0,0,0,0,0,0,0,3,0,0.0,0.0,0.0,0.0,3,19,6,0.0,0.0,0.0,0.0,0.0,0.0,0.0,0.0,0.0,0.0
5191,Andrew Tarbell,USA,GK,Houston Dynamo,31,1993,4,4,306,3.4,0,0,0,0,0,0,0,0,0.0,0.0,0.0,0.0,0,0,0,0.0,0.0,0.0,0.0,0.0,0.0,0.0,0.0,0.0,0.0
5192,Iuri Tavares,CPV,"MF,FW",Charlotte,24,2001,5,0,24,0.3,0,0,0,0,0,0,0,0,0.1,0.1,0.0,0.1,0,2,0,0.0,0.0,0.0,0.0,0.0,0.28,0.0,0.28,0.28,0.28
5193,D.J. Taylor,USA,DF,Minnesota Utd,27,1997,5,1,182,2.0,0,0,0,0,0,0,0,0,0.0,0.0,0.0,0.0,1,6,7,0.0,0.0,0.0,0.0,0.0,0.0,0.02,0.02,0.0,0.02
5194,Robert Taylor,FIN,"FW,MF",Austin,30,1994,8,0,167,1.9,0,0,0,0,0,0,0,0,0.2,0.2,0.3,0.5,7,7,18,0.0,0.0,0.0,0.0,0.0,0.11,0.18,0.3,0.11,0.3
5195,Robert Taylor,FIN,"MF,FW",Inter Miami,30,1994,4,2,198,2.2,1,0,1,1,0,0,0,0,1.3,1.3,0.4,1.6,5,7,19,0.45,0.0,0.45,0.45,0.45,0.58,0.17,0.74,0.58,0.74
5196,Carlos Terán,COL,DF,Chicago Fire,24,2000,5,4,294,3.3,0,0,0,0,0,0,1,0,0.0,0.0,0.0,0.0,0,8,0,0.0,0.0,0.0,0.0,0.0,0.01,0.0,0.01,0.01,0.01
5197,Cedric Teuchert,GER,"FW,MF",St. Louis,28,1997,21,17,1224,13.6,3,1,4,3,0,0,1,0,3.6,3.6,0.8,4.4,34,24,60,0.22,0.07,0.29,0.22,0.29,0.27,0.06,0.33,0.27,0.33
5198,Odin Thiago Holm,NOR,"MF,FW",LAFC,22,2003,3,1,99,1.1,0,0,0,0,0,0,0,0,0.0,0.0,0.3,0.3,1,4,2,0.0,0.0,0.0,0.0,0.0,0.0,0.27,0.27,0.0,0.27
5199,Jamal Thiaré,SEN,FW,Atlanta Utd,32,1993,19,3,461,5.1,3,0,3,3,0,0,1,0,4.2,4.2,0.2,4.3,5,3,23,0.59,0.0,0.59,0.59,0.59,0.81,0.03,0.85,0.81,0.85
5200,Andrew Thomas,RUS,GK,Seattle Sounders,26,1998,5,5,450,5.0,0,0,0,0,0,0,0,0,0.0,0.0,0.0,0.0,0,0,0,0.0,0.0,0.0,0.0,0.0,0.0,0.0,0.0,0.0,0.0
5201,Erik Thommy,GER,"FW,MF",Sporting KC,30,1994,20,12,1034,11.5,4,4,8,4,0,0,0,0,1.8,1.8,2.7,4.4,41,37,107,0.35,0.35,0.7,0.35,0.7,0.16,0.23,0.39,0.16,0.39
5202,Kosi Thompson,CAN,DF,Toronto FC,22,2003,20,17,1587,17.6,0,0,0,0,0,0,6,0,0.5,0.5,1.3,1.8,24,74,26,0.0,0.0,0.0,0.0,0.0,0.03,0.07,0.1,0.03,0.1
5203,Timmy Tillman,GER,MF,LAFC,26,1999,19,17,1496,16.6,0,1,1,0,0,0,5,0,1.2,1.2,0.9,2.1,28,123,71,0.0,0.06,0.06,0.0,0.06,0.07,0.06,0.13,0.07,0.13
5204,Cayman Togashi,JPN,"MF,FW",Atlanta Utd,31,1993,3,0,69,0.8,0,0,0,0,0,0,0,0,0.0,0.0,0.0,0.0,0,1,1,0.0,0.0,0.0,0.0,0.0,0.05,0.0,0.05,0.05,0.05
5205,Nouhou Tolo,CMR,DF,Seattle Sounders,28,1997,18,18,1521,16.9,1,1,2,1,0,0,4,2,0.8,0.8,1.4,2.1,31,70,27,0.06,0.06,0.12,0.06,0.12,0.05,0.08,0.13,0.05,0.13
5206,Joshua Torquato,USA,MF,FC Dallas,17,2007,3,2,155,1.7,0,0,0,0,0,0,0,0,0.0,0.0,0.0,0.0,0,1,6,0.0,0.0,0.0,0.0,0.0,0.0,0.0,0.0,0.0,0.0
5207,Tomas Totland,NOR,DF,St. Louis,26,1998,12,10,838,9.3,0,1,1,0,0,0,0,0,1.1,1.1,1.0,2.1,5,24,47,0.0,0.11,0.11,0.0,0.11,0.11,0.11,0.22,0.11,0.22
5208,Mason Toye,USA,FW,Sporting KC,26,1998,10,0,81,0.9,1,0,1,1,0,0,0,0,0.7,0.7,0.0,0.7,3,3,10,1.11,0.0,1.11,1.11,1.11,0.81,0.0,0.81,0.81,0.81
5209,Wil Trapp,USA,MF,Minnesota Utd,32,1993,24,22,1921,21.3,2,0,2,2,0,0,1,0,0.6,0.6,0.3,0.9,6,84,13,0.09,0.0,0.09,0.09,0.09,0.03,0.01,0.04,0.03,0.04
5210,Jackson Travis,USA,DF,Colorado Rapids,21,2004,9,9,675,7.5,0,0,0,0,0,0,2,1,0.1,0.1,0.1,0.1,8,26,21,0.0,0.0,0.0,0.0,0.0,0.01,0.01,0.02,0.01,0.02
5211,Niko Tsakiris,USA,MF,SJ Earthquakes,20,2005,9,4,335,3.7,0,1,1,0,0,0,0,0,0.3,0.3,0.8,1.0,20,18,20,0.0,0.27,0.27,0.0,0.27,0.07,0.21,0.28,0.07,0.28
5212,Garrison Tubbs,USA,DF,D.C. United,23,2002,8,7,565,6.3,0,0,0,0,0,0,3,0,0.0,0.0,0.0,0.0,0,4,1,0.0,0.0,0.0,0.0,0.0,0.0,0.0,0.0,0.0,0.0
5213,Bill Tuiloma,NZL,DF,Charlotte,30,1995,4,4,278,3.1,1,0,1,1,0,0,0,0,0.2,0.2,0.1,0.3,0,8,1,0.32,0.0,0.32,0.32,0.32,0.08,0.02,0.1,0.08,0.1
5214,Gavin Turner,USA,"FW,MF",D.C. United,18,2007,1,0,25,0.3,0,0,0,0,0,0,0,0,0.0,0.0,0.0,0.0,0,0,3,0.0,0.0,0.0,0.0,0.0,0.09,0.07,0.16,0.09,0.16
5215,Jeppe Tverskov,DEN,MF,San Diego FC,32,1993,23,23,2051,22.8,1,4,5,1,0,0,4,0,1.1,1.1,3.4,4.6,17,163,34,0.04,0.18,0.22,0.04,0.22,0.05,0.15,0.2,0.05,0.2
5216,Mikael Uhre,DEN,FW,Philadelphia Union,30,1994,19,12,951,10.6,2,4,6,2,0,0,2,0,3.7,3.7,2.2,5.9,11,19,72,0.19,0.38,0.57,0.19,0.57,0.35,0.2,0.56,0.35,0.56
5217,Cengiz Ünder,TUR,FW,LAFC,28,1997,12,4,446,5.0,2,2,4,2,0,0,0,0,1.9,1.9,1.5,3.4,14,20,34,0.4,0.4,0.81,0.4,0.81,0.38,0.31,0.69,0.38,0.69
5218,Osaze Urhoghide,NED,DF,FC Dallas,25,2000,17,15,1314,14.6,1,0,1,1,0,0,4,0,0.6,0.6,0.1,0.7,5,31,3,0.07,0.0,0.07,0.07,0.07,0.04,0.01,0.05,0.04,0.05
5219,Maximiliano Urruti,ARG,FW,NE Revolution,34,1991,18,5,582,6.5,2,0,2,2,0,0,2,0,2.1,2.1,0.3,2.3,6,13,26,0.31,0.0,0.31,0.31,0.31,0.32,0.04,0.36,0.32,0.36
5220,Júnior Urso,BRA,MF,Houston Dynamo,36,1989,12,6,569,6.3,0,0,0,0,0,0,2,0,0.8,0.8,0.4,1.1,6,27,9,0.0,0.0,0.0,0.0,0.0,0.12,0.06,0.18,0.12,0.18
5221,Óscar Ustari,ARG,GK,Inter Miami,39,1986,17,17,1362,15.1,0,0,0,0,0,0,0,1,0.0,0.0,0.0,0.0,0,0,0,0.0,0.0,0.0,0.0,0.0,0.0,0.0,0.0,0.0,0.0
5222,Myrto Uzuni,ALB,FW,Austin,30,1995,18,16,1404,15.6,2,2,4,2,0,0,1,0,5.4,5.4,2.0,7.4,8,20,45,0.13,0.13,0.26,0.13,0.26,0.35,0.13,0.47,0.35,0.47
5223,Onni Valakari,FIN,"MF,FW",San Diego FC,25,1999,24,16,1568,17.4,4,6,10,4,0,0,4,0,3.7,3.7,3.1,6.9,27,91,117,0.23,0.34,0.57,0.23,0.57,0.22,0.18,0.4,0.22,0.4
5224,Omar Valencia,PAN,DF,NY Red Bulls,21,2004,18,15,1261,14.0,0,5,5,0,0,0,6,0,0.2,0.2,1.3,1.4,45,41,73,0.0,0.36,0.36,0.0,0.36,0.01,0.09,0.1,0.01,0.1
5225,Gerardo Valenzuela,USA,"MF,FW",FC Cincinnati,20,2004,17,7,649,7.2,5,0,5,5,0,0,0,0,2.5,2.5,0.7,3.1,15,21,55,0.69,0.0,0.69,0.69,0.69,0.34,0.09,0.43,0.34,0.43
5226,Kerwin Vargas,COL,"FW,MF",Charlotte,23,2002,24,9,957,10.6,3,1,4,3,0,0,3,0,2.9,2.9,2.5,5.5,28,31,91,0.28,0.09,0.38,0.28,0.38,0.28,0.24,0.51,0.28,0.51
5227,Obed Vargas,MEX,MF,Seattle Sounders,19,2005,20,20,1757,19.5,2,1,3,2,0,0,4,0,1.7,1.7,2.1,3.8,34,107,66,0.1,0.05,0.15,0.1,0.15,0.09,0.11,0.19,0.09,0.19
5228,Indiana Vassilev,USA,MF,Philadelphia Union,24,2001,23,15,1422,15.8,2,1,3,2,0,0,2,0,1.5,1.5,1.5,3.0,28,53,78,0.13,0.06,0.19,0.13,0.19,0.1,0.09,0.19,0.1,0.19
5229,Brandon Vazquez,USA,FW,Austin,26,1998,19,19,1599,17.8,5,0,5,4,1,2,3,0,10.2,8.6,0.6,9.2,19,25,64,0.28,0.0,0.28,0.23,0.23,0.57,0.04,0.61,0.48,0.52
5230,David Vazquez,USA,MF,Philadelphia Union,19,2006,1,0,20,0.2,0,0,0,0,0,0,0,0,0.0,0.0,0.0,0.0,1,0,2,0.0,0.0,0.0,0.0,0.0,0.0,0.0,0.0,0.0,0.0
5231,Brayan Vera,COL,DF,Real Salt Lake,26,1999,17,13,1107,12.3,0,0,0,0,0,0,6,0,0.9,0.9,0.8,1.7,18,51,3,0.0,0.0,0.0,0.0,0.0,0.07,0.07,0.14,0.07,0.14
5232,Oscar Verhoeven,USA,DF,San Diego FC,19,2006,13,10,912,10.1,0,0,0,0,0,0,2,0,0.0,0.0,1.3,1.4,19,29,64,0.0,0.0,0.0,0.0,0.0,0.0,0.13,0.13,0.0,0.13
5233,Oscar Verhoeven,USA,MF,SJ Earthquakes,19,2006,1,0,6,0.1,0,0,0,0,0,0,0,0,0.0,0.0,0.0,0.0,0,4,0,0.0,0.0,0.0,0.0,0.0,0.0,0.0,0.0,0.0,0.0
5234,Ranko Veselinović,SRB,DF,Vancouver W'caps,26,1999,21,20,1755,19.5,0,0,0,0,0,0,1,0,1.3,1.3,0.2,1.4,7,41,6,0.0,0.0,0.0,0.0,0.0,0.07,0.01,0.07,0.07,0.07
5235,Felipe Vieira,BRA,DF,Houston Dynamo,20,2005,13,9,842,9.4,3,1,4,3,0,0,3,0,2.4,2.4,1.7,4.1,10,26,24,0.32,0.11,0.43,0.32,0.43,0.25,0.18,0.44,0.25,0.44
5236,Jules-Anthony Vilsaint,CAN,"FW,MF",CF Montréal,22,2003,9,1,225,2.5,0,1,1,0,0,0,0,0,0.6,0.6,0.3,0.8,4,2,18,0.0,0.4,0.4,0.0,0.4,0.23,0.1,0.33,0.23,0.33
5237,Sam Vines,USA,DF,Colorado Rapids,26,1999,12,8,749,8.3,0,1,1,0,0,0,0,0,0.2,0.2,0.3,0.5,14,28,48,0.0,0.12,0.12,0.0,0.12,0.03,0.04,0.07,0.02,0.07
5238,Pedro Vite,ECU,"MF,FW",Vancouver W'caps,23,2002,19,16,1395,15.5,4,2,6,4,0,0,1,0,2.0,2.0,4.0,5.9,29,124,80,0.26,0.13,0.39,0.26,0.39,0.13,0.26,0.38,0.13,0.38
5239,Robert Voloder,BIH,DF,Sporting KC,24,2001,11,10,929,10.3,0,0,0,0,0,0,1,0,0.0,0.0,0.0,0.0,4,27,2,0.0,0.0,0.0,0.0,0.0,0.0,0.0,0.0,0.0,0.0
5240,Giacomo Vrioni,ALB,"FW,MF",CF Montréal,26,1998,8,6,392,4.4,3,0,3,3,0,0,0,1,3.4,3.4,0.3,3.7,4,5,26,0.69,0.0,0.69,0.69,0.69,0.78,0.06,0.84,0.78,0.84
5241,Kai Wagner,GER,DF,Philadelphia Union,28,1997,22,21,1913,21.3,1,8,9,1,0,0,4,0,0.2,0.2,7.5,7.7,28,100,92,0.05,0.38,0.42,0.05,0.42,0.01,0.35,0.36,0.01,0.36
5242,Conrad Wallem,NOR,"MF,DF",St. Louis,25,2000,22,19,1630,18.1,0,1,1,0,0,0,6,1,2.1,2.1,0.8,2.9,33,65,67,0.0,0.06,0.06,0.0,0.06,0.11,0.05,0.16,0.11,0.16
5243,Joel Waterman,CAN,DF,CF Montréal,29,1996,17,16,1347,15.0,0,1,1,0,0,0,7,1,0.0,0.0,0.8,0.8,10,79,17,0.0,0.07,0.07,0.0,0.07,0.0,0.05,0.05,0.0,0.05
5244,Akil Watts,USA,"MF,DF",St. Louis,25,2000,21,14,1413,15.7,1,0,1,1,0,0,1,0,1.5,1.5,1.0,2.5,32,47,40,0.06,0.0,0.06,0.06,0.06,0.09,0.06,0.16,0.09,0.16
5245,Marcelo Weigandt,ARG,DF,Inter Miami,25,2000,13,11,931,10.3,1,1,2,1,0,0,2,0,1.0,1.0,0.5,1.5,10,33,40,0.1,0.1,0.19,0.1,0.19,0.1,0.05,0.14,0.1,0.14
5246,Michael Wentzel,GER,DF,St. Louis,23,2002,2,1,97,1.1,0,0,0,0,0,0,1,0,0.1,0.1,0.0,0.1,1,0,0,0.0,0.0,0.0,0.0,0.0,0.09,0.0,0.09,0.09,0.09
5247,Francis Westfield,USA,DF,Philadelphia Union,19,2005,20,15,1417,15.7,1,3,4,1,0,0,4,1,0.7,0.7,2.2,2.9,19,64,86,0.06,0.19,0.25,0.06,0.25,0.04,0.14,0.18,0.04,0.18
5248,Ashley Westwood,ENG,MF,Charlotte,35,1990,24,24,2160,24.0,1,2,3,1,0,0,5,0,1.3,1.3,2.3,3.6,13,147,25,0.04,0.08,0.12,0.04,0.12,0.05,0.1,0.15,0.05,0.15
5249,Brian White,USA,FW,Vancouver W'caps,29,1996,15,14,1277,14.2,11,1,12,10,1,2,3,0,10.4,8.7,1.3,10.0,12,18,63,0.78,0.07,0.85,0.7,0.78,0.73,0.09,0.82,0.61,0.7
5250,Adrian Wibowo,USA,FW,LAFC,19,2006,2,0,18,0.2,0,0,0,0,0,0,0,0,0.0,0.0,0.0,0.0,0,1,0,0.0,0.0,0.0,0.0,0.0,0.0,0.0,0.0,0.0,0.0
5251,Derrick Williams,IRL,DF,Atlanta Utd,32,1993,15,14,1214,13.5,1,0,1,1,0,0,0,0,1.2,1.2,0.0,1.2,8,44,4,0.07,0.0,0.07,0.07,0.07,0.09,0.0,0.09,0.09,0.09
5252,Samuel Williams,USA,MF,Chicago Fire,20,2005,7,3,314,3.5,0,0,0,0,0,0,0,0,0.1,0.1,0.0,0.1,0,14,6,0.0,0.0,0.0,0.0,0.0,0.02,0.01,0.04,0.02,0.04
5253,Thomas Williams,USA,DF,Orlando City,20,2004,1,0,11,0.1,0,0,0,0,0,0,0,0,0.0,0.0,0.0,0.0,0,0,0,0.0,0.0,0.0,0.0,0.0,0.0,0.0,0.0,0.0,0.0
5254,Eryk Williamson,USA,"MF,FW",Charlotte,28,1997,18,3,461,5.1,0,1,1,0,0,0,2,0,0.0,0.0,0.4,0.4,3,32,20,0.0,0.2,0.2,0.0,0.2,0.01,0.08,0.09,0.01,0.09
5255,Joe Willis,USA,GK,Nashville SC,36,1988,24,24,2160,24.0,0,0,0,0,0,0,1,0,0.0,0.0,0.0,0.0,0,0,1,0.0,0.0,0.0,0.0,0.0,0.0,0.0,0.0,0.0,0.0
5256,Bruno Wilson,POR,DF,SJ Earthquakes,28,1996,10,9,833,9.3,1,0,1,1,0,0,2,0,1.2,1.2,0.0,1.2,6,32,1,0.11,0.0,0.11,0.11,0.11,0.13,0.0,0.13,0.13,0.13
5257,Henry Wingo,USA,DF,Toronto FC,29,1995,6,5,278,3.1,0,0,0,0,0,0,0,0,0.0,0.0,0.1,0.1,4,6,6,0.0,0.0,0.0,0.0,0.0,0.0,0.05,0.05,0.0,0.05
5258,Hannes Wolf,AUT,"FW,MF",NYCFC,26,1999,22,21,1813,20.1,9,3,12,9,0,0,2,0,4.8,4.8,2.7,7.4,68,71,230,0.45,0.15,0.6,0.45,0.6,0.24,0.13,0.37,0.24,0.37
5259,Owen Wolff,USA,"MF,FW",Austin,20,2004,22,20,1690,18.8,1,4,5,1,0,0,2,0,1.8,1.8,3.6,5.4,45,87,84,0.05,0.21,0.27,0.05,0.27,0.1,0.19,0.29,0.1,0.29
5260,Tyler Wolff,USA,"FW,MF",Real Salt Lake,22,2003,9,2,289,3.2,0,0,0,0,0,0,0,0,0.3,0.3,0.4,0.7,8,7,23,0.0,0.0,0.0,0.0,0.0,0.09,0.14,0.23,0.09,0.23
5261,Elijah Wynder,USA,MF,LA Galaxy,22,2003,9,3,343,3.8,0,0,0,0,0,0,2,0,0.0,0.0,0.2,0.2,1,13,16,0.0,0.0,0.0,0.0,0.0,0.01,0.05,0.06,0.01,0.06
5262,Miki Yamane,JPN,DF,LA Galaxy,31,1993,21,19,1688,18.8,0,2,2,0,0,0,3,0,0.3,0.3,2.5,2.9,35,74,113,0.0,0.11,0.11,0.0,0.11,0.02,0.13,0.15,0.02,0.15
5263,Dominik Yankov,BUL,MF,CF Montréal,24,2000,3,0,31,0.3,0,0,0,0,0,0,0,0,0.1,0.1,0.1,0.2,0,2,1,0.0,0.0,0.0,0.0,0.0,0.17,0.29,0.45,0.17,0.45
5264,Darren Yapi,USA,"FW,MF",Colorado Rapids,20,2004,20,12,947,10.5,4,2,6,4,0,0,4,0,3.3,3.3,1.3,4.6,10,13,55,0.38,0.19,0.57,0.38,0.57,0.32,0.12,0.44,0.32,0.44
5265,Joshua Yaro,GHA,DF,St. Louis,30,1994,18,14,1267,14.1,1,0,1,1,0,0,1,0,0.4,0.4,0.0,0.4,6,33,1,0.07,0.0,0.07,0.07,0.07,0.03,0.0,0.03,0.03,0.03
5266,Patrick Yazbek,AUS,MF,Nashville SC,23,2002,22,16,1456,16.2,1,0,1,1,0,0,5,0,0.9,0.9,0.6,1.5,12,52,18,0.06,0.0,0.06,0.06,0.06,0.05,0.04,0.09,0.05,0.09
5267,Kelvin Yeboah,ITA,FW,Minnesota Utd,25,2000,23,17,1546,17.2,7,0,7,6,1,1,3,0,7.9,7.1,0.7,7.8,31,25,96,0.41,0.0,0.41,0.35,0.35,0.46,0.04,0.5,0.41,0.46
5268,Yaw Yeboah,GHA,"MF,FW",LAFC,28,1997,12,4,433,4.8,1,0,1,1,0,0,1,0,0.2,0.2,0.8,1.0,4,17,25,0.21,0.0,0.21,0.21,0.21,0.05,0.17,0.21,0.05,0.21
5269,DeAndre Yedlin,USA,DF,FC Cincinnati,32,1993,24,19,1725,19.2,0,4,4,0,0,0,5,0,0.4,0.4,2.2,2.6,28,53,97,0.0,0.21,0.21,0.0,0.21,0.02,0.11,0.14,0.02,0.14
5270,Maya Yoshida,JPN,DF,LA Galaxy,36,1988,21,19,1715,19.1,1,0,1,1,0,0,2,0,2.1,2.1,0.6,2.6,3,59,3,0.05,0.0,0.05,0.05,0.05,0.11,0.03,0.14,0.11,0.14
5271,Jackson Yueill,USA,"MF,FW",NE Revolution,28,1997,8,5,472,5.2,0,0,0,0,0,0,1,0,0.0,0.0,0.2,0.2,1,13,13,0.0,0.0,0.0,0.0,0.0,0.0,0.03,0.03,0.0,0.03
5272,Alhassan Yusuf,NGA,MF,NE Revolution,25,2000,23,23,2063,22.9,1,1,2,1,0,0,3,0,1.3,1.3,2.0,3.3,58,153,55,0.04,0.04,0.09,0.04,0.09,0.06,0.09,0.14,0.06,0.14
5273,Wilfried Zaha,CIV,"FW,MF",Charlotte,32,1992,21,21,1838,20.4,6,4,10,4,2,2,6,0,4.9,3.3,3.5,6.8,74,94,195,0.29,0.2,0.49,0.2,0.39,0.24,0.17,0.41,0.16,0.33
5274,Joseph Zalinsky,USA,DF,St. Louis,22,2003,7,2,221,2.5,0,0,0,0,0,0,2,0,0.0,0.0,0.3,0.3,4,10,15,0.0,0.0,0.0,0.0,0.0,0.0,0.11,0.11,0.0,0.11
5275,Eriq Zavaleta,SLV,DF,LA Galaxy,32,1992,3,1,128,1.4,0,0,0,0,0,0,0,0,0.0,0.0,0.0,0.0,1,0,1,0.0,0.0,0.0,0.0,0.0,0.0,0.0,0.0,0.0,0.0
5276,Sean Zawadzki,USA,"DF,MF",Columbus Crew,25,2000,21,21,1890,21.0,2,0,2,2,0,0,4,0,0.9,0.9,0.7,1.7,6,88,19,0.1,0.0,0.1,0.1,0.1,0.05,0.04,0.08,0.05,0.08
5277,Walker Zimmerman,USA,DF,Nashville SC,32,1993,13,10,977,10.9,0,2,2,0,0,0,2,0,1.4,1.4,0.7,2.1,0,29,4,0.0,0.18,0.18,0.0,0.18,0.13,0.07,0.2,0.13,0.2
5278,Philip Zinckernagel,DEN,"FW,MF",Chicago Fire,30,1994,21,21,1655,18.4,10,7,17,10,0,0,4,0,4.3,4.3,5.9,10.1,58,54,133,0.54,0.38,0.92,0.54,0.92,0.23,0.32,0.55,0.23,0.55
5279,Rida Zouhir,CAN,"MF,FW",D.C. United,21,2003,11,2,272,3.0,0,0,0,0,0,0,1,0,0.3,0.3,0.2,0.5,4,12,6,0.0,0.0,0.0,0.0,0.0,0.1,0.06,0.16,0.1,0.16
5280,Dario Župarić,BIH,DF,Portland Timbers,33,1992,10,9,839,9.3,0,0,0,0,0,0,2,0,0.2,0.2,0.0,0.3,2,23,0,0.0,0.0,0.0,0.0,0.0,0.02,0.01,0.03,0.02,0.03
5281,Lucas Abascia,ARG,DF,Cen. Córdoba–SdE,29,1995,10,7,703,7.8,0,0,0,0,0,0,2,0,0.3,0.3,0.0,0.4,4,30,1,0.0,0.0,0.0,0.0,0.0,0.04,0.0,0.05,0.04,0.05
5282,Luciano Abecasis,ARG,DF,Ind. Rivadavia,35,1990,1,1,90,1.0,0,1,1,0,0,0,0,0,0.1,0.1,0.2,0.3,3,3,5,0.0,1.0,1.0,0.0,1.0,0.09,0.17,0.26,0.09,0.26
5283,Ramón Ábila,ARG,FW,Huracán,35,1989,9,0,182,2.0,0,0,0,0,0,0,1,0,0.3,0.3,0.2,0.4,1,5,16,0.0,0.0,0.0,0.0,0.0,0.14,0.08,0.22,0.14,0.22
5284,Ignacio Abraham,SYR,DF,Banfield,27,1998,6,5,460,5.1,0,0,0,0,0,0,0,0,0.3,0.3,0.2,0.4,9,14,18,0.0,0.0,0.0,0.0,0.0,0.05,0.04,0.09,0.05,0.09
5285,Gonzalo Abrego,ARG,MF,Godoy Cruz,25,2000,17,11,1030,11.4,0,0,0,0,0,0,2,0,0.8,0.8,1.5,2.2,8,63,31,0.0,0.0,0.0,0.0,0.0,0.07,0.13,0.19,0.07,0.19
5286,Jonás Acevedo,ARG,"MF,FW",Instituto,28,1997,12,7,670,7.4,1,0,1,1,0,0,2,0,1.1,1.1,0.9,2.0,10,30,44,0.13,0.0,0.13,0.13,0.13,0.15,0.12,0.26,0.15,0.26
5287,Juan Achetoni,ARG,FW,Aldosivi,20,2005,1,0,3,0.0,0,0,0,0,0,0,0,0,0.0,0.0,0.0,0.0,0,0,1,0.0,0.0,0.0,0.0,0.0,0.0,0.0,0.0,0.0,0.0
5288,Guillermo Acosta,ARG,MF,Atlé Tucumán,36,1988,14,11,895,9.9,0,1,1,0,0,0,3,0,0.3,0.3,0.2,0.5,7,57,8,0.0,0.1,0.1,0.0,0.1,0.03,0.02,0.05,0.03,0.05
5289,Lautaro Acosta,ARG,FW,Lanús,37,1988,3,0,22,0.2,0,0,0,0,0,0,1,0,0.0,0.0,0.0,0.0,2,0,2,0.0,0.0,0.0,0.0,0.0,0.0,0.12,0.12,0.0,0.12
5290,Lucas Acosta,ARG,"FW,DF",San Martín de San Juan,20,2005,1,0,10,0.1,0,0,0,0,0,0,0,0,0.0,0.0,0.0,0.0,2,1,0,0.0,0.0,0.0,0.0,0.0,0.0,0.0,0.0,0.0,0.0
5291,Lucas Acosta,ARG,GK,Sarmiento,30,1995,18,18,1620,18.0,0,0,0,0,0,0,1,0,0.0,0.0,0.1,0.1,0,1,0,0.0,0.0,0.0,0.0,0.0,0.0,0.0,0.0,0.0,0.0
5292,Marcos Acuña,ARG,DF,River Plate,33,1991,15,14,1163,12.9,0,1,1,0,0,0,5,0,0.4,0.4,1.6,2.1,31,73,60,0.0,0.08,0.08,0.0,0.08,0.03,0.13,0.16,0.03,0.16
5293,Valentino Acuña,ARG,"FW,DF",Newell's OB,19,2006,4,0,97,1.1,1,0,1,1,0,0,0,0,0.4,0.4,0.0,0.4,0,2,1,0.93,0.0,0.93,0.93,0.93,0.4,0.0,0.4,0.4,0.4
5294,Tomás Adoryán,ARM,"MF,FW",Banfield,23,2001,12,8,538,6.0,1,0,1,1,0,0,3,0,1.1,1.1,0.2,1.3,14,30,18,0.17,0.0,0.17,0.17,0.17,0.18,0.03,0.21,0.18,0.21
5295,Luis Advíncula,PER,DF,Boca Juniors,35,1990,15,9,898,10.0,1,1,2,1,0,0,3,0,0.7,0.7,0.7,1.4,17,34,47,0.1,0.1,0.2,0.1,0.2,0.07,0.07,0.14,0.07,0.14
5296,Alan Aguerre,ARG,GK,Cen. Córdoba–SdE,34,1990,16,16,1440,16.0,0,0,0,0,0,0,0,0,0.0,0.0,0.0,0.0,0,0,0,0.0,0.0,0.0,0.0,0.0,0.0,0.0,0.0,0.0,0.0
5297,Mateo Aguiar,ARG,MF,Defensa y Just,18,2007,1,0,19,0.2,0,0,0,0,0,0,0,0,0.0,0.0,0.0,0.0,0,1,3,0.0,0.0,0.0,0.0,0.0,0.16,0.0,0.16,0.16,0.16
5298,Emanuel Aguilera,ARG,DF,Defensa y Just,36,1989,13,12,998,11.1,0,0,0,0,0,0,1,0,0.1,0.1,0.0,0.1,4,38,0,0.0,0.0,0.0,0.0,0.0,0.01,0.0,0.01,0.01,0.01
5299,Brian Aguirre,ARG,FW,Boca Juniors,22,2003,6,1,121,1.3,0,0,0,0,0,0,0,0,0.2,0.2,0.0,0.2,7,4,10,0.0,0.0,0.0,0.0,0.0,0.11,0.0,0.11,0.11,0.11
5300,Manuel Agustín Duarte,ARG,"MF,FW",Barracas Central,23,2001,12,6,469,5.2,1,0,1,1,0,0,1,0,0.7,0.7,0.4,1.0,12,18,24,0.19,0.0,0.19,0.19,0.19,0.13,0.07,0.2,0.13,0.2
5301,Gabriel Alanís,ARG,FW,Huracán,31,1994,14,13,981,10.9,0,0,0,0,0,0,0,0,0.8,0.8,1.3,2.2,13,7,72,0.0,0.0,0.0,0.0,0.0,0.08,0.12,0.2,0.08,0.2
5302,Agustín Alaniz,URU,"FW,MF",Banfield,23,2002,16,11,1031,11.5,2,2,4,2,0,0,1,0,1.8,1.8,1.9,3.6,35,23,66,0.17,0.17,0.35,0.17,0.35,0.15,0.16,0.32,0.15,0.32
5303,Fernando Alarcón,ARG,DF,Instituto,31,1994,18,18,1620,18.0,0,1,1,0,0,0,6,0,0.7,0.7,0.2,0.8,5,36,4,0.0,0.06,0.06,0.0,0.06,0.04,0.01,0.05,0.04,0.05
5304,William Alarcón,CHI,MF,Boca Juniors,24,2000,10,7,587,6.5,0,0,0,0,0,0,3,0,0.3,0.3,0.3,0.6,5,40,17,0.0,0.0,0.0,0.0,0.0,0.04,0.05,0.09,0.04,0.09
5305,Lucas Alario,ARG,FW,Estudiantes–LP,32,1992,13,7,623,6.9,1,0,1,0,1,1,2,0,1.5,0.7,1.0,1.7,2,6,24,0.14,0.0,0.14,0.0,0.0,0.22,0.14,0.36,0.11,0.24
5306,Franco Alfonso,ARG,"FW,MF",Cen. Córdoba–SdE,23,2002,6,2,243,2.7,0,0,0,0,0,0,0,0,0.7,0.7,0.2,0.9,13,11,19,0.0,0.0,0.0,0.0,0.0,0.25,0.06,0.32,0.25,0.32
5307,Rodrigo Aliendro,ARG,MF,River Plate,34,1991,11,5,482,5.4,1,0,1,1,0,0,2,0,1.2,1.2,0.8,2.0,7,44,26,0.19,0.0,0.19,0.19,0.19,0.23,0.15,0.38,0.23,0.38
5308,Agustín Almendra,ARG,MF,Racing Club,25,2000,14,13,887,9.9,0,0,0,0,0,0,2,0,0.4,0.4,0.7,1.1,4,66,13,0.0,0.0,0.0,0.0,0.0,0.04,0.07,0.11,0.04,0.11
5309,Antony Alonso,ARG,"MF,FW",Deportivo Riestra,27,1998,15,10,649,7.2,3,1,4,3,0,0,1,0,1.2,1.2,0.7,2.0,4,8,26,0.42,0.14,0.55,0.42,0.55,0.17,0.1,0.27,0.17,0.27
5310,Facundo Altamira,ARG,"FW,MF",Godoy Cruz,23,2001,12,9,652,7.2,1,0,1,1,0,0,2,0,0.3,0.3,0.2,0.5,25,10,45,0.14,0.0,0.14,0.14,0.14,0.05,0.03,0.07,0.05,0.07
5311,Pablo Altamirano,ARG,MF,Newell's OB,20,2005,2,0,16,0.2,0,0,0,0,0,0,0,0,0.0,0.0,0.0,0.0,0,1,3,0.0,0.0,0.0,0.0,0.0,0.0,0.0,0.0,0.0,0.0
5312,Francisco Álvarez,ARG,DF,Arg Juniors,25,2000,17,17,1525,16.9,0,2,2,0,0,0,4,0,0.4,0.4,0.1,0.5,19,70,3,0.0,0.12,0.12,0.0,0.12,0.02,0.01,0.03,0.02,0.03
5313,Franco Amarfil,ARG,MF,Ind. Rivadavia,24,2001,16,16,1399,15.5,0,2,2,0,0,0,7,0,1.2,1.2,0.6,1.7,15,77,31,0.0,0.13,0.13,0.0,0.13,0.07,0.04,0.11,0.07,0.11
5314,Fabricio Amato,ARG,MF,Ind. Rivadavia,21,2004,1,0,27,0.3,0,0,0,0,0,0,0,0,0.0,0.0,0.0,0.0,0,1,0,0.0,0.0,0.0,0.0,0.0,0.0,0.0,0.0,0.0,0.0
5315,Santino Andino,ARG,"FW,MF",Godoy Cruz,19,2005,13,9,790,8.8,2,0,2,2,0,0,3,0,0.8,0.8,0.5,1.2,30,19,75,0.23,0.0,0.23,0.23,0.23,0.09,0.05,0.14,0.09,0.14
5316,Isaías Andrada,ARG,"DF,MF",Vélez Sarsfield,22,2003,4,1,165,1.8,0,1,1,0,0,0,0,0,0.0,0.0,0.2,0.2,1,12,10,0.0,0.55,0.55,0.0,0.55,0.0,0.09,0.09,0.0,0.09
5317,Juan Andrada,ARG,MF,Sarmiento,30,1995,3,1,101,1.1,0,0,0,0,0,0,0,0,0.0,0.0,0.0,0.0,3,9,1,0.0,0.0,0.0,0.0,0.0,0.0,0.0,0.0,0.0,0.0
5318,Tobías Andrada,ARG,MF,Vélez Sarsfield,18,2007,2,0,63,0.7,0,0,0,0,0,0,0,0,0.1,0.1,0.0,0.1,0,5,3,0.0,0.0,0.0,0.0,0.0,0.2,0.0,0.2,0.2,0.2
5319,Álvaro Angulo,COL,DF,Independiente,28,1997,14,7,779,8.7,3,0,3,3,0,0,4,0,1.1,1.1,0.4,1.5,25,49,72,0.35,0.0,0.35,0.35,0.35,0.13,0.04,0.17,0.13,0.17
5320,Luis Angulo,COL,"FW,MF",Cen. Córdoba–SdE,21,2004,16,13,989,11.0,1,4,5,1,0,0,4,0,3.3,3.3,2.8,6.1,43,23,105,0.09,0.36,0.46,0.09,0.46,0.3,0.25,0.55,0.3,0.55
5321,Luis Angulo,COL,FW,Talleres,21,2004,1,0,30,0.3,0,0,0,0,0,0,0,0,0.0,0.0,0.0,0.0,0,1,5,0.0,0.0,0.0,0.0,0.0,0.0,0.0,0.0,0.0,0.0
5322,Federico Anselmo,ARG,FW,San Martín de San Juan,31,1994,13,9,895,9.9,1,0,1,1,0,0,1,0,3.1,3.1,0.4,3.4,5,14,13,0.1,0.0,0.1,0.1,0.1,0.31,0.04,0.34,0.31,0.34
5323,Mateo Antoni,URU,MF,Arg Juniors,22,2003,1,0,1,0.0,0,0,0,0,0,0,0,0,0.0,0.0,0.0,0.0,0,0,0,0.0,0.0,0.0,0.0,0.0,0.0,0.0,0.0,0.0,0.0
5324,Dylan Aquino,ARG,"FW,MF",Lanús,20,2005,17,5,648,7.2,0,0,0,0,0,0,1,0,1.5,1.5,1.0,2.5,26,29,66,0.0,0.0,0.0,0.0,0.0,0.21,0.13,0.35,0.21,0.35
5325,Alex Arce,PAR,FW,Ind. Rivadavia,30,1995,1,1,90,1.0,0,0,0,0,0,0,0,0,0.8,0.8,0.0,0.8,2,2,10,0.0,0.0,0.0,0.0,0.0,0.81,0.03,0.84,0.81,0.84
5326,Ignacio Arce,ARG,GK,Deportivo Riestra,33,1992,17,17,1530,17.0,0,0,0,0,0,0,2,0,0.0,0.0,0.2,0.2,0,0,0,0.0,0.0,0.0,0.0,0.0,0.0,0.01,0.01,0.0,0.01
5327,Lucas Arce,ARG,DF,Godoy Cruz,27,1997,14,9,872,9.7,0,1,1,0,0,0,1,0,0.3,0.3,1.8,2.2,15,48,29,0.0,0.1,0.1,0.0,0.1,0.03,0.19,0.22,0.03,0.22
5328,Joaquín Ardaiz,URU,"FW,MF",Arg Juniors,26,1999,1,0,5,0.1,0,0,0,0,0,0,0,0,0.0,0.0,0.0,0.0,0,1,0,0.0,0.0,0.0,0.0,0.0,0.0,0.0,0.0,0.0,0.0
5329,Joaquín Ardaiz,URU,FW,Sarmiento,26,1999,2,2,146,1.6,1,1,2,1,0,0,0,0,0.2,0.2,0.1,0.3,0,3,3,0.62,0.62,1.23,0.62,1.23,0.13,0.06,0.2,0.13,0.2
5330,Facundo Ardiles,ARG,DF,Godoy Cruz,26,1998,1,0,45,0.5,0,0,0,0,0,0,0,0,0.0,0.0,0.0,0.0,1,0,2,0.0,0.0,0.0,0.0,0.0,0.0,0.04,0.04,0.0,0.04
5331,Gabriel Arias,CHI,GK,Racing Club,37,1987,13,13,1106,12.3,0,0,0,0,0,0,0,1,0.0,0.0,0.0,0.0,0,0,0,0.0,0.0,0.0,0.0,0.0,0.0,0.0,0.0,0.0,0.0
5332,Matías Arias,ARG,MF,Vélez Sarsfield,18,2007,1,0,22,0.2,0,0,0,0,0,0,1,0,0.0,0.0,0.0,0.0,1,3,1,0.0,0.0,0.0,0.0,0.0,0.06,0.0,0.06,0.06,0.06
5333,Ramón Arias,URU,DF,Tigre,32,1992,6,3,281,3.1,0,0,0,0,0,0,0,1,0.2,0.2,0.0,0.2,0,5,0,0.0,0.0,0.0,0.0,0.0,0.06,0.0,0.06,0.06,0.06
5334,Franco Armani,ARG,GK,River Plate,38,1986,18,18,1620,18.0,0,0,0,0,0,0,0,0,0.0,0.0,0.0,0.0,0,0,0,0.0,0.0,0.0,0.0,0.0,0.0,0.0,0.0,0.0,0.0
5335,Blas Armoa,PAR,FW,Tigre,25,2000,9,3,292,3.2,0,1,1,0,0,0,0,0,0.7,0.7,0.0,0.7,13,4,25,0.0,0.31,0.31,0.0,0.31,0.21,0.01,0.22,0.21,0.22
5336,Marcos Arturia,ARG,FW,Banfield,27,1998,13,5,470,5.2,1,0,1,1,0,0,3,0,1.5,1.5,0.4,1.9,7,5,23,0.19,0.0,0.19,0.19,0.19,0.28,0.08,0.36,0.28,0.36
5337,Santiago Arzamendia,PAR,DF,Estudiantes–LP,27,1998,13,10,918,10.2,1,0,1,1,0,0,6,1,1.2,1.2,0.6,1.8,14,34,47,0.1,0.0,0.1,0.1,0.1,0.12,0.06,0.18,0.12,0.18
5338,Santiago Ascacíbar,ARG,MF,Estudiantes–LP,28,1997,14,14,1260,14.0,4,1,5,4,0,0,6,0,2.3,2.3,1.0,3.3,16,87,36,0.29,0.07,0.36,0.29,0.36,0.16,0.07,0.23,0.16,0.23
5339,Jorge de Asís,ARG,MF,Gimnasia–LP,19,2006,1,0,1,0.0,0,0,0,0,0,0,0,0,0.0,0.0,0.0,0.0,0,0,0,0.0,0.0,0.0,0.0,0.0,0.0,0.0,0.0,0.0,0.0
5340,Agustín Auzmendi,ARG,FW,Godoy Cruz,28,1997,9,4,419,4.7,1,0,1,1,0,0,0,0,1.8,1.8,0.0,1.8,0,8,24,0.21,0.0,0.21,0.21,0.21,0.38,0.01,0.39,0.38,0.39
5341,Carlos Auzqui,ARG,MF,Atlé Tucumán,34,1991,11,8,665,7.4,0,1,1,0,0,0,1,0,0.2,0.2,1.3,1.5,7,24,39,0.0,0.14,0.14,0.0,0.14,0.03,0.17,0.2,0.03,0.2
5342,Gabriel Ávalos,PAR,FW,Independiente,34,1990,15,13,1034,11.5,9,1,10,7,2,2,3,0,5.0,3.4,0.6,4.0,9,19,51,0.78,0.09,0.87,0.61,0.7,0.43,0.06,0.49,0.3,0.35
5343,Elías Báez,ARG,DF,San Lorenzo,20,2004,18,18,1548,17.2,0,1,1,0,0,0,3,0,0.4,0.4,0.7,1.1,26,84,55,0.0,0.06,0.06,0.0,0.06,0.02,0.04,0.06,0.02,0.06
5344,Claudio Baeza,CHI,MF,Vélez Sarsfield,31,1993,8,5,462,5.1,0,0,0,0,0,0,4,0,0.0,0.0,0.2,0.2,1,18,2,0.0,0.0,0.0,0.0,0.0,0.01,0.03,0.04,0.01,0.04
5345,Mateo Bajamich,ARG,"FW,MF",Atlé Tucumán,25,1999,17,7,729,8.1,1,1,2,1,0,0,0,0,1.9,1.9,0.7,2.5,18,28,59,0.12,0.12,0.25,0.12,0.25,0.23,0.08,0.31,0.23,0.31
5346,Kevin Balanta,COL,DF,Defensa y Just,28,1997,5,5,421,4.7,0,0,0,0,0,0,2,0,0.0,0.0,0.0,0.0,2,14,0,0.0,0.0,0.0,0.0,0.0,0.0,0.0,0.0,0.0,0.0
5347,Adrián Balboa,URU,FW,Racing Club,31,1994,14,5,576,6.4,3,0,3,3,0,0,2,0,3.6,3.6,0.1,3.7,2,9,27,0.47,0.0,0.47,0.47,0.47,0.57,0.01,0.58,0.57,0.58
5348,Franco Baldassarra,ARG,MF,Platense,26,1998,5,2,242,2.7,0,0,0,0,0,0,0,0,0.1,0.1,0.0,0.2,3,9,4,0.0,0.0,0.0,0.0,0.0,0.04,0.02,0.06,0.04,0.06
5349,Éver Banega,ARG,MF,Newell's OB,37,1988,16,15,1336,14.8,2,4,6,2,0,1,7,0,1.8,1.0,5.2,6.2,34,143,30,0.13,0.27,0.4,0.13,0.4,0.12,0.35,0.47,0.07,0.42
5350,Nahuel Banegas,ARG,DF,Tigre,28,1996,14,14,1205,13.4,0,1,1,0,0,0,5,0,1.0,1.0,1.8,2.8,26,67,84,0.0,0.07,0.07,0.0,0.07,0.08,0.14,0.21,0.08,0.21
5351,Juan Barbieri,ARG,"FW,MF",Ind. Rivadavia,28,1996,11,3,440,4.9,2,1,3,2,0,0,1,0,1.2,1.2,0.2,1.4,3,9,24,0.41,0.2,0.61,0.41,0.61,0.24,0.04,0.29,0.24,0.29
5352,David Barbona,ARG,"MF,FW",Defensa y Just,30,1995,9,1,276,3.1,0,0,0,0,0,0,0,0,0.3,0.3,1.1,1.4,18,35,23,0.0,0.0,0.0,0.0,0.0,0.11,0.36,0.47,0.11,0.47
5353,Juan Barinaga,ARG,DF,Boca Juniors,24,2000,4,2,229,2.5,0,0,0,0,0,0,2,0,0.1,0.1,0.4,0.5,9,7,18,0.0,0.0,0.0,0.0,0.0,0.04,0.17,0.2,0.04,0.2
5354,Williams Barlasina,ARG,GK,Newell's OB,27,1998,1,1,90,1.0,0,0,0,0,0,0,0,0,0.0,0.0,0.0,0.0,0,0,0,0.0,0.0,0.0,0.0,0.0,0.0,0.0,0.0,0.0,0.0
5355,Williams Barlasina,ARG,GK,Aldosivi,27,1998,4,4,360,4.0,0,0,0,0,0,0,0,0,0.0,0.0,0.0,0.0,0,0,0,0.0,0.0,0.0,0.0,0.0,0.0,0.0,0.0,0.0,0.0
5356,Daniel Barrea,ARG,"FW,MF",Godoy Cruz,23,2001,11,5,467,5.2,0,0,0,0,0,0,4,1,1.6,1.6,0.8,2.4,9,12,36,0.0,0.0,0.0,0.0,0.0,0.31,0.14,0.46,0.31,0.46
5357,Diego Barrera,ARG,"MF,FW",Cen. Córdoba–SdE,21,2004,12,1,348,3.9,1,0,1,1,0,0,0,0,0.9,0.9,1.0,1.8,18,10,49,0.26,0.0,0.26,0.26,0.26,0.22,0.25,0.48,0.22,0.48
5358,Alan Barrionuevo,ARG,DF,Tigre,28,1997,3,1,96,1.1,0,0,0,0,0,0,0,0,0.0,0.0,0.0,0.0,0,0,0,0.0,0.0,0.0,0.0,0.0,0.0,0.01,0.01,0.0,0.01
5359,Martín Barrios,URU,MF,Racing Club,26,1999,13,3,438,4.9,1,0,1,1,0,0,1,0,0.3,0.3,0.3,0.6,6,14,11,0.21,0.0,0.21,0.21,0.21,0.07,0.06,0.13,0.07,0.13
5360,Nahuel Barrios,ARG,"MF,FW",Barracas Central,27,1998,15,9,664,7.4,0,0,0,0,0,0,0,0,0.3,0.3,0.4,0.7,30,47,29,0.0,0.0,0.0,0.0,0.0,0.04,0.06,0.1,0.04,0.1
5361,Rafael Barrios,ARG,DF,Barracas Central,32,1993,11,4,454,5.0,0,0,0,0,0,0,4,0,0.6,0.6,0.0,0.6,11,4,25,0.0,0.0,0.0,0.0,0.0,0.11,0.0,0.11,0.11,0.11
5362,Bautista Barros Schelotto,ARG,DF,Platense,25,2000,6,3,405,4.5,0,0,0,0,0,0,1,0,0.0,0.0,0.0,0.0,0,14,9,0.0,0.0,0.0,0.0,0.0,0.01,0.0,0.01,0.01,0.01
5363,Damián Batallini,ARG,"MF,FW",Instituto,29,1996,12,10,717,8.0,2,0,2,2,0,0,3,0,1.1,1.1,0.9,2.0,17,14,46,0.25,0.0,0.25,0.25,0.25,0.14,0.12,0.25,0.14,0.25
5364,Rodrigo Battaglia,ARG,"DF,MF",Boca Juniors,34,1991,14,11,1087,12.1,1,0,1,1,0,0,4,0,1.0,0.8,0.0,0.8,15,29,4,0.08,0.0,0.08,0.08,0.08,0.08,0.0,0.08,0.07,0.07
5365,Juan Bautista Cejas,ARG,"FW,MF",Godoy Cruz,27,1998,2,1,72,0.8,0,0,0,0,0,0,0,0,0.0,0.0,0.0,0.0,1,1,2,0.0,0.0,0.0,0.0,0.0,0.0,0.03,0.03,0.0,0.03
5366,Jonathan Bay,ARG,DF,Platense,32,1993,6,6,481,5.3,0,0,0,0,0,0,1,0,0.1,0.1,0.3,0.4,5,8,5,0.0,0.0,0.0,0.0,0.0,0.01,0.07,0.08,0.01,0.08
5367,Tomás Belmonte,ARG,MF,Boca Juniors,27,1998,12,10,887,9.9,0,0,0,0,0,0,3,0,0.7,0.7,0.1,0.7,1,31,13,0.0,0.0,0.0,0.0,0.0,0.07,0.01,0.07,0.07,0.07
5368,Gastón Benavídez,ARG,DF,Talleres,29,1995,11,10,886,9.8,2,1,3,2,0,0,0,0,1.0,1.0,0.7,1.7,21,42,54,0.2,0.1,0.3,0.2,0.3,0.1,0.07,0.18,0.1,0.18
5369,Gastón Benedetti,ARG,DF,Estudiantes–LP,24,2001,10,7,596,6.6,0,2,2,0,0,0,5,1,0.3,0.3,0.8,1.1,17,42,41,0.0,0.3,0.3,0.0,0.3,0.04,0.12,0.16,0.04,0.16
5370,Nicolás Benegas,ARG,FW,Deportivo Riestra,29,1996,17,11,957,10.6,1,2,3,1,0,0,3,0,2.2,2.2,2.0,4.2,13,35,56,0.09,0.19,0.28,0.09,0.28,0.2,0.19,0.39,0.2,0.39
5371,Rubén Bentancourt,URU,FW,Arg Juniors,32,1993,5,0,99,1.1,0,0,0,0,0,0,0,0,0.6,0.6,0.0,0.6,1,3,7,0.0,0.0,0.0,0.0,0.0,0.56,0.0,0.56,0.56,0.56
5372,Lucas Besozzi,ARG,FW,Tigre,22,2003,5,0,47,0.5,1,0,1,1,0,0,1,0,0.7,0.7,0.3,1.0,5,3,12,1.91,0.0,1.91,1.91,1.91,1.35,0.54,1.89,1.35,1.89
5373,Lucas Besozzi,ARG,"MF,FW",Cen. Córdoba–SdE,22,2003,2,1,90,1.0,0,1,1,0,0,0,0,0,0.0,0.0,0.4,0.4,3,2,8,0.0,1.0,1.0,0.0,1.0,0.0,0.36,0.36,0.0,0.36
5374,Juan Bisanz,ARG,"FW,MF",Banfield,23,2001,10,6,513,5.7,0,0,0,0,0,0,2,0,0.8,0.8,0.6,1.4,8,14,29,0.0,0.0,0.0,0.0,0.0,0.14,0.11,0.25,0.14,0.25
5375,Juan Bisanz,ARG,FW,Huracán,23,2001,1,0,36,0.4,0,0,0,0,0,0,0,0,0.0,0.0,0.0,0.0,0,2,5,0.0,0.0,0.0,0.0,0.0,0.0,0.0,0.0,0.0,0.0
5376,Lautaro Blanco,ARG,DF,Boca Juniors,26,1999,13,13,1149,12.8,0,2,2,0,0,0,3,0,0.3,0.3,2.3,2.6,35,59,99,0.0,0.16,0.16,0.0,0.16,0.03,0.18,0.2,0.03,0.2
5377,Pablo de Blasis,ARG,MF,Gimnasia–LP,37,1988,12,8,691,7.7,1,0,1,0,1,1,3,0,0.9,0.1,0.2,0.3,6,53,18,0.13,0.0,0.13,0.0,0.0,0.11,0.03,0.14,0.01,0.04
5378,Lucas Blondel,SUI,"DF,MF",Boca Juniors,28,1996,9,7,545,6.1,0,1,1,0,0,0,1,0,0.5,0.5,0.1,0.6,9,22,34,0.0,0.17,0.17,0.0,0.17,0.08,0.02,0.1,0.08,0.1
5379,Roberto Bochi,ARG,MF,Aldosivi,35,1989,15,11,1020,11.3,0,1,1,0,0,0,5,0,0.0,0.0,0.8,0.8,2,28,5,0.0,0.09,0.09,0.0,0.09,0.0,0.07,0.07,0.0,0.07
5380,Luciano Boggio,ITA,MF,Lanús,26,1999,1,0,9,0.1,0,0,0,0,0,0,0,0,0.0,0.0,0.0,0.0,0,1,1,0.0,0.0,0.0,0.0,0.0,0.0,0.0,0.0,0.0,0.0
5381,Enrique Bologna,ARG,GK,Defensa y Just,43,1982,17,17,1530,17.0,0,0,0,0,0,0,2,0,0.0,0.0,0.1,0.1,0,0,0,0.0,0.0,0.0,0.0,0.0,0.0,0.01,0.01,0.0,0.01
5382,Matías Borgogno,ARG,GK,San Martín de San Juan,26,1998,17,17,1530,17.0,0,0,0,0,0,0,0,0,0.0,0.0,0.0,0.0,0,0,0,0.0,0.0,0.0,0.0,0.0,0.0,0.0,0.0,0.0,0.0
5383,Miguel Borja,COL,FW,River Plate,32,1993,18,8,942,10.5,6,1,7,5,1,2,3,0,8.2,6.6,1.6,8.2,15,22,75,0.57,0.1,0.67,0.48,0.57,0.78,0.15,0.93,0.63,0.78
5384,Benjamín Bosch,ARG,MF,Vélez Sarsfield,20,2005,2,1,106,1.2,0,0,0,0,0,0,0,0,0.1,0.1,0.0,0.1,2,6,11,0.0,0.0,0.0,0.0,0.0,0.07,0.0,0.07,0.07,0.07
5385,Sebastián Boselli,URU,DF,Estudiantes–LP,21,2003,13,11,1044,11.6,0,0,0,0,0,0,3,0,0.3,0.3,0.0,0.3,7,42,5,0.0,0.0,0.0,0.0,0.0,0.03,0.0,0.03,0.03,0.03
5386,Rubén Botta,ARG,"MF,FW",Talleres,35,1990,13,9,692,7.7,0,2,2,0,0,0,5,0,0.7,0.7,1.2,1.9,20,52,62,0.0,0.26,0.26,0.0,0.26,0.09,0.15,0.25,0.09,0.25
5387,Tomás Bottari,ARG,MF,Ind. Rivadavia,24,2001,14,10,807,9.0,0,0,0,0,0,0,3,0,0.0,0.0,0.0,0.0,3,32,2,0.0,0.0,0.0,0.0,0.0,0.0,0.0,0.0,0.0,0.0
5388,Walter Bou,ARG,FW,Lanús,31,1993,16,14,1156,12.8,3,0,3,2,1,1,2,0,4.3,3.5,0.7,4.2,6,24,85,0.23,0.0,0.23,0.16,0.16,0.33,0.05,0.39,0.27,0.32
5389,Agustín Bouzat,ARG,MF,Vélez Sarsfield,31,1994,17,16,1391,15.5,0,2,2,0,0,0,6,0,0.2,0.2,1.4,1.6,30,90,29,0.0,0.13,0.13,0.0,0.13,0.01,0.09,0.1,0.01,0.1
5390,Mariano Bracamonte,ARG,DF,Deportivo Riestra,26,1999,12,7,583,6.5,0,0,0,0,0,0,4,1,0.1,0.1,0.5,0.5,6,11,6,0.0,0.0,0.0,0.0,0.0,0.01,0.07,0.08,0.01,0.08
5391,Malcom Braida,ARG,"FW,MF",San Lorenzo,28,1997,15,15,1330,14.8,2,1,3,2,0,0,2,0,1.9,1.9,2.0,3.9,27,44,88,0.14,0.07,0.2,0.14,0.2,0.13,0.14,0.26,0.13,0.26
5392,Malcom Braida,ARG,FW,Boca Juniors,28,1997,2,2,155,1.7,0,0,0,0,0,0,1,0,0.0,0.0,0.0,0.0,1,2,7,0.0,0.0,0.0,0.0,0.0,0.0,0.0,0.0,0.0,0.0
5393,Moisés Brandán,ARG,DF,Atlé Tucumán,25,2000,6,3,310,3.4,0,0,0,0,0,0,0,0,0.0,0.0,0.0,0.0,2,10,9,0.0,0.0,0.0,0.0,0.0,0.0,0.0,0.0,0.0,0.0
5394,Agustin Bravo,ARG,"DF,FW",Rosario Central,24,2001,3,2,198,2.2,0,0,0,0,0,0,1,0,0.0,0.0,0.0,0.0,0,0,0,0.0,0.0,0.0,0.0,0.0,0.0,0.0,0.0,0.0,0.0
5395,Gonzalo Bravo,ARG,"MF,FW",Deportivo Riestra,35,1990,4,1,128,1.4,0,0,0,0,0,0,0,0,0.5,0.5,0.0,0.5,1,3,5,0.0,0.0,0.0,0.0,0.0,0.32,0.0,0.32,0.32,0.32
5396,Néstor Breitenbruch,ARG,DF,Aldosivi,29,1995,15,15,1339,14.9,0,0,0,0,0,0,4,0,0.2,0.2,0.2,0.4,4,41,3,0.0,0.0,0.0,0.0,0.0,0.01,0.01,0.03,0.01,0.03
5397,Leandro Brey,ARG,GK,Boca Juniors,22,2002,2,2,180,2.0,0,0,0,0,0,0,0,0,0.0,0.0,0.0,0.0,0,0,0,0.0,0.0,0.0,0.0,0.0,0.0,0.0,0.0,0.0,0.0
5398,Norberto Briasco,ARM,"FW,MF",Gimnasia–LP,29,1996,9,3,326,3.6,0,0,0,0,0,0,2,0,0.6,0.6,0.0,0.6,2,4,21,0.0,0.0,0.0,0.0,0.0,0.16,0.0,0.16,0.16,0.16
5399,Elías Brito,ARG,DF,Lanús,19,2005,1,0,3,0.0,0,0,0,0,0,0,0,0,0.0,0.0,0.0,0.0,0,1,0,0.0,0.0,0.0,0.0,0.0,0.0,0.0,0.0,0.0,0.0
5400,Miguel Brizuela,ARG,DF,Atlé Tucumán,28,1997,17,11,1129,12.5,1,0,1,1,0,0,3,0,0.9,0.9,0.1,1.0,5,35,14,0.08,0.0,0.08,0.08,0.08,0.07,0.01,0.08,0.07,0.08
5401,Manuel Brondo,ARG,"FW,MF",Arg Juniors,23,2002,4,0,67,0.7,0,0,0,0,0,0,0,0,0.4,0.4,0.0,0.4,1,1,4,0.0,0.0,0.0,0.0,0.0,0.48,0.0,0.48,0.48,0.48
5402,Jorge Broun,ARG,GK,Rosario Central,39,1986,16,16,1440,16.0,0,0,0,0,0,0,2,0,0.0,0.0,0.0,0.0,0,0,0,0.0,0.0,0.0,0.0,0.0,0.0,0.0,0.0,0.0,0.0
5403,Facundo Bruera,ARG,"FW,MF",Barracas Central,26,1998,17,4,666,7.4,5,1,6,5,0,0,2,0,3.1,3.1,0.6,3.7,6,15,27,0.68,0.14,0.81,0.68,0.81,0.42,0.08,0.5,0.42,0.5
5404,Leonel Bucca,ARG,MF,Ind. Rivadavia,26,1999,1,0,27,0.3,0,0,0,0,0,0,0,0,0.0,0.0,0.0,0.0,1,3,0,0.0,0.0,0.0,0.0,0.0,0.0,0.0,0.0,0.0,0.0
5405,Valentín Burgoa,ARG,"MF,FW",Sarmiento,25,2000,15,5,615,6.8,1,0,1,1,0,0,0,0,0.8,0.8,0.3,1.1,15,18,36,0.15,0.0,0.15,0.15,0.15,0.12,0.05,0.17,0.12,0.17
5406,Esteban Burgos,ARG,DF,San Martín de San Juan,33,1992,10,10,816,9.1,0,0,0,0,0,0,0,0,0.5,0.5,0.0,0.5,1,36,4,0.0,0.0,0.0,0.0,0.0,0.05,0.0,0.05,0.05,0.05
5407,Joaquín Burgos,ARG,"FW,MF",Estudiantes–LP,20,2004,10,6,475,5.3,2,1,3,2,0,0,1,0,0.7,0.7,1.1,1.8,17,18,52,0.38,0.19,0.57,0.38,0.57,0.13,0.21,0.33,0.13,0.33
5408,Javier Burrai,ECU,GK,Talleres,34,1990,2,1,135,1.5,0,0,0,0,0,0,0,0,0.0,0.0,0.2,0.2,0,0,0,0.0,0.0,0.0,0.0,0.0,0.0,0.16,0.16,0.0,0.16
5409,Fabricio Bustos,ARG,DF,River Plate,29,1996,7,4,474,5.3,0,0,0,0,0,0,1,0,0.2,0.2,0.4,0.6,7,31,41,0.0,0.0,0.0,0.0,0.0,0.03,0.08,0.11,0.03,0.11
5410,Nahuel Bustos,ARG,"FW,MF",Talleres,27,1998,13,10,711,7.9,0,0,0,0,0,1,3,0,2.7,1.9,0.2,2.1,4,10,34,0.0,0.0,0.0,0.0,0.0,0.34,0.03,0.37,0.24,0.27
5411,Favio Cabral,ARG,FW,Cen. Córdoba–SdE,24,2001,14,3,390,4.3,1,0,1,1,0,0,2,0,0.6,0.6,0.3,0.9,2,8,18,0.23,0.0,0.23,0.23,0.23,0.14,0.06,0.2,0.14,0.2
5412,Luciano Cabral,CHI,MF,Independiente,30,1995,15,9,845,9.4,2,1,3,2,0,0,5,1,1.8,1.8,0.7,2.6,15,78,52,0.21,0.11,0.32,0.21,0.32,0.19,0.08,0.26,0.19,0.26
5413,Rodrigo Cabral,ARG,"FW,MF",Huracán,24,2000,9,3,226,2.5,1,1,2,1,0,0,4,0,1.4,1.4,0.4,1.8,9,5,24,0.4,0.4,0.8,0.4,0.8,0.56,0.17,0.73,0.56,0.73
5414,Yonathan Cabral,ARG,DF,Aldosivi,33,1992,10,4,395,4.4,0,0,0,0,0,0,1,0,0.0,0.0,0.0,0.0,5,11,1,0.0,0.0,0.0,0.0,0.0,0.01,0.0,0.01,0.01,0.01
5415,Bruno Cabrera,ARG,FW,Lanús,22,2003,5,2,201,2.2,0,0,0,0,0,0,1,0,0.2,0.2,0.0,0.2,1,4,13,0.0,0.0,0.0,0.0,0.0,0.08,0.0,0.08,0.08,0.08
5416,Elías Cabrera,ARG,"MF,FW",Tigre,22,2003,15,15,1065,11.8,0,3,3,0,0,0,2,0,1.2,1.2,1.7,2.9,10,64,34,0.0,0.25,0.25,0.0,0.25,0.1,0.15,0.25,0.1,0.25
5417,Lisandro Cabrera,ARG,"FW,MF",Atlé Tucumán,27,1998,10,3,381,4.2,0,1,1,0,0,0,0,0,0.9,0.9,0.6,1.5,4,7,15,0.0,0.24,0.24,0.0,0.24,0.21,0.15,0.36,0.21,0.36
5418,Juan Cáceres,PAR,DF,Lanús,25,2000,3,3,270,3.0,0,1,1,0,0,0,1,0,0.0,0.0,0.2,0.2,2,14,11,0.0,0.33,0.33,0.0,0.33,0.0,0.07,0.07,0.0,0.07
5419,Brian Calderara,ARG,DF,Newell's OB,26,1998,2,1,70,0.8,0,0,0,0,0,0,0,0,0.0,0.0,0.0,0.0,1,1,9,0.0,0.0,0.0,0.0,0.0,0.03,0.0,0.03,0.03,0.03
5420,Facundo Cambeses,ARG,GK,Racing Club,28,1997,5,4,421,4.7,0,0,0,0,0,0,1,0,0.0,0.0,0.0,0.0,0,0,0,0.0,0.0,0.0,0.0,0.0,0.0,0.0,0.0,0.0,0.0
5421,Juan Camilo Portilla,COL,MF,Talleres,26,1998,13,11,881,9.8,0,0,0,0,0,0,3,0,0.5,0.5,0.7,1.2,11,55,15,0.0,0.0,0.0,0.0,0.0,0.05,0.07,0.12,0.05,0.12
5422,Jaminton Campaz,COL,"FW,MF",Rosario Central,25,2000,12,12,952,10.6,4,1,5,4,0,0,5,0,1.3,1.3,2.0,3.3,43,54,100,0.38,0.09,0.47,0.38,0.47,0.13,0.19,0.31,0.13,0.31
5423,Jhonatan Candia,URU,"FW,MF",Barracas Central,30,1995,15,13,1006,11.2,6,1,7,6,0,0,5,0,3.4,3.4,1.7,5.1,11,24,44,0.54,0.09,0.63,0.54,0.63,0.3,0.15,0.45,0.3,0.45
5424,Alexis Canelo,ARG,FW,Lanús,33,1992,13,1,252,2.8,1,2,3,1,0,0,0,0,2.9,2.9,0.9,3.8,5,11,29,0.36,0.71,1.07,0.36,1.07,1.04,0.33,1.37,1.04,1.37
5425,Ezequiel Cañete,ARG,"MF,FW",Unión,26,1999,2,0,46,0.5,0,0,0,0,0,0,0,0,0.0,0.0,0.0,0.0,3,3,0,0.0,0.0,0.0,0.0,0.0,0.0,0.0,0.0,0.0,0.0
5426,Ezequiel Cannavo,ARG,DF,Defensa y Just,23,2002,14,14,1208,13.4,1,1,2,1,0,0,2,0,0.4,0.4,0.7,1.1,16,41,46,0.07,0.07,0.15,0.07,0.15,0.03,0.05,0.08,0.03,0.08
5427,Víctor Cantillo,COL,"MF,FW",Huracán,31,1993,2,0,29,0.3,0,0,0,0,0,0,0,0,0.0,0.0,0.0,0.0,0,0,0,0.0,0.0,0.0,0.0,0.0,0.0,0.0,0.0,0.0,0.0
5428,Giovanni Cantizano,ARG,"MF,FW",Rosario Central,18,2007,2,0,65,0.7,0,0,0,0,0,0,1,0,0.1,0.1,0.0,0.2,5,5,6,0.0,0.0,0.0,0.0,0.0,0.16,0.05,0.21,0.16,0.21
5429,Nicolás Capraro,ARG,DF,Barracas Central,27,1998,4,2,133,1.5,0,0,0,0,0,0,0,0,0.1,0.1,0.0,0.1,0,0,0,0.0,0.0,0.0,0.0,0.0,0.06,0.0,0.06,0.06,0.06
5430,Gabriel Carabajal,ARG,"MF,FW",Sarmiento,33,1991,14,10,752,8.4,2,0,2,0,2,2,1,0,2.2,0.6,0.6,1.3,2,42,39,0.24,0.0,0.24,0.0,0.0,0.26,0.07,0.34,0.08,0.15
5431,Mauricio Cardillo,ARG,"MF,DF",Ind. Rivadavia,22,2003,15,13,885,9.8,2,0,2,2,0,0,3,2,2.1,2.1,0.3,2.4,15,19,39,0.2,0.0,0.2,0.2,0.2,0.21,0.03,0.24,0.21,0.24
5432,Tomás Cardona,ARG,FW,Tigre,29,1995,1,0,10,0.1,0,0,0,0,0,0,0,0,0.0,0.0,0.0,0.0,0,0,0,0.0,0.0,0.0,0.0,0.0,0.0,0.0,0.0,0.0,0.0
5433,Tomás Cardona,ARG,DF,Talleres,29,1995,2,2,180,2.0,0,0,0,0,0,0,1,0,0.0,0.0,0.0,0.0,1,8,0,0.0,0.0,0.0,0.0,0.0,0.0,0.0,0.0,0.0,0.0
5434,Agustín Cardozo,ARG,MF,Lanús,28,1997,16,16,1379,15.3,0,0,0,0,0,0,7,1,0.4,0.4,0.6,1.0,10,57,15,0.0,0.0,0.0,0.0,0.0,0.02,0.04,0.06,0.02,0.06
5435,Juan Cardozo,PAR,MF,Arg Juniors,21,2004,4,1,120,1.3,0,0,0,0,0,0,0,0,0.0,0.0,0.1,0.1,0,11,2,0.0,0.0,0.0,0.0,0.0,0.01,0.08,0.09,0.01,0.09
5436,Leonel Cardozo,ARG,DF,Lanús,21,2004,2,1,96,1.1,0,0,0,0,0,0,1,0,0.0,0.0,0.1,0.1,0,3,0,0.0,0.0,0.0,0.0,0.0,0.0,0.09,0.09,0.0,0.09
5437,Thiago Cardozo,URU,GK,Unión,28,1996,14,14,1256,14.0,0,0,0,0,0,0,0,1,0.1,0.1,0.0,0.1,0,0,0,0.0,0.0,0.0,0.0,0.0,0.01,0.0,0.01,0.01,0.01
5438,Thiago Cardozo,URU,GK,Belgrano,28,1996,1,1,90,1.0,0,0,0,0,0,0,0,0,0.0,0.0,0.0,0.0,0,0,0,0.0,0.0,0.0,0.0,0.0,0.0,0.0,0.0,0.0,0.0
5439,Jan Carlos Hurtado,VEN,FW,Gimnasia–LP,25,2000,7,4,358,4.0,0,0,0,0,0,0,2,0,1.1,1.1,0.1,1.2,4,6,18,0.0,0.0,0.0,0.0,0.0,0.29,0.01,0.3,0.29,0.3
5440,Nicolás Caro,ARG,DF,Deportivo Riestra,30,1995,9,8,737,8.2,0,0,0,0,0,0,1,0,0.0,0.0,0.0,0.0,0,8,0,0.0,0.0,0.0,0.0,0.0,0.0,0.0,0.0,0.0,0.0
5441,Jorge Carranza,ARG,GK,Aldosivi,44,1981,13,13,1170,13.0,0,0,0,0,0,0,1,0,0.0,0.0,0.0,0.0,0,0,0,0.0,0.0,0.0,0.0,0.0,0.0,0.0,0.0,0.0,0.0
5442,Ramiro Carrera,ARG,"MF,FW",Lanús,31,1993,13,12,897,10.0,1,1,2,1,0,0,5,0,1.0,1.0,0.5,1.5,11,47,51,0.1,0.1,0.2,0.1,0.2,0.1,0.05,0.15,0.1,0.15
5443,Guido Carrillo,ARG,FW,Estudiantes–LP,34,1991,14,9,832,9.2,0,1,1,0,0,0,1,1,1.9,1.9,1.1,3.0,2,11,49,0.0,0.11,0.11,0.0,0.11,0.21,0.12,0.33,0.21,0.33
5444,Maher Carrizo,ARG,"FW,MF",Vélez Sarsfield,19,2006,12,11,885,9.8,3,0,3,3,0,0,2,0,1.5,1.5,0.3,1.8,24,20,70,0.31,0.0,0.31,0.31,0.31,0.15,0.03,0.19,0.15,0.19
5445,Maximiliano Casa,ARG,MF,San Martín de San Juan,32,1993,2,1,53,0.6,0,0,0,0,0,0,0,0,0.0,0.0,0.1,0.1,0,0,3,0.0,0.0,0.0,0.0,0.0,0.0,0.11,0.11,0.0,0.11
5446,Milton Casco,ARG,DF,River Plate,37,1988,8,4,484,5.4,0,1,1,0,0,0,0,0,0.1,0.1,0.3,0.5,10,29,8,0.0,0.19,0.19,0.0,0.19,0.03,0.06,0.09,0.03,0.09
5447,Rodrigo Cáseres,ARG,DF,San Martín de San Juan,27,1997,14,13,1180,13.1,0,0,0,0,0,0,4,0,0.8,0.8,0.0,0.8,5,35,4,0.0,0.0,0.0,0.0,0.0,0.06,0.0,0.06,0.06,0.06
5448,Yuri Casermeiro,ARG,DF,Cen. Córdoba–SdE,23,2002,6,6,540,6.0,0,0,0,0,0,0,0,0,0.1,0.1,0.1,0.2,4,8,0,0.0,0.0,0.0,0.0,0.0,0.02,0.01,0.03,0.02,0.03
5449,Kevin Castaño,COL,MF,River Plate,24,2000,8,6,552,6.1,0,0,0,0,0,0,4,0,0.1,0.1,0.3,0.4,7,46,12,0.0,0.0,0.0,0.0,0.0,0.02,0.05,0.07,0.02,0.07
5450,Rodrigo Castillo,ARG,"FW,MF",Lanús,26,1999,2,0,36,0.4,0,0,0,0,0,0,0,0,0.4,0.4,0.1,0.5,0,2,4,0.0,0.0,0.0,0.0,0.0,0.91,0.27,1.19,0.91,1.19
5451,Rodrigo Castillo,ARG,FW,Gimnasia–LP,26,1999,16,16,1386,15.4,4,0,4,4,0,0,2,0,4.5,4.5,1.0,5.5,20,29,81,0.26,0.0,0.26,0.26,0.26,0.29,0.06,0.36,0.29,0.36
5452,Alexis Castro,ARG,"FW,MF",Estudiantes–LP,30,1994,9,5,359,4.0,1,0,1,1,0,0,1,0,1.9,1.9,0.2,2.1,6,18,25,0.25,0.0,0.25,0.25,0.25,0.47,0.05,0.52,0.47,0.52
5453,Lucas Castro,ARG,MF,Gimnasia–LP,36,1989,16,14,1104,12.3,1,1,2,1,0,0,4,0,1.4,1.4,1.2,2.6,15,62,64,0.08,0.08,0.16,0.08,0.16,0.12,0.1,0.21,0.12,0.21
5454,Nicolás Castro,ARG,MF,Atlé Tucumán,34,1990,4,3,257,2.9,1,0,1,1,0,0,1,0,0.3,0.3,0.0,0.3,1,9,7,0.35,0.0,0.35,0.35,0.35,0.11,0.01,0.12,0.11,0.12
5455,Juan Cavallaro,ARG,"MF,FW",San Martín de San Juan,31,1994,12,4,437,4.9,0,0,0,0,0,0,0,0,0.5,0.5,0.2,0.7,9,7,25,0.0,0.0,0.0,0.0,0.0,0.1,0.04,0.14,0.1,0.14
5456,Tomás Cavanagh,ARG,DF,Vélez Sarsfield,24,2001,3,2,163,1.8,0,0,0,0,0,0,1,0,0.0,0.0,0.2,0.2,2,4,15,0.0,0.0,0.0,0.0,0.0,0.01,0.11,0.12,0.01,0.12
5457,Edinson Cavani,URU,FW,Boca Juniors,38,1987,11,10,855,9.5,2,2,4,2,0,2,1,0,3.6,2.0,0.3,2.4,4,11,38,0.21,0.21,0.42,0.21,0.42,0.38,0.04,0.42,0.21,0.25
5458,Emanuel Cecchini,ARG,MF,San Lorenzo,28,1996,14,5,588,6.5,1,0,1,1,0,0,3,0,0.3,0.3,0.1,0.4,9,26,8,0.15,0.0,0.15,0.15,0.15,0.04,0.01,0.06,0.04,0.06
5459,Milton Céliz,ARG,MF,Deportivo Riestra,32,1992,16,16,1426,15.8,1,0,1,1,0,1,9,0,2.0,1.1,0.3,1.4,14,54,27,0.06,0.0,0.06,0.06,0.06,0.12,0.02,0.14,0.07,0.09
5460,Ezequiel Centurión,ARG,GK,Ind. Rivadavia,28,1997,17,17,1530,17.0,0,0,0,0,0,0,0,0,0.0,0.0,0.0,0.0,0,0,0,0.0,0.0,0.0,0.0,0.0,0.0,0.0,0.0,0.0,0.0
5461,Giuliano Cerato,ARG,"MF,DF",Aldosivi,27,1998,15,11,1030,11.4,0,0,0,0,0,0,5,0,1.1,1.1,0.6,1.8,12,57,37,0.0,0.0,0.0,0.0,0.0,0.1,0.05,0.15,0.1,0.15
5462,Ezequiel Cerutti,ARG,FW,San Lorenzo,33,1992,14,8,800,8.9,1,1,2,1,0,0,6,0,0.4,0.4,1.2,1.6,26,34,61,0.11,0.11,0.23,0.11,0.23,0.04,0.13,0.18,0.04,0.18
5463,Tobías Cervera,SYR,"FW,MF",Platense,22,2002,3,0,46,0.5,0,0,0,0,0,0,1,0,0.0,0.0,0.1,0.1,1,1,2,0.0,0.0,0.0,0.0,0.0,0.06,0.13,0.19,0.06,0.19
5464,Edwuin Cetré,COL,"FW,MF",Estudiantes–LP,27,1998,14,4,544,6.0,1,0,1,1,0,0,3,0,1.4,1.4,1.1,2.4,15,15,80,0.17,0.0,0.17,0.17,0.17,0.23,0.18,0.4,0.23,0.4
5465,Jeremías Chavero,ARG,FW,Lanús,19,2006,1,0,2,0.0,0,0,0,0,0,0,0,0,0.0,0.0,0.0,0.0,0,0,0,0.0,0.0,0.0,0.0,0.0,0.0,0.0,0.0,0.0,0.0
5466,Lautaro Chávez,ARG,"FW,MF",Aldosivi,24,2001,9,4,380,4.2,0,1,1,0,0,0,1,0,0.5,0.5,0.8,1.4,8,8,32,0.0,0.24,0.24,0.0,0.24,0.13,0.2,0.33,0.13,0.33
5467,Giovani Chiaverano,ARG,"FW,MF",Newell's OB,20,2005,6,0,197,2.2,0,0,0,0,0,0,1,0,0.5,0.5,0.3,0.8,5,4,20,0.0,0.0,0.0,0.0,0.0,0.24,0.12,0.35,0.24,0.35
5468,Agustín Colazo,ARG,FW,Unión,24,2000,9,5,449,5.0,0,0,0,0,0,0,2,0,1.6,1.6,0.4,2.0,3,5,23,0.0,0.0,0.0,0.0,0.0,0.32,0.08,0.4,0.32,0.4
5469,Facundo Colidio,ARG,FW,River Plate,25,2000,16,14,1050,11.7,6,3,9,6,0,0,3,0,3.2,3.2,2.3,5.5,29,26,109,0.51,0.26,0.77,0.51,0.77,0.28,0.19,0.47,0.28,0.47
5470,Nazareno Colombo,ARG,DF,Racing Club,26,1999,14,12,1123,12.5,0,0,0,0,0,0,5,0,0.4,0.4,0.0,0.4,20,44,6,0.0,0.0,0.0,0.0,0.0,0.03,0.0,0.03,0.03,0.03
5471,Gabriel Compagnucci,ARG,DF,Belgrano,33,1991,12,9,888,9.9,0,1,1,0,0,0,3,2,0.1,0.1,0.5,0.6,10,24,41,0.0,0.1,0.1,0.0,0.1,0.01,0.05,0.06,0.01,0.06
5472,Germán Conti,ARG,DF,Racing Club,31,1994,4,3,248,2.8,0,0,0,0,0,0,0,0,0.2,0.2,0.0,0.2,1,7,0,0.0,0.0,0.0,0.0,0.0,0.06,0.0,0.06,0.06,0.06
5473,Julián Contrera,ARG,MF,Sarmiento,22,2003,2,2,147,1.6,0,0,0,0,0,0,0,0,0.0,0.0,0.1,0.1,0,1,6,0.0,0.0,0.0,0.0,0.0,0.0,0.08,0.08,0.0,0.08
5474,Enzo Copetti,ARG,FW,Rosario Central,29,1996,18,12,1152,12.8,3,2,5,3,0,0,3,0,3.0,3.0,2.2,5.1,12,22,44,0.23,0.16,0.39,0.23,0.39,0.23,0.17,0.4,0.23,0.4
5475,Fabricio Corbalan,ARG,"DF,FW",Gimnasia–LP,21,2003,6,4,278,3.1,0,0,0,0,0,0,1,0,0.1,0.1,0.3,0.3,9,8,16,0.0,0.0,0.0,0.0,0.0,0.02,0.09,0.11,0.02,0.11
5476,Nicolás Cordero,ARG,FW,Arg Juniors,26,1999,1,0,15,0.2,0,0,0,0,0,0,0,0,0.0,0.0,0.0,0.0,0,0,2,0.0,0.0,0.0,0.0,0.0,0.0,0.0,0.0,0.0,0.0
5477,Nicolás Cordero,ARG,FW,Instituto,26,1999,8,8,545,6.1,0,0,0,0,0,0,1,0,2.3,2.3,0.5,2.7,2,5,31,0.0,0.0,0.0,0.0,0.0,0.37,0.08,0.45,0.37,0.45
5478,Emanuel Coronel,ARG,DF,Rosario Central,28,1997,17,13,1223,13.6,0,3,3,0,0,0,4,0,0.0,0.0,0.9,0.9,22,46,34,0.0,0.22,0.22,0.0,0.22,0.0,0.06,0.07,0.0,0.07
5479,Kevin Coronel,ARG,DF,Arg Juniors,20,2004,2,0,31,0.3,0,0,0,0,0,0,0,0,0.0,0.0,0.0,0.0,1,7,6,0.0,0.0,0.0,0.0,0.0,0.0,0.14,0.14,0.0,0.14
5480,Mateo Coronel,ARG,FW,Atlé Tucumán,26,1998,14,13,1009,11.2,4,3,7,4,0,0,2,0,5.3,5.3,1.6,6.9,21,15,94,0.36,0.27,0.62,0.36,0.62,0.47,0.14,0.62,0.47,0.62
5481,Claudio Corvalán,ARG,DF,Unión,36,1989,12,12,990,11.0,0,0,0,0,0,0,5,0,0.3,0.3,0.5,0.7,17,59,19,0.0,0.0,0.0,0.0,0.0,0.02,0.04,0.07,0.02,0.07
5482,Ayrton Costa,ARG,DF,Boca Juniors,26,1999,9,6,635,7.1,0,0,0,0,0,0,5,1,0.7,0.7,0.0,0.7,3,10,0,0.0,0.0,0.0,0.0,0.0,0.09,0.0,0.09,0.09,0.09
5483,Leonard Costa,URU,DF,Ind. Rivadavia,27,1998,11,2,383,4.3,0,0,0,0,0,0,0,0,0.1,0.1,0.3,0.4,1,4,0,0.0,0.0,0.0,0.0,0.0,0.01,0.07,0.09,0.01,0.09
5484,Giorgio Costantini,BRA,FW,River Plate,19,2006,1,0,1,0.0,0,0,0,0,0,0,0,0,0.0,0.0,0.0,0.0,0,0,0,0.0,0.0,0.0,0.0,0.0,0.0,0.0,0.0,0.0,0.0
5485,Juan Cozzani,ARG,GK,Platense,26,1998,18,18,1620,18.0,0,0,0,0,0,0,1,0,0.0,0.0,0.0,0.0,0,1,0,0.0,0.0,0.0,0.0,0.0,0.0,0.0,0.0,0.0,0.0
5486,Thiago Cravero,ARG,MF,Belgrano,22,2002,4,2,179,2.0,0,0,0,0,0,0,1,0,0.0,0.0,0.0,0.0,1,15,1,0.0,0.0,0.0,0.0,0.0,0.01,0.0,0.01,0.01,0.01
5487,Sebastián Cristóforo,URU,"MF,FW",Cen. Córdoba–SdE,31,1993,11,3,340,3.8,0,0,0,0,0,0,1,0,0.2,0.2,0.1,0.3,1,23,6,0.0,0.0,0.0,0.0,0.0,0.05,0.04,0.08,0.05,0.08
5488,Juan Cruz Komar,ARG,DF,Rosario Central,28,1996,12,7,787,8.7,0,0,0,0,0,0,0,0,0.1,0.1,0.0,0.1,2,16,1,0.0,0.0,0.0,0.0,0.0,0.01,0.0,0.01,0.01,0.01
5489,Alexis Cuello,ARG,"FW,MF",San Lorenzo,25,2000,17,14,1066,11.8,1,0,1,1,0,0,2,0,4.3,4.3,0.7,5.1,17,27,80,0.08,0.0,0.08,0.08,0.08,0.37,0.06,0.43,0.37,0.43
5490,Víctor Cuesta,ARG,DF,Newell's OB,36,1988,11,11,982,10.9,1,0,1,1,0,0,4,0,0.4,0.4,0.3,0.7,5,30,2,0.09,0.0,0.09,0.09,0.09,0.04,0.03,0.06,0.04,0.06
5491,Braian Cufré,ARG,DF,Cen. Córdoba–SdE,28,1996,12,10,858,9.5,0,1,1,0,0,0,0,0,0.7,0.7,0.9,1.6,8,40,32,0.0,0.1,0.1,0.0,0.1,0.07,0.09,0.16,0.07,0.16
5492,Santiago Dalmasso,ARG,MF,Boca Juniors,21,2004,1,0,12,0.1,0,0,0,0,0,0,0,0,0.0,0.0,0.0,0.0,0,0,0,0.0,0.0,0.0,0.0,0.0,0.15,0.0,0.15,0.15,0.15
5493,Santiago Daniele,ARG,DF,Banfield,19,2005,1,1,90,1.0,0,0,0,0,0,0,1,0,0.0,0.0,0.0,0.0,0,1,0,0.0,0.0,0.0,0.0,0.0,0.01,0.0,0.01,0.01,0.01
5494,Leonel Dante Álvarez,ARG,DF,San Martín de San Juan,29,1996,11,10,810,9.0,0,0,0,0,0,0,0,0,0.1,0.1,0.4,0.5,10,17,23,0.0,0.0,0.0,0.0,0.0,0.01,0.05,0.06,0.01,0.06
5495,Agustín Dáttola,ARG,DF,Belgrano,26,1999,4,4,360,4.0,0,0,0,0,0,0,1,0,0.1,0.1,0.0,0.1,2,13,0,0.0,0.0,0.0,0.0,0.0,0.02,0.0,0.02,0.02,0.02
5496,Fernando David Cardozo,PAR,"MF,FW",Newell's OB,24,2001,11,6,490,5.4,0,0,0,0,0,0,3,0,0.7,0.7,0.2,0.9,8,22,35,0.0,0.0,0.0,0.0,0.0,0.13,0.03,0.16,0.13,0.16
5497,Jonathan David Gómez,ARG,MF,Rosario Central,35,1989,3,1,68,0.8,0,0,0,0,0,0,1,0,0.0,0.0,0.0,0.0,1,6,2,0.0,0.0,0.0,0.0,0.0,0.0,0.05,0.05,0.0,0.05
5498,Jonathan David Gómez,ARG,"MF,FW",Sarmiento,35,1989,2,0,19,0.2,0,0,0,0,0,0,1,0,0.1,0.1,0.0,0.1,0,0,1,0.0,0.0,0.0,0.0,0.0,0.38,0.0,0.38,0.38,0.38
5499,Hernán De La Fuente,ARG,DF,Huracán,28,1997,7,5,448,5.0,0,0,0,0,0,0,1,0,0.1,0.1,0.0,0.1,8,12,23,0.0,0.0,0.0,0.0,0.0,0.02,0.0,0.02,0.02,0.02
5500,Matías De los Santos,URU,DF,Atlé Tucumán,32,1992,10,10,900,10.0,0,0,0,0,0,0,1,0,0.4,0.4,0.0,0.5,0,25,1,0.0,0.0,0.0,0.0,0.0,0.04,0.0,0.05,0.04,0.05
5501,Mathías De Ritis,URU,DF,Banfield,22,2003,12,12,1061,11.8,0,0,0,0,0,0,4,0,0.4,0.4,0.6,1.0,22,29,44,0.0,0.0,0.0,0.0,0.0,0.04,0.05,0.09,0.04,0.09
5502,Ramiro Degregorio,ARG,"FW,MF",Racing Club,22,2003,6,0,64,0.7,0,0,0,0,0,0,0,0,0.1,0.1,0.0,0.2,1,4,4,0.0,0.0,0.0,0.0,0.0,0.14,0.07,0.21,0.14,0.21
5503,Ronaldo Dejesús,PAR,DF,Lanús,24,2001,14,12,1078,12.0,0,0,0,0,0,0,2,0,1.2,1.2,0.1,1.2,7,43,5,0.0,0.0,0.0,0.0,0.0,0.1,0.01,0.1,0.1,0.1
5504,Mateo Del Blanco,ARG,"DF,MF",Unión,21,2003,17,13,1237,13.7,0,0,0,0,0,0,0,0,0.8,0.8,2.5,3.3,66,89,87,0.0,0.0,0.0,0.0,0.0,0.06,0.18,0.24,0.06,0.24
5505,Milton Delgado,ARG,MF,Boca Juniors,20,2005,11,10,848,9.4,0,1,1,0,0,0,2,0,0.0,0.0,0.0,0.0,10,49,7,0.0,0.11,0.11,0.0,0.11,0.0,0.0,0.0,0.0,0.0
5506,Jonathan Dellarossa,ARG,FW,Instituto,25,2000,8,1,169,1.9,0,1,1,0,0,0,0,0,0.5,0.5,0.4,0.9,2,0,11,0.0,0.53,0.53,0.0,0.53,0.25,0.21,0.46,0.25,0.46
5507,Nicolás Demartini,ARG,DF,Barracas Central,25,1999,12,11,1025,11.4,0,0,0,0,0,0,4,0,0.0,0.0,0.0,0.1,3,18,1,0.0,0.0,0.0,0.0,0.0,0.0,0.0,0.01,0.0,0.01
5508,Valentín Depietri,ARG,FW,Talleres,24,2000,14,7,689,7.7,2,1,3,2,0,0,2,1,2.3,2.3,0.9,3.2,34,18,80,0.26,0.13,0.39,0.26,0.39,0.29,0.12,0.42,0.29,0.42
5509,Facundo Di Biasi,ARG,MF,Gimnasia–LP,20,2005,15,12,1008,11.2,0,0,0,0,0,0,6,0,0.3,0.3,0.2,0.5,8,67,11,0.0,0.0,0.0,0.0,0.0,0.03,0.02,0.04,0.03,0.04
5510,Marco Di Cesare,ARG,DF,Racing Club,23,2002,12,11,1003,11.1,1,0,1,1,0,0,4,0,0.7,0.7,0.0,0.7,7,24,3,0.09,0.0,0.09,0.09,0.09,0.06,0.0,0.06,0.06,0.06
5511,Lautaro Di Lollo,ARG,DF,Boca Juniors,21,2004,13,8,829,9.2,2,0,2,2,0,0,3,0,0.3,0.3,0.0,0.3,12,34,0,0.22,0.0,0.22,0.22,0.22,0.03,0.0,0.03,0.03,0.03
5512,Ramiro Di Luciano,ARG,DF,Banfield,21,2004,16,13,1120,12.4,0,2,2,0,0,0,2,0,0.3,0.3,1.1,1.4,28,19,56,0.0,0.16,0.16,0.0,0.16,0.02,0.09,0.11,0.02,0.11
5513,Ángel Di María,ARG,FW,Rosario Central,37,1988,2,2,177,2.0,2,0,2,0,2,2,1,0,1.7,0.1,0.1,0.2,5,8,15,1.02,0.0,1.02,0.0,0.0,0.86,0.07,0.92,0.05,0.12
5514,Lucas Diarte,ARG,DF,San Martín de San Juan,32,1993,9,7,684,7.6,0,0,0,0,0,0,1,0,0.1,0.1,0.9,1.0,10,31,22,0.0,0.0,0.0,0.0,0.0,0.01,0.12,0.13,0.01,0.13
5515,Alexander Díaz,ARG,"FW,MF",Deportivo Riestra,25,2000,13,3,392,4.4,0,1,1,0,0,0,0,0,0.3,0.3,0.2,0.5,8,8,22,0.0,0.23,0.23,0.0,0.23,0.07,0.05,0.12,0.07,0.12
5516,Damián Díaz,ECU,"MF,FW",Banfield,39,1986,4,2,186,2.1,0,0,0,0,0,0,1,0,0.4,0.4,0.1,0.5,3,13,15,0.0,0.0,0.0,0.0,0.0,0.19,0.03,0.22,0.19,0.22
5517,Diego Díaz,ARG,FW,Unión,23,2002,8,0,144,1.6,1,0,1,1,0,0,0,0,1.1,1.1,0.2,1.2,4,2,9,0.62,0.0,0.62,0.62,0.62,0.68,0.09,0.78,0.68,0.78
5518,Franco Díaz,ARG,"MF,FW",Instituto,24,2000,10,2,333,3.7,0,1,1,0,0,0,1,0,1.3,1.3,0.5,1.8,5,20,16,0.0,0.27,0.27,0.0,0.27,0.35,0.14,0.49,0.35,0.49
5519,Gabriel Díaz,ARG,"DF,FW",Sarmiento,25,2000,13,9,764,8.5,0,1,1,0,0,0,3,0,1.2,1.2,1.3,2.5,12,44,34,0.0,0.12,0.12,0.0,0.12,0.14,0.15,0.29,0.14,0.29
5520,Leandro Díaz,ARG,FW,Atlé Tucumán,33,1992,14,11,1005,11.2,4,0,4,4,0,1,2,0,4.8,4.0,0.8,4.8,8,26,57,0.36,0.0,0.36,0.36,0.36,0.43,0.08,0.5,0.36,0.43
5521,Paulo Díaz,CHI,DF,River Plate,30,1994,11,10,884,9.8,0,1,1,0,0,0,2,0,0.2,0.2,0.2,0.4,2,41,1,0.0,0.1,0.1,0.0,0.1,0.02,0.02,0.04,0.02,0.04
5522,Jerónimo Domina,ARG,"FW,MF",Unión,19,2005,12,8,655,7.3,0,1,1,0,0,0,3,0,2.7,2.7,1.1,3.7,20,9,58,0.0,0.14,0.14,0.0,0.14,0.37,0.14,0.51,0.37,0.51
5523,Alexis Dominguez,ARG,"FW,MF",Aldosivi,28,1996,10,1,227,2.5,0,0,0,0,0,0,0,0,0.1,0.1,0.0,0.1,0,2,12,0.0,0.0,0.0,0.0,0.0,0.04,0.01,0.04,0.04,0.04
5524,Nery Domínguez,ARG,"MF,DF",San Lorenzo,35,1990,11,1,229,2.5,0,0,0,0,0,0,1,0,0.0,0.0,0.0,0.0,0,8,2,0.0,0.0,0.0,0.0,0.0,0.0,0.0,0.0,0.0,0.0
5525,Sebastián Driussi,ARG,"FW,MF",River Plate,29,1996,13,9,689,7.7,3,1,4,3,0,0,2,0,2.8,2.8,0.6,3.4,11,33,51,0.39,0.13,0.52,0.39,0.52,0.36,0.08,0.45,0.36,0.45
5526,Gaspar Duarte,ARG,"FW,MF",Rosario Central,22,2003,17,9,765,8.5,2,0,2,2,0,0,1,0,3.6,3.6,0.3,3.9,18,13,74,0.24,0.0,0.24,0.24,0.24,0.42,0.03,0.46,0.42,0.46
5527,Tomás Durso,ARG,GK,Atlé Tucumán,26,1999,11,11,990,11.0,0,0,0,0,0,0,1,0,0.0,0.0,0.0,0.0,0,0,0,0.0,0.0,0.0,0.0,0.0,0.0,0.0,0.0,0.0,0.0
5528,Edgar Elizalde,URU,DF,Platense,25,2000,1,1,77,0.9,0,0,0,0,0,0,0,0,0.0,0.0,0.1,0.1,0,3,1,0.0,0.0,0.0,0.0,0.0,0.0,0.09,0.09,0.0,0.09
5529,Gastón Emanuel Moreyra,ARG,MF,San Martín de San Juan,25,1999,2,1,75,0.8,0,0,0,0,0,0,0,0,0.1,0.1,0.1,0.2,1,3,0,0.0,0.0,0.0,0.0,0.0,0.06,0.17,0.23,0.06,0.23
5530,José Enrique Angulo,ECU,FW,Unión,30,1995,2,0,57,0.6,0,0,0,0,0,0,0,0,0.5,0.5,0.0,0.5,0,1,5,0.0,0.0,0.0,0.0,0.0,0.8,0.0,0.8,0.8,0.8
5531,Lautaro Escalante,ARG,MF,San Martín de San Juan,26,1999,3,1,148,1.6,0,0,0,0,0,0,0,0,0.2,0.2,0.6,0.7,7,10,5,0.0,0.0,0.0,0.0,0.0,0.1,0.36,0.45,0.1,0.45
5532,Valentín Escalante,ARG,FW,San Lorenzo,21,2004,1,0,1,0.0,0,0,0,0,0,0,0,0,0.0,0.0,0.0,0.0,0,0,0,0.0,0.0,0.0,0.0,0.0,0.0,0.0,0.0,0.0,0.0
5533,Gonzalo Escudero,ARG,DF,Racing Club,18,2007,2,1,90,1.0,0,0,0,0,0,0,0,0,0.0,0.0,0.0,0.0,1,5,1,0.0,0.0,0.0,0.0,0.0,0.0,0.02,0.02,0.0,0.02
5534,Juan Espínola,PAR,GK,Belgrano,30,1994,11,11,990,11.0,0,0,0,0,0,0,1,0,0.0,0.0,0.0,0.0,0,1,0,0.0,0.0,0.0,0.0,0.0,0.0,0.0,0.0,0.0,0.0
5535,Marcelo Esponda,ARG,MF,Aldosivi,22,2003,11,10,842,9.4,0,0,0,0,0,0,2,0,0.3,0.3,0.4,0.6,8,60,6,0.0,0.0,0.0,0.0,0.0,0.03,0.04,0.07,0.03,0.07
5536,Santiago Esquivel,ARG,"MF,FW",Banfield,21,2004,7,2,291,3.2,0,0,0,0,0,0,2,0,0.2,0.2,0.4,0.6,2,22,5,0.0,0.0,0.0,0.0,0.0,0.06,0.11,0.17,0.06,0.17
5537,Marcelo Estigarribia,ARG,FW,Atlé Tucumán,30,1995,1,1,90,1.0,0,0,0,0,0,0,0,0,0.1,0.1,0.2,0.3,0,2,8,0.0,0.0,0.0,0.0,0.0,0.12,0.2,0.32,0.12,0.32
5538,Marcelo Estigarribia,ARG,FW,Unión,30,1995,14,9,918,10.2,1,1,2,1,0,0,1,0,3.7,3.7,1.5,5.2,7,21,76,0.1,0.1,0.2,0.1,0.2,0.36,0.15,0.51,0.36,0.51
5539,Yair Ezequiel Arismendi,ARG,"DF,MF",Sarmiento,27,1998,6,1,128,1.4,0,0,0,0,0,0,0,0,0.0,0.0,0.2,0.2,2,4,7,0.0,0.0,0.0,0.0,0.0,0.03,0.12,0.15,0.03,0.15
5540,Frank Fabra,COL,DF,Boca Juniors,34,1991,2,1,111,1.2,0,0,0,0,0,0,1,0,0.3,0.3,0.1,0.4,6,8,6,0.0,0.0,0.0,0.0,0.0,0.25,0.1,0.35,0.25,0.35
5541,Kevin Facundo Gutiérrez,ARG,MF,Defensa y Just,28,1997,16,15,1311,14.6,0,1,1,0,0,0,4,0,0.5,0.5,0.5,1.0,11,113,10,0.0,0.07,0.07,0.0,0.07,0.03,0.04,0.07,0.03,0.07
5542,Franco Fagundez,URU,FW,Deportivo Riestra,26,1998,1,0,34,0.4,0,0,0,0,0,0,0,0,0.0,0.0,0.0,0.0,0,3,4,0.0,0.0,0.0,0.0,0.0,0.04,0.0,0.04,0.04,0.04
5543,Lucio Falasco,ARG,"MF,FW",Aldosivi,21,2004,2,0,4,0.0,0,1,1,0,0,0,1,0,0.0,0.0,0.7,0.7,1,0,0,0.0,22.5,22.5,0.0,22.5,0.0,15.33,15.33,0.0,15.33
5544,Facundo Farías,ARG,"MF,FW",Estudiantes–LP,22,2002,6,3,223,2.5,0,0,0,0,0,0,1,0,0.1,0.1,0.1,0.1,2,9,21,0.0,0.0,0.0,0.0,0.0,0.02,0.03,0.05,0.02,0.05
5545,Valentín Fascendini,ARG,DF,Unión,22,2003,7,6,523,5.8,0,0,0,0,0,0,2,0,0.6,0.6,0.0,0.6,4,12,2,0.0,0.0,0.0,0.0,0.0,0.1,0.0,0.1,0.1,0.1
5546,Federico Fattori,ARG,MF,Arg Juniors,32,1992,15,15,1279,14.2,0,0,0,0,0,0,6,1,0.0,0.0,0.3,0.3,6,107,13,0.0,0.0,0.0,0.0,0.0,0.0,0.02,0.02,0.0,0.02
5547,Adrián Fernández,ARG,"FW,MF",Racing Club,24,2001,8,2,248,2.8,0,1,1,0,0,0,1,0,0.5,0.5,0.9,1.4,9,27,20,0.0,0.36,0.36,0.0,0.36,0.16,0.33,0.49,0.16,0.49
5548,Damián Fernández,ARG,DF,Vélez Sarsfield,24,2001,13,10,943,10.5,0,0,0,0,0,0,1,0,0.1,0.1,0.1,0.2,3,25,1,0.0,0.0,0.0,0.0,0.0,0.01,0.01,0.02,0.01,0.02
5549,Damián Fernández,ARG,DF,Defensa y Just,24,2001,1,1,90,1.0,0,0,0,0,0,0,0,0,0.0,0.0,0.0,0.0,0,3,0,0.0,0.0,0.0,0.0,0.0,0.0,0.0,0.0,0.0,0.0
5550,Gustavo Fernández,ARG,FW,Deportivo Riestra,34,1990,2,1,74,0.8,0,0,0,0,0,0,1,0,0.0,0.0,0.2,0.2,2,3,5,0.0,0.0,0.0,0.0,0.0,0.0,0.24,0.24,0.0,0.24
5551,Ignacio Fernández,ARG,MF,River Plate,35,1990,7,2,247,2.7,1,2,3,1,0,0,1,0,0.1,0.1,0.7,0.8,4,17,17,0.36,0.73,1.09,0.36,1.09,0.04,0.25,0.29,0.04,0.29
5552,Manuel Fernández,ARG,FW,Vélez Sarsfield,20,2004,3,0,43,0.5,0,0,0,0,0,0,0,0,0.0,0.0,0.0,0.0,1,0,4,0.0,0.0,0.0,0.0,0.0,0.0,0.0,0.0,0.0,0.0
5553,Martín Fernández,URU,MF,Gimnasia–LP,24,2001,11,8,673,7.5,0,0,0,0,0,0,2,0,0.2,0.2,0.1,0.2,1,22,1,0.0,0.0,0.0,0.0,0.0,0.02,0.01,0.03,0.02,0.03
5554,Matías Fernández,ARG,MF,Ind. Rivadavia,24,2001,12,5,508,5.6,0,1,1,0,0,0,3,0,0.5,0.5,1.2,1.7,15,15,32,0.0,0.18,0.18,0.0,0.18,0.09,0.21,0.31,0.09,0.31
5555,Nicolás Fernández,ARG,"FW,MF",Belgrano,29,1996,17,13,1162,12.9,8,0,8,8,0,0,2,0,4.8,4.8,1.5,6.2,15,22,67,0.62,0.0,0.62,0.62,0.62,0.37,0.11,0.48,0.37,0.48
5556,Rodrigo Fernández,URU,MF,Independiente,29,1996,6,3,246,2.7,0,0,0,0,0,0,3,0,0.1,0.1,0.0,0.1,4,18,3,0.0,0.0,0.0,0.0,0.0,0.02,0.02,0.04,0.02,0.04
5557,Santiago Fernández,ARG,DF,Talleres,20,2005,8,7,542,6.0,0,0,0,0,0,0,1,0,0.0,0.0,0.0,0.0,3,11,0,0.0,0.0,0.0,0.0,0.0,0.01,0.0,0.01,0.01,0.01
5558,Tomás Fernández,ARG,"MF,FW",San Martín de San Juan,26,1998,10,9,624,6.9,1,2,3,1,0,0,0,0,1.4,1.4,1.9,3.3,17,10,49,0.14,0.29,0.43,0.14,0.43,0.21,0.27,0.48,0.21,0.48
5559,Gianluca Ferrari,ARG,DF,Atlé Tucumán,28,1997,13,13,1080,12.0,0,1,1,0,0,0,5,0,0.4,0.4,1.1,1.5,4,26,2,0.0,0.08,0.08,0.0,0.08,0.04,0.09,0.13,0.04,0.13
5560,Clever Ferreira,PAR,DF,Atlé Tucumán,22,2003,2,2,180,2.0,0,0,0,0,0,0,1,0,0.1,0.1,0.0,0.1,0,0,0,0.0,0.0,0.0,0.0,0.0,0.05,0.0,0.05,0.05,0.05
5561,Cristian Ferreira,ARG,"FW,MF",Arg Juniors,25,1999,3,0,47,0.5,0,0,0,0,0,0,0,0,0.0,0.0,0.0,0.0,1,4,2,0.0,0.0,0.0,0.0,0.0,0.0,0.0,0.0,0.0,0.0
5562,Lucas Ferreira,URU,DF,Defensa y Just,25,2000,12,11,1035,11.5,1,1,2,1,0,0,3,0,0.2,0.2,0.4,0.6,11,34,5,0.09,0.09,0.17,0.09,0.17,0.02,0.03,0.05,0.02,0.05
5563,Sebastián Ferreira,PAR,FW,Rosario Central,27,1998,8,4,308,3.4,2,0,2,2,0,0,0,0,1.8,1.8,0.0,1.8,1,1,9,0.58,0.0,0.58,0.58,0.58,0.51,0.0,0.51,0.51,0.51
5564,Héctor Fértoli,ARG,"MF,FW",Tigre,30,1994,13,4,506,5.6,0,0,0,0,0,0,1,0,1.1,1.1,0.1,1.2,9,17,29,0.0,0.0,0.0,0.0,0.0,0.2,0.02,0.22,0.2,0.22
5565,Jorge Figal,ARG,DF,Boca Juniors,31,1994,1,1,72,0.8,0,0,0,0,0,0,0,0,0.0,0.0,0.0,0.0,0,1,0,0.0,0.0,0.0,0.0,0.0,0.0,0.0,0.0,0.0,0.0
5566,Jose Florentín,PAR,MF,Cen. Córdoba–SdE,29,1996,16,15,1312,14.6,3,0,3,3,0,0,2,0,2.1,2.1,0.6,2.7,22,123,23,0.21,0.0,0.21,0.21,0.21,0.14,0.04,0.18,0.14,0.18
5567,Santiago Flores,ARG,DF,Ind. Rivadavia,24,2001,2,1,85,0.9,0,0,0,0,0,0,0,0,0.0,0.0,0.0,0.0,1,3,0,0.0,0.0,0.0,0.0,0.0,0.0,0.0,0.0,0.0,0.0
5568,Matias Fonseca,URU,FW,Instituto,24,2001,2,0,75,0.8,0,0,0,0,0,0,0,0,0.5,0.5,0.1,0.6,0,2,4,0.0,0.0,0.0,0.0,0.0,0.59,0.09,0.68,0.59,0.68
5569,Franco Fragapane,ARG,MF,Unión,32,1993,17,8,788,8.8,1,1,2,1,0,0,1,0,0.5,0.5,1.3,1.8,17,61,53,0.11,0.11,0.23,0.11,0.23,0.06,0.15,0.21,0.06,0.21
5570,Juan Franco Arrellaga,PAR,DF,Instituto,33,1992,18,18,1620,18.0,0,1,1,0,0,0,4,0,0.3,0.3,1.8,2.1,31,43,52,0.0,0.06,0.06,0.0,0.06,0.02,0.1,0.12,0.02,0.12
5571,Franco Pardo,ARG,DF,Unión,28,1997,17,16,1412,15.7,0,0,0,0,0,0,2,1,1.0,1.0,0.5,1.6,16,48,3,0.0,0.0,0.0,0.0,0.0,0.07,0.03,0.1,0.07,0.1
5572,Nicolás Freire,ARG,DF,Independiente,31,1994,2,2,180,2.0,0,0,0,0,0,0,1,0,0.0,0.0,0.0,0.0,4,11,0,0.0,0.0,0.0,0.0,0.0,0.0,0.0,0.0,0.0,0.0
5573,Franco Frías,ARG,"FW,MF",Sarmiento,23,2002,15,4,544,6.0,1,0,1,1,0,0,1,0,2.1,2.1,0.6,2.7,6,9,33,0.17,0.0,0.17,0.17,0.17,0.36,0.09,0.45,0.36,0.45
5574,Ramiro Funes Mori,ARG,DF,Estudiantes–LP,34,1991,5,5,360,4.0,0,0,0,0,0,0,2,0,0.0,0.0,0.0,0.1,7,25,1,0.0,0.0,0.0,0.0,0.0,0.01,0.0,0.02,0.01,0.02
5575,Nazareno Funez,ARG,FW,Cen. Córdoba–SdE,24,2001,6,3,262,2.9,0,0,0,0,0,0,0,0,1.1,1.1,0.0,1.2,5,2,14,0.0,0.0,0.0,0.0,0.0,0.38,0.01,0.4,0.38,0.4
5576,Nazareno Funez,ARG,"FW,DF",Newell's OB,24,2001,7,2,233,2.6,0,0,0,0,0,0,0,0,0.7,0.7,0.3,1.0,1,2,12,0.0,0.0,0.0,0.0,0.0,0.28,0.1,0.38,0.28,0.38
5577,Matías Galarza,PAR,"FW,MF",Talleres,23,2002,13,10,823,9.1,0,0,0,0,0,0,1,0,1.3,1.3,0.7,2.0,13,27,59,0.0,0.0,0.0,0.0,0.0,0.14,0.08,0.22,0.14,0.22
5579,Pablo Galdames Millán,CHI,"MF,FW",Independiente,28,1996,11,5,457,5.1,1,2,3,1,0,0,1,0,0.8,0.8,0.4,1.3,4,25,15,0.2,0.39,0.59,0.2,0.59,0.17,0.08,0.25,0.17,0.25
5580,Hernán Galíndez,ECU,GK,Huracán,38,1987,16,16,1440,16.0,0,0,0,0,0,0,0,0,0.0,0.0,0.0,0.0,0,0,0,0.0,0.0,0.0,0.0,0.0,0.0,0.0,0.0,0.0,0.0
5581,Matías Gallardo,ARG,"FW,MF",Instituto,21,2003,2,0,17,0.2,0,0,0,0,0,0,0,0,0.0,0.0,0.0,0.0,2,2,4,0.0,0.0,0.0,0.0,0.0,0.0,0.0,0.0,0.0,0.0
5582,Rodrigo Gallo,ARG,DF,Deportivo Riestra,24,2000,6,5,450,5.0,0,1,1,0,0,0,2,0,0.2,0.2,0.1,0.3,0,7,0,0.0,0.2,0.2,0.0,0.2,0.04,0.03,0.07,0.04,0.07
5583,Giuliano Galoppo,ARG,MF,River Plate,26,1999,10,9,600,6.7,1,0,1,1,0,0,2,0,0.5,0.5,0.2,0.7,4,27,18,0.15,0.0,0.15,0.15,0.15,0.08,0.02,0.1,0.08,0.1
5584,Ignacio Galván,ARG,DF,Atlé Tucumán,22,2002,2,2,118,1.3,0,0,0,0,0,0,0,0,0.0,0.0,0.0,0.0,3,2,1,0.0,0.0,0.0,0.0,0.0,0.0,0.0,0.0,0.0,0.0
5585,Jonathan Galván,ARG,"DF,MF",Cen. Córdoba–SdE,33,1992,13,13,1036,11.5,0,1,1,0,0,0,4,2,0.2,0.2,0.4,0.6,7,35,5,0.0,0.09,0.09,0.0,0.09,0.02,0.04,0.06,0.02,0.06
5586,Tomás Galván,ARG,"MF,FW",Vélez Sarsfield,25,2000,8,7,584,6.5,1,0,1,1,0,0,0,0,0.6,0.6,0.2,0.8,11,26,32,0.15,0.0,0.15,0.15,0.15,0.09,0.03,0.12,0.09,0.12
5587,Ariel Gamarra,PAR,"DF,MF",Arg Juniors,22,2003,4,0,25,0.3,0,0,0,0,0,0,0,0,0.0,0.0,0.4,0.4,1,2,0,0.0,0.0,0.0,0.0,0.0,0.0,1.48,1.48,0.0,1.48
5588,Lucas Gamba,ARG,"FW,MF",Unión,38,1987,18,11,1058,11.8,4,2,6,4,0,0,2,0,4.3,4.3,1.3,5.7,18,36,131,0.34,0.17,0.51,0.34,0.51,0.37,0.11,0.48,0.37,0.48
5589,Martín Garay,ARG,"DF,MF",Tigre,26,1999,10,7,674,7.5,0,0,0,0,0,0,1,0,0.1,0.1,1.5,1.5,14,23,26,0.0,0.0,0.0,0.0,0.0,0.01,0.2,0.2,0.01,0.2
5590,Nicolás Garayalde,ARG,MF,Gimnasia–LP,25,1999,10,5,430,4.8,1,0,1,1,0,0,3,0,0.3,0.3,0.0,0.4,1,37,2,0.21,0.0,0.21,0.21,0.21,0.07,0.0,0.08,0.07,0.08
5591,Agustín García Basso,ARG,DF,Racing Club,33,1992,5,5,442,4.9,0,0,0,0,0,0,0,0,0.0,0.0,0.2,0.2,6,31,6,0.0,0.0,0.0,0.0,0.0,0.0,0.04,0.04,0.0,0.04
5592,Joaquín García,ARG,DF,Vélez Sarsfield,23,2001,1,1,33,0.4,0,0,0,0,0,0,0,0,0.0,0.0,0.1,0.1,2,3,7,0.0,0.0,0.0,0.0,0.0,0.0,0.17,0.17,0.0,0.17
5593,Manuel García,ARG,MF,Sarmiento,26,1999,12,6,572,6.4,0,0,0,0,0,0,4,0,0.1,0.1,0.2,0.3,3,31,9,0.0,0.0,0.0,0.0,0.0,0.02,0.03,0.04,0.02,0.04
5594,Martín García,ARG,MF,Aldosivi,19,2005,1,1,59,0.7,0,0,0,0,0,0,0,0,0.0,0.0,0.0,0.1,1,1,1,0.0,0.0,0.0,0.0,0.0,0.06,0.02,0.08,0.06,0.08
5595,Matías García,ARG,"FW,MF",Aldosivi,33,1991,2,1,88,1.0,0,0,0,0,0,0,0,0,0.0,0.0,0.1,0.1,0,4,3,0.0,0.0,0.0,0.0,0.0,0.04,0.06,0.1,0.04,0.1
5596,Mariano Gerez,ARG,MF,Lanús,19,2006,1,0,11,0.1,0,0,0,0,0,0,0,0,0.0,0.0,0.0,0.0,0,1,0,0.0,0.0,0.0,0.0,0.0,0.15,0.0,0.15,0.15,0.15
5597,Francisco Gerometta,ARG,DF,Unión,25,1999,9,8,688,7.6,0,0,0,0,0,0,0,0,0.0,0.0,0.4,0.4,29,18,37,0.0,0.0,0.0,0.0,0.0,0.0,0.05,0.06,0.0,0.06
5598,Joaquín Gho,ARG,"MF,FW",Sarmiento,22,2003,16,13,1096,12.2,0,1,1,0,0,0,3,0,1.1,1.1,0.9,2.1,30,34,72,0.0,0.08,0.08,0.0,0.08,0.09,0.08,0.17,0.09,0.17
5599,Laurtaro Giaccone,ARG,"FW,MF",Rosario Central,24,2001,14,4,525,5.8,1,2,3,1,0,0,0,0,0.5,0.5,1.6,2.2,23,15,40,0.17,0.34,0.51,0.17,0.51,0.09,0.28,0.37,0.09,0.37
5600,Laurtaro Giaccone,ARG,MF,Arg Juniors,24,2001,1,0,30,0.3,0,0,0,0,0,0,0,0,0.0,0.0,0.0,0.0,1,0,3,0.0,0.0,0.0,0.0,0.0,0.12,0.0,0.12,0.12,0.12
5601,Renzo Giampaoli,ARG,DF,Gimnasia–LP,25,2000,10,5,483,5.4,0,0,0,0,0,0,1,0,0.0,0.0,0.1,0.1,1,9,1,0.0,0.0,0.0,0.0,0.0,0.0,0.01,0.02,0.0,0.02
5602,Justo Giani,ARG,"MF,FW",Aldosivi,26,1999,14,12,937,10.4,2,2,4,2,0,0,2,0,1.5,1.5,1.9,3.4,8,34,64,0.19,0.19,0.38,0.19,0.38,0.14,0.18,0.32,0.14,0.32
5603,Thiago Gigena,ARG,"FW,MF",Newell's OB,19,2005,2,0,18,0.2,0,0,0,0,0,0,0,0,0.0,0.0,0.0,0.0,0,0,0,0.0,0.0,0.0,0.0,0.0,0.12,0.0,0.12,0.12,0.12
5604,Leonardo Gil,ARG,MF,Huracán,34,1991,16,16,1440,16.0,0,2,2,0,0,0,3,0,1.2,1.2,2.4,3.5,32,138,55,0.0,0.12,0.12,0.0,0.12,0.07,0.15,0.22,0.07,0.22
5605,Orlando Gil,PAR,GK,San Lorenzo,25,2000,18,18,1620,18.0,0,0,0,0,0,0,0,0,0.0,0.0,0.0,0.0,0,0,0,0.0,0.0,0.0,0.0,0.0,0.0,0.0,0.0,0.0,0.0
5606,Elián Giménez,ARG,MF,Sarmiento,21,2004,12,11,917,10.2,2,1,3,2,0,0,2,0,0.5,0.5,0.3,0.8,8,33,6,0.2,0.1,0.29,0.2,0.29,0.05,0.03,0.08,0.05,0.08
5607,Enzo Giménez,PAR,"DF,MF",Rosario Central,27,1998,11,5,465,5.2,1,0,1,1,0,0,2,0,0.5,0.5,1.2,1.7,9,23,40,0.19,0.0,0.19,0.19,0.19,0.1,0.22,0.33,0.1,0.33
5608,Juan Giménez,ARG,DF,Rosario Central,19,2006,5,3,240,2.7,0,0,0,0,0,0,1,0,0.1,0.1,0.0,0.1,3,11,0,0.0,0.0,0.0,0.0,0.0,0.02,0.0,0.02,0.02,0.02
5609,Luciano Giménez,ARG,"FW,MF",Estudiantes–LP,25,2000,8,1,209,2.3,2,0,2,2,0,0,0,0,1.1,1.1,0.0,1.2,4,1,13,0.86,0.0,0.86,0.86,0.86,0.48,0.02,0.5,0.48,0.5
5610,Matías Giménez,ARG,FW,Independiente,26,1999,13,4,462,5.1,0,2,2,0,0,0,1,0,0.5,0.5,1.0,1.5,3,17,34,0.0,0.39,0.39,0.0,0.39,0.09,0.2,0.29,0.09,0.29
5611,Milton Giménez,ARG,FW,Boca Juniors,28,1996,12,9,757,8.4,4,1,5,4,0,0,2,0,2.9,2.9,1.3,4.2,12,6,43,0.48,0.12,0.59,0.48,0.59,0.35,0.15,0.5,0.35,0.5
5612,Federico Gino,URU,MF,Aldosivi,32,1993,1,1,59,0.7,0,0,0,0,0,0,0,0,0.0,0.0,0.0,0.0,0,1,2,0.0,0.0,0.0,0.0,0.0,0.05,0.0,0.05,0.05,0.05
5613,Federico Girotti,ARG,FW,Talleres,26,1999,16,9,846,9.4,0,1,1,0,0,0,1,0,1.5,1.5,1.6,3.0,4,12,40,0.0,0.11,0.11,0.0,0.11,0.15,0.17,0.32,0.15,0.32
5614,Dylan Glaby,ARG,MF,Cen. Córdoba–SdE,29,1996,12,6,601,6.7,0,0,0,0,0,0,0,0,0.0,0.0,0.0,0.1,2,22,4,0.0,0.0,0.0,0.0,0.0,0.0,0.0,0.01,0.0,0.01
5615,Erik Godoy,ARG,DF,Arg Juniors,31,1993,16,16,1375,15.3,1,0,1,1,0,0,4,0,1.1,1.1,0.0,1.1,13,42,3,0.07,0.0,0.07,0.07,0.07,0.07,0.0,0.07,0.07,0.07
5616,Joel Godoy,ARG,DF,Sarmiento,20,2005,9,9,786,8.7,0,0,0,0,0,0,0,0,0.0,0.0,0.2,0.2,12,16,16,0.0,0.0,0.0,0.0,0.0,0.0,0.02,0.02,0.0,0.02
5617,Lautaro Godoy,PAR,"MF,DF",Atlé Tucumán,22,2003,6,0,95,1.1,0,0,0,0,0,0,0,0,0.0,0.0,0.1,0.2,4,8,11,0.0,0.0,0.0,0.0,0.0,0.02,0.13,0.14,0.02,0.14
5618,Leonardo Godoy,ARG,DF,Independiente,30,1995,1,1,79,0.9,0,1,1,0,0,0,0,0,0.1,0.1,0.4,0.4,1,5,2,0.0,1.14,1.14,0.0,1.14,0.07,0.4,0.47,0.07,0.47
5619,Matías Godoy,ARG,"MF,FW",Instituto,23,2002,11,5,407,4.5,0,1,1,0,0,0,4,1,0.6,0.6,0.1,0.7,7,10,40,0.0,0.22,0.22,0.0,0.22,0.12,0.03,0.15,0.12,0.15
5620,Jonatan Goitía,ARG,"MF,DF",Deportivo Riestra,30,1994,15,12,1161,12.9,0,1,1,0,0,0,1,0,0.1,0.1,0.2,0.4,2,30,8,0.0,0.08,0.08,0.0,0.08,0.01,0.02,0.03,0.01,0.03
5621,Elías Gómez,ARG,DF,Vélez Sarsfield,31,1994,17,15,1360,15.1,0,0,0,0,0,0,3,0,0.7,0.7,0.8,1.5,36,77,84,0.0,0.0,0.0,0.0,0.0,0.04,0.06,0.1,0.04,0.1
5622,Iván Gómez,ARG,MF,Cen. Córdoba–SdE,28,1997,13,13,1011,11.2,1,3,4,1,0,0,1,0,0.5,0.5,1.1,1.6,8,64,23,0.09,0.27,0.36,0.09,0.36,0.05,0.1,0.15,0.05,0.15
5623,Lucas Gómez,ARG,MF,Arg Juniors,21,2004,12,0,237,2.6,1,0,1,1,0,0,1,0,0.6,0.6,0.1,0.7,0,13,4,0.38,0.0,0.38,0.38,0.38,0.22,0.05,0.27,0.22,0.27
5624,Luciano Gómez,ARG,"DF,MF",Ind. Rivadavia,29,1996,12,12,1030,11.4,2,1,3,2,0,0,4,0,1.2,1.2,0.8,2.0,19,55,31,0.17,0.09,0.26,0.17,0.26,0.11,0.07,0.18,0.11,0.18
5625,Matias Gomez,ARG,"DF,MF",Talleres,19,2005,2,1,103,1.1,0,0,0,0,0,0,0,0,0.0,0.0,0.0,0.0,1,7,3,0.0,0.0,0.0,0.0,0.0,0.0,0.0,0.0,0.0,0.0
5626,Román Gómez,ARG,DF,Estudiantes–LP,21,2004,2,1,90,1.0,0,0,0,0,0,0,0,0,0.0,0.0,0.0,0.0,1,3,5,0.0,0.0,0.0,0.0,0.0,0.0,0.0,0.0,0.0,0.0
5627,Valentín Gómez,ARG,DF,Vélez Sarsfield,22,2003,8,8,687,7.6,0,0,0,0,0,0,2,1,0.0,0.0,0.0,0.0,6,29,1,0.0,0.0,0.0,0.0,0.0,0.0,0.0,0.0,0.0,0.0
5628,Gonzalo Goñi,ARG,"DF,FW",Platense,26,1998,2,1,52,0.6,0,0,0,0,0,0,0,0,0.0,0.0,0.0,0.0,0,1,0,0.0,0.0,0.0,0.0,0.0,0.0,0.0,0.0,0.0,0.0
5629,Diego González,ARG,MF,San Martín de San Juan,37,1988,7,6,476,5.3,0,0,0,0,0,0,1,0,0.1,0.1,0.1,0.2,4,33,7,0.0,0.0,0.0,0.0,0.0,0.01,0.02,0.03,0.01,0.03
5630,Carlos González Espínola,PAR,FW,Newell's OB,32,1993,13,9,912,10.1,2,1,3,2,0,0,0,0,3.8,3.8,0.7,4.5,6,22,21,0.2,0.1,0.3,0.2,0.3,0.37,0.07,0.45,0.37,0.45
5631,Federico González,ARG,"FW,MF",San Martín de San Juan,38,1987,10,1,171,1.9,0,0,0,0,0,0,0,0,0.3,0.3,0.0,0.4,2,3,16,0.0,0.0,0.0,0.0,0.0,0.17,0.01,0.18,0.17,0.18
5632,Francisco González,ARG,MF,Belgrano,28,1997,16,12,935,10.4,0,2,2,0,0,0,0,0,0.4,0.4,0.9,1.2,13,51,26,0.0,0.19,0.19,0.0,0.19,0.04,0.08,0.12,0.04,0.12
5633,Francisco González,ARG,"FW,MF",Newell's OB,24,2001,1,1,60,0.7,0,0,0,0,0,0,1,0,0.1,0.1,0.0,0.1,1,2,6,0.0,0.0,0.0,0.0,0.0,0.2,0.0,0.2,0.2,0.2
5634,Francisco González,ARG,"FW,MF",Defensa y Just,24,2001,13,7,688,7.6,1,1,2,1,0,0,2,0,0.6,0.6,0.7,1.3,23,25,87,0.13,0.13,0.26,0.13,0.26,0.08,0.09,0.17,0.08,0.17
5635,Gaston Gonzalez,ARG,"FW,MF",Defensa y Just,24,2001,6,1,168,1.9,0,0,0,0,0,0,0,0,0.5,0.5,0.0,0.5,5,6,20,0.0,0.0,0.0,0.0,0.0,0.21,0.01,0.23,0.21,0.23
5636,Gaston Gonzalez,ARG,MF,Sarmiento,24,2001,2,2,179,2.0,0,0,0,0,0,0,0,0,0.2,0.2,0.1,0.4,8,3,14,0.0,0.0,0.0,0.0,0.0,0.12,0.07,0.19,0.12,0.19
5637,Juan González,URU,GK,Atlé Tucumán,32,1993,6,6,540,6.0,0,0,0,0,0,0,1,0,0.0,0.0,0.0,0.0,0,0,0,0.0,0.0,0.0,0.0,0.0,0.0,0.0,0.0,0.0,0.0
5638,Lucas González,ARG,"FW,MF",Defensa y Just,25,2000,10,8,520,5.8,0,3,3,0,0,0,1,0,0.1,0.1,0.9,0.9,13,34,35,0.0,0.52,0.52,0.0,0.52,0.02,0.15,0.16,0.02,0.16
5639,Matías González,ARG,FW,Banfield,23,2002,1,0,5,0.1,0,0,0,0,0,0,0,0,0.0,0.0,0.0,0.0,0,0,1,0.0,0.0,0.0,0.0,0.0,0.0,0.0,0.0,0.0,0.0
5640,Matías González,ARG,"FW,MF",Godoy Cruz,26,1999,6,2,291,3.2,0,0,0,0,0,0,0,0,0.2,0.2,0.0,0.2,9,4,21,0.0,0.0,0.0,0.0,0.0,0.05,0.0,0.05,0.05,0.05
5641,Maxi González,ARG,MF,Defensa y Just,21,2004,8,3,351,3.9,0,0,0,0,0,0,0,0,0.0,0.0,0.2,0.3,1,9,3,0.0,0.0,0.0,0.0,0.0,0.0,0.06,0.06,0.0,0.06
5642,Leandro González Pirez,ARG,DF,Estudiantes–LP,33,1992,1,1,90,1.0,0,0,0,0,0,0,0,0,0.0,0.0,0.0,0.0,2,6,0,0.0,0.0,0.0,0.0,0.0,0.0,0.0,0.0,0.0,0.0
5643,Leandro González Pirez,ARG,DF,River Plate,33,1992,2,2,180,2.0,0,0,0,0,0,0,2,0,0.0,0.0,0.0,0.0,1,5,0,0.0,0.0,0.0,0.0,0.0,0.01,0.0,0.01,0.01,0.01
5644,Rodrigo González,ARG,DF,Aldosivi,25,2000,15,11,1074,11.9,0,1,1,0,0,0,0,0,0.1,0.1,0.6,0.7,23,45,75,0.0,0.08,0.08,0.0,0.08,0.01,0.05,0.06,0.01,0.06
5645,Santiago González,ARG,MF,Tigre,22,2003,17,14,1243,13.8,0,0,0,0,0,0,2,0,0.5,0.5,0.3,0.8,11,38,10,0.0,0.0,0.0,0.0,0.0,0.03,0.02,0.06,0.03,0.06
5646,Sebastián González,ARG,"MF,FW",San Martín de San Juan,33,1992,11,6,602,6.7,1,0,1,1,0,0,1,0,0.5,0.5,1.2,1.7,10,41,23,0.15,0.0,0.15,0.15,0.15,0.07,0.18,0.25,0.07,0.25
5647,Jano Gordon,ARG,DF,Vélez Sarsfield,21,2004,12,11,884,9.8,0,0,0,0,0,0,4,1,0.2,0.2,1.1,1.3,11,40,26,0.0,0.0,0.0,0.0,0.0,0.02,0.11,0.13,0.02,0.13
5648,Fausto Grillo,ARG,DF,Belgrano,32,1993,10,10,833,9.3,0,0,0,0,0,0,6,1,0.2,0.2,0.1,0.2,6,28,6,0.0,0.0,0.0,0.0,0.0,0.02,0.01,0.03,0.02,0.03
5649,Ignacio Guerrico,ARG,DF,Aldosivi,27,1998,17,17,1516,16.8,0,1,1,0,0,0,3,0,0.2,0.2,1.0,1.2,20,90,39,0.0,0.06,0.06,0.0,0.06,0.01,0.06,0.07,0.01,0.07
5650,Tomas Guiacobini,ARG,MF,Sarmiento,21,2004,4,3,191,2.1,0,0,0,0,0,0,2,0,0.1,0.1,0.0,0.2,2,21,2,0.0,0.0,0.0,0.0,0.0,0.06,0.02,0.08,0.06,0.08
5651,Tomás Guidara,ARG,DF,Huracán,29,1996,13,12,1082,12.0,0,0,0,0,0,0,4,0,0.3,0.3,0.9,1.2,23,51,58,0.0,0.0,0.0,0.0,0.0,0.02,0.08,0.1,0.02,0.1
5652,Braian Guille,ARG,"MF,FW",Deportivo Riestra,27,1997,5,0,87,1.0,1,0,1,1,0,0,2,0,0.2,0.2,0.6,0.9,0,3,8,1.03,0.0,1.03,1.03,1.03,0.25,0.65,0.89,0.25,0.89
5653,Adrián Guillermo Sánchez,ARG,MF,Atlé Tucumán,26,1999,18,18,1570,17.4,1,0,1,1,0,0,3,0,0.2,0.2,1.8,2.0,21,133,40,0.06,0.0,0.06,0.06,0.06,0.01,0.11,0.12,0.01,0.12
5654,Facundo Gulli,ARG,FW,San Lorenzo,19,2005,1,0,13,0.1,0,0,0,0,0,0,0,0,0.0,0.0,0.2,0.2,0,3,1,0.0,0.0,0.0,0.0,0.0,0.17,1.23,1.4,0.17,1.4
5655,Kevin Gutiérrez,ARG,MF,Rosario Central,19,2006,1,0,23,0.3,0,0,0,0,0,0,0,0,0.0,0.0,0.0,0.0,0,2,0,0.0,0.0,0.0,0.0,0.0,0.0,0.09,0.09,0.0,0.09
5656,Natanael Guzmán,ARG,"MF,FW",Aldosivi,25,1999,7,4,313,3.5,0,0,0,0,0,0,0,0,0.2,0.2,0.1,0.3,8,11,26,0.0,0.0,0.0,0.0,0.0,0.06,0.02,0.08,0.06,0.08
5657,Ezequiel Ham,SYR,MF,Unión,31,1994,15,9,799,8.9,1,1,2,1,0,0,1,0,0.9,0.9,1.7,2.6,15,85,37,0.11,0.11,0.23,0.11,0.23,0.1,0.19,0.29,0.1,0.29
5658,Agustin Hausch,ARG,"MF,FW",Defensa y Just,22,2003,2,0,47,0.5,0,0,0,0,0,0,0,0,0.0,0.0,0.0,0.0,3,1,3,0.0,0.0,0.0,0.0,0.0,0.06,0.0,0.06,0.06,0.06
5659,Gerónimo Heredia,ARG,"DF,MF",Belgrano,20,2005,10,6,593,6.6,0,0,0,0,0,0,3,0,0.1,0.1,0.2,0.3,10,10,16,0.0,0.0,0.0,0.0,0.0,0.02,0.02,0.05,0.02,0.05
5660,Leonardo Heredia,ARG,FW,Cen. Córdoba–SdE,29,1996,16,16,1179,13.1,5,0,5,4,1,2,0,0,6.5,5.0,1.0,6.0,10,40,66,0.38,0.0,0.38,0.31,0.31,0.5,0.08,0.58,0.38,0.46
5661,Ramiro Hernandes,ARG,MF,Belgrano,20,2004,4,1,149,1.7,0,0,0,0,0,0,1,0,0.2,0.2,0.1,0.3,5,6,13,0.0,0.0,0.0,0.0,0.0,0.11,0.05,0.16,0.11,0.16
5662,Gastón Hernández,ARG,DF,San Lorenzo,27,1998,10,8,721,8.0,0,0,0,0,0,0,4,1,0.1,0.1,0.0,0.2,13,35,4,0.0,0.0,0.0,0.0,0.0,0.01,0.0,0.02,0.01,0.02
5663,Ander Herrera,ESP,MF,Boca Juniors,35,1989,5,4,253,2.8,0,0,0,0,0,0,1,0,0.1,0.1,0.3,0.4,0,15,5,0.0,0.0,0.0,0.0,0.0,0.03,0.12,0.15,0.03,0.15
5664,Daniel Herrera,ARG,DF,San Lorenzo,21,2004,13,10,947,10.5,0,0,0,0,0,0,2,0,0.5,0.5,0.1,0.6,4,27,1,0.0,0.0,0.0,0.0,0.0,0.05,0.01,0.06,0.05,0.06
5665,Ezequiel Herrera,ARG,DF,San Lorenzo,22,2003,17,17,1530,17.0,0,0,0,0,0,0,6,0,0.3,0.3,0.3,0.6,16,43,31,0.0,0.0,0.0,0.0,0.0,0.02,0.02,0.04,0.02,0.04
5666,Guido Herrera,ARG,GK,Talleres,33,1992,16,16,1395,15.5,0,0,0,0,0,0,1,0,0.0,0.0,0.3,0.3,0,0,0,0.0,0.0,0.0,0.0,0.0,0.0,0.02,0.02,0.0,0.02
5667,Jonathan Herrera,ARG,FW,Deportivo Riestra,33,1991,15,15,1237,13.7,5,1,6,5,0,1,1,0,4.2,3.4,1.8,5.2,11,18,79,0.36,0.07,0.44,0.36,0.44,0.31,0.13,0.44,0.25,0.38
5668,José Herrera,ARG,"FW,MF",Arg Juniors,22,2003,15,12,941,10.5,3,2,5,3,0,0,2,0,2.1,2.1,1.6,3.7,36,29,90,0.29,0.19,0.48,0.29,0.48,0.2,0.16,0.36,0.2,0.36
5669,Rodrigo Herrera,ARG,MF,Platense,24,2000,14,12,910,10.1,0,0,0,0,0,0,6,1,0.7,0.7,0.1,0.8,2,51,10,0.0,0.0,0.0,0.0,0.0,0.07,0.01,0.08,0.07,0.08
5670,Santiago Hidalgo,ARG,"FW,MF",Independiente,20,2005,9,5,492,5.5,0,0,0,0,0,0,2,0,1.5,1.5,0.6,2.1,10,12,31,0.0,0.0,0.0,0.0,0.0,0.27,0.11,0.38,0.27,0.38
5671,Marco Iacobellis,ARG,"MF,FW",San Martín de San Juan,24,2000,12,8,775,8.6,1,0,1,1,0,0,6,2,1.0,1.0,1.5,2.6,19,17,60,0.12,0.0,0.12,0.12,0.12,0.12,0.18,0.3,0.12,0.3
5672,César Ibáñez,ARG,DF,Huracán,26,1999,15,15,1273,14.1,1,0,1,1,0,0,4,0,0.2,0.2,0.3,0.5,22,67,39,0.07,0.0,0.07,0.07,0.07,0.01,0.02,0.04,0.01,0.04
5673,Franco Ibarra,ARG,MF,Rosario Central,24,2001,16,15,1310,14.6,0,1,1,0,0,0,5,0,0.3,0.3,0.1,0.3,11,55,11,0.0,0.07,0.07,0.0,0.07,0.02,0.01,0.02,0.02,0.02
5674,Marcos Ignacio Ledesma,ARG,GK,Barracas Central,28,1996,17,17,1530,17.0,0,0,0,0,0,0,2,0,0.0,0.0,0.0,0.0,0,0,0,0.0,0.0,0.0,0.0,0.0,0.0,0.0,0.0,0.0,0.0
5675,Juan Ignacio Méndez,ARG,"MF,DF",Newell's OB,28,1997,5,2,170,1.9,0,0,0,0,0,0,1,0,0.0,0.0,0.0,0.0,0,8,1,0.0,0.0,0.0,0.0,0.0,0.0,0.0,0.0,0.0,0.0
5676,Rodrigo Iñaki Melo,ARG,MF,Atlé Tucumán,29,1995,8,0,120,1.3,0,0,0,0,0,0,0,0,0.0,0.0,0.0,0.0,2,10,1,0.0,0.0,0.0,0.0,0.0,0.03,0.0,0.03,0.03,0.03
5677,Juan Infante,ARG,DF,Atlé Tucumán,29,1996,10,10,820,9.1,0,0,0,0,0,0,2,0,0.1,0.1,0.1,0.1,15,29,29,0.0,0.0,0.0,0.0,0.0,0.01,0.01,0.01,0.01,0.01
5678,Luis Ingolotti,ARG,GK,Gimnasia–LP,25,2000,3,3,270,3.0,0,0,0,0,0,0,0,0,0.0,0.0,0.0,0.0,0,0,0,0.0,0.0,0.0,0.0,0.0,0.0,0.0,0.0,0.0,0.0
5679,Manuel Insaurralde,ARG,MF,San Lorenzo,26,1999,7,2,205,2.3,0,0,0,0,0,0,1,0,0.1,0.1,0.5,0.6,3,13,9,0.0,0.0,0.0,0.0,0.0,0.05,0.21,0.25,0.05,0.25
5680,Nelson Insfrán,ARG,GK,Gimnasia–LP,30,1995,15,15,1350,15.0,0,0,0,0,0,0,2,0,0.0,0.0,0.0,0.0,0,0,1,0.0,0.0,0.0,0.0,0.0,0.0,0.0,0.0,0.0,0.0
5681,Rodrigo Insúa,ARG,"DF,MF",Barracas Central,27,1997,17,17,1530,17.0,3,2,5,0,3,3,4,0,3.1,0.5,1.2,1.7,26,47,56,0.18,0.12,0.29,0.0,0.12,0.18,0.07,0.25,0.03,0.1
5682,Elian Irala,ARG,MF,San Lorenzo,21,2004,15,15,1126,12.5,0,0,0,0,0,0,5,0,0.4,0.4,0.2,0.6,11,48,12,0.0,0.0,0.0,0.0,0.0,0.03,0.01,0.05,0.03,0.05
5683,Juan Iribarren,ARG,DF,Banfield,22,2003,6,2,337,3.7,0,0,0,0,0,0,1,0,0.0,0.0,0.0,0.1,3,14,9,0.0,0.0,0.0,0.0,0.0,0.01,0.01,0.02,0.01,0.02
5684,Carlos Izquierdoz,ARG,DF,Lanús,36,1988,17,16,1465,16.3,0,0,0,0,0,0,1,1,0.9,0.9,0.2,1.1,6,45,5,0.0,0.0,0.0,0.0,0.0,0.05,0.02,0.07,0.05,0.07
5685,Tomás Jacob,ARG,"DF,MF",Newell's OB,21,2004,13,12,1043,11.6,0,0,0,0,0,0,2,0,0.5,0.5,0.0,0.5,19,22,18,0.0,0.0,0.0,0.0,0.0,0.04,0.0,0.04,0.04,0.04
5686,Lucas Janson,ARG,FW,Boca Juniors,30,1994,3,1,112,1.2,0,0,0,0,0,0,0,0,0.1,0.1,0.3,0.5,1,7,9,0.0,0.0,0.0,0.0,0.0,0.12,0.26,0.38,0.12,0.38
5687,Kevin Jappert,ARG,DF,Barracas Central,21,2004,15,15,1350,15.0,2,0,2,2,0,0,2,0,1.3,1.3,0.2,1.5,4,27,4,0.13,0.0,0.13,0.13,0.13,0.09,0.01,0.1,0.09,0.1
5688,Franco Jara,ARG,FW,Belgrano,37,1988,16,14,1241,13.8,3,1,4,1,2,2,3,0,4.1,2.5,1.0,3.5,19,32,88,0.22,0.07,0.29,0.07,0.15,0.3,0.07,0.37,0.18,0.25
5689,Leonardo Jara,ARG,DF,Godoy Cruz,34,1991,8,7,572,6.4,0,0,0,0,0,0,1,0,0.0,0.0,0.0,0.0,5,13,8,0.0,0.0,0.0,0.0,0.0,0.0,0.0,0.01,0.0,0.01
5690,Sebastián Jaurena,ARG,"MF,FW",San Martín de San Juan,25,1999,14,11,881,9.8,0,1,1,0,0,0,1,0,0.4,0.4,0.8,1.2,13,23,24,0.0,0.1,0.1,0.0,0.1,0.04,0.08,0.12,0.04,0.12
5691,Eric Joel Tovo,ARG,DF,Deportivo Riestra,33,1992,4,3,199,2.2,0,0,0,0,0,0,0,0,0.0,0.0,0.0,0.0,0,2,1,0.0,0.0,0.0,0.0,0.0,0.0,0.0,0.0,0.0,0.0
5692,Jony,ARG,"MF,FW",San Martín de San Juan,31,1994,8,1,193,2.1,0,0,0,0,0,0,1,0,0.1,0.1,0.4,0.5,7,6,24,0.0,0.0,0.0,0.0,0.0,0.04,0.18,0.22,0.04,0.22
5693,Maximilano Juambeltz,URU,FW,Ind. Rivadavia,23,2002,1,0,24,0.3,0,0,0,0,0,0,0,0,0.0,0.0,0.0,0.0,0,0,1,0.0,0.0,0.0,0.0,0.0,0.0,0.0,0.0,0.0,0.0
5694,Fernando Juárez,ARG,MF,Platense,26,1998,14,4,524,5.8,0,0,0,0,0,0,3,0,0.1,0.1,0.0,0.1,0,20,3,0.0,0.0,0.0,0.0,0.0,0.01,0.0,0.01,0.01,0.01
5695,Fernando Juárez,ARG,MF,Cen. Córdoba–SdE,26,1998,2,0,59,0.7,0,0,0,0,0,0,1,0,0.0,0.0,0.0,0.0,0,0,0,0.0,0.0,0.0,0.0,0.0,0.0,0.05,0.05,0.0,0.05
5696,Luca Klimowicz,ARG,"FW,MF",Instituto,21,2004,12,5,458,5.1,0,0,0,0,0,0,1,0,2.1,2.1,0.1,2.1,9,7,24,0.0,0.0,0.0,0.0,0.0,0.41,0.02,0.42,0.41,0.42
5697,Bautista Kociubinski,ARG,"MF,FW",Estudiantes–LP,24,2001,5,2,184,2.0,0,0,0,0,0,0,1,0,0.1,0.1,0.3,0.4,1,17,0,0.0,0.0,0.0,0.0,0.0,0.06,0.15,0.21,0.06,0.21
5698,Matías Kranevitter,ARG,MF,River Plate,32,1993,4,2,198,2.2,0,0,0,0,0,0,1,0,0.0,0.0,0.0,0.0,2,12,0,0.0,0.0,0.0,0.0,0.0,0.01,0.0,0.01,0.01,0.01
5699,Tomás Kummer,ARG,MF,Aldosivi,20,2004,2,0,30,0.3,0,0,0,0,0,0,0,0,0.0,0.0,0.0,0.0,1,1,0,0.0,0.0,0.0,0.0,0.0,0.0,0.0,0.0,0.0,0.0
5700,Agustín Ladstatter,ARG,"FW,MF",San Lorenzo,20,2005,4,0,40,0.4,0,0,0,0,0,0,1,0,0.1,0.1,0.0,0.1,3,3,7,0.0,0.0,0.0,0.0,0.0,0.29,0.0,0.29,0.29,0.29
5701,Agustín Lagos,ARG,DF,Vélez Sarsfield,23,2001,7,5,423,4.7,0,0,0,0,0,0,2,0,0.2,0.2,0.5,0.7,10,37,21,0.0,0.0,0.0,0.0,0.0,0.05,0.1,0.15,0.05,0.15
5702,Nicolás Laméndola,ARG,MF,Atlé Tucumán,26,1998,12,5,461,5.1,3,0,3,3,0,0,3,0,1.3,1.3,0.5,1.7,20,21,41,0.59,0.0,0.59,0.59,0.59,0.25,0.09,0.34,0.25,0.34
5703,Leonardo Landriel,ARG,MF,Deportivo Riestra,29,1996,1,1,45,0.5,0,0,0,0,0,0,0,0,0.0,0.0,0.0,0.0,0,2,3,0.0,0.0,0.0,0.0,0.0,0.0,0.0,0.0,0.0,0.0
5704,Manuel Lanzini,ARG,"MF,FW",River Plate,32,1993,9,4,394,4.4,0,0,0,0,0,0,0,0,0.6,0.6,1.1,1.7,14,25,24,0.0,0.0,0.0,0.0,0.0,0.13,0.25,0.38,0.13,0.38
5705,Santiago Laquidaín,ARG,DF,Aldosivi,23,2001,2,1,93,1.0,0,0,0,0,0,0,0,0,0.0,0.0,0.0,0.0,0,0,0,0.0,0.0,0.0,0.0,0.0,0.0,0.0,0.0,0.0,0.0
5706,Valentín Larralde,ARG,MF,Defensa y Just,24,2000,4,1,103,1.1,0,0,0,0,0,0,1,0,0.0,0.0,0.1,0.1,3,7,1,0.0,0.0,0.0,0.0,0.0,0.03,0.09,0.12,0.03,0.12
5707,Joaquín Laso,ARG,DF,Tigre,35,1990,14,14,1259,14.0,0,1,1,0,0,0,3,1,0.3,0.3,1.0,1.4,5,52,5,0.0,0.07,0.07,0.0,0.07,0.02,0.07,0.1,0.02,0.1
5708,Jeremías Lázaro,ARG,"FW,MF",Instituto,21,2004,11,3,423,4.7,0,1,1,0,0,0,1,0,0.2,0.2,0.5,0.8,12,17,36,0.0,0.21,0.21,0.0,0.21,0.05,0.11,0.16,0.05,0.16
5709,Lucas Lazarte,ARG,MF,Aldosivi,19,2005,1,0,15,0.2,0,1,1,0,0,0,1,0,0.1,0.1,0.3,0.4,1,2,1,0.0,6.0,6.0,0.0,6.0,0.66,1.6,2.26,0.66,2.26
5710,Tomás Lecanda,ARG,DF,San Martín de San Juan,23,2002,6,6,538,6.0,0,0,0,0,0,0,3,1,0.2,0.2,0.1,0.2,3,16,0,0.0,0.0,0.0,0.0,0.0,0.03,0.01,0.04,0.03,0.04
5711,Anibal Leguizamón,ARG,DF,Belgrano,33,1992,9,9,809,9.0,0,0,0,0,0,0,0,1,0.1,0.1,0.0,0.1,7,30,3,0.0,0.0,0.0,0.0,0.0,0.01,0.0,0.02,0.01,0.02
5712,Tobías Leiva,ARG,MF,Aldosivi,21,2004,16,12,944,10.5,2,0,2,2,0,0,2,1,1.4,1.4,0.2,1.6,12,49,20,0.19,0.0,0.19,0.19,0.19,0.13,0.02,0.15,0.13,0.15
5713,Santiago Lencina,ARG,"FW,MF",River Plate,19,2005,3,3,220,2.4,2,0,2,2,0,0,1,0,0.3,0.3,0.7,1.0,8,13,26,0.82,0.0,0.82,0.82,0.82,0.12,0.3,0.42,0.12,0.42
5714,Alan Lescano,ARG,"MF,FW",Arg Juniors,23,2001,17,17,1434,15.9,3,3,6,3,0,1,2,0,4.0,3.2,2.0,5.3,27,80,74,0.19,0.19,0.38,0.19,0.38,0.25,0.13,0.38,0.2,0.33
5715,Leandro Lescano,ARG,DF,Huracán,22,2003,5,2,257,2.9,1,1,2,1,0,0,1,0,0.1,0.1,0.3,0.5,10,9,24,0.35,0.35,0.7,0.35,0.7,0.04,0.12,0.16,0.04,0.16
5716,Bruno Leyes,ARG,MF,Tigre,23,2001,1,0,23,0.3,0,0,0,0,0,0,0,0,0.0,0.0,0.0,0.0,0,0,0,0.0,0.0,0.0,0.0,0.0,0.0,0.0,0.0,0.0,0.0
5717,Bruno Leyes,ARG,MF,Godoy Cruz,23,2001,13,10,952,10.6,0,0,0,0,0,0,3,0,0.1,0.1,0.5,0.6,3,48,5,0.0,0.0,0.0,0.0,0.0,0.01,0.04,0.05,0.01,0.05
5718,Francesco Lo Celso,ARG,MF,Instituto,25,2000,1,0,35,0.4,0,0,0,0,0,0,0,0,0.0,0.0,0.0,0.0,0,5,1,0.0,0.0,0.0,0.0,0.0,0.0,0.0,0.0,0.0,0.0
5719,Lenny Lobato,BRA,MF,Defensa y Just,24,2001,1,1,57,0.6,0,0,0,0,0,0,0,0,0.0,0.0,0.0,0.1,5,1,10,0.0,0.0,0.0,0.0,0.0,0.07,0.02,0.09,0.07,0.09
5720,Gastón Lodico,ARG,MF,Instituto,27,1998,17,16,1228,13.6,4,1,5,4,0,0,1,0,1.0,1.0,2.1,3.1,9,82,35,0.29,0.07,0.37,0.29,0.37,0.08,0.15,0.23,0.08,0.23
5721,Luciano Lollo,ARG,DF,Newell's OB,38,1987,13,13,1096,12.2,2,0,2,2,0,0,2,1,0.4,0.4,0.1,0.4,0,19,2,0.16,0.0,0.16,0.16,0.16,0.03,0.0,0.04,0.03,0.04
5722,Kevin Lomónaco,ARG,DF,Independiente,23,2002,16,16,1432,15.9,0,0,0,0,0,0,2,0,0.4,0.4,0.1,0.4,24,75,2,0.0,0.0,0.0,0.0,0.0,0.02,0.01,0.03,0.02,0.03
5723,Santiago Longo,ARG,MF,Belgrano,27,1998,11,11,960,10.7,0,0,0,0,0,0,1,0,0.0,0.0,0.2,0.2,7,26,5,0.0,0.0,0.0,0.0,0.0,0.0,0.01,0.02,0.0,0.02
5724,Hernán Lopes,ARG,DF,San Martín de San Juan,34,1991,4,3,324,3.6,0,1,1,0,0,0,0,0,0.2,0.2,0.1,0.2,2,7,2,0.0,0.28,0.28,0.0,0.28,0.05,0.02,0.07,0.05,0.07
5725,Elías López,ARG,DF,Belgrano,25,2000,7,3,313,3.5,0,0,0,0,0,0,1,0,0.0,0.0,0.2,0.2,2,5,9,0.0,0.0,0.0,0.0,0.0,0.01,0.05,0.06,0.01,0.06
5726,Fabricio López,ARG,DF,San Lorenzo,22,2002,1,1,90,1.0,0,0,0,0,0,0,0,0,0.0,0.0,0.0,0.0,1,7,6,0.0,0.0,0.0,0.0,0.0,0.0,0.0,0.0,0.0,0.0
5727,Julián López,ARG,MF,Tigre,25,2000,15,5,467,5.2,0,0,0,0,0,0,4,0,0.2,0.2,0.6,0.8,5,28,16,0.0,0.0,0.0,0.0,0.0,0.04,0.12,0.16,0.04,0.16
5728,Kevin Lopez,ARG,MF,Atlé Tucumán,23,2001,10,6,497,5.5,0,0,0,0,0,0,3,0,0.3,0.3,0.2,0.5,13,38,13,0.0,0.0,0.0,0.0,0.0,0.06,0.04,0.1,0.06,0.1
5729,Lisandro López,ARG,DF,Belgrano,35,1989,1,1,89,1.0,0,0,0,0,0,0,0,0,0.0,0.0,0.0,0.0,0,0,0,0.0,0.0,0.0,0.0,0.0,0.0,0.0,0.0,0.0,0.0
5730,Hernán López Muñoz,ARG,MF,Arg Juniors,24,2000,1,0,18,0.2,0,0,0,0,0,0,0,0,0.0,0.0,0.0,0.0,0,1,0,0.0,0.0,0.0,0.0,0.0,0.0,0.24,0.24,0.0,0.24
5731,Santiago López,ARG,"MF,FW",Banfield,27,1997,14,8,767,8.5,1,0,1,1,0,0,2,0,0.8,0.8,0.3,1.1,19,34,39,0.12,0.0,0.12,0.12,0.12,0.09,0.03,0.13,0.09,0.13
5732,Santiago López,ARG,"FW,MF",Rosario Central,19,2006,10,7,547,6.1,2,0,2,2,0,0,2,0,2.3,2.3,0.8,3.1,15,21,55,0.33,0.0,0.33,0.33,0.33,0.38,0.14,0.51,0.38,0.51
5733,Nahuel Losada,ARG,GK,Lanús,32,1993,17,17,1530,17.0,0,0,0,0,0,0,0,0,0.0,0.0,0.1,0.1,0,2,0,0.0,0.0,0.0,0.0,0.0,0.0,0.0,0.0,0.0,0.0
5734,Augusto Lotti,ITA,FW,Platense,29,1996,18,13,955,10.6,1,2,3,1,0,1,0,0,2.4,1.6,1.4,3.0,7,17,59,0.09,0.19,0.28,0.09,0.28,0.24,0.13,0.37,0.16,0.29
5735,Maximiliano Lovera,ARG,"MF,FW",Rosario Central,26,1999,11,5,413,4.6,0,1,1,0,0,0,0,0,0.3,0.3,0.8,1.1,18,13,22,0.0,0.22,0.22,0.0,0.22,0.06,0.18,0.24,0.06,0.24
5736,Felipe Loyola,CHI,"MF,DF",Independiente,24,2000,16,15,1344,14.9,4,2,6,4,0,0,1,0,2.5,2.5,2.5,5.0,37,74,85,0.27,0.13,0.4,0.27,0.4,0.17,0.17,0.34,0.17,0.34
5737,Leandro Lozano,URU,DF,Arg Juniors,26,1998,17,17,1485,16.5,1,3,4,1,0,0,2,0,0.6,0.6,1.3,1.9,33,98,138,0.06,0.18,0.24,0.06,0.24,0.03,0.08,0.11,0.03,0.11
5738,Raúl Lozano,ARG,DF,Platense,27,1997,2,1,118,1.3,0,0,0,0,0,0,0,0,0.0,0.0,0.0,0.0,2,6,2,0.0,0.0,0.0,0.0,0.0,0.01,0.02,0.04,0.01,0.04
5739,Jeremías Lucco,ARG,MF,Belgrano,19,2005,2,0,52,0.6,0,0,0,0,0,0,0,0,0.0,0.0,0.0,0.0,0,0,5,0.0,0.0,0.0,0.0,0.0,0.0,0.0,0.0,0.0,0.0
5740,Martín Luciano,ARG,DF,Newell's OB,21,2003,4,2,164,1.8,0,0,0,0,0,0,0,0,0.3,0.3,0.0,0.3,4,3,6,0.0,0.0,0.0,0.0,0.0,0.16,0.0,0.16,0.16,0.16
5741,Juan Ludueña,ARG,DF,Unión,22,2003,5,4,360,4.0,0,0,0,0,0,0,0,0,0.1,0.1,0.0,0.1,4,12,1,0.0,0.0,0.0,0.0,0.0,0.02,0.0,0.02,0.02,0.02
5742,Alex Luna,ARG,"FW,MF",Instituto,21,2004,18,18,1502,16.7,6,2,8,5,1,1,5,0,3.9,3.1,2.7,5.8,37,68,105,0.36,0.12,0.48,0.3,0.42,0.23,0.16,0.39,0.18,0.35
5743,Francis Mac Allister,ARG,MF,Instituto,29,1995,17,17,1248,13.9,0,1,1,0,0,0,6,1,0.1,0.1,0.2,0.3,1,51,4,0.0,0.07,0.07,0.0,0.07,0.0,0.01,0.02,0.0,0.02
5744,Imanol Machuca,MAS,"FW,MF",Vélez Sarsfield,25,2000,10,4,426,4.7,1,1,2,1,0,0,1,0,1.1,1.1,0.8,1.9,23,14,47,0.21,0.21,0.42,0.21,0.42,0.23,0.16,0.4,0.23,0.4
5745,Ignacio Maestro Puch,ARG,"FW,MF",Independiente,21,2003,7,0,147,1.6,0,1,1,0,0,0,0,0,1.0,1.0,0.5,1.4,4,6,12,0.0,0.61,0.61,0.0,0.61,0.7,0.33,1.04,0.7,1.04
5746,Lisandro Magallán,ARG,DF,Vélez Sarsfield,31,1993,2,2,180,2.0,0,0,0,0,0,0,0,0,0.0,0.0,0.0,0.0,0,3,0,0.0,0.0,0.0,0.0,0.0,0.0,0.0,0.0,0.0,0.0
5747,Pablo Magnín,ARG,FW,Sarmiento,35,1990,12,6,560,6.2,2,0,2,1,1,1,1,0,2.6,1.8,0.6,2.4,2,2,27,0.32,0.0,0.32,0.16,0.16,0.42,0.1,0.52,0.29,0.39
5748,Guido Mainero,ARG,"FW,MF",Platense,30,1995,18,18,1412,15.7,3,4,7,3,0,0,3,0,1.6,1.6,2.7,4.2,38,32,86,0.19,0.25,0.45,0.19,0.45,0.1,0.17,0.27,0.1,0.27
5749,Víctor Malcorra,ARG,MF,Rosario Central,37,1987,13,13,1149,12.8,4,4,8,1,3,3,7,0,4.0,1.6,2.2,3.8,21,61,76,0.31,0.31,0.63,0.08,0.39,0.31,0.17,0.49,0.13,0.3
5750,Alexis Maldonado,ARG,DF,Banfield,27,1997,14,14,1211,13.5,0,0,0,0,0,0,4,0,0.2,0.2,0.0,0.3,7,27,1,0.0,0.0,0.0,0.0,0.0,0.02,0.0,0.02,0.02,0.02
5751,Facundo Mallo,URU,DF,Rosario Central,30,1995,10,10,817,9.1,0,0,0,0,0,0,2,0,0.2,0.2,0.1,0.2,4,33,0,0.0,0.0,0.0,0.0,0.0,0.02,0.01,0.03,0.02,0.03
5752,Emanuel Mammana,ARG,DF,Vélez Sarsfield,29,1996,9,8,674,7.5,0,0,0,0,0,0,2,0,0.1,0.1,0.1,0.1,4,54,0,0.0,0.0,0.0,0.0,0.0,0.01,0.01,0.02,0.01,0.02
5753,Ivo Mammini,ARG,"FW,MF",Gimnasia–LP,22,2003,9,1,199,2.2,0,0,0,0,0,0,0,0,0.1,0.1,0.0,0.1,2,2,17,0.0,0.0,0.0,0.0,0.0,0.06,0.01,0.07,0.06,0.07
5754,Leandro Mamut,ARG,"MF,FW",Gimnasia–LP,21,2003,7,1,226,2.5,0,0,0,0,0,0,0,0,0.3,0.3,0.1,0.4,4,9,11,0.0,0.0,0.0,0.0,0.0,0.11,0.04,0.15,0.11,0.15
5755,Federico Mancuello,ARG,"MF,FW",Independiente,36,1989,10,2,271,3.0,1,1,2,0,1,1,2,0,1.1,0.3,0.5,0.7,3,9,8,0.33,0.33,0.66,0.0,0.33,0.36,0.15,0.51,0.09,0.24
5756,Facundo Mansilla,ARG,DF,Cen. Córdoba–SdE,26,1999,3,3,270,3.0,0,0,0,0,0,0,0,0,0.1,0.1,0.0,0.1,0,5,1,0.0,0.0,0.0,0.0,0.0,0.02,0.0,0.02,0.02,0.02
5757,Matías Mansilla,ARG,GK,Atlé Tucumán,29,1996,1,1,90,1.0,0,0,0,0,0,0,0,0,0.0,0.0,0.0,0.0,0,0,0,0.0,0.0,0.0,0.0,0.0,0.0,0.0,0.0,0.0,0.0
5758,Matías Mansilla,ARG,GK,Estudiantes–LP,29,1996,16,16,1440,16.0,0,0,0,0,0,0,2,0,0.0,0.0,0.0,0.0,0,0,0,0.0,0.0,0.0,0.0,0.0,0.0,0.0,0.0,0.0,0.0
5759,Juan Manuel Elordi,ARG,DF,Rosario Central,30,1994,5,1,140,1.6,0,0,0,0,0,0,0,0,0.5,0.5,0.0,0.5,3,16,7,0.0,0.0,0.0,0.0,0.0,0.3,0.01,0.31,0.3,0.31
5760,Juan Manuel García,ARG,"FW,MF",Newell's OB,32,1992,11,4,439,4.9,0,0,0,0,0,1,2,1,1.6,0.8,0.2,1.0,4,8,20,0.0,0.0,0.0,0.0,0.0,0.32,0.04,0.37,0.16,0.21
5761,Juan Manuel Insaurralde,ARG,DF,Sarmiento,40,1984,15,15,1349,15.0,1,0,1,1,0,0,7,1,0.6,0.6,0.5,1.1,5,45,5,0.07,0.0,0.07,0.07,0.07,0.04,0.03,0.07,0.04,0.07
5762,Alexis Manyoma,COL,"MF,FW",Estudiantes–LP,22,2003,11,2,375,4.2,0,0,0,0,0,0,1,0,0.2,0.2,0.3,0.5,10,13,39,0.0,0.0,0.0,0.0,0.0,0.05,0.06,0.11,0.05,0.11
5763,Rafael Marcelo Delgado,ARG,DF,Defensa y Just,35,1990,7,4,480,5.3,0,0,0,0,0,0,2,0,0.0,0.0,0.0,0.0,2,19,0,0.0,0.0,0.0,0.0,0.0,0.0,0.0,0.0,0.0,0.0
5764,Agustín Marchesín,ARG,GK,Boca Juniors,37,1988,16,16,1440,16.0,0,0,0,0,0,0,2,0,0.0,0.0,0.0,0.0,0,0,0,0.0,0.0,0.0,0.0,0.0,0.0,0.0,0.0,0.0,0.0
5765,Leonardo Marchi,ARG,"DF,MF",Cen. Córdoba–SdE,28,1996,6,5,425,4.7,0,1,1,0,0,0,1,0,0.0,0.0,0.6,0.6,13,19,35,0.0,0.21,0.21,0.0,0.21,0.01,0.12,0.13,0.01,0.13
5766,Tomás Marchiori,ARG,GK,Vélez Sarsfield,30,1995,17,17,1530,17.0,0,0,0,0,0,0,1,0,0.0,0.0,0.1,0.1,0,0,0,0.0,0.0,0.0,0.0,0.0,0.0,0.0,0.0,0.0,0.0
5767,Sasha Marcich,ARG,DF,Lanús,27,1998,18,17,1544,17.2,0,3,3,0,0,0,3,0,0.4,0.4,1.9,2.3,24,91,72,0.0,0.17,0.17,0.0,0.17,0.02,0.11,0.13,0.02,0.13
5768,Iván Marcone,ARG,MF,Independiente,35,1990,16,14,1268,14.1,0,0,0,0,0,0,5,0,0.1,0.1,0.2,0.3,16,105,18,0.0,0.0,0.0,0.0,0.0,0.01,0.02,0.02,0.01,0.02
5769,Gonzalo Maroni,ARG,"MF,FW",Newell's OB,26,1999,17,12,985,10.9,1,2,3,1,0,0,4,0,1.9,1.9,2.0,3.9,43,57,68,0.09,0.18,0.27,0.09,0.27,0.17,0.19,0.36,0.17,0.36
5770,Rodrigo Márquez,ARG,"FW,MF",Platense,23,2002,2,0,23,0.3,0,0,0,0,0,0,0,0,0.0,0.0,0.0,0.0,1,2,4,0.0,0.0,0.0,0.0,0.0,0.0,0.04,0.04,0.0,0.04
5771,Agustín Martegani,ARG,MF,Boca Juniors,25,2000,1,1,57,0.6,0,0,0,0,0,0,0,0,0.1,0.1,0.0,0.1,1,0,2,0.0,0.0,0.0,0.0,0.0,0.12,0.0,0.12,0.12,0.12
5772,Enzo Martín Roldán,ARG,MF,Platense,24,2000,6,0,89,1.0,0,0,0,0,0,0,0,0,0.0,0.0,0.0,0.0,1,3,1,0.0,0.0,0.0,0.0,0.0,0.0,0.0,0.0,0.0,0.0
5773,Adrián Martínez,ARG,FW,Racing Club,33,1992,12,12,1019,11.3,9,1,10,8,1,1,5,0,6.2,5.4,1.1,6.5,6,18,60,0.79,0.09,0.88,0.71,0.79,0.54,0.1,0.64,0.47,0.57
5774,Brian Martínez,ARG,MF,Tigre,25,1999,1,0,23,0.3,0,0,0,0,0,0,0,0,0.0,0.0,0.0,0.0,0,0,4,0.0,0.0,0.0,0.0,0.0,0.0,0.0,0.0,0.0,0.0
5775,Damián Martínez,ARG,DF,Atlé Tucumán,35,1990,16,13,1136,12.6,0,1,1,0,0,0,8,0,0.1,0.1,1.1,1.2,8,47,48,0.0,0.08,0.08,0.0,0.08,0.01,0.08,0.09,0.01,0.09
5776,Fernando Martínez,ARG,"DF,MF",Cen. Córdoba–SdE,24,2000,6,4,399,4.4,0,0,0,0,0,0,1,0,0.0,0.0,0.3,0.3,15,8,12,0.0,0.0,0.0,0.0,0.0,0.0,0.08,0.08,0.0,0.08
5777,Luca Martínez,MEX,FW,Rosario Central,24,2001,1,0,9,0.1,0,0,0,0,0,0,0,0,0.0,0.0,0.0,0.0,0,0,0,0.0,0.0,0.0,0.0,0.0,0.0,0.0,0.0,0.0,0.0
5778,Luca Martínez,MEX,FW,Godoy Cruz,24,2001,16,8,818,9.1,2,1,3,2,0,0,1,0,2.7,2.7,0.2,2.9,7,9,24,0.22,0.11,0.33,0.22,0.33,0.3,0.02,0.32,0.3,0.32
5779,Mauricio Martínez,ARG,"MF,DF",Unión,32,1993,16,11,1024,11.4,1,0,1,1,0,0,3,0,0.7,0.7,0.2,0.9,23,59,16,0.09,0.0,0.09,0.09,0.09,0.07,0.01,0.08,0.07,0.08
5780,Lucas Martínez Quarta,ARG,DF,River Plate,29,1996,13,13,1144,12.7,1,0,1,1,0,0,6,0,0.7,0.7,0.9,1.6,13,52,3,0.08,0.0,0.08,0.08,0.08,0.06,0.07,0.13,0.06,0.13
5781,Ronaldo Martínez,PAR,"FW,MF",Platense,29,1996,14,10,802,8.9,3,1,4,3,0,0,2,0,2.4,2.4,0.4,2.9,8,20,47,0.34,0.11,0.45,0.34,0.45,0.27,0.05,0.31,0.27,0.31
5782,Rubén Martínez,ARG,DF,Independiente,21,2004,1,0,8,0.1,0,0,0,0,0,0,0,0,0.0,0.0,0.0,0.0,0,0,1,0.0,0.0,0.0,0.0,0.0,0.0,0.0,0.0,0.0,0.0
5783,Ángelo Martino,ARG,"DF,MF",Newell's OB,27,1998,7,7,596,6.6,0,1,1,0,0,0,1,0,0.0,0.0,0.3,0.4,12,8,12,0.0,0.15,0.15,0.0,0.15,0.01,0.05,0.06,0.01,0.06
5784,Gastón Martirena,URU,"DF,MF",Racing Club,25,2000,15,11,1053,11.7,2,4,6,2,0,0,3,0,0.7,0.7,2.6,3.3,26,58,61,0.17,0.34,0.51,0.17,0.51,0.06,0.22,0.29,0.06,0.29
5785,Franco Mastantuono,ARG,"FW,MF",River Plate,17,2007,10,9,748,8.3,3,3,6,3,0,0,3,0,2.7,2.7,2.0,4.7,41,28,99,0.36,0.36,0.72,0.36,0.72,0.32,0.24,0.57,0.32,0.57
5786,Diego Mastrángelo,ARG,MF,Gimnasia–LP,22,2002,1,1,62,0.7,0,0,0,0,0,0,1,0,0.0,0.0,0.0,0.0,3,4,2,0.0,0.0,0.0,0.0,0.0,0.0,0.0,0.0,0.0,0.0
5787,Facundo Mater,SYR,"DF,MF",Barracas Central,26,1998,14,12,1020,11.3,0,0,0,0,0,0,3,0,0.4,0.4,0.6,0.9,15,36,25,0.0,0.0,0.0,0.0,0.0,0.03,0.05,0.08,0.03,0.08
5788,Guillermo Matías Fernández,ARG,MF,Godoy Cruz,33,1991,2,1,119,1.3,0,0,0,0,0,0,1,0,0.0,0.0,0.2,0.2,0,9,3,0.0,0.0,0.0,0.0,0.0,0.0,0.18,0.18,0.0,0.18
5789,Diego Matías Rodríguez,ARG,GK,Arg Juniors,36,1989,17,17,1530,17.0,0,0,0,0,0,0,0,0,0.0,0.0,0.0,0.0,0,0,0,0.0,0.0,0.0,0.0,0.0,0.0,0.0,0.0,0.0,0.0
5790,Jerónimo Mattar,ARG,FW,Newell's OB,16,2008,1,0,1,0.0,0,0,0,0,0,0,0,0,0.0,0.0,0.0,0.0,0,0,0,0.0,0.0,0.0,0.0,0.0,0.0,0.0,0.0,0.0,0.0
5791,Julián Mavilla,ARG,MF,Belgrano,25,2000,4,0,75,0.8,0,0,0,0,0,0,0,0,0.0,0.0,0.0,0.0,4,1,5,0.0,0.0,0.0,0.0,0.0,0.0,0.0,0.0,0.0,0.0
5792,Augusto Max,ARG,"FW,MF",Gimnasia–LP,32,1992,3,0,56,0.6,0,0,0,0,0,0,2,0,0.0,0.0,0.0,0.0,0,0,1,0.0,0.0,0.0,0.0,0.0,0.0,0.05,0.05,0.0,0.05
5793,Walter Mazzantti,ARG,FW,Huracán,28,1996,16,13,1096,12.2,2,2,4,2,0,0,1,0,2.5,2.5,1.5,4.1,37,27,112,0.16,0.16,0.33,0.16,0.33,0.21,0.12,0.33,0.21,0.33
5794,Walter Mazzantti,ARG,FW,Independiente,28,1996,1,1,79,0.9,0,0,0,0,0,0,0,0,0.0,0.0,0.0,0.0,3,0,13,0.0,0.0,0.0,0.0,0.0,0.0,0.0,0.0,0.0,0.0
5795,Agustín Medina,ARG,MF,Lanús,18,2006,14,6,692,7.7,0,0,0,0,0,0,3,0,0.1,0.1,0.2,0.3,2,38,14,0.0,0.0,0.0,0.0,0.0,0.01,0.03,0.04,0.01,0.04
5796,Cristian Medina,ARG,"MF,FW",Estudiantes–LP,23,2002,12,8,696,7.7,0,1,1,0,0,0,3,0,1.4,1.4,0.4,1.8,20,36,31,0.0,0.13,0.13,0.0,0.13,0.18,0.05,0.23,0.18,0.23
5797,Joel Medina,ARG,MF,Independiente,18,2007,1,1,90,1.0,0,0,0,0,0,0,1,0,0.1,0.1,0.0,0.1,3,4,1,0.0,0.0,0.0,0.0,0.0,0.05,0.03,0.08,0.05,0.08
5798,Sebastián Medina,ARG,"MF,FW",Tigre,25,2000,15,8,735,8.2,1,1,2,1,0,0,3,0,0.4,0.4,0.8,1.3,12,25,45,0.12,0.12,0.24,0.12,0.24,0.05,0.1,0.15,0.05,0.15
5799,Juan Meli,ARG,DF,Godoy Cruz,24,2000,13,12,1106,12.3,0,0,0,0,0,0,5,0,0.1,0.1,0.3,0.4,13,48,23,0.0,0.0,0.0,0.0,0.0,0.01,0.03,0.04,0.01,0.04
5800,Matías Melluso,ARG,"DF,MF",Gimnasia–LP,27,1998,4,0,108,1.2,0,0,0,0,0,0,2,0,0.1,0.1,0.0,0.1,1,8,7,0.0,0.0,0.0,0.0,0.0,0.05,0.0,0.05,0.05,0.05
5801,Armando Méndez,URU,DF,Lanús,29,1996,10,6,552,6.1,0,0,0,0,0,0,3,0,0.4,0.4,0.6,1.0,16,16,20,0.0,0.0,0.0,0.0,0.0,0.06,0.09,0.16,0.06,0.16
5802,Mateo Mendía,ARG,DF,Boca Juniors,21,2004,1,1,90,1.0,0,0,0,0,0,0,0,0,0.0,0.0,0.0,0.0,0,4,0,0.0,0.0,0.0,0.0,0.0,0.0,0.0,0.0,0.0,0.0
5803,Mateo Mendoza,ARG,DF,Godoy Cruz,20,2004,16,16,1440,16.0,0,0,0,0,0,0,7,0,0.2,0.2,0.1,0.3,11,33,0,0.0,0.0,0.0,0.0,0.0,0.01,0.01,0.02,0.01,0.02
5804,Lucas Menossi,ARG,MF,Belgrano,33,1992,14,11,898,10.0,1,0,1,1,0,0,4,0,1.5,1.5,0.4,1.8,7,34,22,0.1,0.0,0.1,0.1,0.1,0.15,0.04,0.18,0.15,0.18
5805,Miguel Merentiel,URU,FW,Boca Juniors,29,1996,18,8,827,9.2,6,3,9,6,0,0,1,0,3.4,3.4,1.4,4.8,16,19,48,0.65,0.33,0.98,0.65,0.98,0.37,0.15,0.52,0.37,0.52
5806,Nicolás Meriano,ARG,DF,Belgrano,24,2000,10,6,456,5.1,0,0,0,0,0,0,2,0,0.0,0.0,0.0,0.0,1,13,1,0.0,0.0,0.0,0.0,0.0,0.01,0.0,0.01,0.01,0.01
5807,Bautista Merlini,ARG,"MF,FW",Gimnasia–LP,30,1995,10,5,469,5.2,0,2,2,0,0,0,3,0,0.2,0.2,0.6,0.9,16,28,29,0.0,0.38,0.38,0.0,0.38,0.05,0.12,0.17,0.05,0.17
5808,Jeremias Merlo,ARG,FW,Gimnasia–LP,19,2006,3,2,165,1.8,0,0,0,0,0,0,0,0,0.2,0.2,0.0,0.2,7,3,10,0.0,0.0,0.0,0.0,0.0,0.09,0.01,0.1,0.09,0.1
5809,Eric Meza,ARG,DF,Estudiantes–LP,26,1999,16,16,1378,15.3,0,1,1,0,0,0,4,0,0.3,0.3,2.1,2.4,54,68,97,0.0,0.07,0.07,0.0,0.07,0.02,0.14,0.16,0.02,0.16
5810,Juan Meza,ARG,MF,River Plate,17,2008,2,1,81,0.9,0,0,0,0,0,0,0,0,0.0,0.0,0.2,0.2,2,3,5,0.0,0.0,0.0,0.0,0.0,0.01,0.22,0.23,0.01,0.23
5811,Maximiliano Meza,ARG,"MF,FW",River Plate,32,1992,11,7,700,7.8,0,1,1,0,0,0,4,0,1.0,1.0,0.8,1.8,29,85,31,0.0,0.13,0.13,0.0,0.13,0.13,0.1,0.23,0.13,0.23
5812,Sebastián Meza,ARG,GK,Huracán,25,2000,1,1,90,1.0,0,0,0,0,0,0,2,0,0.0,0.0,0.0,0.0,0,0,0,0.0,0.0,0.0,0.0,0.0,0.0,0.0,0.0,0.0,0.0
5813,Luis Miguel Rodríguez,ARG,"MF,FW",Atlé Tucumán,40,1985,9,2,311,3.5,0,0,0,0,0,0,1,0,0.5,0.5,0.6,1.1,3,28,17,0.0,0.0,0.0,0.0,0.0,0.14,0.18,0.32,0.14,0.32
5814,Matko Miljevic,USA,"MF,FW",Huracán,24,2001,16,14,1109,12.3,5,0,5,2,3,3,4,0,3.9,1.8,1.2,3.0,44,99,62,0.41,0.0,0.41,0.16,0.16,0.32,0.1,0.42,0.14,0.24
5815,Lautaro Millán,ARG,"FW,MF",Independiente,19,2005,13,10,738,8.2,1,0,1,1,0,0,1,0,1.4,1.4,1.6,3.0,14,34,63,0.12,0.0,0.12,0.12,0.12,0.17,0.2,0.37,0.17,0.37
5816,Dardo Miloc,ARG,MF,Barracas Central,34,1990,17,17,1379,15.3,0,0,0,0,0,0,3,0,0.4,0.4,0.1,0.5,2,27,6,0.0,0.0,0.0,0.0,0.0,0.02,0.01,0.03,0.02,0.03
5817,Franco Minerva,ARG,"MF,FW",Platense,19,2006,7,1,128,1.4,0,0,0,0,0,0,0,0,0.1,0.1,0.0,0.1,1,2,3,0.0,0.0,0.0,0.0,0.0,0.04,0.0,0.04,0.04,0.04
5818,Facundo Miño,ARG,DF,Deportivo Riestra,25,1999,11,10,766,8.5,0,0,0,0,0,0,7,1,0.3,0.3,0.0,0.3,2,18,0,0.0,0.0,0.0,0.0,0.0,0.03,0.0,0.03,0.03,0.03
5819,Ignacio Miramon,ARG,"MF,FW",Boca Juniors,22,2003,3,1,102,1.1,0,0,0,0,0,0,1,0,0.2,0.2,0.0,0.2,1,7,0,0.0,0.0,0.0,0.0,0.0,0.17,0.0,0.17,0.17,0.17
5820,Leonel Miranda,ARG,MF,Banfield,31,1994,5,0,116,1.3,0,0,0,0,0,0,0,0,0.0,0.0,0.1,0.1,2,13,3,0.0,0.0,0.0,0.0,0.0,0.02,0.07,0.09,0.02,0.09
5821,Matías Miranda,ARG,FW,Defensa y Just,25,2000,5,4,275,3.1,1,0,1,1,0,0,0,0,0.4,0.4,0.1,0.5,3,15,20,0.33,0.0,0.33,0.33,0.33,0.17,0.05,0.21,0.17,0.21
5822,Juan Miritello,ARG,FW,Defensa y Just,26,1999,14,6,552,6.1,4,0,4,4,0,1,1,1,3.4,2.6,0.0,2.7,1,5,20,0.65,0.0,0.65,0.65,0.65,0.56,0.01,0.56,0.43,0.44
5823,Agustín Molina,ARG,FW,Sarmiento,19,2006,2,0,33,0.4,0,0,0,0,0,0,0,0,0.1,0.1,0.0,0.1,0,0,0,0.0,0.0,0.0,0.0,0.0,0.15,0.0,0.15,0.15,0.15
5824,Alejandro Molina,ARG,DF,San Martín de San Juan,27,1997,14,13,1075,11.9,0,0,0,0,0,0,4,0,0.3,0.3,0.6,0.9,11,24,42,0.0,0.0,0.0,0.0,0.0,0.03,0.05,0.08,0.03,0.08
5825,Tomás Molina,ARG,FW,Arg Juniors,30,1995,17,17,1250,13.9,8,1,9,8,0,1,1,0,7.2,6.4,1.3,7.7,19,23,88,0.58,0.07,0.65,0.58,0.65,0.52,0.09,0.61,0.46,0.56
5826,Manuel Mónaco,ARG,MF,Sarmiento,23,2002,1,0,12,0.1,0,0,0,0,0,0,0,0,0.0,0.0,0.0,0.0,0,1,0,0.0,0.0,0.0,0.0,0.0,0.0,0.0,0.0,0.0,0.0
5827,Pablo Monje,ARG,MF,Deportivo Riestra,28,1997,9,7,647,7.2,0,0,0,0,0,0,0,0,0.2,0.2,0.3,0.5,2,23,2,0.0,0.0,0.0,0.0,0.0,0.02,0.04,0.06,0.02,0.06
5828,Ezequiel Montagna,ARG,"MF,FW",San Martín de San Juan,31,1994,4,2,175,1.9,0,0,0,0,0,0,0,0,0.0,0.0,0.1,0.1,2,0,5,0.0,0.0,0.0,0.0,0.0,0.0,0.04,0.04,0.0,0.04
5829,Alejo Montero,ARG,DF,Newell's OB,27,1998,14,12,1089,12.1,0,0,0,0,0,0,5,0,0.2,0.2,1.0,1.3,21,25,40,0.0,0.0,0.0,0.0,0.0,0.02,0.08,0.1,0.02,0.1
5830,Gonzalo Montiel,ARG,DF,River Plate,28,1997,14,14,1138,12.6,1,3,4,1,0,0,2,0,1.3,1.3,2.7,4.0,24,68,116,0.08,0.24,0.32,0.08,0.32,0.1,0.22,0.32,0.1,0.32
5831,Santiago Montiel,ARG,FW,Independiente,24,2000,10,6,612,6.8,0,0,0,0,0,0,3,0,0.6,0.6,0.4,1.0,15,27,52,0.0,0.0,0.0,0.0,0.0,0.09,0.06,0.15,0.09,0.15
5832,Álvaro Montoro,ARG,"FW,MF",Vélez Sarsfield,18,2007,12,8,691,7.7,0,0,0,0,0,0,2,0,0.7,0.7,0.4,1.1,24,49,59,0.0,0.0,0.0,0.0,0.0,0.09,0.05,0.14,0.09,0.14
5833,Iván Morales Bravo,CHI,FW,Sarmiento,25,1999,16,11,1074,11.9,1,0,1,1,0,1,2,0,2.5,1.8,0.7,2.4,24,20,53,0.08,0.0,0.08,0.08,0.08,0.21,0.06,0.27,0.15,0.2
5834,Gonzalo Morales,ARG,"FW,MF",Barracas Central,22,2003,13,5,586,6.5,1,1,2,1,0,0,0,0,1.9,1.9,0.7,2.5,5,5,34,0.15,0.15,0.31,0.15,0.31,0.29,0.1,0.39,0.29,0.39
5835,Lautaro Morales,ARG,GK,Lanús,25,1999,1,1,90,1.0,0,0,0,0,0,0,0,0,0.0,0.0,0.0,0.0,0,0,0,0.0,0.0,0.0,0.0,0.0,0.0,0.0,0.0,0.0,0.0
5836,Leonardo Morales,ARG,DF,Belgrano,34,1991,1,1,90,1.0,0,0,0,0,0,0,0,0,0.0,0.0,0.0,0.0,0,1,0,0.0,0.0,0.0,0.0,0.0,0.0,0.0,0.0,0.0,0.0
5837,Leonardo Morales,ARG,DF,Gimnasia–LP,34,1991,16,16,1421,15.8,1,0,1,1,0,0,2,0,0.2,0.2,0.2,0.4,13,63,0,0.06,0.0,0.06,0.06,0.06,0.02,0.01,0.03,0.02,0.03
5838,Santiago Morales,ARG,DF,Sarmiento,23,2001,7,7,585,6.5,0,0,0,0,0,0,1,0,0.1,0.1,0.2,0.3,8,38,7,0.0,0.0,0.0,0.0,0.0,0.01,0.03,0.04,0.01,0.04
5839,Juan Morán,ARG,DF,Godoy Cruz,19,2006,6,6,450,5.0,0,0,0,0,0,0,0,0,0.1,0.1,0.0,0.1,7,14,12,0.0,0.0,0.0,0.0,0.0,0.01,0.01,0.02,0.01,0.02
5840,Junior Moreno,VEN,MF,Gimnasia–LP,32,1993,3,1,95,1.1,0,0,0,0,0,0,1,0,0.0,0.0,0.0,0.0,0,3,1,0.0,0.0,0.0,0.0,0.0,0.0,0.05,0.05,0.0,0.05
5841,Marcelino Moreno,ARG,MF,Lanús,31,1994,18,17,1518,16.9,4,1,5,4,0,0,1,0,3.0,3.0,4.5,7.5,52,103,117,0.24,0.06,0.3,0.24,0.3,0.18,0.27,0.45,0.18,0.45
5842,Valentín Moreno,ARG,DF,Tigre,22,2003,1,1,90,1.0,0,0,0,0,0,0,1,0,0.0,0.0,0.0,0.0,1,0,7,0.0,0.0,0.0,0.0,0.0,0.01,0.0,0.01,0.01,0.01
5843,Stéfano Moreyra,ARG,MF,Instituto,23,2001,12,5,550,6.1,0,0,0,0,0,0,2,0,0.1,0.1,0.0,0.1,2,31,3,0.0,0.0,0.0,0.0,0.0,0.01,0.0,0.01,0.01,0.01
5844,Leonel Mosevich,ARG,MF,Instituto,28,1997,1,0,4,0.0,0,0,0,0,0,0,0,0,0.0,0.0,0.0,0.0,0,1,0,0.0,0.0,0.0,0.0,0.0,0.0,0.0,0.0,0.0,0.0
5845,Joaquín Mosqueira,ARG,MF,Talleres,20,2004,11,5,479,5.3,0,0,0,0,0,0,0,0,0.2,0.2,0.1,0.2,2,30,3,0.0,0.0,0.0,0.0,0.0,0.03,0.01,0.04,0.03,0.04
5846,Jherson Mosquera,COL,DF,Newell's OB,25,1999,1,1,90,1.0,0,0,0,0,0,0,0,0,0.0,0.0,0.0,0.0,1,2,1,0.0,0.0,0.0,0.0,0.0,0.0,0.0,0.0,0.0,0.0
5847,Gonzalo Mottes,ARG,DF,Aldosivi,27,1998,16,16,1440,16.0,2,1,3,2,0,0,3,0,0.8,0.8,0.4,1.2,2,27,4,0.12,0.06,0.19,0.12,0.19,0.05,0.03,0.08,0.05,0.08
5848,Santiago Moyano,ARG,"DF,MF",Cen. Córdoba–SdE,27,1997,10,9,841,9.3,0,1,1,0,0,0,2,0,0.0,0.0,0.5,0.5,21,43,42,0.0,0.11,0.11,0.0,0.11,0.0,0.05,0.06,0.0,0.06
5849,Iker Muniain,ESP,MF,San Lorenzo,32,1992,8,5,510,5.7,1,0,1,1,0,0,0,0,1.1,1.1,0.5,1.6,3,25,16,0.18,0.0,0.18,0.18,0.18,0.19,0.1,0.28,0.19,0.28
5850,Ezequiel Muñoz,ARG,DF,Lanús,34,1990,10,8,735,8.2,0,0,0,0,0,0,1,0,0.1,0.1,0.0,0.1,3,21,1,0.0,0.0,0.0,0.0,0.0,0.01,0.0,0.01,0.01,0.01
5851,Facundo Mura,ARG,DF,Racing Club,26,1999,10,6,500,5.6,1,0,1,1,0,0,2,0,0.4,0.4,0.4,0.8,12,24,35,0.18,0.0,0.18,0.18,0.18,0.06,0.08,0.14,0.06,0.14
5852,Yaison Murillo,COL,MF,Deportivo Riestra,31,1993,1,0,12,0.1,0,0,0,0,0,0,0,0,0.0,0.0,0.0,0.0,0,1,0,0.0,0.0,0.0,0.0,0.0,0.0,0.0,0.0,0.0,0.0
5853,Fernando Muslera,URU,GK,Estudiantes–LP,39,1986,1,1,90,1.0,0,0,0,0,0,0,0,0,0.0,0.0,0.0,0.0,0,0,0,0.0,0.0,0.0,0.0,0.0,0.0,0.0,0.0,0.0,0.0
5854,Juan Nardoni,ARG,MF,Racing Club,23,2002,14,13,1087,12.1,1,0,1,1,0,0,3,0,0.6,0.6,0.7,1.3,4,37,32,0.08,0.0,0.08,0.08,0.08,0.05,0.06,0.11,0.05,0.11
5855,Tomás Nasif,ARG,FW,Banfield,21,2004,7,6,550,6.1,3,1,4,2,1,1,0,0,1.4,0.6,0.1,0.8,12,7,29,0.49,0.16,0.65,0.33,0.49,0.23,0.02,0.25,0.1,0.12
5856,Federico Navarro,ARG,MF,Rosario Central,25,2000,14,14,1188,13.2,0,0,0,0,0,0,3,0,0.4,0.4,0.3,0.6,8,47,4,0.0,0.0,0.0,0.0,0.0,0.03,0.02,0.05,0.03,0.05
5857,Miguel Navarro,VEN,DF,Talleres,26,1999,13,13,1028,11.4,0,0,0,0,0,0,6,1,0.2,0.2,1.2,1.4,11,49,56,0.0,0.0,0.0,0.0,0.0,0.02,0.1,0.12,0.02,0.12
5858,Keylor Navas,CRC,GK,Newell's OB,38,1986,14,14,1260,14.0,0,0,0,0,0,0,1,0,0.0,0.0,0.0,0.0,0,0,0,0.0,0.0,0.0,0.0,0.0,0.0,0.0,0.0,0.0,0.0
5859,Ignacio Neira,URU,MF,Tigre,27,1998,1,0,8,0.1,0,0,0,0,0,0,0,0,0.0,0.0,0.0,0.0,1,4,0,0.0,0.0,0.0,0.0,0.0,0.0,0.0,0.0,0.0,0.0
5860,Gabriel Neves,URU,MF,Estudiantes–LP,27,1997,14,12,1034,11.5,2,1,3,2,0,0,2,0,0.3,0.3,0.4,0.6,6,112,6,0.17,0.09,0.26,0.17,0.26,0.03,0.03,0.06,0.03,0.06
5861,Franco Nicola,URU,MF,Atlé Tucumán,23,2002,14,9,718,8.0,3,0,3,3,0,0,0,0,1.7,1.7,1.7,3.5,20,19,51,0.38,0.0,0.38,0.38,0.38,0.22,0.22,0.43,0.22,0.43
5862,Roberto Nicolás Fernández,URU,"MF,DF",Godoy Cruz,27,1998,16,15,1249,13.9,0,1,1,0,0,0,9,0,0.7,0.7,1.0,1.8,23,55,50,0.0,0.07,0.07,0.0,0.07,0.05,0.08,0.13,0.05,0.13
5863,Gonzalo Nicolás Martínez,ARG,"MF,FW",River Plate,32,1993,6,3,290,3.2,0,2,2,0,0,0,0,0,0.5,0.5,0.8,1.3,7,25,52,0.0,0.62,0.62,0.0,0.62,0.16,0.25,0.41,0.16,0.41
5864,Aaron Nicolás Molinas,ARG,"MF,FW",Defensa y Just,24,2000,15,13,1003,11.1,2,1,3,2,0,0,2,0,0.9,0.9,1.3,2.2,30,86,68,0.18,0.09,0.27,0.18,0.27,0.08,0.12,0.2,0.08,0.2
5865,Santiago Núñez,ARG,DF,Estudiantes–LP,25,2000,14,13,1177,13.1,0,0,0,0,0,0,7,0,0.2,0.2,0.0,0.2,3,27,2,0.0,0.0,0.0,0.0,0.0,0.02,0.0,0.02,0.02,0.02
5866,Tomás O'Connor,ARG,MF,Rosario Central,21,2004,9,3,283,3.1,0,0,0,0,0,0,2,0,0.3,0.3,0.1,0.4,6,22,7,0.0,0.0,0.0,0.0,0.0,0.08,0.03,0.12,0.08,0.12
5867,Agustín Obando,ARG,"MF,FW",Banfield,25,2000,4,1,90,1.0,0,0,0,0,0,0,0,0,0.1,0.1,0.1,0.2,2,4,0,0.0,0.0,0.0,0.0,0.0,0.1,0.06,0.15,0.1,0.15
5868,Gabriel Obredor,ARG,"MF,FW",Deportivo Riestra,28,1997,8,0,148,1.6,1,0,1,1,0,0,2,0,0.4,0.4,0.0,0.4,2,2,13,0.61,0.0,0.61,0.61,0.61,0.25,0.0,0.25,0.25,0.25
5869,Pedro Ojeda,ARG,MF,Huracán,27,1997,13,3,405,4.5,1,2,3,1,0,0,2,0,0.6,0.6,1.4,2.0,8,22,4,0.22,0.44,0.67,0.22,0.67,0.13,0.31,0.44,0.13,0.44
5870,Gino Olguín,ARG,MF,San Martín de San Juan,25,2000,3,2,160,1.8,0,0,0,0,0,0,1,0,0.0,0.0,0.0,0.1,1,3,1,0.0,0.0,0.0,0.0,0.0,0.01,0.02,0.03,0.01,0.03
5871,Nicolás Omar Goitea,ARG,DF,Huracán,28,1997,2,0,121,1.3,0,0,0,0,0,0,0,0,0.0,0.0,0.0,0.0,0,2,1,0.0,0.0,0.0,0.0,0.0,0.0,0.0,0.0,0.0,0.0
5872,Óctavio Ontivero,ARG,DF,Lanús,19,2006,1,1,76,0.8,0,0,0,0,0,0,0,0,0.0,0.0,0.3,0.3,0,1,6,0.0,0.0,0.0,0.0,0.0,0.0,0.38,0.38,0.0,0.38
5873,Christian Ordoñez,ARG,MF,Vélez Sarsfield,20,2004,14,13,1130,12.6,0,0,0,0,0,0,3,0,0.3,0.3,0.2,0.6,19,53,44,0.0,0.0,0.0,0.0,0.0,0.03,0.02,0.05,0.03,0.05
5874,Matías Orihuela,ARG,DF,Atlé Tucumán,33,1992,6,4,485,5.4,0,0,0,0,0,0,2,0,0.1,0.1,0.5,0.5,10,17,14,0.0,0.0,0.0,0.0,0.0,0.01,0.08,0.09,0.01,0.09
5875,Renzo Orihuela,URU,DF,Sarmiento,24,2001,12,12,1048,11.6,0,0,0,0,0,0,5,0,0.3,0.3,0.0,0.3,8,33,18,0.0,0.0,0.0,0.0,0.0,0.02,0.0,0.03,0.02,0.03
5876,Nicolás Oróz,ARG,MF,Arg Juniors,31,1994,17,17,1241,13.8,1,2,3,1,0,0,3,0,0.7,0.7,1.6,2.4,18,102,30,0.07,0.15,0.22,0.07,0.22,0.05,0.12,0.17,0.05,0.17
5877,Franco Orozco,ARG,FW,Lanús,23,2002,6,2,209,2.3,0,0,0,0,0,0,0,0,0.5,0.5,0.3,0.7,11,6,33,0.0,0.0,0.0,0.0,0.0,0.2,0.12,0.31,0.2,0.31
5878,Nicolás Orsini,ARG,FW,Platense,30,1994,9,3,345,3.8,0,1,1,0,0,0,2,0,1.3,1.3,0.7,1.9,2,9,24,0.0,0.26,0.26,0.0,0.26,0.33,0.17,0.5,0.33,0.5
5879,Martín Ortega,ARG,DF,Tigre,25,1999,11,11,974,10.8,1,0,1,1,0,0,1,0,0.2,0.2,1.0,1.3,14,25,60,0.09,0.0,0.09,0.09,0.09,0.02,0.1,0.12,0.02,0.12
5880,Thomas Ortega,ARG,"MF,DF",Ind. Rivadavia,24,2000,9,5,440,4.9,0,0,0,0,0,0,2,0,0.4,0.4,0.3,0.7,7,27,17,0.0,0.0,0.0,0.0,0.0,0.09,0.06,0.15,0.09,0.15
5881,Diego Ortegoza,CHI,MF,Talleres,28,1997,15,9,872,9.7,2,1,3,2,0,0,5,0,2.0,1.6,0.8,2.4,14,55,16,0.21,0.1,0.31,0.21,0.31,0.21,0.08,0.29,0.16,0.25
5882,Kevin Ortíz,ARG,MF,Atlé Tucumán,24,2000,2,1,97,1.1,0,0,0,0,0,0,0,0,0.0,0.0,0.0,0.0,1,6,2,0.0,0.0,0.0,0.0,0.0,0.0,0.0,0.0,0.0,0.0
5883,Kevin Ortíz,ARG,MF,Rosario Central,24,2000,5,0,72,0.8,0,0,0,0,0,0,0,0,0.0,0.0,0.3,0.3,0,3,0,0.0,0.0,0.0,0.0,0.0,0.0,0.31,0.31,0.0,0.31
5884,Marcelo Ortiz,ARG,DF,Atlé Tucumán,31,1994,5,4,323,3.6,0,0,0,0,0,0,0,0,0.2,0.2,0.0,0.2,0,8,0,0.0,0.0,0.0,0.0,0.0,0.04,0.0,0.04,0.04,0.04
5885,Sergio Ortíz,ARG,MF,Deportivo Riestra,24,2001,1,0,8,0.1,0,0,0,0,0,0,0,0,0.0,0.0,0.0,0.0,0,0,0,0.0,0.0,0.0,0.0,0.0,0.0,0.0,0.0,0.0,0.0
5886,Alejo Osella,ARG,DF,Ind. Rivadavia,24,2000,9,5,437,4.9,0,0,0,0,0,0,1,0,0.1,0.1,0.0,0.1,3,15,11,0.0,0.0,0.0,0.0,0.0,0.01,0.0,0.01,0.01,0.01
5887,Abiel Osorio,ARG,FW,Defensa y Just,23,2002,15,11,919,10.2,2,0,2,2,0,0,2,0,3.0,3.0,0.2,3.2,15,19,65,0.2,0.0,0.2,0.2,0.2,0.3,0.02,0.32,0.3,0.32
5888,Tobías Ostchega,ARG,DF,Belgrano,26,1998,10,6,660,7.3,0,1,1,0,0,0,5,0,0.1,0.1,0.6,0.6,15,27,18,0.0,0.14,0.14,0.0,0.14,0.01,0.08,0.09,0.01,0.09
5889,Alfio Oviedo,PAR,FW,Tigre,29,1995,8,1,227,2.5,2,0,2,2,0,0,0,0,1.1,1.1,0.1,1.2,1,5,17,0.79,0.0,0.79,0.79,0.79,0.43,0.03,0.46,0.43,0.46
5890,Brandon Oviedo,ARG,DF,Banfield,20,2005,3,3,180,2.0,0,0,0,0,0,0,3,0,0.0,0.0,0.0,0.0,6,5,4,0.0,0.0,0.0,0.0,0.0,0.01,0.0,0.01,0.01,0.01
5891,Tobías Palacio,ARG,DF,Arg Juniors,18,2006,2,1,115,1.3,0,0,0,0,0,0,0,0,0.0,0.0,0.0,0.0,1,4,0,0.0,0.0,0.0,0.0,0.0,0.03,0.0,0.03,0.03,0.03
5892,Carlos Palacios,CHI,MF,Boca Juniors,25,2000,15,13,1101,12.2,3,3,6,3,0,0,1,0,1.1,1.1,3.0,4.1,19,72,40,0.25,0.25,0.49,0.25,0.49,0.09,0.25,0.34,0.09,0.34
5893,Julián Palacios,ARG,MF,Unión,26,1999,15,7,693,7.7,1,1,2,1,0,0,3,0,0.7,0.7,1.6,2.3,28,52,59,0.13,0.13,0.26,0.13,0.26,0.09,0.21,0.3,0.09,0.3
5894,Sebastián Palacios,ARG,FW,Talleres,33,1992,11,5,433,4.8,0,0,0,0,0,0,0,0,2.1,2.1,1.0,3.0,11,14,60,0.0,0.0,0.0,0.0,0.0,0.42,0.2,0.62,0.42,0.62
5895,Tiago Palacios,URU,"FW,MF",Estudiantes–LP,24,2001,16,16,1243,13.8,3,2,5,3,0,0,3,0,3.1,3.1,3.1,6.2,49,64,143,0.22,0.14,0.36,0.22,0.36,0.22,0.23,0.45,0.22,0.45
5896,Agustín Palavecino,ARG,"FW,MF",Aldosivi,22,2003,14,9,656,7.3,1,0,1,1,0,0,3,1,0.9,0.9,0.7,1.6,18,18,44,0.14,0.0,0.14,0.14,0.14,0.12,0.1,0.22,0.12,0.22
5897,Nicolás Palavecino,ARG,"MF,FW",Defensa y Just,22,2003,4,1,107,1.2,0,0,0,0,0,0,0,0,0.0,0.0,0.0,0.1,3,4,5,0.0,0.0,0.0,0.0,0.0,0.04,0.01,0.05,0.04,0.05
5898,Manuel Panaro Miramon,ARG,FW,Gimnasia–LP,23,2002,13,7,606,6.7,0,0,0,0,0,0,3,1,0.5,0.5,1.0,1.5,19,10,43,0.0,0.0,0.0,0.0,0.0,0.07,0.15,0.22,0.07,0.22
5899,Federico Paradela,ARG,MF,Sarmiento,26,1999,9,3,334,3.7,0,0,0,0,0,0,4,0,0.4,0.4,0.2,0.5,6,14,11,0.0,0.0,0.0,0.0,0.0,0.1,0.05,0.14,0.1,0.14
5900,Franco Paredes,ARG,DF,Independiente,26,1999,5,3,191,2.1,0,0,0,0,0,0,1,0,0.0,0.0,0.0,0.0,0,10,0,0.0,0.0,0.0,0.0,0.0,0.0,0.01,0.01,0.0,0.01
5901,Gabriel Paredes,ARG,DF,Aldosivi,21,2003,1,0,11,0.1,0,0,0,0,0,0,0,0,0.0,0.0,0.0,0.0,0,2,0,0.0,0.0,0.0,0.0,0.0,0.0,0.0,0.0,0.0,0.0
5902,Leandro Paredes,ARG,MF,Boca Juniors,31,1994,1,0,25,0.3,0,1,1,0,0,0,0,0,0.0,0.0,0.1,0.1,0,8,2,0.0,3.6,3.6,0.0,3.6,0.0,0.28,0.28,0.0,0.28
5903,Kevin Parzajuk,PAR,FW,Godoy Cruz,22,2002,11,7,570,6.3,0,1,1,0,0,0,0,0,0.3,0.3,0.2,0.5,2,7,36,0.0,0.16,0.16,0.0,0.16,0.05,0.03,0.08,0.05,0.08
5904,Luciano Pascual,ARG,"FW,MF",Godoy Cruz,21,2004,7,3,211,2.3,0,0,0,0,0,0,1,0,0.0,0.0,0.0,0.1,5,7,8,0.0,0.0,0.0,0.0,0.0,0.01,0.01,0.02,0.01,0.02
5905,Lucas Passerini,ARG,"FW,MF",Belgrano,31,1994,15,6,621,6.9,1,0,1,0,1,1,2,0,2.5,1.7,0.2,1.9,0,10,38,0.14,0.0,0.14,0.0,0.0,0.36,0.03,0.39,0.24,0.28
5906,Cristian Paz,ARG,DF,Deportivo Riestra,30,1995,17,17,1530,17.0,0,0,0,0,0,0,4,0,0.4,0.4,0.1,0.5,2,13,2,0.0,0.0,0.0,0.0,0.0,0.02,0.01,0.03,0.02,0.03
5907,Nehuén Paz,ARG,DF,Tigre,32,1993,16,16,1440,16.0,2,0,2,2,0,0,2,0,1.0,1.0,0.3,1.3,5,45,3,0.12,0.0,0.12,0.12,0.12,0.06,0.02,0.08,0.06,0.08
5908,Nehuén Paz,ARG,DF,Huracán,32,1993,1,1,90,1.0,0,0,0,0,0,0,0,0,0.0,0.0,0.0,0.0,0,3,0,0.0,0.0,0.0,0.0,0.0,0.0,0.05,0.05,0.0,0.05
5909,Nicolás Paz,ARG,DF,Unión,22,2002,9,7,367,4.1,0,0,0,0,0,0,1,0,0.1,0.1,0.0,0.1,5,12,2,0.0,0.0,0.0,0.0,0.0,0.02,0.0,0.02,0.02,0.02
5910,Mauro Peinipil,ARG,DF,Ind. Rivadavia,26,1999,9,7,653,7.3,1,0,1,1,0,0,0,0,0.5,0.5,0.1,0.6,6,16,26,0.14,0.0,0.14,0.14,0.14,0.07,0.01,0.09,0.07,0.09
5911,Nicolás Pelaitay,ARG,MF,San Martín de San Juan,32,1992,12,10,828,9.2,0,0,0,0,0,0,3,0,0.1,0.1,0.2,0.3,1,24,5,0.0,0.0,0.0,0.0,0.0,0.01,0.02,0.03,0.01,0.03
5912,Matías Pellegrini,ARG,"FW,MF",Vélez Sarsfield,25,2000,11,4,422,4.7,0,0,0,0,0,0,0,0,0.4,0.4,0.3,0.7,10,19,36,0.0,0.0,0.0,0.0,0.0,0.09,0.06,0.14,0.09,0.14
5913,Marco Pellegrino,ARG,DF,Huracán,23,2002,15,14,1278,14.2,1,0,1,1,0,0,4,0,0.3,0.3,0.0,0.3,15,46,2,0.07,0.0,0.07,0.07,0.07,0.02,0.0,0.02,0.02,0.02
5914,Marco Pellegrino,ARG,DF,Boca Juniors,23,2002,2,2,180,2.0,0,0,0,0,0,0,0,0,0.0,0.0,0.0,0.0,3,12,1,0.0,0.0,0.0,0.0,0.0,0.0,0.0,0.0,0.0,0.0
5915,Mateo Pellegrino,ARG,FW,Vélez Sarsfield,24,2001,1,0,34,0.4,0,0,0,0,0,0,0,0,0.0,0.0,0.0,0.0,0,0,4,0.0,0.0,0.0,0.0,0.0,0.0,0.0,0.0,0.0,0.0
5916,Felipe Peña,ARG,MF,Lanús,24,2001,8,5,386,4.3,0,0,0,0,0,0,2,0,0.2,0.2,0.0,0.3,2,26,7,0.0,0.0,0.0,0.0,0.0,0.06,0.01,0.07,0.06,0.07
5917,Jaime Peralta,COL,"FW,MF",San Lorenzo,20,2005,5,0,101,1.1,1,0,1,1,0,0,4,0,0.1,0.1,0.0,0.1,1,2,6,0.89,0.0,0.89,0.89,0.89,0.09,0.02,0.11,0.09,0.11
5918,Matías Perelló,ARG,"FW,MF",Cen. Córdoba–SdE,23,2001,15,8,742,8.2,3,2,5,3,0,0,2,0,2.4,2.4,3.0,5.4,28,18,87,0.36,0.24,0.61,0.36,0.61,0.29,0.37,0.66,0.29,0.66
5919,Elías Pereyra,ARG,DF,Instituto,26,1999,11,8,730,8.1,0,0,0,0,0,0,1,0,0.3,0.3,0.4,0.7,14,29,27,0.0,0.0,0.0,0.0,0.0,0.03,0.05,0.08,0.03,0.08
5920,Fabio Pereyra,ARG,DF,Huracán,35,1990,17,17,1470,16.3,1,0,1,1,0,0,3,0,0.8,0.8,0.0,0.9,7,53,1,0.06,0.0,0.06,0.06,0.06,0.05,0.0,0.05,0.05,0.05
5921,César Pérez,CHI,MF,Defensa y Just,22,2002,14,13,953,10.6,1,0,1,1,0,0,1,0,1.0,1.0,0.2,1.2,19,67,29,0.09,0.0,0.09,0.09,0.09,0.09,0.02,0.11,0.09,0.11
5922,Damián Pérez,ARG,DF,Defensa y Just,36,1988,3,2,225,2.5,0,0,0,0,0,0,0,0,0.1,0.1,0.0,0.1,7,16,7,0.0,0.0,0.0,0.0,0.0,0.04,0.01,0.05,0.04,0.05
5923,Enzo Pérez,ARG,MF,River Plate,39,1986,17,15,1170,13.0,0,0,0,0,0,0,3,1,0.0,0.0,0.3,0.3,5,79,4,0.0,0.0,0.0,0.0,0.0,0.0,0.03,0.03,0.0,0.03
5924,Fabricio Pérez,ARG,"MF,FW",Estudiantes–LP,19,2005,3,0,63,0.7,0,0,0,0,0,0,1,0,0.0,0.0,0.0,0.1,0,3,9,0.0,0.0,0.0,0.0,0.0,0.04,0.03,0.07,0.04,0.07
5925,Gonzalo Pérez,URU,DF,Lanús,24,2001,11,8,671,7.5,0,0,0,0,0,0,3,0,0.1,0.1,0.2,0.3,5,41,29,0.0,0.0,0.0,0.0,0.0,0.01,0.03,0.04,0.01,0.04
5926,Juan Pérez,COL,"MF,FW",Godoy Cruz,20,2004,4,2,216,2.4,0,0,0,0,0,0,0,0,0.1,0.1,0.2,0.3,8,8,8,0.0,0.0,0.0,0.0,0.0,0.04,0.08,0.12,0.04,0.12
5927,Leonel Pérez,ARG,MF,Huracán,20,2004,16,15,1317,14.6,0,0,0,0,0,0,5,0,0.5,0.5,0.1,0.6,4,45,5,0.0,0.0,0.0,0.0,0.0,0.03,0.0,0.04,0.03,0.04
5928,Edwuin Pernía,VEN,"FW,MF",San Martín de San Juan,30,1995,6,1,167,1.9,0,0,0,0,0,0,1,0,0.9,0.9,0.0,0.9,3,1,13,0.0,0.0,0.0,0.0,0.0,0.51,0.0,0.51,0.51,0.51
5929,Patricio Pernicone,ARG,DF,Vélez Sarsfield,24,2001,3,2,221,2.5,0,0,0,0,0,0,0,1,0.0,0.0,0.0,0.0,1,10,0,0.0,0.0,0.0,0.0,0.0,0.01,0.0,0.01,0.01,0.01
5930,Tiziano Perrotta,ARG,FW,Banfield,18,2006,1,1,71,0.8,0,0,0,0,0,0,0,0,0.1,0.1,0.1,0.2,1,2,2,0.0,0.0,0.0,0.0,0.0,0.19,0.11,0.3,0.19,0.3
5931,Francisco Perruzzi,ARG,MF,San Lorenzo,23,2001,2,0,11,0.1,0,0,0,0,0,0,0,0,0.0,0.0,0.0,0.0,0,0,0,0.0,0.0,0.0,0.0,0.0,0.0,0.0,0.0,0.0,0.0
5932,Ignacio Perruzzi,ARG,MF,San Lorenzo,20,2005,3,3,269,3.0,0,0,0,0,0,0,0,0,0.1,0.1,0.0,0.1,0,7,2,0.0,0.0,0.0,0.0,0.0,0.03,0.0,0.03,0.03,0.03
5933,Franco Petroli,ARG,GK,Godoy Cruz,27,1998,18,18,1620,18.0,0,0,0,0,0,0,1,0,0.0,0.0,0.0,0.0,0,0,0,0.0,0.0,0.0,0.0,0.0,0.0,0.0,0.0,0.0,0.0
5934,Germán Pezzella,ARG,DF,River Plate,34,1991,15,12,1096,12.2,0,0,0,0,0,0,3,0,0.5,0.5,0.3,0.8,5,43,0,0.0,0.0,0.0,0.0,0.0,0.04,0.02,0.06,0.04,0.06
5935,Leonel Picco,ARG,MF,Platense,25,1999,17,17,1465,16.3,0,0,0,0,0,0,4,0,0.4,0.4,0.1,0.5,7,72,15,0.0,0.0,0.0,0.0,0.0,0.02,0.01,0.03,0.02,0.03
5936,Alejandro Piedrahita,COL,"FW,MF",Gimnasia–LP,22,2002,10,7,591,6.6,0,0,0,0,0,0,2,0,0.4,0.4,0.3,0.7,18,18,76,0.0,0.0,0.0,0.0,0.0,0.07,0.04,0.11,0.07,0.11
5937,Juan Pignani,ARG,DF,Platense,24,2001,1,1,90,1.0,0,0,0,0,0,0,0,0,0.0,0.0,0.0,0.0,0,4,1,0.0,0.0,0.0,0.0,0.0,0.0,0.0,0.0,0.0,0.0
5938,Iván Pillud,ARG,DF,Cen. Córdoba–SdE,39,1986,6,6,450,5.0,0,0,0,0,0,0,0,0,0.0,0.0,0.0,0.0,4,25,17,0.0,0.0,0.0,0.0,0.0,0.0,0.01,0.01,0.0,0.01
5939,Gonzalo Piñeiro,ARG,MF,Tigre,24,2000,2,1,68,0.8,0,0,0,0,0,0,0,0,0.0,0.0,0.0,0.0,0,3,0,0.0,0.0,0.0,0.0,0.0,0.0,0.0,0.0,0.0,0.0
5940,Lisandro Piñero,ARG,"MF,FW",Banfield,18,2007,7,0,84,0.9,0,0,0,0,0,0,1,0,0.0,0.0,0.0,0.0,6,5,11,0.0,0.0,0.0,0.0,0.0,0.0,0.04,0.04,0.0,0.04
5941,Martín Pino,ARG,FW,Godoy Cruz,27,1998,1,1,56,0.6,0,0,0,0,0,0,0,0,0.0,0.0,0.1,0.1,0,1,3,0.0,0.0,0.0,0.0,0.0,0.0,0.08,0.08,0.0,0.08
5942,Juan Pintado,URU,DF,Gimnasia–LP,30,1994,17,16,1462,16.2,0,1,1,0,0,0,3,0,0.5,0.5,3.3,3.7,38,79,94,0.0,0.06,0.06,0.0,0.06,0.03,0.2,0.23,0.03,0.23
5943,Lucas Piovi,ARG,MF,Estudiantes–LP,32,1992,6,5,435,4.8,0,0,0,0,0,0,1,0,0.2,0.2,0.0,0.3,5,39,4,0.0,0.0,0.0,0.0,0.0,0.04,0.01,0.05,0.04,0.05
5944,Bruno Pittón,ARG,DF,Unión,32,1993,10,8,620,6.9,0,0,0,0,0,0,2,0,0.0,0.0,0.9,0.9,8,46,28,0.0,0.0,0.0,0.0,0.0,0.0,0.13,0.13,0.0,0.13
5945,Mauro Pittón,ARG,MF,Unión,30,1994,15,13,1012,11.2,0,0,0,0,0,0,2,0,0.9,0.9,0.3,1.2,10,44,30,0.0,0.0,0.0,0.0,0.0,0.08,0.03,0.11,0.08,0.11
5946,Francisco Pizzini,ARG,"FW,MF",Vélez Sarsfield,31,1993,16,9,731,8.1,0,0,0,0,0,0,0,0,0.7,0.7,0.4,1.0,39,46,72,0.0,0.0,0.0,0.0,0.0,0.08,0.05,0.13,0.08,0.13
5947,Joaquín Plaza,ARG,"FW,MF",Newell's OB,20,2004,2,1,73,0.8,0,0,0,0,0,0,0,0,0.1,0.1,0.0,0.1,1,1,2,0.0,0.0,0.0,0.0,0.0,0.11,0.0,0.11,0.11,0.11
5948,Vicente Poggi,URU,MF,Godoy Cruz,23,2002,17,12,932,10.4,1,0,1,1,0,0,4,0,0.9,0.9,0.3,1.2,10,50,14,0.1,0.0,0.1,0.1,0.1,0.09,0.03,0.12,0.09,0.12
5949,Joaquín Pombo,ARG,DF,Banfield,24,2001,13,13,1140,12.7,0,0,0,0,0,0,4,1,0.0,0.0,0.0,0.0,11,27,1,0.0,0.0,0.0,0.0,0.0,0.0,0.0,0.0,0.0,0.0
5950,Diego Porcel,ARG,FW,Arg Juniors,20,2005,1,0,25,0.3,0,0,0,0,0,0,0,0,0.2,0.2,0.0,0.2,1,1,1,0.0,0.0,0.0,0.0,0.0,0.67,0.0,0.67,0.67,0.67
5951,Maximiliano Porcel,ARG,MF,Vélez Sarsfield,19,2006,8,2,248,2.8,0,0,0,0,0,0,0,0,0.1,0.1,0.2,0.3,12,21,9,0.0,0.0,0.0,0.0,0.0,0.03,0.06,0.09,0.03,0.09
5952,Tomás Porra,ARG,"MF,FW",Barracas Central,21,2004,12,2,273,3.0,0,1,1,0,0,0,0,0,0.5,0.5,0.7,1.2,7,14,15,0.0,0.33,0.33,0.0,0.33,0.17,0.22,0.39,0.17,0.39
5953,Ayrton Portillo,ARG,"DF,MF",San Martín de San Juan,24,2000,15,10,964,10.7,0,0,0,0,0,0,3,0,0.2,0.2,0.3,0.5,21,25,35,0.0,0.0,0.0,0.0,0.0,0.02,0.03,0.05,0.02,0.05
5954,Juan Portillo,ARG,DF,Talleres,25,2000,13,13,1170,13.0,0,0,0,0,0,0,3,0,0.3,0.3,0.0,0.3,23,62,4,0.0,0.0,0.0,0.0,0.0,0.02,0.0,0.02,0.02,0.02
5955,Marcos Portillo,ARG,MF,Platense,25,2000,1,0,29,0.3,0,0,0,0,0,0,1,1,0.0,0.0,0.0,0.0,0,4,0,0.0,0.0,0.0,0.0,0.0,0.07,0.0,0.07,0.07,0.07
5956,Marcos Portillo,ARG,MF,Talleres,25,2000,4,2,166,1.8,0,0,0,0,0,0,2,0,0.1,0.1,0.7,0.8,2,16,6,0.0,0.0,0.0,0.0,0.0,0.05,0.38,0.44,0.05,0.44
5957,Tomás Pozzo,ARG,MF,Godoy Cruz,24,2000,7,1,224,2.5,0,0,0,0,0,0,0,0,0.1,0.1,0.5,0.6,9,15,26,0.0,0.0,0.0,0.0,0.0,0.02,0.22,0.25,0.02,0.25
5958,Ayrton Preciado,ECU,"FW,MF",Aldosivi,31,1994,13,6,592,6.6,2,2,4,2,0,0,0,0,0.9,0.9,0.6,1.5,21,18,34,0.3,0.3,0.61,0.3,0.61,0.13,0.09,0.22,0.13,0.22
5959,Sebastián Prieto,ARG,DF,Arg Juniors,32,1993,14,12,1047,11.6,1,1,2,1,0,0,2,0,0.4,0.4,0.7,1.1,31,53,84,0.09,0.09,0.17,0.09,0.17,0.03,0.06,0.09,0.03,0.09
5960,Rafael Profini,ARG,MF,Unión,21,2003,11,10,768,8.5,0,1,1,0,0,0,3,0,0.3,0.3,0.4,0.7,8,46,5,0.0,0.12,0.12,0.0,0.12,0.04,0.05,0.09,0.04,0.09
5961,Damián Puebla,ARG,"MF,FW",Instituto,22,2002,17,7,740,8.2,1,0,1,1,0,0,1,0,0.9,0.9,1.1,2.0,12,21,38,0.12,0.0,0.12,0.12,0.12,0.11,0.13,0.24,0.11,0.24
5962,Maximiliano Puig,ARG,FW,Barracas Central,24,2000,1,0,22,0.2,0,0,0,0,0,0,0,0,0.1,0.1,0.0,0.1,0,0,0,0.0,0.0,0.0,0.0,0.0,0.47,0.0,0.47,0.47,0.47
5963,Nicolás Quagliata,URU,"MF,FW",Cen. Córdoba–SdE,26,1999,10,4,435,4.8,0,1,1,0,0,0,0,0,0.4,0.4,2.1,2.4,21,36,45,0.0,0.21,0.21,0.0,0.21,0.08,0.43,0.5,0.08,0.5
5964,Facundo Quignon,ARG,MF,Belgrano,32,1993,13,9,753,8.4,0,0,0,0,0,0,1,0,0.2,0.2,0.6,0.8,0,32,10,0.0,0.0,0.0,0.0,0.0,0.02,0.07,0.09,0.02,0.09
5965,Carlos Quintana,ARG,DF,Rosario Central,37,1988,15,15,1276,14.2,0,2,2,0,0,0,4,0,0.7,0.7,0.4,1.1,1,23,0,0.0,0.14,0.14,0.0,0.14,0.05,0.03,0.08,0.05,0.08
5966,Aaron Quirós,ARG,DF,Vélez Sarsfield,23,2001,9,7,590,6.6,0,0,0,0,0,0,5,2,0.1,0.1,0.0,0.1,3,30,0,0.0,0.0,0.0,0.0,0.0,0.01,0.0,0.01,0.01,0.01
5967,Santiago Quiros,ARG,DF,Racing Club,22,2003,9,7,601,6.7,0,0,0,0,0,0,0,0,0.0,0.0,0.0,0.0,10,22,1,0.0,0.0,0.0,0.0,0.0,0.0,0.0,0.0,0.0,0.0
5968,Leandro Quiroz,ARG,DF,Godoy Cruz,21,2004,2,1,135,1.5,0,0,0,0,0,0,0,0,0.0,0.0,0.0,0.0,0,3,0,0.0,0.0,0.0,0.0,0.0,0.01,0.0,0.01,0.01,0.01
5969,Yonatthan Rak,URU,DF,Barracas Central,31,1993,9,9,810,9.0,0,2,2,0,0,0,1,0,0.4,0.4,0.8,1.2,6,29,2,0.0,0.22,0.22,0.0,0.22,0.05,0.09,0.14,0.05,0.14
5970,Franco Rami,ARG,FW,Aldosivi,22,2003,10,3,374,4.2,2,0,2,2,0,0,0,0,1.4,1.4,0.1,1.5,0,3,26,0.48,0.0,0.48,0.48,0.48,0.34,0.02,0.36,0.34,0.36
5971,Eric Ramírez,VEN,FW,Tigre,26,1998,6,1,147,1.6,0,0,0,0,0,0,0,0,0.3,0.3,0.0,0.3,3,4,7,0.0,0.0,0.0,0.0,0.0,0.17,0.01,0.18,0.17,0.18
5972,Eric Ramírez,ARG,FW,Huracán,28,1996,16,11,899,10.0,3,1,4,2,1,1,3,0,3.2,2.4,0.3,2.8,8,13,43,0.3,0.1,0.4,0.2,0.3,0.32,0.03,0.36,0.24,0.28
5973,Juan Ramírez,ARG,"MF,FW",Lanús,32,1993,10,4,321,3.6,0,0,0,0,0,0,0,0,0.1,0.1,0.4,0.5,6,31,11,0.0,0.0,0.0,0.0,0.0,0.01,0.11,0.13,0.01,0.13
5974,Mateo Ramírez,ARG,"MF,DF",Deportivo Riestra,30,1995,3,0,28,0.3,0,0,0,0,0,0,0,0,0.0,0.0,0.0,0.0,0,1,0,0.0,0.0,0.0,0.0,0.0,0.0,0.0,0.0,0.0,0.0
5975,Matías Ramírez,ARG,FW,Defensa y Just,26,1999,10,3,368,4.1,0,1,1,0,0,0,2,0,0.3,0.3,0.5,0.8,16,16,34,0.0,0.24,0.24,0.0,0.24,0.07,0.12,0.19,0.07,0.19
5976,Pedro Ramírez,ARG,DF,Deportivo Riestra,25,2000,14,11,1008,11.2,0,0,0,0,0,0,6,0,1.2,1.2,0.3,1.5,8,20,17,0.0,0.0,0.0,0.0,0.0,0.11,0.02,0.13,0.11,0.13
5977,Victorio Ramis,ARG,FW,Ind. Rivadavia,31,1994,9,8,501,5.6,0,0,0,0,0,0,0,0,0.6,0.6,0.1,0.7,1,7,17,0.0,0.0,0.0,0.0,0.0,0.11,0.02,0.13,0.11,0.13
5978,Luciano Ramón Herrera,ARG,"FW,MF",Newell's OB,29,1996,15,11,857,9.5,3,1,4,3,0,0,4,0,2.2,2.2,1.3,3.5,28,20,64,0.32,0.11,0.42,0.32,0.42,0.23,0.13,0.36,0.23,0.36
5979,Luciano Ramón Herrera,ARG,FW,Defensa y Just,29,1996,1,0,21,0.2,0,0,0,0,0,0,0,0,0.0,0.0,0.0,0.0,1,1,3,0.0,0.0,0.0,0.0,0.0,0.0,0.0,0.0,0.0,0.0
5980,Juan Randazzo,ARG,DF,Deportivo Riestra,30,1994,7,5,467,5.2,1,0,1,1,0,0,2,0,0.6,0.6,0.1,0.7,1,8,0,0.19,0.0,0.19,0.19,0.19,0.11,0.01,0.13,0.11,0.13
5981,Federico Rasmussen,ARG,DF,Godoy Cruz,33,1992,16,16,1369,15.2,0,0,0,0,0,0,2,0,0.4,0.4,0.0,0.4,1,25,3,0.0,0.0,0.0,0.0,0.0,0.03,0.0,0.03,0.03,0.03
5982,Matías Reali,ARG,"MF,FW",San Lorenzo,27,1997,17,13,1073,11.9,0,1,1,0,0,0,3,0,0.8,0.8,2.6,3.4,45,13,76,0.0,0.08,0.08,0.0,0.08,0.07,0.22,0.29,0.07,0.29
5983,Luciano Recalde,ARG,DF,San Martín de San Juan,29,1995,7,6,500,5.6,0,0,0,0,0,0,2,0,0.3,0.3,0.0,0.3,5,21,0,0.0,0.0,0.0,0.0,0.0,0.06,0.0,0.06,0.06,0.06
5984,Luca Regiardo,ARG,MF,Newell's OB,18,2006,10,7,720,8.0,0,0,0,0,0,0,3,0,0.1,0.1,0.1,0.2,3,42,3,0.0,0.0,0.0,0.0,0.0,0.01,0.02,0.03,0.01,0.03
5985,Josue Reinatti,ARG,GK,Newell's OB,22,2003,2,2,180,2.0,0,0,0,0,0,0,0,0,0.0,0.0,0.0,0.0,0,0,0,0.0,0.0,0.0,0.0,0.0,0.0,0.0,0.0,0.0,0.0
5986,Jhon Rentería,COL,MF,Sarmiento,19,2005,2,0,46,0.5,0,0,0,0,0,0,0,0,0.1,0.1,0.3,0.4,2,2,3,0.0,0.0,0.0,0.0,0.0,0.16,0.59,0.75,0.16,0.75
5987,Gonzalo Requena,ARG,DF,Instituto,22,2003,11,10,927,10.3,0,0,0,0,0,0,2,0,0.1,0.1,0.1,0.1,4,18,0,0.0,0.0,0.0,0.0,0.0,0.01,0.01,0.01,0.01,0.01
5988,Kevin Retamar,ARG,"MF,FW",Ind. Rivadavia,26,1999,12,5,567,6.3,2,3,5,2,0,0,2,0,2.1,2.1,1.4,3.5,4,13,23,0.32,0.48,0.79,0.32,0.79,0.33,0.22,0.55,0.33,0.55
5989,Camilo Rey,ARG,MF,Boca Juniors,19,2006,5,3,305,3.4,0,0,0,0,0,0,0,0,0.0,0.0,0.0,0.0,2,12,3,0.0,0.0,0.0,0.0,0.0,0.0,0.0,0.0,0.0,0.0
5990,Rodrigo Rey,ARG,GK,Independiente,34,1991,17,17,1530,17.0,0,0,0,0,0,0,0,0,0.0,0.0,0.0,0.0,0,0,0,0.0,0.0,0.0,0.0,0.0,0.0,0.0,0.0,0.0,0.0
5991,Bryan Reyna,PER,"MF,FW",Belgrano,26,1998,12,5,479,5.3,0,0,0,0,0,0,2,0,0.5,0.5,0.3,0.8,11,17,43,0.0,0.0,0.0,0.0,0.0,0.1,0.05,0.15,0.1,0.15
5992,Emanuel Reynoso,ARG,MF,Talleres,29,1995,15,8,710,7.9,0,1,1,0,0,0,0,0,0.5,0.5,1.4,1.9,19,60,72,0.0,0.13,0.13,0.0,0.13,0.06,0.17,0.24,0.06,0.24
5993,Rick,BRA,FW,Talleres,25,1999,11,6,558,6.2,1,0,1,1,0,0,0,0,1.1,1.1,0.4,1.5,24,12,53,0.16,0.0,0.16,0.16,0.16,0.18,0.07,0.24,0.18,0.24
5994,Martín Río,ARG,MF,Banfield,24,2001,16,16,1392,15.5,2,1,3,2,0,0,5,0,1.0,1.0,1.5,2.5,10,60,7,0.13,0.06,0.19,0.13,0.19,0.07,0.1,0.16,0.07,0.16
5995,Gonzalo Ríos,ARG,"MF,FW",Banfield,26,1999,12,11,910,10.1,0,0,0,0,0,0,0,0,1.3,1.3,0.9,2.2,22,39,54,0.0,0.0,0.0,0.0,0.0,0.13,0.09,0.22,0.13,0.22
5996,Gonzalo Ríos,ARG,"MF,FW",Ind. Rivadavia,26,1999,3,0,68,0.8,0,0,0,0,0,0,0,0,0.1,0.1,0.1,0.2,3,2,2,0.0,0.0,0.0,0.0,0.0,0.17,0.08,0.25,0.17,0.25
5997,Lautaro Ríos,ARG,MF,Banfield,24,2000,14,9,780,8.7,0,0,0,0,0,0,3,0,0.3,0.3,0.1,0.4,5,52,4,0.0,0.0,0.0,0.0,0.0,0.03,0.01,0.04,0.03,0.04
5998,Geronimo Rivera,ARG,"MF,FW",Banfield,21,2003,13,11,845,9.4,2,1,3,2,0,0,3,0,1.7,1.7,0.7,2.5,17,30,49,0.21,0.11,0.32,0.21,0.32,0.19,0.08,0.26,0.19,0.26
5999,Lautaro Rivero,ARG,DF,Cen. Córdoba–SdE,21,2003,14,14,1260,14.0,2,1,3,2,0,0,1,0,0.4,0.4,1.0,1.5,12,31,2,0.14,0.07,0.21,0.14,0.21,0.03,0.07,0.11,0.03,0.11
6000,Blas Riveros,PAR,DF,Talleres,27,1998,12,6,718,8.0,0,1,1,0,0,0,0,0,0.2,0.2,0.8,1.0,25,30,31,0.0,0.13,0.13,0.0,0.13,0.03,0.11,0.13,0.03,0.13
6001,Paul Riveros,PAR,DF,Banfield,28,1997,6,5,479,5.3,0,0,0,0,0,0,2,0,0.0,0.0,0.0,0.0,0,9,0,0.0,0.0,0.0,0.0,0.0,0.0,0.0,0.0,0.0,0.0
6002,Agustín Rodríguez,ARG,"MF,FW",Lanús,21,2004,2,1,77,0.9,0,0,0,0,0,0,0,0,0.3,0.3,0.0,0.4,3,2,4,0.0,0.0,0.0,0.0,0.0,0.41,0.03,0.44,0.41,0.44
6003,Alan Rodríguez,URU,"MF,FW",Arg Juniors,25,2000,14,14,1162,12.9,2,1,3,2,0,0,2,0,1.1,1.1,2.0,3.1,39,53,99,0.15,0.08,0.23,0.15,0.23,0.08,0.16,0.24,0.08,0.24
6004,Baltasar Rodríguez,ARG,MF,Racing Club,22,2003,3,1,96,1.1,0,0,0,0,0,0,2,0,0.2,0.2,0.0,0.2,0,4,3,0.0,0.0,0.0,0.0,0.0,0.23,0.0,0.23,0.23,0.23
6005,Facundo Rodríguez,ARG,DF,Estudiantes–LP,25,2000,10,5,535,5.9,0,0,0,0,0,0,2,0,0.1,0.1,0.1,0.2,6,21,1,0.0,0.0,0.0,0.0,0.0,0.01,0.02,0.04,0.01,0.04
6006,Ignacio Rodríguez,ARG,"DF,MF",Racing Club,23,2002,10,5,555,6.2,0,0,0,0,0,0,3,0,0.3,0.3,1.0,1.3,21,24,49,0.0,0.0,0.0,0.0,0.0,0.04,0.16,0.2,0.04,0.2
6007,Juan Rodríguez,ARG,DF,Talleres,31,1994,12,10,943,10.5,0,1,1,0,0,0,0,0,0.8,0.8,0.2,1.0,7,50,1,0.0,0.1,0.1,0.0,0.1,0.07,0.02,0.09,0.07,0.09
6008,Lucas Rodríguez,ARG,DF,Instituto,31,1993,12,10,890,9.9,0,0,0,0,0,0,2,0,0.2,0.2,0.5,0.6,5,37,16,0.0,0.0,0.0,0.0,0.0,0.02,0.05,0.06,0.02,0.06
6009,Maximiliano Rodríguez,CHI,FW,Platense,25,2000,4,1,158,1.8,0,0,0,0,0,0,0,0,0.8,0.8,0.0,0.9,4,7,21,0.0,0.0,0.0,0.0,0.0,0.37,0.01,0.38,0.37,0.38
6010,Randall Rodríguez,URU,GK,Vélez Sarsfield,21,2003,1,1,90,1.0,0,0,0,0,0,0,0,0,0.0,0.0,0.0,0.0,0,0,0,0.0,0.0,0.0,0.0,0.0,0.0,0.0,0.0,0.0,0.0
6011,Santiago Rodriguez,ARG,"MF,FW",Arg Juniors,27,1997,10,0,169,1.9,0,0,0,0,0,0,0,0,0.1,0.1,0.1,0.2,5,8,14,0.0,0.0,0.0,0.0,0.0,0.06,0.06,0.12,0.06,0.12
6012,Santiago Rodriguez,ARG,FW,Sarmiento,27,1997,2,2,139,1.5,0,0,0,0,0,0,0,0,0.1,0.1,0.0,0.1,4,4,6,0.0,0.0,0.0,0.0,0.0,0.07,0.0,0.07,0.07,0.07
6013,Teo Rodríguez,ARG,DF,San Lorenzo,19,2005,1,0,4,0.0,0,0,0,0,0,0,0,0,0.0,0.0,0.0,0.0,0,0,0,0.0,0.0,0.0,0.0,0.0,0.0,0.0,0.0,0.0,0.0
6014,Manuel Roffo,ARG,GK,Instituto,25,2000,18,18,1620,18.0,0,0,0,0,0,0,2,0,0.0,0.0,0.0,0.0,0,0,0,0.0,0.0,0.0,0.0,0.0,0.0,0.0,0.0,0.0,0.0
6015,Gabriel Rojas,ARG,DF,Racing Club,28,1997,12,12,1062,11.8,0,0,0,0,0,0,0,0,0.5,0.5,1.2,1.7,37,44,82,0.0,0.0,0.0,0.0,0.0,0.04,0.1,0.15,0.04,0.15
6016,Matías Rojas,PAR,"FW,MF",River Plate,29,1995,5,0,112,1.2,1,0,1,1,0,0,0,0,0.2,0.2,0.0,0.3,1,14,17,0.8,0.0,0.8,0.8,0.8,0.19,0.02,0.21,0.19,0.21
6017,Marcos Rojo,ARG,DF,Boca Juniors,35,1990,11,11,859,9.5,1,0,1,1,0,0,3,0,0.6,0.6,0.0,0.6,5,55,0,0.1,0.0,0.1,0.1,0.1,0.06,0.0,0.06,0.06,0.06
6018,Leonel Roldán,ARG,MF,Vélez Sarsfield,20,2004,5,3,272,3.0,0,0,0,0,0,0,3,0,0.0,0.0,0.0,0.0,4,11,8,0.0,0.0,0.0,0.0,0.0,0.0,0.0,0.0,0.0,0.0
6019,Mauricio Roldán,ARG,"MF,FW",Banfield,20,2005,2,0,42,0.5,0,0,0,0,0,0,0,0,0.0,0.0,0.0,0.0,0,1,2,0.0,0.0,0.0,0.0,0.0,0.0,0.0,0.0,0.0,0.0
6020,Pocho Román,ITA,FW,Independiente,21,2004,1,0,34,0.4,0,0,0,0,0,0,0,0,0.0,0.0,0.0,0.0,1,1,9,0.0,0.0,0.0,0.0,0.0,0.02,0.0,0.02,0.02,0.02
6021,Jhohan Romaña,COL,DF,San Lorenzo,26,1998,17,17,1484,16.5,0,0,0,0,0,0,7,0,0.7,0.7,0.1,0.8,7,44,3,0.0,0.0,0.0,0.0,0.0,0.04,0.0,0.05,0.04,0.05
6022,Braian Romero,ARG,FW,Vélez Sarsfield,34,1991,17,15,1348,15.0,4,1,5,4,0,0,6,0,5.0,5.0,1.1,6.1,12,17,81,0.27,0.07,0.33,0.27,0.33,0.33,0.08,0.41,0.33,0.41
6023,José Romero,ARG,"FW,MF",Tigre,22,2003,7,3,277,3.1,3,1,4,3,0,0,0,0,1.5,1.5,1.1,2.5,6,4,17,0.97,0.32,1.3,0.97,1.3,0.48,0.34,0.82,0.48,0.82
6024,Juan Romero,PAR,"FW,MF",Instituto,24,2001,1,0,45,0.5,0,0,0,0,0,0,0,0,0.0,0.0,0.0,0.0,0,1,3,0.0,0.0,0.0,0.0,0.0,0.05,0.0,0.05,0.05,0.05
6025,Maximiliano Romero,ARG,"FW,MF",Arg Juniors,26,1999,1,0,9,0.1,0,0,0,0,0,0,0,0,0.0,0.0,0.0,0.1,0,1,2,0.0,0.0,0.0,0.0,0.0,0.48,0.13,0.61,0.48,0.61
6026,Silvio Romero,ARG,FW,Instituto,36,1988,8,0,112,1.2,0,0,0,0,0,0,1,0,0.2,0.2,0.0,0.2,0,2,2,0.0,0.0,0.0,0.0,0.0,0.14,0.0,0.14,0.14,0.14
6027,Facundo Roncaglia,ARG,DF,Sarmiento,38,1987,13,13,1170,13.0,0,0,0,0,0,0,3,0,0.0,0.0,0.0,0.0,6,28,1,0.0,0.0,0.0,0.0,0.0,0.0,0.0,0.0,0.0,0.0
6028,Siro Rosane,ARG,MF,Barracas Central,25,2000,15,3,702,7.8,0,1,1,0,0,0,2,0,0.2,0.2,0.6,0.8,2,17,8,0.0,0.13,0.13,0.0,0.13,0.02,0.08,0.1,0.02,0.1
6029,Tomás Rossi,ARG,DF,Godoy Cruz,26,1999,4,4,331,3.7,0,0,0,0,0,0,0,0,0.0,0.0,0.0,0.0,0,7,1,0.0,0.0,0.0,0.0,0.0,0.0,0.0,0.0,0.0,0.0
6030,Tobías Rubio,ARG,DF,Defensa y Just,20,2004,3,3,270,3.0,0,0,0,0,0,0,1,0,0.2,0.2,0.2,0.4,7,11,14,0.0,0.0,0.0,0.0,0.0,0.07,0.06,0.12,0.07,0.12
6031,Javier Ruiz,ARG,"MF,FW",Barracas Central,20,2004,12,11,817,9.1,1,4,5,1,0,0,0,0,0.4,0.4,1.9,2.3,24,20,53,0.11,0.44,0.55,0.11,0.55,0.04,0.21,0.25,0.04,0.25
6032,Joaquín Ruíz,ARG,"MF,FW",Boca Juniors,18,2006,1,0,26,0.3,0,0,0,0,0,0,0,0,0.1,0.1,0.0,0.1,1,1,3,0.0,0.0,0.0,0.0,0.0,0.44,0.0,0.44,0.44,0.44
6033,Ramiro Ruiz,ARG,"MF,FW",Atlé Tucumán,25,2000,14,7,638,7.1,0,4,4,0,0,0,0,0,1.3,1.3,2.4,3.7,11,13,53,0.0,0.56,0.56,0.0,0.56,0.18,0.34,0.53,0.18,0.53
6034,Ignacio Russo,ARG,FW,Tigre,24,2000,17,16,1300,14.4,5,1,6,5,0,1,3,0,8.0,7.2,0.9,8.1,12,21,93,0.35,0.07,0.42,0.35,0.42,0.56,0.06,0.62,0.5,0.56
6035,Juan Saborido,ARG,DF,Platense,27,1998,15,15,1215,13.5,0,0,0,0,0,0,4,0,0.1,0.1,0.4,0.5,19,34,34,0.0,0.0,0.0,0.0,0.0,0.01,0.03,0.04,0.01,0.04
6036,Maximiliano Salas,ARG,"MF,FW",Racing Club,27,1997,16,12,1017,11.3,1,3,4,1,0,0,4,0,1.9,1.9,1.7,3.6,37,31,94,0.09,0.27,0.35,0.09,0.35,0.16,0.15,0.31,0.16,0.31
6037,Maximiliano Salas,ARG,FW,River Plate,27,1997,2,2,180,2.0,1,1,2,1,0,0,0,0,0.9,0.9,0.1,0.9,6,8,20,0.5,0.5,1.0,0.5,1.0,0.43,0.04,0.47,0.43,0.47
6038,Saúl Salcedo,PAR,DF,Newell's OB,27,1997,13,11,931,10.3,0,0,0,0,0,0,0,0,1.0,1.0,0.0,1.0,14,41,2,0.0,0.0,0.0,0.0,0.0,0.09,0.0,0.1,0.09,0.1
6039,Branco Salinardi,ARG,FW,San Lorenzo,18,2007,1,0,10,0.1,0,0,0,0,0,0,0,0,0.0,0.0,0.0,0.0,0,0,0,0.0,0.0,0.0,0.0,0.0,0.0,0.0,0.0,0.0,0.0
6040,Santiago Salle,ARG,"FW,MF",Independiente,21,2004,3,1,131,1.5,0,0,0,0,0,0,0,0,0.0,0.0,0.0,0.0,9,1,10,0.0,0.0,0.0,0.0,0.0,0.0,0.01,0.01,0.0,0.01
6041,Santiago Salle,ARG,MF,San Martín de San Juan,21,2004,1,0,30,0.3,0,0,0,0,0,0,0,0,0.0,0.0,0.0,0.0,1,2,4,0.0,0.0,0.0,0.0,0.0,0.0,0.0,0.0,0.0,0.0
6042,Oscar Salomón,ARG,DF,Platense,26,1999,17,17,1530,17.0,0,0,0,0,0,0,1,0,0.4,0.4,0.1,0.4,1,37,2,0.0,0.0,0.0,0.0,0.0,0.02,0.0,0.02,0.02,0.02
6043,Eduardo Salvio,ARG,FW,Lanús,35,1990,18,16,1268,14.1,3,0,3,1,2,2,0,0,3.5,1.9,1.3,3.3,47,54,97,0.21,0.0,0.21,0.07,0.07,0.25,0.09,0.34,0.14,0.23
6044,Mario Sanabria,ARG,MF,Deportivo Riestra,22,2002,10,4,394,4.4,0,1,1,0,0,0,2,0,0.2,0.2,0.5,0.8,13,8,19,0.0,0.23,0.23,0.0,0.23,0.06,0.12,0.17,0.06,0.17
6045,Brían Sánchez,ARG,MF,Deportivo Riestra,32,1993,11,5,494,5.5,0,0,0,0,0,0,2,0,0.5,0.5,0.2,0.7,8,16,17,0.0,0.0,0.0,0.0,0.0,0.1,0.03,0.13,0.1,0.13
6046,Facundo Sánchez,ARG,MF,Lanús,19,2005,1,0,21,0.2,0,0,0,0,0,0,0,0,0.0,0.0,0.0,0.0,0,1,0,0.0,0.0,0.0,0.0,0.0,0.0,0.15,0.15,0.0,0.15
6047,Richard Sánchez,PAR,MF,Racing Club,29,1996,2,1,94,1.0,0,0,0,0,0,0,0,0,0.0,0.0,0.1,0.1,0,4,1,0.0,0.0,0.0,0.0,0.0,0.0,0.07,0.07,0.0,0.07
6048,Ulises Sánchez,ARG,"MF,FW",Belgrano,27,1998,11,4,298,3.3,0,1,1,0,0,0,0,0,0.1,0.1,0.5,0.7,4,13,16,0.0,0.3,0.3,0.0,0.3,0.04,0.16,0.2,0.04,0.2
6049,Agustín Sández,PAR,DF,Rosario Central,24,2001,17,17,1487,16.5,2,0,2,2,0,0,4,0,1.4,1.4,1.3,2.7,36,83,45,0.12,0.0,0.12,0.12,0.12,0.09,0.08,0.16,0.09,0.16
6050,Facundo Sanguinetti,ARG,GK,Banfield,24,2001,17,17,1530,17.0,0,0,0,0,0,0,1,0,0.0,0.0,0.0,0.0,0,0,0,0.0,0.0,0.0,0.0,0.0,0.0,0.0,0.0,0.0,0.0
6051,Nicolás Sansotre,ARG,DF,Deportivo Riestra,31,1993,14,14,1231,13.7,1,2,3,1,0,0,0,0,0.5,0.5,0.3,0.7,13,33,23,0.07,0.15,0.22,0.07,0.22,0.03,0.02,0.05,0.03,0.05
6052,Michael Santos,URU,FW,Vélez Sarsfield,32,1993,12,5,488,5.4,0,0,0,0,0,1,0,0,1.8,1.0,0.0,1.0,7,2,53,0.0,0.0,0.0,0.0,0.0,0.33,0.01,0.34,0.19,0.19
6053,Marcelo Saracchi,URU,"DF,MF",Boca Juniors,27,1998,6,4,360,4.0,1,0,1,1,0,0,1,0,0.1,0.1,0.5,0.5,12,23,26,0.25,0.0,0.25,0.25,0.25,0.02,0.12,0.13,0.02,0.13
6054,Jabes Saralegui,ARG,"MF,FW",Tigre,22,2003,15,13,1024,11.4,1,3,4,1,0,0,0,0,0.9,0.9,1.7,2.7,8,46,33,0.09,0.26,0.35,0.09,0.35,0.08,0.15,0.23,0.08,0.23
6055,Darío Sarmiento,ARG,MF,Tigre,22,2003,2,0,18,0.2,0,0,0,0,0,0,0,0,0.0,0.0,0.0,0.0,0,0,3,0.0,0.0,0.0,0.0,0.0,0.0,0.0,0.0,0.0,0.0
6056,Fabrizio Sartori,ARG,"FW,MF",Ind. Rivadavia,23,2002,14,3,424,4.7,4,0,4,4,0,0,0,0,1.9,1.9,0.1,2.0,3,4,26,0.85,0.0,0.85,0.85,0.85,0.41,0.02,0.43,0.41,0.43
6057,Rodrigo Sayavedra,ARG,DF,Deportivo Riestra,29,1995,9,4,375,4.2,0,0,0,0,0,0,2,0,0.0,0.0,0.2,0.2,2,13,3,0.0,0.0,0.0,0.0,0.0,0.0,0.06,0.06,0.0,0.06
6058,Benjamín Schamine,ARG,MF,Defensa y Just,21,2003,12,3,428,4.8,0,2,2,0,0,0,3,0,0.4,0.4,0.7,1.0,1,11,14,0.0,0.42,0.42,0.0,0.42,0.08,0.14,0.22,0.08,0.22
6059,Ignacio Schor,ARG,"FW,MF",Platense,24,2000,16,0,326,3.6,0,0,0,0,0,0,2,0,1.1,1.1,0.4,1.5,16,8,32,0.0,0.0,0.0,0.0,0.0,0.27,0.1,0.37,0.27,0.37
6060,Augusto Schott,ARG,DF,Talleres,25,2000,9,7,679,7.5,2,0,2,2,0,0,2,0,0.8,0.8,0.5,1.3,13,35,29,0.27,0.0,0.27,0.27,0.27,0.1,0.07,0.17,0.1,0.17
6061,Lorenzo Scipioni,ARG,MF,Tigre,20,2004,15,15,1330,14.8,1,0,1,1,0,0,7,0,1.1,1.1,0.1,1.2,8,68,6,0.07,0.0,0.07,0.07,0.07,0.07,0.01,0.08,0.07,0.08
6062,Alexis Segovia,ARG,FW,Lanús,21,2004,14,7,574,6.4,1,0,1,1,0,0,0,0,0.4,0.4,0.2,0.6,19,25,39,0.16,0.0,0.16,0.16,0.16,0.06,0.03,0.09,0.06,0.09
6063,Santiago Segovia,ARG,MF,Rosario Central,18,2007,4,3,208,2.3,0,1,1,0,0,0,0,0,0.0,0.0,0.4,0.4,6,13,3,0.0,0.43,0.43,0.0,0.43,0.01,0.18,0.19,0.01,0.19
6064,Mateo Seoane,ARG,MF,Gimnasia–LP,21,2004,1,0,45,0.5,0,0,0,0,0,0,1,0,0.0,0.0,0.0,0.0,0,2,0,0.0,0.0,0.0,0.0,0.0,0.0,0.0,0.0,0.0,0.0
6065,Bruno Sepúlveda,ARG,FW,Banfield,32,1992,3,3,247,2.7,0,0,0,0,0,0,1,0,0.4,0.4,0.0,0.4,1,6,13,0.0,0.0,0.0,0.0,0.0,0.15,0.0,0.15,0.15,0.15
6066,Leonardo Sequeira,ARG,FW,Huracán,30,1995,13,4,488,5.4,1,0,1,1,0,1,1,0,2.0,1.2,0.6,1.8,7,9,39,0.18,0.0,0.18,0.18,0.18,0.37,0.12,0.48,0.22,0.34
6067,Luis Sequeira,ARG,MF,Ind. Rivadavia,22,2003,16,14,1063,11.8,2,1,3,1,1,1,3,0,1.7,0.9,1.2,2.1,15,86,50,0.17,0.08,0.25,0.08,0.17,0.14,0.11,0.25,0.07,0.18
6068,Luis Sequeira,ARG,FW,Talleres,22,2003,1,1,73,0.8,1,0,1,1,0,0,0,0,0.1,0.1,0.0,0.1,1,5,4,1.23,0.0,1.23,1.23,1.23,0.16,0.0,0.16,0.16,0.16
6069,Tiago Serrago,ARG,"FW,MF",Aldosivi,21,2004,9,5,522,5.8,1,1,2,1,0,0,0,0,0.7,0.7,0.7,1.4,22,22,32,0.17,0.17,0.34,0.17,0.34,0.11,0.12,0.24,0.11,0.24
6070,Agustín Seyral,ARG,"MF,DF",Sarmiento,20,2005,1,0,12,0.1,0,0,0,0,0,0,0,0,0.0,0.0,0.0,0.0,0,0,0,0.0,0.0,0.0,0.0,0.0,0.0,0.0,0.0,0.0,0.0
6071,Agustín Sienra,ARG,DF,Defensa y Just,26,1999,1,1,90,1.0,0,0,0,0,0,0,0,0,0.0,0.0,0.0,0.0,1,2,1,0.0,0.0,0.0,0.0,0.0,0.0,0.0,0.0,0.0,0.0
6072,Tomás Silva,ARG,DF,Platense,22,2003,12,10,920,10.2,0,0,0,0,0,0,3,1,0.3,0.3,0.7,1.0,10,34,27,0.0,0.0,0.0,0.0,0.0,0.03,0.07,0.1,0.03,0.1
6073,Pedro Silva Torrejón,ARG,DF,Gimnasia–LP,28,1997,17,17,1444,16.0,0,0,0,0,0,0,1,0,0.7,0.7,0.9,1.6,11,59,52,0.0,0.0,0.0,0.0,0.0,0.04,0.06,0.1,0.04,0.1
6074,Thiago Silvero,ARG,DF,Vélez Sarsfield,19,2006,5,1,132,1.5,0,0,0,0,0,0,1,0,0.2,0.2,0.0,0.2,0,2,1,0.0,0.0,0.0,0.0,0.0,0.13,0.0,0.13,0.13,0.13
6075,Mateo Silvetti,ARG,"FW,MF",Newell's OB,19,2006,15,15,1090,12.1,2,1,3,2,0,0,1,0,2.4,2.4,1.6,4.0,36,22,128,0.17,0.08,0.25,0.17,0.25,0.2,0.14,0.33,0.2,0.33
6076,Santiago Simón,ARG,MF,River Plate,23,2002,11,5,489,5.4,0,0,0,0,0,0,0,1,0.4,0.4,1.0,1.3,10,45,27,0.0,0.0,0.0,0.0,0.0,0.07,0.18,0.24,0.07,0.24
6077,Augusto Solari,ARG,"MF,FW",Rosario Central,33,1992,6,1,204,2.3,0,0,0,0,0,0,0,0,0.0,0.0,0.2,0.2,2,11,14,0.0,0.0,0.0,0.0,0.0,0.01,0.07,0.08,0.01,0.08
6078,Pablo Solari,ARG,MF,River Plate,24,2001,1,0,17,0.2,0,0,0,0,0,0,0,0,0.0,0.0,0.0,0.0,2,0,10,0.0,0.0,0.0,0.0,0.0,0.0,0.0,0.0,0.0,0.0
6079,Santiago Solari,ARG,"MF,FW",Racing Club,27,1998,14,7,652,7.2,2,1,3,2,0,0,4,0,1.7,1.7,1.2,2.9,27,19,76,0.28,0.14,0.41,0.28,0.41,0.24,0.17,0.41,0.24,0.41
6080,Alan Sosa,ARG,"FW,MF",Gimnasia–LP,22,2003,14,9,801,8.9,0,0,0,0,0,0,0,0,1.5,1.5,0.6,2.1,17,29,61,0.0,0.0,0.0,0.0,0.0,0.17,0.07,0.24,0.17,0.24
6081,Diego Sosa,ARG,DF,Tigre,27,1997,5,3,325,3.6,1,0,1,0,1,1,0,0,0.8,0.0,0.3,0.3,3,6,9,0.28,0.0,0.28,0.0,0.0,0.23,0.08,0.31,0.01,0.09
6082,Ismael Sosa,ARG,"FW,MF",Arg Juniors,38,1987,12,1,282,3.1,0,0,0,0,0,0,1,0,0.7,0.7,0.3,1.0,4,10,37,0.0,0.0,0.0,0.0,0.0,0.23,0.09,0.32,0.23,0.32
6083,José Sosa,ARG,"MF,FW",Estudiantes–LP,40,1985,12,7,509,5.7,1,0,1,1,0,0,1,0,0.4,0.4,0.3,0.7,10,54,35,0.18,0.0,0.18,0.18,0.18,0.07,0.05,0.13,0.07,0.13
6084,Luca Sosa,ARG,DF,Newell's OB,31,1994,5,4,311,3.5,0,0,0,0,0,0,0,0,0.0,0.0,0.0,0.0,4,17,3,0.0,0.0,0.0,0.0,0.0,0.01,0.0,0.01,0.01,0.01
6085,Santiago Sosa,ARG,"DF,MF",Racing Club,26,1999,12,12,989,11.0,0,1,1,0,0,0,4,1,0.5,0.5,0.2,0.7,7,61,11,0.0,0.09,0.09,0.0,0.09,0.05,0.02,0.06,0.05,0.06
6086,Santiago Sosa,ARG,MF,Defensa y Just,20,2005,2,0,49,0.5,0,0,0,0,0,0,0,0,0.0,0.0,0.0,0.0,0,1,1,0.0,0.0,0.0,0.0,0.0,0.0,0.0,0.0,0.0,0.0
6087,David Sotelo,ARG,MF,Newell's OB,21,2003,13,5,541,6.0,0,1,1,0,0,0,1,0,0.5,0.5,0.1,0.6,7,31,13,0.0,0.17,0.17,0.0,0.17,0.09,0.02,0.1,0.09,0.1
6088,Alexis Soto,ARG,DF,Defensa y Just,31,1993,15,15,1288,14.3,0,3,3,0,0,0,4,1,0.3,0.3,1.4,1.7,28,76,68,0.0,0.21,0.21,0.0,0.21,0.02,0.1,0.12,0.02,0.12
6089,Pedro Souto,ARG,DF,Ind. Rivadavia,25,2000,6,5,336,3.7,0,0,0,0,0,0,0,0,0.0,0.0,0.1,0.1,1,11,7,0.0,0.0,0.0,0.0,0.0,0.01,0.02,0.03,0.01,0.03
6090,Adrián Sporle,ARG,DF,Independiente,30,1995,10,9,722,8.0,1,1,2,1,0,0,1,0,0.3,0.3,0.5,0.7,16,36,54,0.12,0.12,0.25,0.12,0.25,0.03,0.06,0.09,0.03,0.09
6091,Sheyko Studer,ARG,DF,Ind. Rivadavia,22,2002,16,16,1400,15.6,1,0,1,1,0,0,4,0,0.6,0.6,0.0,0.6,2,15,1,0.06,0.0,0.06,0.06,0.06,0.04,0.0,0.04,0.04,0.04
6092,Facundo Suárez,ARG,FW,Instituto,31,1994,4,4,340,3.8,1,0,1,0,1,1,0,0,1.1,0.3,0.3,0.6,3,7,12,0.26,0.0,0.26,0.0,0.0,0.3,0.08,0.38,0.09,0.17
6093,Ian Subiabre,ARG,FW,River Plate,18,2007,9,2,280,3.1,1,0,1,1,0,0,2,0,0.8,0.8,0.7,1.5,18,7,27,0.32,0.0,0.32,0.32,0.32,0.27,0.22,0.49,0.27,0.49
6094,Leandro Suhr,URU,"MF,FW",Sarmiento,27,1997,13,10,778,8.6,1,0,1,1,0,0,2,1,1.2,1.2,1.0,2.1,26,7,70,0.12,0.0,0.12,0.12,0.12,0.14,0.11,0.25,0.14,0.25
6095,Gastón Suso,ARG,DF,Gimnasia–LP,34,1991,16,16,1372,15.2,0,0,0,0,0,0,7,1,0.3,0.3,0.0,0.3,3,42,1,0.0,0.0,0.0,0.0,0.0,0.02,0.0,0.02,0.02,0.02
6096,Alejo Tabares,ARG,"DF,MF",Newell's OB,24,2001,11,6,624,6.9,0,1,1,0,0,0,2,0,0.2,0.2,0.4,0.7,8,20,43,0.0,0.14,0.14,0.0,0.14,0.03,0.06,0.09,0.03,0.09
6097,Enzo Taborda,ARG,FW,Independiente,20,2005,1,1,90,1.0,0,0,0,0,0,0,0,0,0.2,0.2,0.0,0.2,2,1,9,0.0,0.0,0.0,0.0,0.0,0.17,0.0,0.17,0.17,0.17
6098,Vicente Taborda,ARG,"FW,MF",Platense,24,2001,15,15,1185,13.2,4,1,5,4,0,0,3,0,2.7,2.7,1.5,4.2,27,68,82,0.3,0.08,0.38,0.3,0.38,0.21,0.11,0.33,0.21,0.33
6099,Matías Tagliamonte,ARG,GK,Unión,27,1998,4,4,360,4.0,0,0,0,0,0,0,2,0,0.0,0.0,0.0,0.0,0,0,0,0.0,0.0,0.0,0.0,0.0,0.0,0.0,0.0,0.0,0.0
6100,Gonzalo Tapia,CHI,"FW,MF",River Plate,23,2002,6,1,159,1.8,0,0,0,0,0,0,1,0,0.7,0.7,0.1,0.8,1,3,16,0.0,0.0,0.0,0.0,0.0,0.39,0.06,0.45,0.39,0.45
6101,Ignacio Tapia,ARG,FW,Barracas Central,20,2004,1,0,7,0.1,0,0,0,0,0,0,0,0,0.0,0.0,0.0,0.0,0,0,0,0.0,0.0,0.0,0.0,0.0,0.0,0.0,0.0,0.0,0.0
6102,Iván Tapia,ARG,MF,Barracas Central,26,1998,15,15,1037,11.5,1,1,2,1,0,1,2,0,1.4,0.6,1.0,1.6,5,22,14,0.09,0.09,0.17,0.09,0.17,0.12,0.09,0.21,0.05,0.14
6103,Cristian Tarragona,ARG,FW,Unión,34,1991,2,2,151,1.7,1,0,1,1,0,0,1,0,0.9,0.9,0.1,1.0,1,4,5,0.6,0.0,0.6,0.6,0.6,0.54,0.04,0.58,0.54,0.58
6104,Cristian Tarragona,ARG,"FW,MF",Talleres,34,1991,13,1,294,3.3,0,0,0,0,0,0,1,0,1.2,1.2,0.1,1.3,6,10,17,0.0,0.0,0.0,0.0,0.0,0.37,0.03,0.4,0.37,0.4
6105,Diego Tarzia,ARG,"FW,MF",Independiente,22,2003,16,14,1001,11.1,0,1,1,0,0,0,3,0,1.4,1.4,0.7,2.1,15,22,74,0.0,0.09,0.09,0.0,0.09,0.12,0.07,0.19,0.12,0.19
6106,Renzo Tesuri,ARG,MF,Atlé Tucumán,29,1996,3,3,181,2.0,0,0,0,0,0,0,0,0,0.1,0.1,1.0,1.1,2,9,12,0.0,0.0,0.0,0.0,0.0,0.05,0.5,0.55,0.05,0.55
6107,Horacio Tijanovich,ARG,"MF,FW",San Martín de San Juan,29,1996,9,4,362,4.0,0,0,0,0,0,0,1,0,0.4,0.4,0.3,0.7,10,14,30,0.0,0.0,0.0,0.0,0.0,0.1,0.07,0.17,0.1,0.17
6108,Fabricio Tirado,ARG,"MF,DF",Newell's OB,20,2004,2,0,63,0.7,0,0,0,0,0,0,0,0,0.1,0.1,0.1,0.1,0,5,6,0.0,0.0,0.0,0.0,0.0,0.09,0.09,0.18,0.09,0.18
6109,Matías Tissera,ARG,FW,Huracán,28,1996,11,4,337,3.7,2,1,3,2,0,0,0,0,1.1,1.1,0.1,1.2,2,5,19,0.53,0.27,0.8,0.53,0.8,0.28,0.03,0.31,0.28,0.31
6110,Fernando Tobio,ARG,DF,Barracas Central,35,1989,15,15,1350,15.0,1,0,1,1,0,0,5,0,0.3,0.3,0.0,0.3,0,3,0,0.07,0.0,0.07,0.07,0.07,0.02,0.0,0.02,0.02,0.02
6111,Gastón Togni,ARG,FW,Defensa y Just,27,1997,12,11,886,9.8,5,1,6,5,0,0,1,0,1.6,1.6,0.9,2.5,19,16,125,0.51,0.1,0.61,0.51,0.61,0.16,0.1,0.26,0.16,0.26
6112,Franco Toloza,ARG,FW,San Martín de San Juan,31,1994,9,7,550,6.1,1,0,1,1,0,0,4,0,1.1,1.1,0.2,1.4,6,10,22,0.16,0.0,0.16,0.16,0.16,0.19,0.04,0.23,0.19,0.23
6113,Santiago Toloza,ARG,"FW,MF",Platense,22,2002,4,0,53,0.6,0,0,0,0,0,0,0,0,0.1,0.1,0.2,0.3,1,5,4,0.0,0.0,0.0,0.0,0.0,0.11,0.19,0.3,0.11,0.3
6114,Diego Tonetto,ARG,MF,Ind. Rivadavia,36,1988,9,3,288,3.2,0,0,0,0,0,0,1,0,0.0,0.0,0.1,0.1,1,11,3,0.0,0.0,0.0,0.0,0.0,0.0,0.02,0.02,0.0,0.02
6115,Elías Torres,ARG,FW,Aldosivi,24,2001,16,15,1309,14.5,6,2,8,4,2,2,5,0,5.4,3.9,1.4,5.3,19,33,94,0.41,0.14,0.55,0.28,0.41,0.37,0.1,0.47,0.27,0.36
6116,Marcelo Torres,ARG,FW,Gimnasia–LP,27,1997,2,0,36,0.4,0,0,0,0,0,0,0,0,0.0,0.0,0.0,0.0,0,0,1,0.0,0.0,0.0,0.0,0.0,0.0,0.0,0.0,0.0,0.0
6117,Gonzalo Trindade,ARG,"DF,MF",Cen. Córdoba–SdE,21,2004,4,3,255,2.8,0,0,0,0,0,0,1,0,0.0,0.0,0.0,0.0,6,5,6,0.0,0.0,0.0,0.0,0.0,0.01,0.01,0.02,0.01,0.02
6118,Nicolás Tripichio,ARG,MF,San Lorenzo,29,1996,14,13,1142,12.7,0,0,0,0,0,0,3,0,0.3,0.3,0.5,0.8,9,36,21,0.0,0.0,0.0,0.0,0.0,0.03,0.04,0.06,0.03,0.06
6119,Mariano Troilo,ARG,DF,Belgrano,22,2003,15,14,1244,13.8,1,1,2,1,0,0,6,0,0.5,0.5,0.6,1.1,5,30,2,0.07,0.07,0.14,0.07,0.14,0.04,0.04,0.08,0.04,0.08
6120,Agustín Urzi,ARG,"FW,MF",Huracán,25,2000,11,4,438,4.9,0,1,1,0,0,0,1,0,0.3,0.3,0.4,0.7,8,13,29,0.0,0.21,0.21,0.0,0.21,0.06,0.09,0.15,0.06,0.15
6121,Sebastián Valdez,ARG,DF,Independiente,29,1995,16,13,1290,14.3,0,0,0,0,0,0,2,0,0.3,0.3,0.1,0.4,16,66,2,0.0,0.0,0.0,0.0,0.0,0.02,0.0,0.03,0.02,0.03
6122,Matías Valenti,ARG,DF,Ind. Rivadavia,22,2002,10,3,425,4.7,0,0,0,0,0,0,0,0,0.2,0.2,0.0,0.2,2,14,5,0.0,0.0,0.0,0.0,0.0,0.03,0.0,0.03,0.03,0.03
6123,Jeremías Vallejos,ARG,DF,Sarmiento,22,2003,7,5,435,4.8,0,0,0,0,0,0,4,0,0.0,0.0,0.0,0.0,5,13,4,0.0,0.0,0.0,0.0,0.0,0.0,0.0,0.0,0.0,0.0
6124,Lautaro Vargas,ARG,DF,Unión,20,2005,12,10,925,10.3,0,0,0,0,0,0,1,0,0.2,0.2,1.9,2.1,30,30,47,0.0,0.0,0.0,0.0,0.0,0.02,0.18,0.2,0.02,0.2
6125,Ignacio Vázquez,ARG,DF,Platense,28,1997,18,18,1620,18.0,1,0,1,1,0,0,3,0,0.7,0.7,0.2,0.8,4,42,5,0.06,0.0,0.06,0.06,0.06,0.04,0.01,0.05,0.04,0.05
6126,Kevin Vázquez,ARG,MF,Vélez Sarsfield,24,2001,7,4,310,3.4,0,0,0,0,0,0,3,0,0.0,0.0,0.1,0.1,6,20,3,0.0,0.0,0.0,0.0,0.0,0.01,0.02,0.02,0.01,0.02
6127,Cristian Vega,ARG,"MF,FW",Cen. Córdoba–SdE,31,1993,2,1,121,1.3,0,0,0,0,0,0,0,0,0.0,0.0,0.1,0.1,0,4,1,0.0,0.0,0.0,0.0,0.0,0.0,0.05,0.05,0.0,0.05
6128,Gabriel Vega,ARG,MF,Banfield,23,2002,8,2,293,3.3,1,1,2,0,1,1,1,0,1.1,0.3,0.7,1.0,9,14,11,0.31,0.31,0.61,0.0,0.31,0.34,0.22,0.56,0.1,0.32
6129,Román Vega,ARG,"DF,MF",Arg Juniors,21,2004,12,7,715,7.9,1,1,2,1,0,0,3,0,0.9,0.9,0.9,1.8,41,43,55,0.13,0.13,0.25,0.13,0.25,0.11,0.11,0.23,0.11,0.23
6130,Alan Velasco,ARG,"FW,MF",Boca Juniors,22,2002,13,9,678,7.5,0,0,0,0,0,0,2,0,1.2,1.2,0.9,2.2,15,29,47,0.0,0.0,0.0,0.0,0.0,0.16,0.13,0.29,0.16,0.29
6131,Juan Velazquez,ARG,"DF,MF",Belgrano,20,2004,3,3,209,2.3,0,0,0,0,0,0,1,0,0.0,0.0,0.1,0.1,8,4,12,0.0,0.0,0.0,0.0,0.0,0.02,0.02,0.04,0.02,0.04
6132,Alejo Véliz,ARG,FW,Rosario Central,21,2003,2,2,149,1.7,0,0,0,0,0,0,0,0,0.4,0.4,0.0,0.4,2,2,10,0.0,0.0,0.0,0.0,0.0,0.21,0.01,0.22,0.21,0.22
6133,Federico Vera,ARG,DF,Independiente,27,1998,16,15,1268,14.1,0,0,0,0,0,0,4,0,0.2,0.2,0.8,0.9,22,43,74,0.0,0.0,0.0,0.0,0.0,0.01,0.06,0.07,0.01,0.07
6134,Matías Vera,ARG,MF,Cen. Córdoba–SdE,29,1995,1,0,45,0.5,0,0,0,0,0,0,0,0,0.0,0.0,0.0,0.0,0,3,0,0.0,0.0,0.0,0.0,0.0,0.0,0.0,0.0,0.0,0.0
6135,Lionel Verde,ARG,MF,Unión,20,2004,14,3,470,5.2,2,0,2,2,0,0,0,0,0.4,0.4,0.5,0.9,18,21,36,0.38,0.0,0.38,0.38,0.38,0.07,0.1,0.17,0.07,0.17
6136,Duván Vergara,COL,MF,Racing Club,28,1996,1,1,74,0.8,0,0,0,0,0,0,0,0,0.2,0.2,0.0,0.2,3,6,6,0.0,0.0,0.0,0.0,0.0,0.18,0.0,0.18,0.18,0.18
6137,Gastón Verón,ARG,"FW,MF",Cen. Córdoba–SdE,24,2001,15,9,737,8.2,4,1,5,2,2,2,2,0,2.5,0.9,0.8,1.7,8,41,45,0.49,0.12,0.61,0.24,0.37,0.31,0.09,0.4,0.11,0.21
6138,Manuel Vicentini,ARG,GK,Belgrano,35,1990,5,5,450,5.0,0,0,0,0,0,0,0,0,0.0,0.0,0.0,0.0,0,0,0,0.0,0.0,0.0,0.0,0.0,0.0,0.0,0.0,0.0,0.0
6139,Luciano Vietto,ARG,"MF,FW",Racing Club,31,1993,10,9,616,6.8,3,2,5,3,0,0,2,0,2.4,2.4,2.0,4.4,9,50,49,0.44,0.29,0.73,0.44,0.73,0.35,0.29,0.64,0.35,0.64
6140,Alex Vigo,ARG,"DF,FW",Sarmiento,26,1999,11,6,639,7.1,0,1,1,0,0,0,2,0,0.6,0.6,1.1,1.8,12,28,45,0.0,0.14,0.14,0.0,0.14,0.09,0.16,0.25,0.09,0.25
6141,Sebastián Villa,COL,FW,Ind. Rivadavia,29,1996,17,17,1521,16.9,4,4,8,2,2,3,2,0,4.1,1.7,5.9,7.7,86,61,164,0.24,0.24,0.47,0.12,0.36,0.24,0.35,0.59,0.1,0.45
6142,Carlos Villalba,ARG,MF,Sarmiento,27,1998,12,12,1022,11.4,0,0,0,0,0,0,6,0,0.1,0.1,0.5,0.5,8,36,6,0.0,0.0,0.0,0.0,0.0,0.01,0.04,0.05,0.01,0.05
6143,Iván Villalba,PAR,DF,Ind. Rivadavia,30,1995,15,15,1270,14.1,1,1,2,1,0,0,5,1,0.9,0.9,0.2,1.2,3,30,1,0.07,0.07,0.14,0.07,0.14,0.07,0.02,0.08,0.07,0.08
6144,Juan Villalba,ARG,DF,Gimnasia–LP,19,2006,3,0,49,0.5,0,0,0,0,0,0,0,0,0.0,0.0,0.0,0.0,3,3,0,0.0,0.0,0.0,0.0,0.0,0.0,0.0,0.0,0.0,0.0
6145,Santiago Villarreal,ARG,"FW,MF",Gimnasia–LP,19,2005,4,0,58,0.6,0,0,0,0,0,0,0,1,0.0,0.0,0.0,0.1,3,2,11,0.0,0.0,0.0,0.0,0.0,0.04,0.07,0.12,0.04,0.12
6146,Emiliano Viveros,ARG,"FW,MF",Arg Juniors,22,2002,9,6,494,5.5,1,0,1,1,0,0,0,0,0.8,0.8,0.7,1.6,7,32,32,0.18,0.0,0.18,0.18,0.18,0.15,0.13,0.28,0.15,0.28
6147,Andrés Vombergar,SVN,FW,San Lorenzo,30,1994,18,15,1361,15.1,7,1,8,3,4,4,3,0,6.0,2.8,1.0,3.8,7,26,56,0.46,0.07,0.53,0.2,0.26,0.4,0.06,0.46,0.19,0.25
6148,Franco Watson,ARG,MF,Huracán,25,2000,5,2,197,2.2,0,0,0,0,0,0,0,0,1.0,1.0,0.1,1.1,1,11,8,0.0,0.0,0.0,0.0,0.0,0.47,0.05,0.52,0.47,0.52
6149,Nicólas Watson,ARG,MF,San Martín de San Juan,27,1998,13,8,763,8.5,0,0,0,0,0,0,5,0,0.1,0.1,0.6,0.7,8,37,6,0.0,0.0,0.0,0.0,0.0,0.02,0.07,0.09,0.02,0.09
6150,Axel Werner,ARG,GK,Rosario Central,29,1996,2,2,180,2.0,0,0,0,0,0,0,0,0,0.0,0.0,0.0,0.0,0,0,0,0.0,0.0,0.0,0.0,0.0,0.0,0.0,0.0,0.0,0.0
6151,Bastián Yañez,CHI,"MF,FW",Godoy Cruz,24,2001,13,8,701,7.8,0,1,1,0,0,0,2,0,0.3,0.3,0.6,0.9,20,30,52,0.0,0.13,0.13,0.0,0.13,0.03,0.08,0.12,0.03,0.12
6152,Daniel Zabala,ARG,DF,Huracán,22,2003,2,2,101,1.1,0,0,0,0,0,0,0,0,0.0,0.0,0.0,0.0,0,3,0,0.0,0.0,0.0,0.0,0.0,0.0,0.0,0.0,0.0,0.0
6153,David Zalazar,ARG,"MF,FW",Cen. Córdoba–SdE,23,2002,6,2,178,2.0,0,0,0,0,0,0,0,0,0.2,0.2,0.2,0.4,5,14,14,0.0,0.0,0.0,0.0,0.0,0.1,0.09,0.18,0.1,0.18
6154,Maximiliano Zalazar,ARG,"FW,MF",Tigre,24,2001,4,1,133,1.5,0,0,0,0,0,0,0,0,0.3,0.3,0.0,0.3,4,1,12,0.0,0.0,0.0,0.0,0.0,0.23,0.0,0.23,0.23,0.23
6155,Maximiliano Zalazar,ARG,FW,Gimnasia–LP,24,2001,2,2,99,1.1,0,0,0,0,0,0,0,0,0.0,0.0,0.1,0.1,2,0,7,0.0,0.0,0.0,0.0,0.0,0.02,0.05,0.07,0.02,0.07
6156,Nicolás Zalazar,ARG,DF,Instituto,28,1997,9,8,709,7.9,1,0,1,1,0,0,3,0,0.3,0.3,0.1,0.4,13,36,3,0.13,0.0,0.13,0.13,0.13,0.04,0.01,0.05,0.04,0.05
6157,Franco Zapiola,ARG,"MF,FW",Platense,24,2001,16,11,896,10.0,0,0,0,0,0,0,1,0,1.0,1.0,2.4,3.4,14,31,56,0.0,0.0,0.0,0.0,0.0,0.1,0.25,0.36,0.1,0.36
6158,Federico Zaracho,ARG,MF,Racing Club,27,1998,10,4,424,4.7,0,2,2,0,0,0,1,0,0.2,0.2,1.5,1.7,6,24,9,0.0,0.42,0.42,0.0,0.42,0.04,0.31,0.35,0.04,0.35
6159,Exequiel Zeballos,ARG,"FW,MF",Boca Juniors,23,2002,15,6,578,6.4,1,1,2,1,0,0,1,0,1.6,1.6,0.7,2.3,26,18,75,0.16,0.16,0.31,0.16,0.31,0.25,0.11,0.36,0.25,0.36
6160,Gonzalo Zelarayán,ARG,MF,Belgrano,21,2004,1,0,13,0.1,0,0,0,0,0,0,0,0,0.0,0.0,0.0,0.0,0,0,1,0.0,0.0,0.0,0.0,0.0,0.0,0.0,0.0,0.0,0.0
6161,Lucas Zelarayán,ARM,MF,Belgrano,33,1992,12,10,902,10.0,1,2,3,1,0,0,0,0,1.4,1.4,2.5,3.8,36,66,53,0.1,0.2,0.3,0.1,0.3,0.13,0.25,0.38,0.13,0.38
6162,Felipe Zenobio,ARG,GK,Tigre,25,2000,17,17,1530,17.0,0,0,0,0,0,0,1,0,0.0,0.0,0.0,0.0,0,0,0,0.0,0.0,0.0,0.0,0.0,0.0,0.0,0.0,0.0,0.0
6163,Kevin Zenon,ARG,"MF,FW",Boca Juniors,23,2001,16,9,866,9.6,2,0,2,2,0,0,1,1,1.5,1.5,1.7,3.2,24,59,82,0.21,0.0,0.21,0.21,0.21,0.16,0.18,0.33,0.16,0.33
6164,Juan Zozaya,ARG,GK,Cen. Córdoba–SdE,24,2001,2,2,180,2.0,0,0,0,0,0,0,0,0,0.0,0.0,0.0,0.0,0,0,0,0.0,0.0,0.0,0.0,0.0,0.0,0.0,0.0,0.0,0.0
6165,Bruno Zuculini,ARG,MF,Racing Club,32,1993,5,2,235,2.6,1,2,3,1,0,0,2,0,1.5,1.5,0.5,2.0,0,12,6,0.38,0.77,1.15,0.38,1.15,0.58,0.19,0.77,0.58,0.77
