rk,player,squad,nation,pos,primary_pos,age,ninetys,tag
1,Max Aarons,Bournemouth,ENG,DF,DF,24,1.0,zagueiro_classico
2,Joshua Acheampong,Chelsea,ENG,DF,DF,18,1.9,zagueiro_classico
3,Tyler Adams,Bournemouth,USA,MF,MF,25,21.8,volante_defensivo
4,Tosin Adarabioyo,Chelsea,ENG,DF,DF,26,15.7,zagueiro_classico
5,Simon Adingra,Brighton,CIV,"FW,MF",FW,22,12.2,ponta_dribllador
6,Emmanuel Agbadou,Wolves,CIV,DF,DF,27,15.7,zagueiro_classico
7,Asher Agbinone,Crystal Palace,ENG,MF,MF,18,0.1,meia_criativo
8,Ola Aina,Nott'ham Forest,NGA,DF,DF,27,33.3,zagueiro_construtor
9,Rayan Aït-Nouri,Wolves,ALG,DF,DF,23,34.5,lateral_ofensivo
10,Kristoffer Ajer,Brentford,NOR,DF,DF,26,16.0,zagueiro_construtor
11,Manuel Akanji,Manchester City,SUI,DF,DF,29,22.4,zagueiro_construtor
12,Nathan Aké,Manchester City,NED,DF,DF,29,7.5,zagueiro_construtor
13,Carlos Alcaraz,Southampton,ARG,MF,MF,21,0.1,meia_criativo
14,Carlos Alcaraz,Everton,ARG,"FW,MF",FW,21,8.5,segundo_atacante
15,Trent Alexander-Arnold,Liverpool,ENG,DF,DF,25,26.3,lateral_ofensivo
16,Alisson,Liverpool,BRA,GK,GK,31,27.9,goleiro_titular
17,Miguel Almirón,Newcastle Utd,PAR,FW,FW,30,1.7,segundo_atacante
18,Olabade Aluko,Leicester City,ENG,DF,DF,18,0.0,zagueiro_classico
19,Edson Álvarez,West Ham,MEX,MF,MF,26,19.7,volante_defensivo
20,Will Alves,Leicester City,ENG,FW,FW,19,0.0,centroavante_goleador
21,Harry Amass,Manchester Utd,ENG,DF,DF,17,3.8,zagueiro_classico
22,Samuel Amo-Ameyaw,Southampton,ENG,"FW,DF",FW,18,0.3,segundo_atacante
23,Mathis Amougou,Chelsea,FRA,MF,MF,18,0.1,volante_defensivo
24,Joachim Andersen,Crystal Palace,DEN,DF,DF,28,1.0,zagueiro_classico
25,Joachim Andersen,Fulham,DEN,DF,DF,28,28.7,zagueiro_construtor
26,Elliot Anderson,Nott'ham Forest,ENG,MF,MF,21,30.3,volante_defensivo
27,André,Wolves,BRA,MF,MF,23,27.5,volante_defensivo
28,Michail Antonio,West Ham,JAM,FW,FW,34,9.3,ponta_dribllador
29,Antony,Manchester Utd,BRA,"DF,MF",DF,24,1.6,zagueiro_classico
30,Julian Araujo,Bournemouth,MEX,DF,DF,22,5.5,zagueiro_classico
31,Cameron Archer,Southampton,ENG,FW,FW,23,16.0,ponta_dribllador
32,Alphonse Areola,West Ham,FRA,GK,GK,31,25.1,goleiro_titular
33,Joe Aribo,Southampton,NGA,"MF,DF",MF,28,22.4,box_to_box
34,Adam Armstrong,Southampton,ENG,"FW,MF",FW,27,13.9,ponta_dribllador
35,Harrison Armstrong,Everton,ENG,MF,MF,17,0.5,meia_criativo
36,Kepa Arrizabalaga,Bournemouth,ESP,GK,GK,29,31.0,goleiro_titular
37,Marco Asensio,Aston Villa,ESP,MF,MF,28,8.3,box_to_box
38,Brandon Austin,Tottenham,ENG,GK,GK,25,1.0,goleiro_reserva
39,Taiwo Awoniyi,Nott'ham Forest,NGA,FW,FW,26,4.6,centroavante_goleador
40,Yasin Ayari,Brighton,SWE,MF,MF,20,21.8,volante_defensivo
41,Jordan Ayew,Crystal Palace,GHA,"FW,MF",FW,32,0.2,centroavante_goleador
42,Jordan Ayew,Leicester City,GHA,"FW,MF",FW,32,18.2,ponta_dribllador
43,Benoît Badiashile,Chelsea,FRA,DF,DF,23,3.7,zagueiro_classico
44,Leon Bailey,Aston Villa,JAM,"FW,MF",FW,26,12.7,ponta_dribllador
45,Carlos Baleba,Brighton,CMR,MF,MF,20,29.6,volante_defensivo
46,Ross Barkley,Aston Villa,ENG,MF,MF,30,6.5,box_to_box
47,Harvey Barnes,Newcastle Utd,ENG,FW,FW,26,19.5,ponta_dribllador
48,Calvin Bassey,Fulham,NGA,DF,DF,24,34.2,zagueiro_construtor
49,Altay Bayındır,Manchester Utd,TUR,GK,GK,26,4.0,goleiro_reserva
50,Jan Bednarek,Southampton,POL,DF,DF,28,28.1,zagueiro_classico
51,Armel Bella Kotchap,Southampton,GER,DF,DF,22,3.7,zagueiro_classico
52,Jean-Ricner Bellegarde,Wolves,FRA,"MF,FW",MF,26,18.6,box_to_box
53,Rodrigo Bentancur,Tottenham,URU,MF,MF,27,18.3,volante_defensivo
54,Daniel Bentley,Wolves,ENG,GK,GK,31,2.0,goleiro_reserva
55,Sander Berge,Fulham,NOR,MF,MF,26,24.7,volante_defensivo
56,Lucas Bergvall,Tottenham,SWE,MF,MF,18,13.5,volante_defensivo
57,Victor Bernth Kristiansen,Leicester City,DEN,DF,DF,21,27.6,zagueiro_construtor
58,Beto,Everton,GNB,FW,FW,26,17.0,centroavante_goleador
59,Philip Billing,Bournemouth,DEN,MF,MF,28,2.0,meia_criativo
60,Yves Bissouma,Tottenham,MLI,MF,MF,27,15.6,volante_defensivo
61,Oscar Bobb,Manchester City,NOR,FW,FW,21,0.2,segundo_atacante
62,Lamare Bogarde,Aston Villa,NED,"DF,MF",DF,20,5.3,zagueiro_classico
63,Willy Boly,Nott'ham Forest,CIV,DF,DF,33,1.7,zagueiro_classico
64,Sven Botman,Newcastle Utd,NED,DF,DF,24,4.6,zagueiro_classico
65,Jarrod Bowen,West Ham,ENG,"FW,MF",FW,27,33.0,ponta_dribllador
66,Conor Bradley,Liverpool,NIR,DF,DF,21,8.4,lateral_ofensivo
67,Jarrad Branthwaite,Everton,ENG,DF,DF,22,27.9,zagueiro_classico
68,James Bree,Southampton,ENG,DF,DF,26,11.9,lateral_ofensivo
69,Ben Brereton,Southampton,CHI,FW,FW,25,5.0,ponta_dribllador
70,Nathan Broadhead,Ipswich Town,WAL,"MF,FW",MF,26,7.8,box_to_box
71,Armando Broja,Everton,ALB,FW,FW,22,3.7,ponta_dribllador
72,David Brooks,Bournemouth,WAL,"FW,MF",FW,27,10.7,ponta_dribllador
73,Emi Buendía,Aston Villa,ARG,"MF,FW",MF,27,1.1,meia_criativo
74,Santiago Bueno,Wolves,URU,DF,DF,25,18.7,zagueiro_classico
75,Facundo Buonanotte,Leicester City,ARG,"FW,MF",FW,19,16.9,ponta_dribllador
76,Cameron Burgess,Ipswich Town,AUS,DF,DF,28,17.1,zagueiro_classico
77,Dan Burn,Newcastle Utd,ENG,DF,DF,32,37.0,zagueiro_classico
78,Wes Burns,Ipswich Town,WAL,"FW,DF",FW,29,10.3,ponta_dribllador
79,Nathan Butler-Oyedeji,Arsenal,ENG,FW,FW,21,0.1,centroavante_goleador
80,Moisés Caicedo,Chelsea,ECU,"MF,DF",MF,22,37.2,volante_defensivo
81,Tom Cairney,Fulham,SCO,MF,MF,33,7.0,box_to_box
82,Jens Cajuste,Ipswich Town,SWE,MF,MF,24,21.8,volante_defensivo
83,Riccardo Calafiori,Arsenal,ITA,DF,DF,22,10.9,zagueiro_construtor
84,Dominic Calvert-Lewin,Everton,ENG,FW,FW,27,17.9,ponta_dribllador
85,Diego Carlos,Aston Villa,BRA,DF,DF,31,9.2,zagueiro_classico
86,Fabio Carvalho,Brentford,POR,"FW,MF",FW,21,5.1,centroavante_goleador
87,Casemiro,Manchester Utd,BRA,MF,MF,32,16.6,volante_defensivo
88,Kaelan Casey,West Ham,ENG,DF,DF,19,0.0,zagueiro_classico
89,Matty Cash,Aston Villa,POL,DF,DF,26,23.0,lateral_ofensivo
90,Eiran Cashin,Brighton,IRL,DF,DF,22,0.2,zagueiro_classico
91,Timothy Castagne,Fulham,BEL,DF,DF,28,18.3,lateral_ofensivo
92,Trevoh Chalobah,Crystal Palace,ENG,DF,DF,25,11.8,zagueiro_classico
93,Trevoh Chalobah,Chelsea,ENG,DF,DF,25,10.1,zagueiro_classico
94,Conor Chaplin,Ipswich Town,ENG,"MF,FW",MF,27,9.5,meia_criativo
95,Youssef Chermiti,Everton,POR,"FW,MF",FW,20,0.5,centroavante_goleador
96,Federico Chiesa,Liverpool,ITA,FW,FW,26,1.2,segundo_atacante
97,Ben Chilwell,Crystal Palace,ENG,DF,DF,27,2.9,zagueiro_classico
98,Chiquinho,Wolves,POR,MF,MF,24,0.1,meia_criativo
99,Hamza Choudhury,Leicester City,BAN,"MF,DF",MF,26,1.5,meia_criativo
100,Ryan Christie,Bournemouth,SCO,MF,MF,29,23.5,volante_defensivo
101,Harry Clarke,Ipswich Town,ENG,DF,DF,23,4.2,zagueiro_classico
102,Jack Clarke,Ipswich Town,ENG,"FW,MF",FW,23,13.1,ponta_dribllador
103,Nathaniel Clyne,Crystal Palace,ENG,"DF,MF",DF,33,5.4,zagueiro_classico
104,Conor Coady,Leicester City,ENG,DF,DF,31,19.0,zagueiro_classico
105,Séamus Coleman,Everton,IRL,DF,DF,35,2.4,zagueiro_classico
106,Nathan Collins,Brentford,IRL,DF,DF,23,38.0,zagueiro_construtor
107,Toby Collyer,Manchester Utd,ENG,MF,MF,20,2.0,meia_criativo
108,Levi Colwill,Chelsea,ENG,DF,DF,21,35.0,zagueiro_construtor
109,Lewis Cook,Bournemouth,ENG,"MF,DF",MF,27,33.1,volante_defensivo
110,Maxwel Cornet,Southampton,CIV,FW,FW,27,0.8,centroavante_goleador
111,Vladimír Coufal,West Ham,CZE,DF,DF,31,11.9,zagueiro_construtor
112,Woyo Coulibaly,Leicester City,MLI,DF,DF,25,1.2,zagueiro_classico
113,Aaron Cresswell,West Ham,ENG,DF,DF,34,9.2,zagueiro_classico
114,Marc Cucurella,Chelsea,ESP,DF,DF,26,33.2,zagueiro_construtor
115,Jorge Cuenca,Fulham,ESP,DF,DF,24,3.9,zagueiro_classico
116,Matheus Cunha,Wolves,BRA,"MF,FW",MF,25,28.9,box_to_box
117,Patson Daka,Leicester City,ZAM,"FW,MF",FW,25,8.2,centroavante_goleador
118,Diogo Dalot,Manchester Utd,POR,DF,DF,25,31.3,lateral_ofensivo
119,Mikkel Damsgaard,Brentford,DEN,"MF,FW",MF,24,32.3,box_to_box
120,Danilo,Nott'ham Forest,BRA,"MF,FW",MF,23,3.1,volante_defensivo
121,Jayden Danns,Liverpool,ENG,MF,MF,18,0.1,volante_defensivo
122,Kevin Danso,Tottenham,AUT,DF,DF,25,9.4,zagueiro_classico
123,Ben Davies,Tottenham,WAL,DF,DF,31,14.8,zagueiro_classico
124,Leif Davis,Ipswich Town,ENG,DF,DF,24,30.5,lateral_ofensivo
125,Craig Dawson,Wolves,ENG,DF,DF,34,10.8,zagueiro_classico
126,Kevin De Bruyne,Manchester City,BEL,"MF,FW",MF,33,18.9,box_to_box
127,Bobby De Cordova-Reid,Leicester City,JAM,FW,FW,31,8.3,segundo_atacante
128,Liam Delap,Ipswich Town,ENG,FW,FW,21,28.8,ponta_dribllador
129,Sepp van den Berg,Brentford,NED,DF,DF,22,28.7,zagueiro_classico
130,Justin Devenny,Crystal Palace,NIR,MF,MF,20,5.6,meia_criativo
131,Kiernan Dewsbury-Hall,Chelsea,ENG,"MF,FW",MF,25,2.9,meia_criativo
132,Amad Diallo,Manchester Utd,CIV,"MF,FW",MF,22,21.1,box_to_box
133,Rúben Dias,Manchester City,POR,DF,DF,27,25.2,zagueiro_construtor
134,Luis Díaz,Liverpool,COL,FW,FW,27,26.7,ponta_dribllador
135,Tyler Dibling,Southampton,ENG,"FW,MF",FW,18,20.8,ponta_dribllador
136,Lucas Digne,Aston Villa,FRA,DF,DF,31,26.1,lateral_ofensivo
137,Issa Diop,Fulham,FRA,DF,DF,27,14.9,zagueiro_classico
138,Axel Disasi,Aston Villa,FRA,DF,DF,26,5.4,zagueiro_classico
139,Axel Disasi,Chelsea,FRA,DF,DF,26,4.0,zagueiro_classico
140,Roman Dixon,Everton,ENG,DF,DF,19,1.0,zagueiro_classico
141,Nasser Djiga,Wolves,BFA,DF,DF,21,0.7,zagueiro_classico
142,Matt Doherty,Wolves,IRL,DF,DF,32,23.4,zagueiro_construtor
143,Jeremy Doku,Manchester City,BEL,"FW,MF",FW,22,16.8,ponta_dribllador
144,Nicolás Domínguez,Nott'ham Forest,ARG,"MF,FW",MF,26,21.8,volante_defensivo
145,Patrick Dorgu,Manchester Utd,DEN,DF,DF,19,9.4,zagueiro_construtor
146,Alfie Dorrington,Tottenham,ENG,DF,DF,19,0.2,zagueiro_classico
147,Abdoulaye Doucouré,Everton,MLI,MF,MF,31,28.5,volante_defensivo
148,Cheick Doucouré,Crystal Palace,MLI,MF,MF,24,5.0,volante_defensivo
149,Flynn Downes,Southampton,ENG,MF,MF,25,23.9,volante_defensivo
150,Tommy Doyle,Wolves,ENG,MF,MF,22,5.4,meia_criativo
151,Radu Drăgușin,Tottenham,ROU,DF,DF,22,13.9,zagueiro_classico
152,Martin Dúbravka,Newcastle Utd,SVK,GK,GK,35,10.0,goleiro_reserva
153,Lewis Dunk,Brighton,ENG,DF,DF,32,23.1,zagueiro_construtor
154,Jáder Durán,Aston Villa,COL,FW,FW,20,7.1,centroavante_goleador
155,Claudio Echeverri,Manchester City,ARG,FW,FW,18,0.1,centroavante_goleador
156,Ederson,Manchester City,BRA,GK,GK,30,25.8,goleiro_titular
157,George Edmundson,Ipswich Town,ENG,DF,DF,26,0.0,zagueiro_classico
158,Odsonne Édouard,Crystal Palace,FRA,"MF,FW",MF,26,1.3,meia_criativo
159,Odsonne Édouard,Leicester City,FRA,FW,FW,26,0.3,segundo_atacante
160,Samuel Edozie,Southampton,ENG,"DF,FW",DF,21,0.7,zagueiro_classico
161,Ronnie Edwards,Southampton,ENG,DF,DF,21,0.1,zagueiro_classico
162,Anthony Elanga,Nott'ham Forest,SWE,"FW,MF",FW,22,27.8,ponta_dribllador
163,Harvey Elliott,Liverpool,ENG,MF,MF,21,4.1,meia_criativo
164,Yunus Emre Konak,Brentford,TUR,"FW,MF",FW,18,0.5,centroavante_goleador
165,Julio Enciso,Ipswich Town,PAR,"MF,FW",MF,20,9.7,meia_criativo
166,Julio Enciso,Brighton,PAR,"MF,FW",MF,20,3.3,meia_criativo
167,Wataru Endo,Liverpool,JPN,"MF,DF",MF,31,3.0,volante_defensivo
168,Christian Eriksen,Manchester Utd,DEN,MF,MF,32,11.8,meia_criativo
169,Romain Esse,Crystal Palace,ENG,MF,MF,19,1.5,meia_criativo
170,Pervis Estupiñán,Brighton,ECU,DF,DF,26,26.7,zagueiro_construtor
171,Evanilson,Bournemouth,BRA,FW,FW,24,25.8,centroavante_goleador
172,Jake Evans,Leicester City,ENG,FW,FW,17,0.3,centroavante_goleador
173,Jonny Evans,Manchester Utd,NIR,DF,DF,36,3.5,zagueiro_classico
174,Eberechi Eze,Crystal Palace,ENG,"MF,FW",MF,26,28.8,box_to_box
175,Łukasz Fabiański,West Ham,POL,GK,GK,39,12.9,goleiro_reserva
176,Wout Faes,Leicester City,BEL,DF,DF,26,31.3,zagueiro_classico
177,Abdul Fatawu Issahaku,Leicester City,GHA,FW,FW,20,6.4,ponta_dribllador
178,João Félix,Chelsea,POR,"FW,MF",FW,24,4.1,segundo_atacante
179,Evan Ferguson,West Ham,IRL,FW,FW,19,1.7,segundo_atacante
180,Evan Ferguson,Brighton,IRL,FW,FW,19,2.7,centroavante_goleador
181,Bruno Fernandes,Manchester Utd,POR,MF,MF,29,33.5,box_to_box
182,Mateus Fernandes,Southampton,POR,MF,MF,20,32.3,box_to_box
183,Enzo Fernández,Chelsea,ARG,MF,MF,23,32.7,box_to_box
184,Mark Flekken,Brentford,NED,GK,GK,31,36.4,goleiro_titular
185,Phil Foden,Manchester City,ENG,"MF,FW",MF,24,19.7,box_to_box
186,Wesley Fofana,Chelsea,FRA,DF,DF,23,13.0,zagueiro_classico
187,Carlos Forbs,Wolves,POR,"MF,FW",MF,20,2.7,volante_defensivo
188,Fraser Forster,Tottenham,ENG,GK,GK,36,7.0,goleiro_reserva
189,Matheus França,Crystal Palace,BRA,"MF,FW",MF,20,0.6,box_to_box
190,Ryan Fraser,Southampton,SCO,"FW,DF",FW,30,3.4,centroavante_goleador
191,Tyler Fredricson,Manchester Utd,ENG,DF,DF,19,1.8,zagueiro_classico
192,Niclas Füllkrug,West Ham,GER,FW,FW,31,8.8,segundo_atacante
193,Cody Gakpo,Liverpool,NED,FW,FW,25,21.5,ponta_dribllador
194,Idrissa Gana Gueye,Everton,SEN,MF,MF,34,34.0,volante_defensivo
195,Andrés García,Aston Villa,ESP,"DF,MF",DF,21,3.5,zagueiro_construtor
196,Alejandro Garnacho,Manchester Utd,ARG,"MF,FW",MF,20,24.4,box_to_box
197,James Garner,Everton,ENG,"MF,DF",MF,23,17.7,volante_defensivo
198,Tyrique George,Chelsea,ENG,FW,FW,18,2.0,segundo_atacante
199,Morgan Gibbs-White,Nott'ham Forest,ENG,MF,MF,24,31.1,box_to_box
200,Billy Gilmour,Brighton,SCO,MF,MF,23,1.1,volante_defensivo
201,Ben Godfrey,Ipswich Town,ENG,DF,DF,26,1.8,zagueiro_classico
202,Martial Godo,Fulham,ENG,"FW,DF",FW,21,0.3,segundo_atacante
203,Michael Golding,Leicester City,ENG,MF,MF,18,0.0,volante_defensivo
204,João Gomes,Wolves,BRA,MF,MF,23,33.0,volante_defensivo
205,Rodrigo Gomes,Wolves,POR,"DF,FW",DF,21,9.0,lateral_ofensivo
206,Toti Gomes,Wolves,POR,DF,DF,25,29.0,zagueiro_construtor
207,Diego Gómez,Brighton,PAR,MF,MF,21,5.7,meia_criativo
208,Joe Gomez,Liverpool,ENG,DF,DF,27,5.8,zagueiro_classico
209,Nicolás González,Manchester City,ESP,MF,MF,22,8.4,volante_defensivo
210,Anthony Gordon,Newcastle Utd,ENG,"FW,MF",FW,23,27.0,ponta_dribllador
211,Ryan Gravenberch,Liverpool,NED,MF,MF,22,35.1,box_to_box
212,Archie Gray,Tottenham,ENG,"DF,MF",DF,18,19.5,zagueiro_classico
213,Jack Grealish,Manchester City,ENG,"FW,MF",FW,28,8.0,ponta_dribllador
214,Jacob Greaves,Ipswich Town,ENG,DF,DF,23,24.5,zagueiro_classico
215,Brajan Gruda,Brighton,GER,"MF,FW",MF,20,7.6,meia_criativo
216,Albert Grønbaek,Southampton,DEN,"FW,MF",FW,23,1.6,centroavante_goleador
217,Gonçalo Guedes,Wolves,POR,"MF,FW",MF,27,11.1,box_to_box
218,Marc Guéhi,Crystal Palace,ENG,DF,DF,24,34.0,zagueiro_construtor
219,Luis Guilherme,West Ham,BRA,"MF,FW",MF,18,1.7,meia_criativo
220,Bruno Guimarães,Newcastle Utd,BRA,MF,MF,26,36.3,box_to_box
221,Marc Guiu,Chelsea,ESP,FW,FW,18,0.8,centroavante_goleador
222,İlkay Gündoğan,Manchester City,GER,MF,MF,33,24.7,box_to_box
223,Malo Gusto,Chelsea,FRA,DF,DF,21,20.7,zagueiro_construtor
224,Joško Gvardiol,Manchester City,CRO,DF,DF,22,36.4,zagueiro_construtor
225,Erling Haaland,Manchester City,NOR,FW,FW,24,30.4,centroavante_goleador
226,Lewis Hall,Newcastle Utd,ENG,DF,DF,19,24.3,lateral_ofensivo
227,Ali Al Hamadi,Ipswich Town,IRQ,FW,FW,22,1.5,centroavante_goleador
228,Marcus Harness,Ipswich Town,ENG,MF,MF,28,0.5,volante_defensivo
229,Jack Harrison,Everton,ENG,FW,FW,27,23.1,ponta_dribllador
230,Taylor Harwood-Bellis,Southampton,ENG,DF,DF,22,31.4,zagueiro_construtor
231,Kai Havertz,Arsenal,GER,"FW,MF",FW,25,20.8,ponta_dribllador
232,Ayden Heaven,Manchester Utd,ENG,DF,DF,17,1.9,zagueiro_classico
233,Jan Paul van Hecke,Brighton,NED,DF,DF,24,32.9,zagueiro_construtor
234,Hwang Hee-chan,Wolves,KOR,"MF,FW",MF,28,7.3,box_to_box
235,Dean Henderson,Crystal Palace,ENG,GK,GK,27,38.0,goleiro_titular
236,Rico Henry,Brentford,ENG,DF,DF,27,1.1,zagueiro_classico
237,Mads Hermansen,Leicester City,DEN,GK,GK,24,26.5,goleiro_joia
238,Son Heung-min,Tottenham,KOR,FW,FW,32,23.4,ponta_dribllador
239,James Hill,Bournemouth,ENG,DF,DF,22,5.0,zagueiro_classico
240,Jack Hinshelwood,Brighton,ENG,"MF,DF",MF,19,20.5,volante_defensivo
241,George Hirst,Ipswich Town,SCO,FW,FW,25,7.3,centroavante_goleador
242,Mason Holgate,Everton,JAM,"FW,DF",FW,27,0.1,centroavante_goleador
243,Harry Howell,Brighton,ENG,FW,FW,15,0.1,centroavante_goleador
244,Callum Hudson-Odoi,Nott'ham Forest,ENG,"FW,MF",FW,23,24.4,ponta_dribllador
245,Will Hughes,Crystal Palace,ENG,MF,MF,29,23.4,volante_defensivo
246,Dean Huijsen,Bournemouth,ESP,DF,DF,19,27.0,zagueiro_construtor
247,Omari Hutchinson,Ipswich Town,ENG,"MF,FW",MF,20,28.7,box_to_box
248,Rasmus Højlund,Manchester Utd,DEN,FW,FW,21,22.3,ponta_dribllador
249,Igor,Brighton,BRA,DF,DF,26,10.7,zagueiro_classico
250,Danny Ings,West Ham,ENG,"FW,MF",FW,32,3.2,segundo_atacante
251,Tim Iroegbunam,Everton,ENG,MF,MF,21,6.4,volante_defensivo
252,Andy Irving,West Ham,SCO,MF,MF,24,1.8,volante_defensivo
253,Alexander Isak,Newcastle Utd,SWE,FW,FW,24,30.6,ponta_dribllador
254,Alex Iwobi,Fulham,NGA,"FW,MF",FW,28,33.1,ponta_dribllador
255,Nicolas Jackson,Chelsea,SEN,FW,FW,23,24.7,ponta_dribllador
256,Reece James,Chelsea,ENG,"DF,MF",DF,24,11.8,zagueiro_construtor
257,Vitaly Janelt,Brentford,GER,MF,MF,26,25.0,volante_defensivo
258,Vitezslav Jaros,Liverpool,CZE,GK,GK,23,0.1,goleiro_reserva
259,Daniel Jebbison,Bournemouth,CAN,FW,FW,20,1.3,centroavante_goleador
260,Mathias Jensen,Brentford,DEN,MF,MF,28,9.6,volante_defensivo
261,Gabriel Jesus,Arsenal,BRA,FW,FW,27,6.8,centroavante_goleador
262,Raúl Jiménez,Fulham,MEX,FW,FW,33,27.7,ponta_dribllador
263,Kim Jisoo,Brentford,KOR,DF,DF,19,0.3,zagueiro_classico
264,João Pedro,Brighton,BRA,"FW,MF",FW,22,21.6,ponta_dribllador
265,Joelinton,Newcastle Utd,BRA,"MF,FW",MF,27,26.6,volante_defensivo
266,Ben Johnson,Ipswich Town,ENG,"DF,FW",DF,24,15.0,lateral_ofensivo
267,Brennan Johnson,Tottenham,WAL,FW,FW,23,24.2,ponta_dribllador
268,Sam Johnstone,Wolves,ENG,GK,GK,31,7.0,goleiro_reserva
269,Curtis Jones,Liverpool,ENG,"MF,DF",MF,23,19.0,box_to_box
270,Jorginho,Arsenal,ITA,MF,MF,32,7.8,volante_defensivo
271,Diogo Jota,Liverpool,POR,FW,FW,27,13.3,ponta_dribllador
272,James Justin,Leicester City,ENG,DF,DF,26,32.4,zagueiro_construtor
273,Filip Jørgensen,Chelsea,DEN,GK,GK,22,6.0,goleiro_joia
274,Ferdi Kadioglu,Brighton,TUR,"DF,MF",DF,24,4.3,zagueiro_classico
275,Daichi Kamada,Crystal Palace,JPN,MF,MF,27,17.4,volante_defensivo
276,Boubacar Kamara,Aston Villa,FRA,MF,MF,24,19.2,volante_defensivo
277,Joachim Kayi Sanda,Southampton,FRA,DF,DF,17,0.2,zagueiro_classico
278,Michael Kayode,Brentford,ITA,DF,DF,20,5.9,lateral_ofensivo
279,Michael Keane,Everton,ENG,DF,DF,31,11.7,zagueiro_classico
280,Caoimhín Kelleher,Liverpool,IRL,GK,GK,25,10.0,goleiro_joia
281,Lloyd Kelly,Newcastle Utd,ENG,DF,DF,25,3.4,zagueiro_classico
282,Milos Kerkez,Bournemouth,HUN,DF,DF,20,37.1,lateral_ofensivo
283,Bilal El Khannouss,Leicester City,MAR,"MF,FW",MF,20,24.2,box_to_box
284,Abdukodir Khusanov,Manchester City,UZB,DF,DF,20,5.6,zagueiro_classico
285,Max Kilman,West Ham,ENG,DF,DF,27,37.2,zagueiro_construtor
286,Joshua King,Fulham,ENG,MF,MF,17,1.4,meia_criativo
287,Tom King,Wolves,WAL,GK,GK,29,0.0,goleiro_reserva
288,Antonín Kinský,Tottenham,CZE,GK,GK,21,6.0,goleiro_joia
289,Jakub Kiwior,Arsenal,POL,DF,DF,24,12.5,zagueiro_classico
290,Justin Kluivert,Bournemouth,NED,MF,MF,25,26.0,box_to_box
291,Ibrahima Konaté,Liverpool,FRA,DF,DF,25,28.4,zagueiro_construtor
292,Ezri Konsa,Aston Villa,ENG,DF,DF,26,32.6,zagueiro_construtor
293,Mateo Kovačić,Manchester City,CRO,MF,MF,30,24.4,box_to_box
294,Caleb Kporha,Crystal Palace,ENG,DF,DF,18,0.1,zagueiro_classico
295,Emil Krafth,Newcastle Utd,SWE,DF,DF,29,3.8,zagueiro_classico
296,Mohammed Kudus,West Ham,GHA,"FW,MF",FW,23,28.8,ponta_dribllador
297,Dejan Kulusevski,Tottenham,SWE,"MF,FW",MF,24,26.5,box_to_box
298,Maxence Lacroix,Crystal Palace,FRA,DF,DF,24,34.6,zagueiro_classico
299,Adam Lallana,Southampton,ENG,MF,MF,36,4.0,meia_criativo
300,Tariq Lamptey,Brighton,GHA,DF,DF,23,9.6,lateral_ofensivo
301,Will Lankshear,Tottenham,ENG,"FW,MF",FW,19,0.1,centroavante_goleador
302,Roméo Lavia,Chelsea,BEL,MF,MF,20,8.9,volante_defensivo
303,Mario Lemina,Wolves,GAB,"MF,DF",MF,30,15.2,volante_defensivo
304,Bernd Leno,Fulham,GER,GK,GK,32,38.0,goleiro_titular
305,Jefferson Lerma,Crystal Palace,COL,"MF,DF",MF,29,25.3,volante_defensivo
306,Rico Lewis,Manchester City,ENG,"DF,MF",DF,19,21.0,zagueiro_construtor
307,Keane Lewis-Potter,Brentford,ENG,"DF,FW",DF,23,34.4,lateral_ofensivo
308,Myles Lewis-Skelly,Arsenal,ENG,DF,DF,17,15.2,zagueiro_construtor
309,Matthijs de Ligt,Manchester Utd,NED,DF,DF,24,23.6,zagueiro_classico
310,Pedro Lima,Wolves,BRA,DF,DF,18,0.8,zagueiro_classico
311,Victor Lindelöf,Manchester Utd,SWE,DF,DF,30,7.8,zagueiro_classico
312,Jesper Lindstrøm,Everton,DEN,FW,FW,24,13.8,ponta_dribllador
313,Valentino Livramento,Newcastle Utd,ENG,DF,DF,21,31.6,zagueiro_construtor
314,Sean Longstaff,Newcastle Utd,ENG,MF,MF,26,8.9,volante_defensivo
315,Saša Lukić,Fulham,SRB,MF,MF,27,26.0,volante_defensivo
316,Joe Lumley,Southampton,ENG,GK,GK,29,3.0,goleiro_reserva
317,Massimo Luongo,Ipswich Town,AUS,MF,MF,31,2.2,volante_defensivo
318,Ian Maatsen,Aston Villa,NED,DF,DF,22,12.7,lateral_ofensivo
319,Alexis Mac Allister,Liverpool,ARG,MF,MF,25,28.9,box_to_box
320,James Maddison,Tottenham,ENG,MF,MF,27,20.1,box_to_box
321,Noni Madueke,Chelsea,ENG,FW,FW,22,22.6,ponta_dribllador
322,Gabriel Magalhães,Arsenal,BRA,DF,DF,26,26.3,zagueiro_construtor
323,Edmond-Paris Maghoma,Brentford,ENG,"MF,FW",MF,23,1.3,volante_defensivo
324,Harry Maguire,Manchester Utd,ENG,DF,DF,31,19.5,zagueiro_classico
325,Kobbie Mainoo,Manchester Utd,ENG,MF,MF,19,18.3,volante_defensivo
326,Tyrell Malacia,Manchester Utd,NED,DF,DF,24,1.1,zagueiro_classico
327,Donyell Malen,Aston Villa,NED,FW,FW,25,3.4,centroavante_goleador
328,Mateus Mane,Wolves,POR,MF,MF,17,0.0,volante_defensivo
329,Orel Mangala,Everton,BEL,MF,MF,26,14.0,volante_defensivo
330,Ryan Manning,Southampton,IRL,"DF,MF",DF,28,16.2,lateral_ofensivo
331,Solly March,Brighton,ENG,"FW,MF",FW,30,1.9,segundo_atacante
332,Omar Marmoush,Manchester City,EGY,"FW,MF",FW,25,13.1,centroavante_goleador
333,Gabriel Martinelli,Arsenal,BRA,"FW,MF",FW,23,25.4,ponta_dribllador
334,Emiliano Martínez,Aston Villa,ARG,GK,GK,31,35.5,goleiro_titular
335,Lisandro Martínez,Manchester Utd,ARG,DF,DF,26,19.5,zagueiro_construtor
336,Pape Matar Sarr,Tottenham,SEN,MF,MF,21,21.3,box_to_box
337,Jean-Philippe Mateta,Crystal Palace,FRA,FW,FW,27,29.4,ponta_dribllador
338,Stephy Mavididi,Leicester City,ENG,FW,FW,26,17.9,ponta_dribllador
339,Konstantinos Mavropanos,West Ham,GRE,DF,DF,26,22.7,zagueiro_classico
340,Noussair Mazraoui,Manchester Utd,MAR,DF,DF,26,31.5,zagueiro_construtor
341,Bryan Mbeumo,Brentford,CMR,FW,FW,24,37.9,ponta_dribllador
342,James Mcatee,Manchester City,ENG,"MF,FW",MF,21,3.9,meia_criativo
343,Kasey McAteer,Leicester City,IRL,FW,FW,22,9.5,ponta_dribllador
344,Alex McCarthy,Southampton,ENG,GK,GK,34,5.0,goleiro_reserva
345,John McGinn,Aston Villa,SCO,"MF,FW",MF,29,24.7,volante_defensivo
346,Dwight McNeil,Everton,ENG,"MF,FW",MF,24,15.2,meia_criativo
347,Scott McTominay,Manchester Utd,SCO,MF,MF,27,0.2,meia_criativo
348,Ben Mee,Brentford,ENG,DF,DF,34,2.0,zagueiro_classico
349,Jayden Meghoma,Brentford,ENG,DF,DF,18,0.1,zagueiro_classico
350,Mikel Merino,Arsenal,ESP,"MF,FW",MF,28,17.6,box_to_box
351,Shumaira Mheuka,Chelsea,ENG,MF,MF,16,0.0,meia_criativo
352,Nikola Milenković,Nott'ham Forest,SRB,DF,DF,26,37.0,zagueiro_classico
353,Lewis Miley,Newcastle Utd,ENG,MF,MF,18,3.5,meia_criativo
354,James Milner,Brighton,ENG,MF,MF,38,1.9,volante_defensivo
355,Tyrone Mings,Aston Villa,ENG,DF,DF,31,12.4,zagueiro_classico
356,Yankuba Minteh,Brighton,GAM,"FW,MF",FW,20,20.4,ponta_dribllador
357,Tyrick Mitchell,Crystal Palace,ENG,DF,DF,24,34.4,lateral_ofensivo
358,Kaoru Mitoma,Brighton,JPN,"FW,MF",FW,27,28.9,ponta_dribllador
359,Jakub Moder,Brighton,POL,MF,MF,25,0.1,meia_criativo
360,Jeremy Monga,Leicester City,ENG,"FW,MF",FW,16,1.2,centroavante_goleador
361,Mikey Moore,Tottenham,ENG,FW,FW,16,4.1,segundo_atacante
362,Morato,Nott'ham Forest,BRA,DF,DF,23,10.1,zagueiro_classico
363,Álex Moreno,Nott'ham Forest,ESP,"DF,MF",DF,31,10.6,lateral_ofensivo
364,Sam Morsy,Ipswich Town,EGY,MF,MF,32,30.6,volante_defensivo
365,Yerson Mosquera,Wolves,COL,DF,DF,23,4.9,zagueiro_classico
366,Mason Mount,Manchester Utd,ENG,MF,MF,25,6.9,box_to_box
367,Divin Mubama,Manchester City,ENG,FW,FW,19,0.3,centroavante_goleador
368,Mykhailo Mudryk,Chelsea,UKR,FW,FW,23,1.7,segundo_atacante
369,Marshall Munetsi,Wolves,ZIM,"MF,FW",MF,28,12.0,meia_criativo
370,Rodrigo Muniz,Fulham,BRA,FW,FW,23,10.7,centroavante_goleador
371,Daniel Muñoz,Crystal Palace,COL,DF,DF,28,35.9,lateral_ofensivo
372,Arijanet Muric,Ipswich Town,KVX,GK,GK,25,18.0,goleiro_joia
373,Murillo,Nott'ham Forest,BRA,DF,DF,22,35.4,zagueiro_construtor
374,Jacob Murphy,Newcastle Utd,ENG,FW,FW,29,26.2,ponta_dribllador
375,Vitaliy Mykolenko,Everton,UKR,DF,DF,25,34.2,lateral_ofensivo
376,Iliman Ndiaye,Everton,SEN,FW,FW,24,27.0,ponta_dribllador
377,Wilfred Ndidi,Leicester City,NGA,MF,MF,27,25.8,volante_defensivo
378,Kosta Nedeljković,Aston Villa,SRB,DF,DF,18,1.4,zagueiro_classico
379,Reiss Nelson,Arsenal,ENG,FW,FW,24,0.0,centroavante_goleador
380,Reiss Nelson,Fulham,ENG,FW,FW,24,5.4,ponta_dribllador
381,Neto,Bournemouth,BRA,GK,GK,35,2.0,goleiro_reserva
382,Pedro Neto,Chelsea,POR,FW,FW,24,25.2,ponta_dribllador
383,Eddie Nketiah,Crystal Palace,ENG,"FW,MF",FW,25,11.5,ponta_dribllador
384,Christopher Nkunku,Chelsea,FRA,FW,FW,26,10.2,segundo_atacante
385,Gustavo Nunes,Brentford,BRA,"FW,MF",FW,18,0.1,centroavante_goleador
386,Matheus Nunes,Manchester City,POR,"DF,MF",DF,25,18.6,lateral_ofensivo
387,Darwin Núñez,Liverpool,URU,FW,FW,25,12.6,centroavante_goleador
388,Ethan Nwaneri,Arsenal,ENG,"FW,MF",FW,17,9.9,ponta_dribllador
389,Christian Nørgaard,Brentford,DEN,MF,MF,30,31.3,volante_defensivo
390,Jake O'Brien,Everton,IRL,DF,DF,23,17.5,zagueiro_classico
391,Matt O'Riley,Brighton,DEN,MF,MF,23,10.4,meia_criativo
392,Dara O'Shea,Ipswich Town,IRL,DF,DF,25,34.7,zagueiro_classico
393,Chidozie Obi-Martin,Manchester Utd,DEN,FW,FW,16,1.8,centroavante_goleador
394,Wilson Odobert,Tottenham,FRA,"FW,MF",FW,19,9.4,ponta_dribllador
395,Chiedozie Ogbene,Ipswich Town,IRL,FW,FW,27,2.6,centroavante_goleador
396,Caleb Okoli,Leicester City,ITA,DF,DF,23,12.5,zagueiro_classico
397,Robin Olsen,Aston Villa,SWE,GK,GK,34,2.5,goleiro_reserva
398,Amadou Onana,Aston Villa,BEL,MF,MF,22,18.0,box_to_box
399,André Onana,Manchester Utd,CMR,GK,GK,28,34.0,goleiro_titular
400,Paul Onuachu,Southampton,NGA,FW,FW,30,11.7,centroavante_goleador
401,Frank Onyeka,Brentford,NGA,MF,MF,26,0.3,volante_defensivo
402,Lewis Orford,West Ham,ENG,MF,MF,18,0.5,volante_defensivo
403,Stefan Ortega,Manchester City,GER,GK,GK,31,12.2,goleiro_reserva
404,William Osula,Newcastle Utd,DEN,FW,FW,20,1.5,centroavante_goleador
405,Dango Ouattara,Bournemouth,BFA,FW,FW,22,22.3,ponta_dribllador
406,Nico O’Reilly,Manchester City,ENG,DF,DF,19,5.9,zagueiro_classico
407,Alex Palmer,Ipswich Town,ENG,GK,GK,27,13.0,goleiro_joia
408,Cole Palmer,Chelsea,ENG,"MF,FW",MF,22,35.5,box_to_box
409,Emerson Palmieri,West Ham,ITA,DF,DF,29,23.5,zagueiro_construtor
410,Lucas Paquetá,West Ham,BRA,"MF,FW",MF,26,26.4,volante_defensivo
411,Thomas Partey,Arsenal,GHA,"MF,DF",MF,31,31.1,box_to_box
412,Nathan Patterson,Everton,SCO,DF,DF,22,3.9,zagueiro_classico
413,Andreas Pereira,Fulham,BRA,MF,MF,28,22.4,volante_defensivo
414,Ricardo Pereira,Leicester City,POR,DF,DF,30,4.3,zagueiro_classico
415,Kalvin Phillips,Ipswich Town,ENG,MF,MF,28,13.7,volante_defensivo
416,Jaden Philogene Bidace,Aston Villa,ENG,"FW,MF",FW,22,3.7,centroavante_goleador
417,Jaden Philogene Bidace,Ipswich Town,ENG,"FW,DF",FW,22,5.3,centroavante_goleador
418,Jordan Pickford,Everton,ENG,GK,GK,30,38.0,goleiro_titular
419,Ethan Pinnock,Brentford,JAM,DF,DF,31,21.3,zagueiro_classico
420,Daniel Podence,Wolves,POR,"MF,FW",MF,28,0.5,volante_defensivo
421,Alfie Pond,Wolves,ENG,DF,DF,20,0.0,zagueiro_classico
422,Nick Pope,Newcastle Utd,ENG,GK,GK,32,28.0,goleiro_titular
423,Pedro Porro,Tottenham,ESP,DF,DF,24,29.0,lateral_ofensivo
424,Jarell Quansah,Liverpool,ENG,DF,DF,21,5.5,zagueiro_classico
425,Hákon Rafn Valdimarsson,Brentford,ISL,GK,GK,22,1.6,goleiro_joia
426,Aaron Ramsdale,Southampton,ENG,GK,GK,26,30.0,goleiro_titular
427,Jacob Ramsey,Aston Villa,ENG,"FW,MF",FW,23,18.0,ponta_dribllador
428,Marcus Rashford,Manchester Utd,ENG,"FW,MF",FW,26,10.9,centroavante_goleador
429,Marcus Rashford,Aston Villa,ENG,FW,FW,26,4.9,segundo_atacante
430,David Raya,Arsenal,ESP,GK,GK,28,38.0,goleiro_titular
431,Harrison Reed,Fulham,ENG,MF,MF,29,1.2,meia_criativo
432,Remy Rees-Dottin,Bournemouth,ENG,FW,FW,18,0.0,centroavante_goleador
433,Sergio Reguilón,Tottenham,ESP,DF,DF,27,2.2,zagueiro_classico
434,Vitor Reis,Manchester City,BRA,DF,DF,18,0.0,zagueiro_classico
435,Chadi Riad,Crystal Palace,MAR,DF,DF,21,1.0,zagueiro_classico
436,Declan Rice,Arsenal,ENG,MF,MF,25,31.4,box_to_box
437,Chris Richards,Crystal Palace,USA,DF,DF,24,21.4,zagueiro_classico
438,Richarlison,Tottenham,BRA,FW,FW,27,5.6,centroavante_goleador
439,Andrew Robertson,Liverpool,SCO,DF,DF,30,27.6,zagueiro_construtor
440,Antonee Robinson,Fulham,USA,DF,DF,26,35.2,lateral_ofensivo
441,Jay Robinson,Southampton,ENG,"MF,FW",MF,17,1.5,meia_criativo
442,Rodri,Manchester City,ESP,MF,MF,28,0.8,volante_defensivo
443,Guido Rodríguez,West Ham,ARG,MF,MF,30,12.8,volante_defensivo
444,Mads Roerslev,Brentford,DEN,DF,DF,25,12.2,lateral_ofensivo
445,Morgan Rogers,Aston Villa,ENG,"FW,MF",FW,22,34.6,ponta_dribllador
446,Cristian Romero,Tottenham,ARG,DF,DF,26,15.7,zagueiro_construtor
447,Georginio Rutter,Brighton,FRA,"MF,FW",MF,22,18.4,box_to_box
448,José Sá,Wolves,POR,GK,GK,31,29.0,goleiro_titular
449,Bukayo Saka,Arsenal,ENG,"FW,MF",FW,22,19.2,ponta_dribllador
450,Mohamed Salah,Liverpool,EGY,FW,FW,32,37.5,ponta_dribllador
451,William Saliba,Arsenal,FRA,DF,DF,23,33.8,zagueiro_construtor
452,Robert Sánchez,Chelsea,ESP,GK,GK,26,32.0,goleiro_titular
453,Jadon Sancho,Chelsea,ENG,FW,FW,24,19.6,ponta_dribllador
454,Ibrahim Sangaré,Nott'ham Forest,CIV,MF,MF,26,6.6,volante_defensivo
455,Pablo Sarabia,Wolves,ESP,"MF,FW",MF,32,9.0,meia_criativo
456,Jeremy Sarmiento,Brighton,ECU,MF,MF,22,0.1,volante_defensivo
457,Ismaila Sarr,Crystal Palace,SEN,MF,MF,26,30.1,box_to_box
458,Sávio,Manchester City,BRA,"FW,MF",FW,20,19.6,ponta_dribllador
459,Oliver Scarles,West Ham,ENG,"DF,FW",DF,18,7.4,zagueiro_classico
460,Dane Scarlett,Tottenham,ENG,"FW,MF",FW,20,0.4,segundo_atacante
461,Kevin Schade,Brentford,GER,FW,FW,22,25.5,ponta_dribllador
462,Fabian Schär,Newcastle Utd,SUI,DF,DF,32,32.6,zagueiro_construtor
463,Jeffrey Schlupp,Crystal Palace,GHA,"MF,DF",MF,31,1.1,meia_criativo
464,Alex Scott,Bournemouth,ENG,MF,MF,20,8.4,volante_defensivo
465,Matz Sels,Nott'ham Forest,BEL,GK,GK,32,38.0,goleiro_titular
466,Nélson Semedo,Wolves,POR,DF,DF,30,32.1,lateral_ofensivo
467,Antoine Semenyo,Bournemouth,GHA,FW,FW,24,35.6,ponta_dribllador
468,Marcos Senesi,Bournemouth,ARG,DF,DF,27,12.3,zagueiro_construtor
469,Ryan Sessegnon,Fulham,ENG,"FW,DF",FW,24,6.4,segundo_atacante
470,Luke Shaw,Manchester Utd,ENG,DF,DF,29,3.9,zagueiro_classico
471,Zain Silcott-Duberry,Bournemouth,MSR,FW,FW,19,0.0,centroavante_goleador
472,Bernardo Silva,Manchester City,POR,"MF,FW",MF,29,29.7,box_to_box
473,Jota Silva,Nott'ham Forest,POR,"FW,MF",FW,24,9.5,segundo_atacante
474,Eric da Silva Moreira,Nott'ham Forest,GER,"MF,DF",MF,18,0.3,volante_defensivo
475,Jahmai Simpson-Pusey,Manchester City,ENG,DF,DF,18,1.1,zagueiro_classico
476,Luis Sinisterra,Bournemouth,COL,"FW,MF",FW,25,2.6,segundo_atacante
477,Oliver Skipp,Leicester City,ENG,MF,MF,23,12.5,volante_defensivo
478,William Smallbone,Southampton,IRL,MF,MF,24,7.7,volante_defensivo
479,Adam Smith,Bournemouth,ENG,DF,DF,33,17.7,zagueiro_classico
480,Emile Smith Rowe,Fulham,ENG,MF,MF,24,22.7,box_to_box
481,Dominic Solanke,Tottenham,ENG,FW,FW,26,24.5,ponta_dribllador
482,Carlos Soler,West Ham,ESP,"MF,FW",MF,27,15.7,volante_defensivo
483,Julio Soler,Bournemouth,ARG,"DF,FW",DF,19,0.1,zagueiro_classico
484,Ramón Sosa,Nott'ham Forest,PAR,"FW,MF",FW,24,3.3,centroavante_goleador
485,Tomáš Souček,West Ham,CZE,MF,MF,29,28.5,volante_defensivo
486,Boubakary Soumaré,Leicester City,FRA,MF,MF,25,24.1,volante_defensivo
487,Djed Spence,Tottenham,ENG,DF,DF,23,19.9,zagueiro_construtor
488,Jay Stansfield,Fulham,ENG,MF,MF,21,0.0,volante_defensivo
489,Jason Steele,Brighton,ENG,GK,GK,33,2.0,goleiro_reserva
490,Jack Stephens,Southampton,ENG,DF,DF,30,15.4,zagueiro_construtor
491,Raheem Sterling,Arsenal,ENG,"FW,MF",FW,29,5.5,ponta_dribllador
492,Ross Stewart,Southampton,SCO,FW,FW,28,4.3,centroavante_goleador
493,Jakub Stolarczyk,Leicester City,POL,GK,GK,23,10.0,goleiro_joia
494,John Stones,Manchester City,ENG,"DF,MF",DF,30,6.1,zagueiro_classico
495,Jørgen Strand Larsen,Wolves,NOR,FW,FW,24,28.7,centroavante_goleador
496,Yukinari Sugawara,Southampton,JPN,"DF,MF",DF,24,17.3,lateral_ofensivo
497,Kamaldeen Sulemana,Southampton,GHA,"FW,MF",FW,22,15.6,ponta_dribllador
498,Crysencio Summerville,West Ham,NED,"FW,MF",FW,22,8.7,ponta_dribllador
499,Sammie Szmodics,Ipswich Town,IRL,"FW,MF",FW,28,11.0,centroavante_goleador
500,Dominik Szoboszlai,Liverpool,HUN,MF,MF,23,27.7,box_to_box
501,Matt Targett,Newcastle Utd,ENG,DF,DF,28,0.2,zagueiro_classico
502,James Tarkowski,Everton,ENG,DF,DF,31,32.5,zagueiro_classico
503,Marcus Tavernier,Bournemouth,ENG,"FW,MF",FW,25,21.5,ponta_dribllador
504,Charlie Taylor,Southampton,ENG,DF,DF,30,4.0,zagueiro_classico
505,Jack Taylor,Ipswich Town,IRL,MF,MF,26,9.6,volante_defensivo
506,Mathys Tel,Tottenham,FRA,FW,FW,19,10.1,segundo_atacante
507,Kenny Tete,Fulham,NED,DF,DF,28,19.7,lateral_ofensivo
508,Thiago,Brentford,BRA,"FW,MF",FW,23,1.9,centroavante_goleador
509,Luke Thomas,Leicester City,ENG,DF,DF,23,12.3,zagueiro_classico
510,Youri Tielemans,Aston Villa,BEL,MF,MF,27,33.6,box_to_box
511,Kieran Tierney,Arsenal,SCO,"DF,FW",DF,27,2.9,lateral_ofensivo
512,Jurriën Timber,Arsenal,NED,DF,DF,23,26.9,zagueiro_construtor
513,Jean-Clair Todibo,West Ham,FRA,DF,DF,24,20.3,zagueiro_classico
514,Harry Toffolo,Nott'ham Forest,ENG,DF,DF,28,1.5,zagueiro_classico
515,Takehiro Tomiyasu,Arsenal,JPN,DF,DF,25,0.1,zagueiro_classico
516,Sandro Tonali,Newcastle Utd,ITA,MF,MF,24,29.2,box_to_box
517,Pau Torres,Aston Villa,ESP,DF,DF,27,22.4,zagueiro_construtor
518,Conor Townsend,Ipswich Town,ENG,DF,DF,31,3.7,zagueiro_classico
519,Adama Traoré,Fulham,ESP,"FW,MF",FW,28,19.7,ponta_dribllador
520,Boubacar Traoré,Wolves,MLI,MF,MF,22,0.0,volante_defensivo
521,Mark Travers,Bournemouth,IRL,GK,GK,25,5.0,goleiro_reserva
522,Ryan Trevitt,Brentford,ENG,MF,MF,21,0.0,volante_defensivo
523,Kieran Trippier,Newcastle Utd,ENG,DF,DF,33,14.5,zagueiro_construtor
524,Leandro Trossard,Arsenal,BEL,FW,FW,29,28.3,ponta_dribllador
525,Kostas Tsimikas,Liverpool,GRE,DF,DF,28,9.3,lateral_ofensivo
526,Axel Tuanzebe,Ipswich Town,COD,DF,DF,26,19.0,zagueiro_classico
527,Destiny Udogie,Tottenham,ITA,DF,DF,21,21.4,zagueiro_construtor
528,Manuel Ugarte Ribeiro,Manchester Utd,URU,MF,MF,23,19.8,volante_defensivo
529,Lesley Ugochukwu,Southampton,FRA,MF,MF,20,18.4,volante_defensivo
530,Enes Ünal,Bournemouth,TUR,"FW,MF",FW,27,3.8,centroavante_goleador
531,Virgil van Dijk,Liverpool,NED,DF,DF,33,37.0,zagueiro_construtor
532,Jamie Vardy,Leicester City,ENG,FW,FW,37,31.4,ponta_dribllador
533,Renato Veiga,Chelsea,POR,"DF,MF",DF,21,2.0,zagueiro_classico
534,Joël Veltman,Brighton,NED,DF,DF,32,18.9,zagueiro_construtor
535,Micky van de Ven,Tottenham,NED,DF,DF,23,11.3,lateral_ofensivo
536,Bart Verbruggen,Brighton,NED,GK,GK,21,36.0,goleiro_joia
537,Jannik Vestergaard,Leicester City,DEN,DF,DF,31,15.5,zagueiro_classico
538,Guglielmo Vicario,Tottenham,ITA,GK,GK,27,24.0,goleiro_titular
539,Carlos Vinícius,Fulham,BRA,"MF,FW",MF,29,0.2,meia_criativo
540,Kyle Walker,Manchester City,ENG,DF,DF,34,10.8,zagueiro_construtor
541,Kyle Walker-Peters,Southampton,ENG,DF,DF,27,32.4,zagueiro_construtor
542,Christian Walton,Ipswich Town,ENG,GK,GK,28,7.0,goleiro_reserva
543,Aaron Wan-Bissaka,West Ham,ENG,DF,DF,26,35.0,lateral_ofensivo
544,Danny Ward,Leicester City,WAL,GK,GK,31,1.5,goleiro_reserva
545,Joel Ward,Crystal Palace,ENG,DF,DF,34,0.8,zagueiro_classico
546,James Ward-Prowse,West Ham,ENG,MF,MF,29,11.5,meia_criativo
547,James Ward-Prowse,Nott'ham Forest,ENG,MF,MF,29,4.4,meia_criativo
548,Ollie Watkins,Aston Villa,ENG,FW,FW,28,28.9,ponta_dribllador
549,Adam Webster,Brighton,ENG,DF,DF,29,9.9,zagueiro_construtor
550,Danny Welbeck,Brighton,ENG,FW,FW,33,23.5,centroavante_goleador
551,Welington,Southampton,BRA,DF,DF,23,5.4,zagueiro_classico
552,Timo Werner,Tottenham,GER,"FW,MF",FW,28,5.7,segundo_atacante
553,Adam Wharton,Crystal Palace,ENG,MF,MF,20,14.6,volante_defensivo
554,Ben White,Arsenal,ENG,DF,DF,26,13.3,lateral_ofensivo
555,Mats Wieffer,Brighton,NED,"DF,MF",DF,24,11.3,lateral_ofensivo
556,Neco Williams,Nott'ham Forest,WAL,DF,DF,23,28.8,zagueiro_construtor
557,Willian,Fulham,BRA,"FW,MF",FW,35,2.9,segundo_atacante
558,Joe Willock,Newcastle Utd,ENG,"MF,FW",MF,24,12.1,box_to_box
559,Callum Wilson,Newcastle Utd,ENG,FW,FW,32,4.1,centroavante_goleador
560,Harry Wilson,Fulham,WAL,"FW,MF",FW,27,12.9,centroavante_goleador
561,Harry Winks,Leicester City,ENG,MF,MF,28,17.1,volante_defensivo
562,Ben Winterburn,Bournemouth,ENG,"MF,FW",MF,19,0.3,volante_defensivo
563,Yoane Wissa,Brentford,COD,FW,FW,27,32.4,ponta_dribllador
564,Chris Wood,Nott'ham Forest,NZL,FW,FW,32,32.9,centroavante_goleador
565,Nathan Wood-Gordon,Southampton,ENG,DF,DF,22,8.6,zagueiro_classico
566,Luke Woolfenden,Ipswich Town,ENG,DF,DF,25,13.2,zagueiro_classico
567,Yehor Yarmoliuk,Brentford,UKR,MF,MF,20,16.1,volante_defensivo
568,Ryan Yates,Nott'ham Forest,ENG,MF,MF,26,21.3,volante_defensivo
569,Leny Yoro,Manchester Utd,FRA,DF,DF,18,12.9,zagueiro_construtor
570,Ashley Young,Everton,ENG,DF,DF,39,20.8,lateral_ofensivo
571,Illia Zabarnyi,Bournemouth,UKR,DF,DF,21,34.5,zagueiro_construtor
572,Oleksandr Zinchenko,Arsenal,UKR,"DF,MF",DF,27,5.9,zagueiro_construtor
573,Joshua Zirkzee,Manchester Utd,NED,"FW,MF",FW,23,15.6,centroavante_goleador
574,Martin Ødegaard,Arsenal,NOR,MF,MF,25,25.8,box_to_box
575,James Abankwah,Udinese,IRL,"DF,MF",DF,20,1.0,zagueiro_classico
576,Saud Abdulhamid,Roma,KSA,DF,DF,25,2.3,lateral_ofensivo
577,Oliver Abildgaard,Como,DEN,MF,MF,28,0.1,volante_defensivo
578,Tammy Abraham,Roma,ENG,FW,FW,26,0.0,centroavante_goleador
579,Tammy Abraham,Milan,ENG,FW,FW,26,13.1,segundo_atacante
580,Federico Accornero,Genoa,ITA,MF,MF,20,0.1,volante_defensivo
581,Francesco Acerbi,Inter,ITA,DF,DF,36,19.0,zagueiro_construtor
582,Che Adams,Torino,SCO,FW,FW,28,29.5,ponta_dribllador
583,Yacine Adli,Fiorentina,FRA,MF,MF,24,13.5,box_to_box
584,Vasilije Adžić,Juventus,MNE,"MF,FW",MF,18,0.5,volante_defensivo
585,Michel Aebischer,Bologna,SUI,MF,MF,27,8.0,volante_defensivo
586,Honest Ahanor,Genoa,ITA,"DF,MF",DF,16,3.0,zagueiro_classico
587,Junior Ajayi,Hellas Verona,CIV,FW,FW,19,0.1,centroavante_goleador
588,Jean-Daniel Akpa-Akpro,Monza,CIV,MF,MF,31,10.7,volante_defensivo
589,David Akpan Ankeye,Genoa,NGA,"FW,MF",FW,22,0.5,centroavante_goleador
590,Faride Alidou,Hellas Verona,GER,"FW,MF",FW,23,0.8,centroavante_goleador
591,Dele Alli,Como,ENG,MF,MF,28,0.1,volante_defensivo
592,Pontus Almqvist,Parma,SWE,"FW,MF",FW,25,12.4,ponta_dribllador
593,Giorgio Altare,Venezia,ITA,DF,DF,25,8.4,zagueiro_classico
594,Sofyan Amrabat,Fiorentina,MAR,MF,MF,27,2.0,volante_defensivo
595,Angeliño,Roma,ESP,DF,DF,27,35.3,zagueiro_construtor
596,Lorenzo Anghelè,Juventus,ITA,FW,FW,19,0.1,centroavante_goleador
597,Faustino Anjorin,Empoli,ENG,MF,MF,22,12.4,box_to_box
598,Marko Arnautović,Inter,AUT,FW,FW,35,5.9,centroavante_goleador
599,Kristjan Asllani,Inter,ALB,MF,MF,22,10.9,meia_criativo
600,Arthur Atta,Udinese,FRA,"MF,FW",MF,21,13.9,volante_defensivo
601,Emil Audero,Como,IDN,GK,GK,27,8.0,goleiro_reserva
602,Tommaso Augello,Cagliari,ITA,DF,DF,29,30.1,lateral_ofensivo
603,Carlos Augusto,Inter,BRA,DF,DF,25,18.1,lateral_ofensivo
604,Yann Aurel Bisseck,Inter,GER,DF,DF,23,17.3,zagueiro_construtor
605,Paulo Azzi,Cagliari,BRA,DF,DF,30,4.7,zagueiro_classico
606,Oussama El Azzouzi,Bologna,MAR,MF,MF,23,0.2,volante_defensivo
607,Jacopo Bacci,Empoli,ITA,MF,MF,19,0.3,volante_defensivo
608,Milan Badelj,Genoa,CRO,MF,MF,35,16.4,volante_defensivo
609,Mitchel Bakker,Atalanta,NED,MF,MF,24,0.2,volante_defensivo
610,Tommaso Baldanzi,Roma,ITA,"MF,FW",MF,21,9.2,box_to_box
611,Keita Baldé,Monza,SEN,FW,FW,29,7.1,centroavante_goleador
612,Botond Balogh,Parma,HUN,DF,DF,22,22.8,zagueiro_classico
613,Mario Balotelli,Genoa,ITA,"FW,MF",FW,33,0.7,centroavante_goleador
614,Lameck Banda,Lecce,ZAM,"FW,MF",FW,23,6.8,ponta_dribllador
615,Daniel Bandeira,Hellas Verona,POR,MF,MF,24,4.5,volante_defensivo
616,Mattia Bani,Genoa,ITA,DF,DF,30,16.7,zagueiro_classico
617,Antonín Barák,Fiorentina,CZE,MF,MF,29,0.6,meia_criativo
618,Federico Barba,Como,ITA,DF,DF,30,4.8,zagueiro_classico
619,Nicolò Barella,Inter,ITA,MF,MF,27,27.3,box_to_box
620,Davide Bartesaghi,Milan,ITA,DF,DF,18,1.3,zagueiro_classico
621,Federico Baschirotto,Lecce,ITA,DF,DF,27,38.0,zagueiro_classico
622,Daniele Baselli,Como,ITA,MF,MF,32,0.2,volante_defensivo
623,Alessandro Bastoni,Inter,ITA,DF,DF,25,25.9,zagueiro_construtor
624,Reda Belahyane,Hellas Verona,MAR,MF,MF,20,18.4,volante_defensivo
625,Reda Belahyane,Lazio,MAR,MF,MF,20,2.2,volante_defensivo
626,Raoul Bellanova,Torino,ITA,DF,DF,24,1.0,zagueiro_classico
627,Raoul Bellanova,Atalanta,ITA,DF,DF,24,26.7,lateral_ofensivo
628,Andrea Belotti,Como,ITA,FW,FW,30,6.6,centroavante_goleador
629,Lucas Beltrán,Fiorentina,ARG,"FW,MF",FW,23,20.7,ponta_dribllador
630,Adrian Benedyczak,Parma,POL,"FW,MF",FW,23,2.4,centroavante_goleador
631,Ismaël Bennacer,Milan,ALG,MF,MF,26,3.3,volante_defensivo
632,Medon Berisha,Lecce,ALB,MF,MF,20,8.0,volante_defensivo
633,Adrian Bernabe,Parma,ESP,MF,MF,23,16.1,box_to_box
634,Antoine Bernede,Hellas Verona,FRA,MF,MF,25,6.6,meia_criativo
635,Sam Beukema,Bologna,NED,DF,DF,25,33.5,zagueiro_construtor
636,Alessandro Bianco,Monza,ITA,MF,MF,21,28.9,volante_defensivo
637,Alessandro Bianco,Fiorentina,ITA,MF,MF,21,0.2,volante_defensivo
638,Jaka Bijol,Udinese,SVN,DF,DF,25,32.9,zagueiro_construtor
639,Philip Billing,Napoli,DEN,MF,MF,28,2.2,meia_criativo
640,Cristiano Biraghi,Torino,ITA,DF,DF,31,12.9,lateral_ofensivo
641,Cristiano Biraghi,Fiorentina,ITA,DF,DF,31,4.8,zagueiro_classico
642,Samuele Birindelli,Monza,ITA,"DF,MF",DF,25,16.3,lateral_ofensivo
643,Bjarki Bjarkason,Venezia,ISL,"DF,MF",DF,24,1.8,zagueiro_classico
644,Emil Bohinen,Genoa,NOR,MF,MF,25,1.8,volante_defensivo
645,Warren Bondo,Monza,FRA,MF,MF,20,18.0,volante_defensivo
646,Warren Bondo,Milan,FRA,MF,MF,20,1.8,volante_defensivo
647,Kevin Bonifazi,Lecce,ITA,DF,DF,28,0.7,zagueiro_classico
648,Ange-Yoan Bonny,Parma,FRA,FW,FW,20,28.1,ponta_dribllador
649,Edoardo Bove,Fiorentina,ITA,"MF,FW",MF,22,9.3,meia_criativo
650,Domagoj Bradarić,Hellas Verona,CRO,DF,DF,24,21.5,lateral_ofensivo
651,Matthias Braunöder,Como,AUT,MF,MF,22,3.0,volante_defensivo
652,Iker Bravo,Udinese,ESP,"FW,MF",FW,19,7.6,centroavante_goleador
653,Gleison Bremer,Juventus,BRA,DF,DF,27,6.0,zagueiro_classico
654,Brenner,Udinese,BRA,"MF,FW",MF,24,4.3,meia_criativo
655,Marco Brescianini,Atalanta,ITA,MF,MF,24,11.0,box_to_box
656,Arvid Brorsson,Monza,SWE,DF,DF,25,4.0,zagueiro_classico
657,Tajon Buchanan,Inter,CAN,"DF,FW",DF,25,1.1,zagueiro_classico
658,Alessandro Buongiorno,Napoli,ITA,DF,DF,25,21.4,zagueiro_construtor
659,Rareș-Cătălin Burnete,Lecce,ROU,FW,FW,20,0.3,centroavante_goleador
660,Gianluca Busio,Venezia,USA,MF,MF,22,28.0,box_to_box
661,Jean Butez,Como,FRA,GK,GK,29,18.5,goleiro_titular
662,Liberato Cacace,Empoli,NZL,"MF,DF",MF,23,24.8,volante_defensivo
663,Alessio Cacciamani,Torino,ITA,"MF,DF",MF,17,0.3,volante_defensivo
664,Davide Calabria,Bologna,ITA,DF,DF,27,7.0,lateral_ofensivo
665,Davide Calabria,Milan,ITA,DF,DF,27,3.5,zagueiro_classico
666,Luca Caldirola,Monza,ITA,DF,DF,33,9.7,zagueiro_classico
667,Hakan Çalhanoğlu,Inter,TUR,MF,MF,30,20.9,box_to_box
668,Drissa Camara,Parma,CIV,"MF,FW",MF,22,5.0,meia_criativo
669,Francesco Camarda,Milan,ITA,"FW,MF",FW,16,2.3,segundo_atacante
670,Nicolò Cambiaghi,Bologna,ITA,FW,FW,23,6.9,segundo_atacante
671,Andrea Cambiaso,Juventus,ITA,"DF,FW",DF,24,24.7,zagueiro_construtor
672,Thomas Campaniello,Empoli,ITA,FW,FW,16,0.3,centroavante_goleador
673,Matteo Cancellieri,Parma,ITA,"FW,MF",FW,22,15.8,ponta_dribllador
674,Fali Candé,Venezia,GNB,DF,DF,26,17.0,zagueiro_classico
675,Antonio Candela,Venezia,ITA,DF,DF,24,11.2,lateral_ofensivo
676,Gianluca Caprari,Monza,ITA,"MF,FW",MF,31,18.3,box_to_box
677,Elia Caprile,Cagliari,ITA,GK,GK,22,18.0,goleiro_joia
678,Elia Caprile,Napoli,ITA,GK,GK,22,3.6,goleiro_joia
679,Francesco Caputo,Empoli,ITA,FW,FW,36,0.1,centroavante_goleador
680,Maxence Caqueret,Como,FRA,MF,MF,24,12.1,meia_criativo
681,Andrea Carboni,Monza,ITA,DF,DF,23,24.3,zagueiro_classico
682,Franco Carboni,Venezia,ITA,DF,DF,21,2.5,zagueiro_classico
683,Marco Carnesecchi,Atalanta,ITA,GK,GK,24,34.0,goleiro_joia
684,Cesare Casadei,Torino,ITA,MF,MF,21,11.3,volante_defensivo
685,Nicolò Casale,Bologna,ITA,DF,DF,26,10.0,zagueiro_classico
686,Nicolò Casale,Lazio,ITA,DF,DF,26,1.5,zagueiro_classico
687,Federico Cassa,Atalanta,ITA,"MF,FW",MF,18,0.2,volante_defensivo
688,Valentín Castellanos,Lazio,ARG,FW,FW,25,26.5,ponta_dribllador
689,Santiago Castro,Bologna,ARG,FW,FW,19,25.5,ponta_dribllador
690,Gaetano Castrovilli,Monza,ITA,MF,MF,27,6.6,volante_defensivo
691,Gaetano Castrovilli,Lazio,ITA,"MF,FW",MF,27,1.6,meia_criativo
692,Danilo Cataldi,Fiorentina,ITA,MF,MF,29,19.0,box_to_box
693,Zeki Çelik,Roma,TUR,DF,DF,27,25.1,lateral_ofensivo
694,Alberto Cerri,Como,ITA,FW,FW,28,1.0,centroavante_goleador
695,Gabriel Charpentier,Parma,CGO,FW,FW,25,3.0,segundo_atacante
696,Walid Cheddira,Napoli,MAR,FW,FW,26,0.1,segundo_atacante
697,Leandro Chichizola,Parma,ARG,GK,GK,34,1.0,goleiro_reserva
698,Samuel Chukwueze,Milan,NGA,"FW,MF",FW,25,10.3,ponta_dribllador
699,Aaron Ciammaglichella,Torino,ITA,MF,MF,19,0.0,volante_defensivo
700,Giuseppe Ciocci,Cagliari,ITA,GK,GK,22,0.1,goleiro_joia
701,Alessandro Circati,Parma,AUS,DF,DF,20,6.0,zagueiro_classico
702,Alphadjo Cissè,Hellas Verona,ITA,"FW,MF",FW,17,0.1,centroavante_goleador
703,Patrick Ciurria,Monza,ITA,"MF,DF",MF,29,12.3,volante_defensivo
704,Saúl Coco,Torino,EQG,DF,DF,25,31.6,zagueiro_classico
705,Lorenzo Colombo,Empoli,ITA,"FW,MF",FW,22,24.8,ponta_dribllador
706,Andrea Colpani,Fiorentina,ITA,"FW,MF",FW,25,15.9,ponta_dribllador
707,Florinel Coman,Cagliari,ROU,"FW,MF",FW,26,2.9,centroavante_goleador
708,Pietro Comuzzo,Fiorentina,ITA,DF,DF,19,23.4,zagueiro_construtor
709,Francisco Conceição,Juventus,POR,"FW,MF",FW,21,14.9,ponta_dribllador
710,Diego Coppola,Hellas Verona,ITA,DF,DF,20,32.5,zagueiro_classico
711,Maxwel Cornet,Genoa,CIV,"FW,MF",FW,27,2.7,segundo_atacante
712,Joaquín Correa,Inter,ARG,"FW,MF",FW,29,8.1,segundo_atacante
713,Alberto costa,Juventus,POR,DF,DF,20,4.0,zagueiro_classico
714,Lassana Coulibaly,Lecce,MLI,MF,MF,28,29.6,volante_defensivo
715,Woyo Coulibaly,Parma,MLI,DF,DF,25,12.0,zagueiro_construtor
716,Bryan Cristante,Roma,ITA,MF,MF,29,22.7,box_to_box
717,Domen Črnigoj,Venezia,SVN,MF,MF,28,1.5,volante_defensivo
718,Juan Cuadrado,Atalanta,COL,"DF,MF",DF,36,9.2,lateral_ofensivo
719,Patrick Cutrone,Como,ITA,FW,FW,26,22.7,ponta_dribllador
720,Wylan Cyprien,Parma,FRA,MF,MF,29,0.3,meia_criativo
721,Danilo D'Ambrosio,Monza,ITA,DF,DF,35,12.2,zagueiro_classico
722,Lucas Da Cunha,Como,FRA,MF,MF,23,29.0,box_to_box
723,Samuel Dahl,Roma,SWE,"DF,MF",DF,24,0.5,zagueiro_classico
724,Thijs Dallinga,Bologna,NED,FW,FW,23,12.8,centroavante_goleador
725,Maat Daniel Caprini,Fiorentina,ITA,FW,FW,18,0.1,centroavante_goleador
726,Flavius Daniliuc,Hellas Verona,AUT,DF,DF,23,11.2,zagueiro_classico
727,Danilo,Juventus,BRA,DF,DF,33,6.5,zagueiro_construtor
728,Matteo Darmian,Inter,ITA,DF,DF,34,19.8,lateral_ofensivo
729,Juan David Cabal,Juventus,COL,DF,DF,23,5.1,zagueiro_classico
730,Keinan Davis,Udinese,ENG,FW,FW,26,11.8,ponta_dribllador
731,Paweł Dawidowicz,Hellas Verona,POL,"DF,MF",DF,29,20.5,zagueiro_classico
732,Charles De Ketelaere,Atalanta,BEL,"MF,FW",MF,23,23.0,box_to_box
733,Mattia De Sciglio,Empoli,ITA,DF,DF,31,8.5,zagueiro_classico
734,Lorenzo De Silvestri,Bologna,ITA,DF,DF,36,11.8,zagueiro_classico
735,Koni De Winter,Genoa,BEL,DF,DF,22,23.7,zagueiro_classico
736,Alessandro Deiola,Cagliari,ITA,MF,MF,28,15.9,volante_defensivo
737,Enrico Del Prato,Parma,ITA,DF,DF,24,32.7,zagueiro_classico
738,Fisayo Dele-Bashiru,Lazio,NGA,"MF,FW",MF,23,10.5,box_to_box
739,Ali Dembélé,Torino,FRA,DF,DF,20,4.3,zagueiro_classico
740,Michele Di Gregorio,Juventus,ITA,GK,GK,27,33.0,goleiro_titular
741,Giovanni Di Lorenzo,Napoli,ITA,DF,DF,30,37.0,zagueiro_construtor
742,Boulaye Dia,Lazio,SEN,"MF,FW",MF,27,24.2,box_to_box
743,Assane Diao,Como,SEN,"FW,MF",FW,18,13.9,ponta_dribllador
744,Federico Dimarco,Inter,ITA,"DF,FW",DF,26,23.8,lateral_ofensivo
745,Berat Djimsiti,Atalanta,ALB,DF,DF,31,29.3,zagueiro_construtor
746,Dodô,Fiorentina,BRA,DF,DF,25,33.6,zagueiro_construtor
747,Benjamín Domínguez,Bologna,ARG,FW,FW,20,14.2,ponta_dribllador
748,Patrick Dorgu,Lecce,DEN,"DF,FW",DF,19,20.4,zagueiro_construtor
749,Alberto Dossena,Como,ITA,DF,DF,25,20.3,zagueiro_classico
750,Issa Doumbia,Venezia,ITA,MF,MF,20,10.4,volante_defensivo
751,Anastasios Douvikas,Como,GRE,FW,FW,24,6.4,segundo_atacante
752,Artem Dovbyk,Roma,UKR,FW,FW,27,26.9,ponta_dribllador
753,Ondrej Duda,Hellas Verona,SVK,MF,MF,29,26.6,volante_defensivo
754,Denzel Dumfries,Inter,NED,"DF,FW",DF,28,20.7,lateral_ofensivo
755,Alfred Duncan,Venezia,GHA,MF,MF,31,10.6,volante_defensivo
756,Paulo Dybala,Roma,ARG,"FW,MF",FW,30,15.7,ponta_dribllador
757,Enzo Ebosse,Udinese,CMR,DF,DF,25,1.0,zagueiro_classico
758,Tyronne Ebuehi,Empoli,NGA,"DF,MF",DF,28,0.8,zagueiro_classico
759,Éderson,Atalanta,BRA,MF,MF,25,32.0,box_to_box
760,Kingsley Ehizibue,Udinese,NED,DF,DF,29,27.8,lateral_ofensivo
761,Jeff Ekhator,Genoa,ITA,"FW,MF",FW,17,8.5,segundo_atacante
762,Jurgen Ekkelenkamp,Udinese,NED,MF,MF,24,21.0,box_to_box
763,Emmanuel Ekong,Empoli,SWE,"MF,FW",MF,22,2.1,volante_defensivo
764,Caleb Ekuban,Genoa,GHA,FW,FW,30,6.2,segundo_atacante
765,Mikael Ellertsson,Venezia,ISL,"DF,MF",DF,22,27.4,lateral_ofensivo
766,Elif Elmas,Torino,MKD,"FW,MF",FW,24,11.3,ponta_dribllador
767,Emerson,Milan,BRA,DF,DF,25,15.3,zagueiro_construtor
768,Yannik Engelhardt,Como,GER,"MF,DF",MF,23,12.9,volante_defensivo
769,Martin Erlic,Bologna,CRO,DF,DF,26,3.7,zagueiro_classico
770,Sebastiano Esposito,Empoli,ITA,"FW,MF",FW,22,25.9,ponta_dribllador
771,Estanis,Bologna,ESP,FW,FW,20,0.1,segundo_atacante
772,Nahuel Estévez,Parma,ARG,MF,MF,28,7.3,volante_defensivo
773,Giovanni Fabbian,Bologna,ITA,MF,MF,21,11.4,meia_criativo
774,Alieu Fadera,Como,GAM,"FW,DF",FW,22,18.3,ponta_dribllador
775,Nicolò Fagioli,Fiorentina,ITA,MF,MF,23,10.7,meia_criativo
776,Nicolò Fagioli,Juventus,ITA,MF,MF,23,6.3,volante_defensivo
777,Wladimiro Falcone,Lecce,ITA,GK,GK,29,38.0,goleiro_titular
778,Davide Faraoni,Hellas Verona,ITA,DF,DF,32,2.9,zagueiro_classico
779,Jacopo Fazzini,Empoli,ITA,MF,MF,21,15.4,box_to_box
780,Mattia Felici,Cagliari,ITA,"MF,FW",MF,23,10.3,box_to_box
781,João Félix,Milan,POR,MF,MF,24,8.4,box_to_box
782,Lewis Ferguson,Bologna,SCO,MF,MF,24,10.9,box_to_box
783,Daniel Fila,Venezia,CZE,FW,FW,21,5.5,centroavante_goleador
784,Alessandro Florenzi,Milan,ITA,FW,FW,33,0.1,centroavante_goleador
785,Youssouf Fofana,Milan,FRA,MF,MF,25,27.8,box_to_box
786,Michael Folorunsho,Fiorentina,ITA,"FW,MF",FW,26,7.2,ponta_dribllador
787,Michael Folorunsho,Napoli,ITA,"FW,MF",FW,26,0.4,centroavante_goleador
788,Omari Forson,Monza,ENG,"MF,FW",MF,20,2.5,meia_criativo
789,Davide Frattesi,Inter,ITA,MF,MF,24,12.9,box_to_box
790,Morten Frendrup,Genoa,DEN,MF,MF,23,34.5,volante_defensivo
791,Martin Frese,Hellas Verona,DEN,DF,DF,26,6.1,zagueiro_classico
792,Remo Freuler,Bologna,SUI,MF,MF,32,35.6,volante_defensivo
793,Matteo Gabbia,Milan,ITA,DF,DF,24,23.9,zagueiro_classico
794,Tommaso Gabellini,Torino,ITA,FW,FW,17,0.1,centroavante_goleador
795,Tiago Gabriel,Lecce,POR,DF,DF,19,1.1,zagueiro_classico
796,Alessandro Gabrielloni,Como,ITA,"FW,MF",FW,30,1.6,segundo_atacante
797,Gianluca Gaetano,Cagliari,ITA,"MF,FW",MF,24,11.2,meia_criativo
798,Roberto Gagliardini,Monza,ITA,"MF,DF",MF,30,2.0,volante_defensivo
799,Antonino Gallo,Lecce,ITA,DF,DF,24,29.0,lateral_ofensivo
800,Silvère Ganvoula M'Boussy,Monza,CGO,FW,FW,28,3.6,centroavante_goleador
801,Federico Gatti,Juventus,ITA,DF,DF,26,24.4,zagueiro_construtor
802,David de Gea,Fiorentina,ESP,GK,GK,33,34.0,goleiro_titular
803,Valentin Gendrey,Lecce,FRA,DF,DF,24,2.0,zagueiro_classico
804,Daniele Ghilardi,Hellas Verona,ITA,DF,DF,21,22.5,zagueiro_classico
805,Lautaro Gianetti,Udinese,ARG,DF,DF,30,9.8,zagueiro_classico
806,Samuel Gigot,Lazio,FRA,DF,DF,30,7.6,zagueiro_classico
807,Mario Gila,Lazio,ESP,DF,DF,23,30.5,zagueiro_construtor
808,Billy Gilmour,Napoli,SCO,MF,MF,23,13.1,volante_defensivo
809,Santiago Giménez,Milan,MEX,FW,FW,23,7.4,centroavante_goleador
810,Gvidas Gineitis,Torino,LTU,MF,MF,20,15.9,volante_defensivo
811,Ben Godfrey,Atalanta,ENG,DF,DF,26,0.3,zagueiro_classico
812,Saba Goglichidze,Empoli,GEO,DF,DF,20,28.2,zagueiro_classico
813,Edoardo Goldaniga,Como,ITA,DF,DF,30,28.1,zagueiro_construtor
814,Pierluigi Gollini,Genoa,ITA,GK,GK,29,7.0,goleiro_reserva
815,Nicolás González,Juventus,ARG,"FW,MF",FW,26,19.4,ponta_dribllador
816,Robin Gosens,Fiorentina,GER,DF,DF,30,27.0,lateral_ofensivo
817,Lucas Gourna-Douath,Roma,FRA,MF,MF,20,2.5,volante_defensivo
818,Alberto Grassi,Empoli,ITA,MF,MF,29,24.5,volante_defensivo
819,Mattéo Guendouzi,Lazio,FRA,MF,MF,25,36.3,box_to_box
820,Frederic Guilbert,Lecce,FRA,DF,DF,29,27.1,zagueiro_construtor
821,Albert Guðmundsson,Fiorentina,ISL,"FW,MF",FW,27,14.1,centroavante_goleador
822,Emmanuel Gyasi,Empoli,GHA,"DF,FW",DF,30,35.7,lateral_ofensivo
823,Christian Gytkjær,Venezia,DEN,FW,FW,34,8.4,centroavante_goleador
824,Nicolas Haas,Empoli,SUI,MF,MF,28,3.2,volante_defensivo
825,Saad El Haddad,Venezia,MAR,MF,MF,19,0.3,volante_defensivo
826,Antoine Hainaut,Parma,FRA,"DF,FW",DF,22,13.4,zagueiro_classico
827,Mohamed Haj,Parma,TUN,MF,MF,19,5.0,meia_criativo
828,Ridgeciano Haps,Venezia,SUR,DF,DF,31,15.2,zagueiro_construtor
829,Abdou Harroui,Hellas Verona,NED,"MF,FW",MF,26,5.1,meia_criativo
830,Liam Henderson,Empoli,SCO,MF,MF,28,26.0,volante_defensivo
831,Mario Hermoso,Roma,ESP,DF,DF,29,2.8,zagueiro_classico
832,Theo Hernández,Milan,FRA,DF,DF,26,30.0,lateral_ofensivo
833,Hernani,Parma,BRA,MF,MF,30,14.7,box_to_box
834,Isak Hien,Atalanta,SWE,DF,DF,25,25.9,zagueiro_classico
835,Emil Holm,Bologna,SWE,DF,DF,24,12.6,zagueiro_construtor
836,Mats Hummels,Roma,GER,DF,DF,35,10.2,zagueiro_classico
837,Elseid Hysaj,Lazio,ALB,DF,DF,30,4.7,lateral_ofensivo
838,Arijon Ibrahimović,Lazio,GER,MF,MF,18,0.1,meia_criativo
839,Jay Idzes,Venezia,IDN,DF,DF,24,34.7,zagueiro_classico
840,Jonathan Ikone,Como,FRA,FW,FW,26,6.0,centroavante_goleador
841,Jonathan Ikone,Fiorentina,FRA,"FW,MF",FW,26,3.7,centroavante_goleador
842,Ivan Ilić,Torino,SRB,MF,MF,23,10.2,volante_defensivo
843,Samuel Iling-Junior,Bologna,ENG,"FW,MF",FW,20,1.3,centroavante_goleador
844,Alessio Iovine,Como,ITA,"DF,FW",DF,33,4.3,zagueiro_classico
845,Gustav Isaksen,Lazio,DEN,FW,FW,23,24.6,ponta_dribllador
846,Ardian Ismajli,Empoli,ALB,DF,DF,27,27.9,zagueiro_classico
847,Armando Izzo,Monza,ITA,DF,DF,32,27.1,zagueiro_classico
848,Fellipe Jack,Como,BRA,DF,DF,18,1.9,zagueiro_classico
849,Ali Jasim,Como,IRQ,"FW,DF",FW,20,0.1,centroavante_goleador
850,Gaby Jean,Lecce,FRA,DF,DF,24,15.4,zagueiro_classico
851,Juan Jesus,Napoli,BRA,DF,DF,33,11.9,zagueiro_classico
852,Alejandro Jiménez,Milan,ESP,"DF,FW",DF,19,14.1,zagueiro_construtor
853,Þórir Jóhann Helgason,Lecce,ISL,MF,MF,23,12.8,meia_criativo
854,Jesse Joronen,Venezia,FIN,GK,GK,31,7.8,goleiro_reserva
855,Luka Jović,Milan,SRB,"FW,MF",FW,26,6.2,centroavante_goleador
856,Mohamed Kaba,Lecce,FRA,MF,MF,22,5.0,volante_defensivo
857,Christian Kabasele,Udinese,BEL,DF,DF,33,12.9,zagueiro_classico
858,Pierre Kalulu,Juventus,FRA,DF,DF,24,26.0,zagueiro_construtor
859,Hassane Kamara,Udinese,CIV,DF,DF,30,22.2,lateral_ofensivo
860,Yann Karamoh,Torino,FRA,"MF,FW",MF,26,11.6,volante_defensivo
861,Jesper Karlsson,Bologna,SWE,FW,FW,26,3.3,centroavante_goleador
862,Jesper Karlsson,Lecce,SWE,FW,FW,26,5.5,centroavante_goleador
863,Jesper Karlström,Udinese,SWE,MF,MF,29,35.4,volante_defensivo
864,Lior Kasa,Genoa,ISR,"MF,FW",MF,18,2.6,meia_criativo
865,Grigoris Kastanos,Hellas Verona,CYP,"MF,FW",MF,26,9.7,volante_defensivo
866,Michael Kayode,Fiorentina,ITA,"DF,FW",DF,20,1.4,zagueiro_classico
867,Moise Kean,Fiorentina,ITA,FW,FW,24,29.1,ponta_dribllador
868,Mandela Keita,Parma,BEL,MF,MF,22,20.3,volante_defensivo
869,Lloyd Kelly,Juventus,ENG,DF,DF,25,11.3,zagueiro_classico
870,Marc-Oliver Kempf,Como,GER,DF,DF,29,29.1,zagueiro_construtor
871,Kialonda,Lecce,ANG,DF,DF,26,23.8,zagueiro_classico
872,Magnus Kofod Andersen,Venezia,DEN,MF,MF,25,7.7,meia_criativo
873,Sead Kolašinac,Atalanta,BIH,DF,DF,31,21.1,zagueiro_construtor
874,Randal Kolo Muani,Juventus,FRA,FW,FW,25,12.9,centroavante_goleador
875,Ismael Konate,Empoli,CIV,"FW,MF",FW,18,1.3,segundo_atacante
876,Manu Koné,Roma,FRA,MF,MF,23,28.6,box_to_box
877,Teun Koopmeiners,Juventus,NED,"MF,FW",MF,26,22.2,box_to_box
878,Odilon Kossounou,Atalanta,CIV,DF,DF,23,12.5,zagueiro_classico
879,Christian Kouamé,Fiorentina,CIV,"FW,MF",FW,26,6.9,segundo_atacante
880,Christian Kouamé,Empoli,CIV,"FW,MF",FW,26,5.6,centroavante_goleador
881,Viktor Kovalenko,Empoli,UKR,MF,MF,28,0.9,volante_defensivo
882,Mateusz Kowalski,Parma,POL,MF,MF,19,0.6,meia_criativo
883,Thomas Kristensen,Udinese,DEN,DF,DF,22,19.5,zagueiro_construtor
884,Nikola Krstović,Lecce,MNE,FW,FW,24,34.0,ponta_dribllador
885,Khvicha Kvaratskhelia,Napoli,GEO,"FW,MF",FW,23,13.1,ponta_dribllador
886,Giorgos Kyriakopoulos,Monza,GRE,DF,DF,28,31.6,lateral_ofensivo
887,Mathis Lambourde,Hellas Verona,FRA,"FW,MF",FW,18,1.0,centroavante_goleador
888,Gianluca Lapadula,Cagliari,PER,"FW,MF",FW,34,3.4,centroavante_goleador
889,Valentino Lazaro,Torino,AUT,"DF,FW",DF,28,25.6,lateral_ofensivo
890,Darko Lazović,Hellas Verona,SRB,"DF,MF",DF,33,16.2,lateral_ofensivo
891,Manuel Lazzari,Lazio,ITA,DF,DF,30,15.6,zagueiro_construtor
892,Enzo Le Fée,Roma,FRA,MF,MF,24,3.5,volante_defensivo
893,Nicola Leali,Genoa,ITA,GK,GK,31,29.0,goleiro_titular
894,Rafael Leão,Milan,POR,FW,FW,25,25.8,ponta_dribllador
895,Stefan Lekovic,Monza,SRB,DF,DF,20,4.1,zagueiro_classico
896,Nunzio Lella,Venezia,ITA,MF,MF,24,0.1,volante_defensivo
897,Giovanni Leoni,Parma,ITA,DF,DF,17,13.3,zagueiro_classico
898,Ben Lhassine Kone,Como,CIV,MF,MF,24,0.6,volante_defensivo
899,Mattia Liberali,Milan,ITA,MF,MF,17,0.7,volante_defensivo
900,Karol Linetty,Torino,POL,MF,MF,29,17.1,volante_defensivo
901,Dailon Livramento,Hellas Verona,CPV,"FW,MF",FW,23,10.4,ponta_dribllador
902,Stanislav Lobotka,Napoli,SVK,MF,MF,29,29.3,volante_defensivo
903,Manuel Locatelli,Juventus,ITA,MF,MF,26,31.4,box_to_box
904,Ruben Loftus-Cheek,Milan,ENG,MF,MF,28,11.5,volante_defensivo
905,Ademola Lookman,Atalanta,NGA,"MF,FW",MF,26,25.0,box_to_box
906,Sandi Lovrić,Udinese,SVN,MF,MF,26,25.6,box_to_box
907,Lorenzo Lucca,Udinese,ITA,FW,FW,23,26.1,centroavante_goleador
908,Jhon Lucumí,Bologna,COL,DF,DF,26,29.0,zagueiro_construtor
909,José Luis Palomino,Cagliari,ARG,DF,DF,34,12.0,zagueiro_classico
910,Douglas Luiz,Juventus,BRA,MF,MF,26,5.9,volante_defensivo
911,Romelu Lukaku,Napoli,BEL,FW,FW,31,31.6,ponta_dribllador
912,Sebastiano Luperto,Cagliari,ITA,DF,DF,27,36.0,zagueiro_construtor
913,Zito Luvumbo,Cagliari,ANG,"FW,MF",FW,22,17.8,ponta_dribllador
914,Charalampos Lykogiannis,Bologna,GRE,DF,DF,30,11.6,lateral_ofensivo
915,Mathias Løvik,Parma,NOR,"DF,FW",DF,20,1.0,zagueiro_classico
916,Giangiacomo Magnani,Hellas Verona,ITA,DF,DF,28,11.8,zagueiro_classico
917,Mike Maignan,Milan,FRA,GK,GK,29,36.6,goleiro_titular
918,Antoine Makoumbou,Cagliari,CGO,MF,MF,26,23.9,volante_defensivo
919,Daniel Maldini,Monza,ITA,"MF,FW",MF,22,14.5,box_to_box
920,Daniel Maldini,Atalanta,ITA,"FW,MF",FW,22,2.9,centroavante_goleador
921,Youssef Maleh,Empoli,MAR,MF,MF,25,16.8,volante_defensivo
922,Ruslan Malinovskyi,Genoa,UKR,"MF,FW",MF,31,4.3,meia_criativo
923,Dennis Man,Parma,ROU,"FW,MF",FW,25,22.2,ponta_dribllador
924,Gianluca Mancini,Roma,ITA,DF,DF,28,34.9,zagueiro_construtor
925,Christos Mandas,Lazio,GRE,GK,GK,22,9.0,goleiro_joia
926,Rolando Mandragora,Fiorentina,ITA,MF,MF,27,20.6,volante_defensivo
927,Alberto Manzoni,Atalanta,ITA,MF,MF,19,0.1,meia_criativo
928,Alessandro Marcandalli,Genoa,ITA,DF,DF,21,0.5,zagueiro_classico
929,Alessandro Marcandalli,Venezia,ITA,DF,DF,21,3.9,zagueiro_classico
930,Filip Marchwiński,Lecce,POL,MF,MF,22,0.2,volante_defensivo
931,Pablo Marí,Monza,ESP,DF,DF,30,18.1,zagueiro_classico
932,Pablo Marí,Fiorentina,ESP,DF,DF,30,12.2,zagueiro_classico
933,Luca Marianucci,Empoli,ITA,DF,DF,20,11.9,zagueiro_classico
934,Mirko Marić,Monza,CRO,"FW,MF",FW,29,1.2,centroavante_goleador
935,Mirko Marić,Venezia,CRO,FW,FW,29,4.0,centroavante_goleador
936,Rafa Marín,Napoli,ESP,DF,DF,22,1.6,zagueiro_classico
937,Răzvan Marin,Cagliari,ROU,MF,MF,28,15.6,box_to_box
938,Guillermo Maripán,Torino,CHI,DF,DF,30,26.0,zagueiro_construtor
939,Aarón Martín,Genoa,ESP,DF,DF,27,34.3,lateral_ofensivo
940,Josep Martinez,Inter,ESP,GK,GK,26,5.0,goleiro_reserva
941,Lautaro Martínez,Inter,ARG,FW,FW,26,27.5,ponta_dribllador
942,Lucas Martínez Quarta,Fiorentina,ARG,DF,DF,28,3.9,zagueiro_classico
943,Kevin Martins,Monza,ITA,"MF,DF",MF,19,2.0,meia_criativo
944,Adam Marušić,Lazio,MNE,DF,DF,31,26.0,zagueiro_construtor
945,Adam Masina,Torino,MAR,DF,DF,30,21.3,zagueiro_construtor
946,Patrizio Masini,Genoa,ITA,MF,MF,23,17.1,volante_defensivo
947,Alan Matturro,Genoa,URU,DF,DF,19,10.0,zagueiro_classico
948,Andrea Mazza,Monza,ITA,GK,GK,20,0.1,goleiro_joia
949,Luca Mazzitelli,Como,ITA,MF,MF,28,3.7,meia_criativo
950,Pasquale Mazzocchi,Napoli,ITA,"DF,FW",DF,29,7.8,zagueiro_classico
951,Samuel Mbangula,Juventus,BEL,FW,FW,20,7.9,segundo_atacante
952,Weston McKennie,Juventus,USA,"MF,DF",MF,25,25.7,volante_defensivo
953,Scott McTominay,Napoli,SCO,MF,MF,27,32.6,box_to_box
954,Filippo Melegoni,Genoa,ITA,"MF,FW",MF,25,1.0,meia_criativo
955,Alex Meret,Napoli,ITA,GK,GK,27,33.4,goleiro_titular
956,Junior Messias,Genoa,BRA,"MF,FW",MF,33,9.4,box_to_box
957,Valentin Mihaila,Parma,ROU,"FW,MF",FW,24,14.3,ponta_dribllador
958,Vanja Milinković-Savić,Torino,SRB,GK,GK,27,37.0,goleiro_titular
959,Yerry Mina,Cagliari,COL,DF,DF,29,28.5,zagueiro_classico
960,Juan Miranda,Bologna,ESP,DF,DF,24,25.3,lateral_ofensivo
961,Fabio Miretti,Genoa,ITA,"MF,FW",MF,20,18.6,box_to_box
962,Henrikh Mkhitaryan,Inter,ARM,MF,MF,35,25.9,box_to_box
963,Rui Modesto,Udinese,ANG,"DF,MF",DF,24,6.8,lateral_ofensivo
964,Lorenzo Montipò,Hellas Verona,ITA,GK,GK,28,36.0,goleiro_titular
965,Álvaro Morata,Milan,ESP,"FW,MF",FW,31,12.2,centroavante_goleador
966,Alberto Moreno,Como,ESP,DF,DF,32,19.2,zagueiro_construtor
967,Matias Moreno,Fiorentina,ARG,DF,DF,20,1.6,zagueiro_classico
968,Tete Morente,Lecce,ESP,"FW,MF",FW,27,22.5,ponta_dribllador
969,Nikola Moro,Bologna,CRO,MF,MF,26,13.4,volante_defensivo
970,Daniel Mosquera,Hellas Verona,COL,FW,FW,24,15.3,centroavante_goleador
971,Dany Mota,Monza,POR,"FW,MF",FW,26,23.4,ponta_dribllador
972,Bob Murphy Omoregbe,Milan,ITA,MF,MF,20,0.0,volante_defensivo
973,Yunus Musah,Milan,USA,"MF,FW",MF,21,17.5,box_to_box
974,Juan Musso,Atalanta,ARG,GK,GK,30,1.0,goleiro_reserva
975,Kingstone Mutandwa,Cagliari,ZAM,"FW,MF",FW,21,1.4,centroavante_goleador
976,Obite N'Dicka,Roma,CIV,DF,DF,24,38.0,zagueiro_construtor
977,Konan N'dri,Lecce,CIV,"FW,MF",FW,23,3.4,ponta_dribllador
978,Michel Ndary Adopo,Cagliari,FRA,MF,MF,24,26.8,volante_defensivo
979,Cher Ndour,Fiorentina,ITA,"MF,DF",MF,20,4.5,volante_defensivo
980,Dan Ndoye,Bologna,SUI,FW,FW,23,23.8,ponta_dribllador
981,Victor Nelsson,Roma,DEN,DF,DF,25,2.1,zagueiro_classico
982,David Neres,Napoli,BRA,FW,FW,27,14.3,ponta_dribllador
983,Cyril Ngonge,Napoli,BEL,FW,FW,24,2.4,segundo_atacante
984,Hans Nicolussi Caviglia,Venezia,ITA,MF,MF,24,31.8,volante_defensivo
985,Oliver Nielsen,Lazio,DEN,DF,DF,21,0.4,zagueiro_classico
986,Eybi Nije,Torino,SWE,"FW,MF",FW,19,4.4,centroavante_goleador
987,Brooke Norton-Cuffy,Genoa,ENG,"DF,FW",DF,20,8.0,zagueiro_classico
988,Tijjani Noslin,Lazio,NED,"FW,MF",FW,25,9.6,segundo_atacante
989,Adam Obert,Cagliari,SVK,DF,DF,21,12.0,zagueiro_construtor
990,Jens Odgaard,Bologna,DEN,"MF,FW",MF,25,21.7,box_to_box
991,Noah Okafor,Milan,SUI,FW,FW,24,4.6,centroavante_goleador
992,Noah Okafor,Napoli,SUI,"FW,MF",FW,24,0.4,segundo_atacante
993,Yllan Okou,Hellas Verona,FRA,DF,DF,21,0.0,zagueiro_classico
994,Maduka Okoye,Udinese,NGA,GK,GK,24,25.0,goleiro_joia
995,Mathías Olivera,Napoli,URU,DF,DF,26,26.3,zagueiro_construtor
996,Jean Onana,Genoa,CMR,MF,MF,24,3.4,volante_defensivo
997,Jacob Ondrejka,Parma,SWE,"MF,FW",MF,21,4.7,box_to_box
998,Gaetano Oristanio,Venezia,ITA,"FW,MF",FW,21,25.7,ponta_dribllador
999,Riccardo Orsolini,Bologna,ITA,FW,FW,27,20.9,ponta_dribllador
1000,Yordan Osorio,Parma,VEN,DF,DF,30,1.9,zagueiro_classico
1001,Sebastian Otoa,Genoa,DEN,DF,DF,20,2.0,zagueiro_classico
1002,Remi Oudin,Lecce,FRA,"MF,FW",MF,27,3.3,volante_defensivo
1003,Cheick Oumar Conde,Venezia,GUI,MF,MF,24,1.7,volante_defensivo
1004,Daniel Oyegoke,Hellas Verona,ENG,DF,DF,21,1.1,zagueiro_classico
1005,Daniele Padelli,Udinese,ITA,GK,GK,38,1.0,goleiro_reserva
1006,Simone Pafundi,Udinese,ITA,"MF,DF",MF,18,1.3,meia_criativo
1007,Tomás Palacios,Monza,ARG,DF,DF,21,5.0,zagueiro_classico
1008,Tomás Palacios,Inter,ARG,DF,DF,21,0.1,zagueiro_classico
1009,Alberto Paleari,Torino,ITA,GK,GK,31,1.0,goleiro_reserva
1010,Marco Palestra,Atalanta,ITA,DF,DF,19,2.5,zagueiro_classico
1011,Matteo Palma,Udinese,GER,DF,DF,16,0.1,zagueiro_classico
1012,Leandro Paredes,Roma,ARG,MF,MF,30,15.3,box_to_box
1013,Fabiano Parisi,Fiorentina,ITA,"DF,MF",DF,23,11.7,zagueiro_construtor
1014,Mario Pašalić,Atalanta,CRO,MF,MF,29,21.9,box_to_box
1015,Patric,Lazio,ESP,DF,DF,31,6.7,zagueiro_classico
1016,Rui Patrício,Atalanta,POR,GK,GK,36,3.0,goleiro_reserva
1017,Benjamin Pavard,Inter,FRA,DF,DF,28,17.6,zagueiro_construtor
1018,Strahinja Pavlović,Milan,SRB,DF,DF,23,20.7,zagueiro_construtor
1019,Leonardo Pavoletti,Cagliari,ITA,"FW,MF",FW,35,4.9,centroavante_goleador
1020,Martín Payero,Udinese,ARG,MF,MF,25,15.3,volante_defensivo
1021,Nicolás Paz,Como,ARG,"MF,FW",MF,19,29.9,box_to_box
1022,Marcus Pedersen,Torino,NOR,DF,DF,24,15.1,zagueiro_construtor
1023,Pedro,Lazio,ESP,"FW,MF",FW,37,12.2,centroavante_goleador
1024,Pietro Pellegri,Empoli,ITA,FW,FW,23,4.6,centroavante_goleador
1025,Lorenzo Pellegrini,Roma,ITA,MF,MF,28,18.1,box_to_box
1026,Luca Pellegrini,Lazio,ITA,DF,DF,25,11.9,lateral_ofensivo
1027,Mateo Pellegrino,Parma,ARG,FW,FW,23,8.2,centroavante_goleador
1028,Andy Pelmard,Lecce,FRA,DF,DF,24,1.4,zagueiro_classico
1029,Sergiu Perciun,Torino,MDA,"FW,MF",FW,18,1.7,segundo_atacante
1030,Pedro Pereira,Monza,POR,DF,DF,26,29.6,lateral_ofensivo
1031,Gastón Pereiro,Genoa,URU,MF,MF,29,0.3,volante_defensivo
1032,Kike Pérez,Venezia,ESP,MF,MF,27,12.4,volante_defensivo
1033,Nehuén Pérez,Udinese,ARG,DF,DF,24,2.0,zagueiro_classico
1034,Simone Perilli,Hellas Verona,ITA,GK,GK,29,2.0,goleiro_reserva
1035,Mattia Perin,Juventus,ITA,GK,GK,31,5.0,goleiro_reserva
1036,Máximo Perrone,Como,ARG,MF,MF,21,20.6,volante_defensivo
1037,Matteo Pessina,Monza,ITA,MF,MF,27,9.5,volante_defensivo
1038,Andrea Petagna,Monza,ITA,FW,FW,29,3.7,centroavante_goleador
1039,Giuseppe Pezzella,Empoli,ITA,"DF,FW",DF,26,32.0,lateral_ofensivo
1040,Roberto Piccoli,Cagliari,ITA,FW,FW,23,34.7,ponta_dribllador
1041,Nicholas Pierini,Venezia,ITA,MF,MF,25,0.9,volante_defensivo
1042,Santiago Pierotti,Lecce,ARG,FW,FW,23,21.5,ponta_dribllador
1043,Balthazar Pierret,Lecce,FRA,MF,MF,24,19.1,volante_defensivo
1044,Andrea Pinamonti,Genoa,ITA,FW,FW,25,31.7,ponta_dribllador
1045,Nicola Pintus,Cagliari,ITA,DF,DF,19,0.0,zagueiro_classico
1046,Niccolò Pisilli,Roma,ITA,MF,MF,19,13.6,box_to_box
1047,Damián Pizarro,Udinese,CHI,"FW,MF",FW,19,0.2,centroavante_goleador
1048,Semuel Pizzignacco,Monza,ITA,GK,GK,22,8.2,goleiro_joia
1049,Tommaso Pobega,Bologna,ITA,MF,MF,25,13.1,volante_defensivo
1050,Joel Pohjanpalo,Venezia,FIN,FW,FW,29,17.8,centroavante_goleador
1051,Matteo Politano,Napoli,ITA,"FW,MF",FW,30,31.2,ponta_dribllador
1052,Marin Pongračić,Fiorentina,CRO,DF,DF,26,14.4,zagueiro_classico
1053,Stefan Posch,Bologna,AUT,DF,DF,27,7.9,zagueiro_classico
1054,Stefan Posch,Atalanta,AUT,DF,DF,27,4.3,zagueiro_classico
1055,Matteo Prati,Cagliari,ITA,MF,MF,20,6.3,volante_defensivo
1056,Ivan Provedel,Lazio,ITA,GK,GK,30,29.0,goleiro_titular
1057,Diego Pugno,Juventus,ITA,FW,FW,18,0.1,segundo_atacante
1058,Christian Pulisic,Milan,USA,"FW,MF",FW,25,27.5,ponta_dribllador
1059,Ionuț Radu,Venezia,ROU,GK,GK,27,15.0,goleiro_joia
1060,Hamza Rafia,Lecce,TUN,MF,MF,25,11.8,volante_defensivo
1061,Antonio Raimondo,Venezia,ITA,"FW,DF",FW,20,1.0,centroavante_goleador
1062,Ylber Ramadani,Lecce,ALB,MF,MF,28,20.1,volante_defensivo
1063,Luca Ranieri,Fiorentina,ITA,DF,DF,25,33.1,lateral_ofensivo
1064,Giacomo Raspadori,Napoli,ITA,"FW,MF",FW,24,12.3,centroavante_goleador
1065,Federico Ravaglia,Bologna,ITA,GK,GK,24,11.7,goleiro_joia
1066,Ante Rebić,Lecce,CRO,"FW,MF",FW,30,8.8,segundo_atacante
1067,Tijjani Reijnders,Milan,NED,MF,MF,26,34.8,box_to_box
1068,Pepe Reina,Como,ESP,GK,GK,41,11.5,goleiro_reserva
1069,Devyne Rensch,Roma,NED,DF,DF,21,5.2,lateral_ofensivo
1070,Mateo Retegui,Atalanta,ITA,FW,FW,25,26.5,centroavante_goleador
1071,Samuele Ricci,Torino,ITA,MF,MF,22,31.4,volante_defensivo
1072,Amir Richardson,Fiorentina,MAR,MF,MF,22,11.4,volante_defensivo
1073,Sergi Roberto,Como,ESP,MF,MF,32,7.7,volante_defensivo
1074,Alessio Romagnoli,Lazio,ITA,DF,DF,29,29.7,zagueiro_classico
1075,Marten de Roon,Atalanta,NED,"MF,DF",MF,33,34.0,box_to_box
1076,Jonas Rouhi,Juventus,SWE,DF,DF,20,2.3,zagueiro_classico
1077,Nicolò Rovella,Lazio,ITA,MF,MF,22,30.2,volante_defensivo
1078,Amir Rrahmani,Napoli,KVX,DF,DF,30,37.8,zagueiro_construtor
1079,Tommaso Rubino,Fiorentina,ITA,MF,MF,17,0.1,meia_criativo
1080,Matteo Ruggeri,Atalanta,ITA,DF,DF,22,19.5,zagueiro_construtor
1081,Stefano Sabelli,Genoa,ITA,DF,DF,31,22.9,zagueiro_construtor
1082,Alexis Saelemaekers,Roma,BEL,"DF,FW",DF,25,15.4,lateral_ofensivo
1083,Alexis Saelemaekers,Milan,BEL,"DF,FW",DF,25,1.0,zagueiro_classico
1084,Richie Sagrado,Venezia,BEL,DF,DF,20,1.6,zagueiro_classico
1085,Marco Sala,Como,ITA,DF,DF,25,2.9,zagueiro_classico
1086,Marco Sala,Lecce,ITA,DF,DF,25,0.8,zagueiro_classico
1087,Anass Salah-Eddine,Roma,NED,DF,DF,22,1.7,zagueiro_classico
1088,Lazar Samardzic,Atalanta,SRB,MF,MF,22,13.0,box_to_box
1089,Junior Sambia,Empoli,FRA,"DF,FW",DF,27,4.3,zagueiro_classico
1090,Antonio Sanabria,Torino,PAR,FW,FW,28,14.6,centroavante_goleador
1091,Alexis Sánchez,Udinese,CHI,FW,FW,35,4.9,centroavante_goleador
1092,Nicola Sansone,Lecce,ITA,"MF,FW",MF,32,0.7,meia_criativo
1093,Amin Sarr,Hellas Verona,SWE,FW,FW,23,21.2,ponta_dribllador
1094,Razvan Sava,Udinese,ROU,GK,GK,22,12.0,goleiro_joia
1095,Nicolò Savona,Juventus,ITA,DF,DF,21,19.2,zagueiro_construtor
1096,Saba Sazonov,Torino,GEO,DF,DF,22,0.0,zagueiro_classico
1097,Giorgio Scalvini,Atalanta,ITA,DF,DF,20,3.0,zagueiro_classico
1098,Gianluca Scamacca,Atalanta,ITA,FW,FW,25,0.1,centroavante_goleador
1099,Joël Schingtienne,Venezia,BEL,DF,DF,21,12.5,zagueiro_classico
1100,Simone Scuffet,Cagliari,ITA,GK,GK,28,13.0,goleiro_reserva
1101,Simone Scuffet,Napoli,ITA,GK,GK,28,1.0,goleiro_reserva
1102,Jacopo Seghetti,Empoli,ITA,GK,GK,19,1.0,goleiro_joia
1103,Stefano Sensi,Monza,ITA,MF,MF,28,3.0,meia_criativo
1104,Suat Serdar,Hellas Verona,GER,MF,MF,27,15.3,volante_defensivo
1105,Stephan El Shaarawy,Roma,ITA,"DF,MF",DF,31,12.2,lateral_ofensivo
1106,Alen Sherri,Cagliari,ALB,GK,GK,26,6.9,goleiro_reserva
1107,Eldor Shomurodov,Roma,UZB,"FW,MF",FW,29,12.2,segundo_atacante
1108,Benjamin Siegrist,Genoa,SUI,GK,GK,32,1.7,goleiro_reserva
1109,Marco Silvestri,Empoli,ITA,GK,GK,33,5.0,goleiro_reserva
1110,Giovanni Simeone,Napoli,ARG,FW,FW,29,4.7,segundo_atacante
1111,Łukasz Skorupski,Bologna,POL,GK,GK,33,26.3,goleiro_titular
1112,Ivan Smolčić,Como,CRO,DF,DF,23,7.0,zagueiro_classico
1113,Simon Sohm,Parma,SUI,MF,MF,23,33.2,box_to_box
1114,Ola Solbakken,Empoli,NOR,"MF,FW",MF,25,8.4,volante_defensivo
1115,Oumar Solet,Udinese,FRA,DF,DF,24,18.6,zagueiro_construtor
1116,Daniele Sommariva,Genoa,ITA,GK,GK,27,0.3,goleiro_reserva
1117,Yann Sommer,Inter,SUI,GK,GK,35,32.0,goleiro_titular
1118,Borna Sosa,Torino,CRO,DF,DF,26,13.1,zagueiro_classico
1119,Riccardo Sottil,Fiorentina,ITA,"FW,MF",FW,25,9.3,ponta_dribllador
1120,Riccardo Sottil,Milan,ITA,"FW,MF",FW,25,1.4,segundo_atacante
1121,Matìas Soulé,Roma,ARG,"MF,DF",MF,21,19.8,box_to_box
1122,Leonardo Spinazzola,Napoli,ITA,"DF,FW",DF,31,16.9,zagueiro_construtor
1123,Marco Sportiello,Milan,ITA,GK,GK,32,1.4,goleiro_reserva
1124,Filip Stankovic,Venezia,SRB,GK,GK,22,15.2,goleiro_joia
1125,Petar Stojanović,Empoli,SVN,MF,MF,28,0.0,volante_defensivo
1126,Gabriel Strefezza,Como,BRA,"FW,MF",FW,27,29.1,ponta_dribllador
1127,Ibrahim Sulemana,Atalanta,GHA,MF,MF,21,3.1,box_to_box
1128,Tomáš Suslov,Hellas Verona,SVK,"MF,FW",MF,22,23.1,volante_defensivo
1129,Zion Suzuki,Parma,JPN,GK,GK,21,36.8,goleiro_joia
1130,Marin Šverko,Venezia,CRO,DF,DF,26,12.4,zagueiro_classico
1131,Mile Svilar,Roma,SRB,GK,GK,24,38.0,goleiro_titular
1132,Michael Svoboda,Venezia,AUT,DF,DF,25,14.6,zagueiro_classico
1133,Adrien Tameze,Torino,CMR,"MF,DF",MF,30,7.2,volante_defensivo
1134,Mehdi Taremi,Inter,IRN,FW,FW,32,9.0,segundo_atacante
1135,Nuno Tavares,Lazio,POR,DF,DF,24,18.7,lateral_ofensivo
1136,Loum Tchaouna,Lazio,FRA,"FW,MF",FW,20,7.3,ponta_dribllador
1137,Jackson Tchatchoua,Hellas Verona,CMR,"DF,MF",DF,22,35.2,lateral_ofensivo
1138,Casper Tengstedt,Hellas Verona,DEN,FW,FW,24,16.9,ponta_dribllador
1139,Filippo Terracciano,Milan,ITA,"DF,MF",DF,21,6.0,zagueiro_classico
1140,Pietro Terracciano,Fiorentina,ITA,GK,GK,34,3.0,goleiro_reserva
1141,Florian Thauvin,Udinese,FRA,"FW,MF",FW,31,21.7,ponta_dribllador
1142,Malick Thiaw,Milan,GER,DF,DF,22,20.1,zagueiro_construtor
1143,Morten Thorsby,Genoa,NOR,"MF,FW",MF,28,21.1,volante_defensivo
1144,Khéphren Thuram,Juventus,FRA,MF,MF,23,25.8,box_to_box
1145,Marcus Thuram,Inter,FRA,FW,FW,26,24.4,ponta_dribllador
1146,Cheikh Tidiane Niasse,Hellas Verona,SEN,MF,MF,24,8.4,volante_defensivo
1147,Rafael Tolói,Atalanta,ITA,DF,DF,33,5.2,zagueiro_classico
1148,Fikayo Tomori,Milan,ENG,DF,DF,26,17.7,zagueiro_classico
1149,Luka Topalović,Inter,SVN,MF,MF,18,0.1,volante_defensivo
1150,Lorenzo Tosto,Empoli,ITA,DF,DF,18,0.0,zagueiro_classico
1151,Souleymane Touré,Udinese,FRA,DF,DF,21,8.1,zagueiro_classico
1152,Stefano Turati,Monza,ITA,GK,GK,22,29.7,goleiro_joia
1153,Kacper Urbanski,Bologna,POL,MF,MF,19,2.7,meia_criativo
1154,Kacper Urbanski,Monza,POL,MF,MF,19,5.6,volante_defensivo
1155,Lautaro Valenti,Parma,ARG,DF,DF,25,17.3,zagueiro_classico
1156,Nicolás Valentini,Hellas Verona,ARG,DF,DF,23,12.5,zagueiro_classico
1157,Emanuele Valeri,Parma,ITA,DF,DF,25,31.9,lateral_ofensivo
1158,Álex Valle,Como,ESP,DF,DF,20,11.4,zagueiro_construtor
1159,Mattia Valoti,Monza,ITA,MF,MF,30,0.4,volante_defensivo
1160,Ignace Van Der Brempt,Como,BEL,DF,DF,22,14.0,lateral_ofensivo
1161,Devis Vásquez,Empoli,COL,GK,GK,26,32.0,goleiro_titular
1162,Johan Vásquez,Genoa,MEX,DF,DF,25,33.8,zagueiro_construtor
1163,Matías Vecino,Lazio,URU,MF,MF,32,9.7,meia_criativo
1164,Danilo Veiga,Lecce,POR,DF,DF,21,4.2,zagueiro_classico
1165,Renato Veiga,Juventus,POR,DF,DF,21,12.1,zagueiro_classico
1166,Lorenzo Venturino,Genoa,ITA,"FW,MF",FW,18,1.9,centroavante_goleador
1167,Simone Verdi,Como,ITA,"MF,FW",MF,32,1.3,meia_criativo
1168,Samuele Vignato,Monza,ITA,MF,MF,20,5.2,volante_defensivo
1169,Nicolas Viola,Cagliari,ITA,"FW,MF",FW,34,14.1,ponta_dribllador
1170,Mattia Viti,Empoli,ITA,DF,DF,22,28.6,zagueiro_construtor
1171,Vitinha,Genoa,POR,"FW,MF",FW,24,14.8,ponta_dribllador
1172,Dušan Vlahović,Juventus,SRB,FW,FW,24,19.8,ponta_dribllador
1173,Vanja Vlahović,Atalanta,SRB,"FW,MF",FW,20,0.7,segundo_atacante
1174,Nikola Vlašić,Torino,CRO,"MF,FW",MF,26,23.5,box_to_box
1175,Alessandro Vogliacco,Genoa,ITA,DF,DF,25,7.9,zagueiro_classico
1176,Alessandro Vogliacco,Parma,ITA,DF,DF,25,8.6,zagueiro_classico
1177,Mërgim Vojvoda,Torino,KVX,DF,DF,29,12.3,zagueiro_construtor
1178,Mërgim Vojvoda,Como,KVX,DF,DF,29,8.0,lateral_ofensivo
1179,Stefan de Vrij,Inter,NED,DF,DF,32,18.2,zagueiro_construtor
1180,Kyle Walker,Milan,ENG,DF,DF,34,7.3,zagueiro_classico
1181,Sebastian Walukiewicz,Torino,POL,DF,DF,24,18.5,zagueiro_construtor
1182,Sebastian Walukiewicz,Empoli,POL,DF,DF,24,2.0,zagueiro_classico
1183,Timothy Weah,Juventus,USA,"DF,FW",DF,24,18.2,lateral_ofensivo
1184,Mateusz Wieteska,Cagliari,POL,DF,DF,27,2.0,zagueiro_classico
1185,John Yeboah,Venezia,ECU,"FW,MF",FW,24,13.6,ponta_dribllador
1186,Kenan Yıldız,Juventus,TUR,"FW,MF",FW,19,26.7,ponta_dribllador
1187,Mattia Zaccagni,Lazio,ITA,FW,FW,29,29.8,ponta_dribllador
1188,Nicola Zalewski,Roma,POL,"DF,FW",DF,22,5.9,lateral_ofensivo
1189,Nicola Zalewski,Inter,POL,"DF,MF",DF,22,4.8,lateral_ofensivo
1190,Andre-Frank Zambo Anguissa,Napoli,CMR,MF,MF,28,31.7,box_to_box
1191,Francesco Zampano,Venezia,ITA,DF,DF,30,18.2,lateral_ofensivo
1192,Nicolò Zaniolo,Fiorentina,ITA,FW,FW,25,3.8,centroavante_goleador
1193,Nicolò Zaniolo,Atalanta,ITA,"FW,MF",FW,25,4.0,segundo_atacante
1194,Alessandro Zanoli,Genoa,ITA,"FW,DF",FW,23,19.0,ponta_dribllador
1195,Duván Zapata,Torino,COL,FW,FW,33,6.5,centroavante_goleador
1196,Gabriele Zappa,Cagliari,ITA,DF,DF,24,34.0,zagueiro_construtor
1197,Davide Zappacosta,Atalanta,ITA,DF,DF,32,23.0,zagueiro_construtor
1198,Oier Zarraga,Udinese,ESP,MF,MF,25,10.0,volante_defensivo
1199,Jordan Zemura,Udinese,ZIM,DF,DF,24,15.7,lateral_ofensivo
1200,Alessio Zerbin,Venezia,ITA,DF,DF,25,16.9,lateral_ofensivo
1201,Alessio Zerbin,Napoli,ITA,"FW,DF",FW,25,0.0,centroavante_goleador
1202,Kevin Zeroli,Monza,ITA,MF,MF,19,4.4,meia_criativo
1203,Kevin Zeroli,Milan,ITA,MF,MF,19,0.1,volante_defensivo
1204,Piotr Zieliński,Inter,POL,MF,MF,30,10.9,box_to_box
1205,Nadir Zortea,Cagliari,ITA,"DF,MF",DF,25,30.1,lateral_ofensivo
1206,Szymon Żurkowski,Empoli,POL,MF,MF,26,1.2,volante_defensivo
1207,Milan Đurić,Monza,BIH,FW,FW,34,14.1,centroavante_goleador
1208,Milan Đurić,Parma,BIH,FW,FW,34,3.0,centroavante_goleador
1209,Junior Adamu,Freiburg,AUT,FW,FW,23,17.2,segundo_atacante
1210,Karim Adeyemi,Dortmund,GER,"FW,MF",FW,22,15.9,ponta_dribllador
1211,Amine Adli,Leverkusen,MAR,"MF,FW",MF,24,8.5,box_to_box
1212,Oladapo Afolayan,St. Pauli,ENG,"FW,MF",FW,26,18.2,ponta_dribllador
1213,Felix Agu,Werder Bremen,NGA,DF,DF,24,19.5,lateral_ofensivo
1214,Erik Ahlstrand,St. Pauli,SWE,"FW,MF",FW,22,0.5,centroavante_goleador
1215,Kevin Akpoguma,Hoffenheim,NGA,DF,DF,29,24.7,zagueiro_construtor
1216,Andreas Albers,St. Pauli,DEN,FW,FW,34,0.7,centroavante_goleador
1217,Ben Alexander Voll,St. Pauli,GER,GK,GK,23,1.0,goleiro_joia
1218,Skelly Alvero,Werder Bremen,FRA,MF,MF,22,2.6,volante_defensivo
1219,Aurele Amenda,Eint Frankfurt,SUI,DF,DF,21,1.1,zagueiro_classico
1220,Nadiem Amiri,Mainz 05,GER,MF,MF,27,27.5,box_to_box
1221,Mohamed Amoura,Wolfsburg,ALG,FW,FW,24,27.4,ponta_dribllador
1222,Robert Andrich,Leverkusen,GER,"MF,DF",MF,29,17.8,volante_defensivo
1223,Waldemar Anton,Dortmund,GER,DF,DF,28,21.7,zagueiro_construtor
1224,Maximilian Arnold,Wolfsburg,GER,MF,MF,30,26.2,volante_defensivo
1225,Jann-Fiete Arp,Holstein Kiel,GER,"FW,MF",FW,24,7.9,centroavante_goleador
1226,Arthur,Leverkusen,BRA,DF,DF,21,8.4,lateral_ofensivo
1227,Noah Atubolu,Freiburg,GER,GK,GK,22,25.6,goleiro_joia
1228,Ayman Azhil,Dortmund,MAR,MF,MF,23,0.3,volante_defensivo
1229,Adam Aznou,Bayern Munich,MAR,DF,DF,18,0.2,zagueiro_classico
1230,Aliou Badara Baldé,Bochum,GUI,"MF,FW",MF,21,1.0,meia_criativo
1231,Ridle Baku,Wolfsburg,GER,"FW,MF",FW,26,13.0,ponta_dribllador
1232,Ridle Baku,RB Leipzig,GER,"DF,MF",DF,26,14.2,lateral_ofensivo
1233,Samuel Bamba,Bochum,GER,"FW,MF",FW,20,0.3,centroavante_goleador
1234,Noahkai Banks,Augsburg,USA,DF,DF,17,3.1,zagueiro_classico
1235,Scott Banks,St. Pauli,SCO,"FW,MF",FW,22,1.3,centroavante_goleador
1236,Aymen Barkok,Mainz 05,MAR,MF,MF,26,0.8,volante_defensivo
1237,Michy Batshuayi,Eint Frankfurt,BEL,FW,FW,30,3.3,centroavante_goleador
1238,Maximilian Bauer,Augsburg,GER,DF,DF,24,7.3,zagueiro_classico
1239,Oliver Baumann,Hoffenheim,GER,GK,GK,34,28.0,goleiro_titular
1240,Christoph Baumgartner,RB Leipzig,AUT,MF,MF,24,17.9,box_to_box
1241,Ihlas Bebou,Hoffenheim,TOG,MF,MF,30,0.1,volante_defensivo
1242,Adrian Beck,Heidenheim,GER,"MF,FW",MF,27,17.8,box_to_box
1243,Timo Becker,Holstein Kiel,GER,DF,DF,27,27.2,lateral_ofensivo
1244,Hannes Behrens,Hoffenheim,GER,DF,DF,20,0.3,zagueiro_classico
1245,Kevin Behrens,Wolfsburg,GER,FW,FW,33,1.9,centroavante_goleador
1246,Maximilian Beier,Dortmund,GER,"FW,MF",FW,21,17.7,ponta_dribllador
1247,Stefan Bell,Mainz 05,GER,DF,DF,32,16.0,zagueiro_classico
1248,Jeanuël Belocian,Leverkusen,FRA,"DF,MF",DF,19,0.8,zagueiro_classico
1249,László Bénes,Union Berlin,SVK,"MF,FW",MF,26,6.5,meia_criativo
1250,Ramy Bensebaini,Dortmund,ALG,DF,DF,29,22.5,lateral_ofensivo
1251,Mergim Berisha,Hoffenheim,GER,"FW,MF",FW,26,3.7,segundo_atacante
1252,Mergim Berisha,Augsburg,GER,FW,FW,26,0.4,centroavante_goleador
1253,Bernardo,Bochum,BRA,DF,DF,29,19.8,zagueiro_construtor
1254,Alexander Bernhardsson,Holstein Kiel,SWE,"FW,MF",FW,25,14.0,centroavante_goleador
1255,Matúš Bero,Bochum,SVK,MF,MF,28,28.5,volante_defensivo
1256,Jan-Niklas Beste,Freiburg,GER,"FW,MF",FW,25,2.4,segundo_atacante
1257,El Bilal Touré,Stuttgart,MLI,"FW,MF",FW,22,4.0,segundo_atacante
1258,Tom Bischof,Hoffenheim,GER,"MF,FW",MF,19,28.4,box_to_box
1259,Leonardo Bittencourt,Werder Bremen,GER,MF,MF,30,10.9,box_to_box
1260,Myron Boadu,Bochum,NED,FW,FW,23,11.6,centroavante_goleador
1261,Sacha Boey,Bayern Munich,FRA,DF,DF,23,6.6,lateral_ofensivo
1262,Victor Boniface,Leverkusen,NGA,FW,FW,23,11.2,centroavante_goleador
1263,Sebastiaan Bornauw,Wolfsburg,BEL,DF,DF,25,8.8,zagueiro_classico
1264,Carlo Boukhalfa,St. Pauli,MAR,MF,MF,25,18.3,volante_defensivo
1265,Julian Brandt,Dortmund,GER,MF,MF,28,25.6,box_to_box
1266,Tim Breithaupt,Augsburg,GER,MF,MF,22,1.3,meia_criativo
1267,Maximilian Breunig,Heidenheim,GER,"FW,MF",FW,23,3.9,centroavante_goleador
1268,Moritz Broschinski,Bochum,GER,"FW,MF",FW,23,15.4,ponta_dribllador
1269,Nathaniel Brown,Eint Frankfurt,GER,"DF,MF",DF,21,21.6,lateral_ofensivo
1270,Jacob Bruun Larsen,Hoffenheim,DEN,"FW,MF",FW,25,4.4,segundo_atacante
1271,Jacob Bruun Larsen,Stuttgart,DEN,"MF,FW",MF,25,4.6,meia_criativo
1272,Emi Buendía,Leverkusen,ARG,MF,MF,27,2.9,meia_criativo
1273,Marius Bülter,Hoffenheim,GER,"FW,DF",FW,31,19.2,ponta_dribllador
1274,Jonathan Burkardt,Mainz 05,GER,FW,FW,24,23.4,centroavante_goleador
1275,Oliver Burke,Werder Bremen,SCO,FW,FW,27,10.1,centroavante_goleador
1276,Marnon Busch,Heidenheim,GER,"DF,MF",DF,29,15.5,zagueiro_construtor
1277,Anthony Caci,Mainz 05,FRA,DF,DF,27,29.8,lateral_ofensivo
1278,Cole Campbell,Dortmund,USA,"MF,FW",MF,18,0.2,volante_defensivo
1279,Emre Can,Dortmund,GER,"DF,MF",DF,30,23.4,zagueiro_construtor
1280,Tiago Cardoso,Gladbach,LUX,GK,GK,18,4.2,goleiro_joia
1281,Abdoulie Ceesay,St. Pauli,GAM,FW,FW,20,0.7,centroavante_goleador
1282,Julian Chabot,Stuttgart,GER,DF,DF,26,25.2,zagueiro_construtor
1283,El Chadaille Bitshiabu,RB Leipzig,FRA,DF,DF,19,12.6,zagueiro_classico
1284,Fares Chaïbi,Eint Frankfurt,ALG,"MF,FW",MF,21,11.3,meia_criativo
1285,Timothy Chandler,Eint Frankfurt,USA,DF,DF,34,0.3,zagueiro_classico
1286,Anrie Chase,Stuttgart,JPN,DF,DF,20,8.2,zagueiro_classico
1287,Arthur Chaves,Hoffenheim,BRA,DF,DF,23,24.3,zagueiro_classico
1288,Fabio Chiarodia,Gladbach,ITA,DF,DF,19,4.2,zagueiro_classico
1289,Carney Chukwuemeka,Dortmund,ENG,MF,MF,20,2.8,meia_criativo
1290,Alexis Claude-Maurice,Augsburg,FRA,"MF,FW",MF,26,23.4,box_to_box
1291,Nnamdi Collins,Eint Frankfurt,GER,DF,DF,20,16.5,zagueiro_construtor
1292,Kingsley Coman,Bayern Munich,FRA,FW,FW,28,14.2,ponta_dribllador
1293,Sirlord Conteh,Heidenheim,GER,"FW,MF",FW,28,9.9,ponta_dribllador
1294,Danny da Costa,Mainz 05,GER,DF,DF,31,22.3,zagueiro_construtor
1295,Yan Couto,Dortmund,BRA,"DF,FW",DF,22,9.9,zagueiro_construtor
1296,Tomáš Čvančara,Gladbach,CZE,FW,FW,23,9.2,centroavante_goleador
1297,Finn Dahmen,Augsburg,GER,GK,GK,26,19.0,goleiro_joia
1298,Thomas Dähne,Holstein Kiel,GER,GK,GK,30,9.0,goleiro_reserva
1299,Mahmoud Dahoud,Eint Frankfurt,GER,MF,MF,28,4.0,meia_criativo
1300,Ameen Al-Dakhil,Stuttgart,BEL,DF,DF,22,4.8,zagueiro_classico
1301,Bence Dárdai,Wolfsburg,HUN,MF,MF,18,14.5,volante_defensivo
1302,Lukas Daschner,Bochum,GER,"MF,FW",MF,25,4.6,meia_criativo
1303,Alphonso Davies,Bayern Munich,CAN,DF,DF,23,17.3,zagueiro_construtor
1304,Olivier Deman,Werder Bremen,BEL,DF,DF,24,0.7,zagueiro_classico
1305,Ermedin Demirović,Stuttgart,BIH,FW,FW,26,20.6,centroavante_goleador
1306,Justin Diehl,Stuttgart,GER,"FW,DF",FW,19,1.2,centroavante_goleador
1307,Eric Dier,Bayern Munich,ENG,DF,DF,30,16.3,zagueiro_construtor
1308,Junior Dina Ebimbe,Eint Frankfurt,FRA,"MF,FW",MF,23,3.3,meia_criativo
1309,Eren Dinkçi,Freiburg,GER,"MF,FW",MF,22,13.3,box_to_box
1310,Ritsu Doan,Freiburg,JPN,"FW,MF",FW,26,31.8,ponta_dribllador
1311,Danilho Doekhi,Union Berlin,NED,DF,DF,26,34.0,zagueiro_construtor
1312,Niklas Dorsch,Augsburg,GER,MF,MF,26,0.4,volante_defensivo
1313,Niklas Dorsch,Heidenheim,GER,MF,MF,26,14.8,volante_defensivo
1314,Patrick Drewes,Bochum,GER,GK,GK,31,21.0,goleiro_titular
1315,Tim Drexler,Hoffenheim,GER,DF,DF,19,4.0,zagueiro_classico
1316,Marvin Ducksch,Werder Bremen,GER,FW,FW,30,26.9,ponta_dribllador
1317,Julien Duranville,Dortmund,BEL,"FW,MF",FW,18,3.1,ponta_dribllador
1318,Adam Dźwigała,St. Pauli,POL,"DF,MF",DF,28,4.1,zagueiro_classico
1319,Johannes Eggestein,St. Pauli,GER,FW,FW,26,20.6,ponta_dribllador
1320,Maximilian Eggestein,Freiburg,GER,MF,MF,27,31.6,volante_defensivo
1321,Hugo Ekitike,Eint Frankfurt,FRA,FW,FW,22,28.5,ponta_dribllador
1322,Elif Elmas,RB Leipzig,MKD,MF,MF,24,0.5,meia_criativo
1323,Nico Elvedi,Gladbach,SUI,DF,DF,27,23.7,zagueiro_construtor
1324,Arne Engels,Augsburg,BEL,"MF,FW",MF,20,0.9,meia_criativo
1325,Patrick Erras,Holstein Kiel,GER,DF,DF,29,9.2,zagueiro_classico
1326,Samuel Essende,Augsburg,COD,FW,FW,26,18.2,ponta_dribllador
1327,Frank Feller,Heidenheim,GER,GK,GK,20,1.3,goleiro_joia
1328,Kilian Fischer,Wolfsburg,GER,DF,DF,23,25.5,zagueiro_construtor
1329,Jonas Föhrenbach,Heidenheim,GER,DF,DF,28,20.4,zagueiro_construtor
1330,Marco Friedl,Werder Bremen,AUT,DF,DF,26,24.0,zagueiro_classico
1331,Marvin Friedrich,Gladbach,GER,DF,DF,28,11.0,zagueiro_classico
1332,Jeremie Frimpong,Leverkusen,NED,"DF,MF",DF,23,25.7,lateral_ofensivo
1333,Chris Führich,Stuttgart,GER,"MF,FW",MF,26,22.0,box_to_box
1334,Shiō Fukuda,Gladbach,JPN,FW,FW,20,0.7,centroavante_goleador
1335,Cristian Gamboa,Bochum,CRC,DF,DF,34,2.5,zagueiro_classico
1336,Aleix García,Leverkusen,ESP,MF,MF,27,16.2,box_to_box
1337,Viggo Gebel,RB Leipzig,GER,MF,MF,16,0.2,volante_defensivo
1338,Lutsharel Geertruida,RB Leipzig,NED,DF,DF,24,17.3,zagueiro_construtor
1339,Dennis Geiger,Hoffenheim,GER,"MF,FW",MF,26,8.2,volante_defensivo
1340,Valentin Gendrey,Hoffenheim,FRA,DF,DF,24,15.7,lateral_ofensivo
1341,Yannick Gerhardt,Wolfsburg,GER,"MF,DF",MF,30,16.9,volante_defensivo
1342,Max Geschwill,Holstein Kiel,GER,DF,DF,23,14.2,lateral_ofensivo
1343,Dimitris Giannoulis,Augsburg,GRE,DF,DF,28,29.4,lateral_ofensivo
1344,Armin Gigovic,Holstein Kiel,BIH,MF,MF,22,21.1,box_to_box
1345,Benedikt Gimber,Heidenheim,GER,DF,DF,27,29.7,zagueiro_classico
1346,Matthias Ginter,Freiburg,GER,DF,DF,30,28.5,zagueiro_construtor
1347,Jamie Gittens,Dortmund,ENG,"FW,MF",FW,19,19.7,ponta_dribllador
1348,Serge Gnabry,Bayern Munich,GER,"FW,MF",FW,29,13.8,ponta_dribllador
1349,Tidiam Gomis,RB Leipzig,FRA,"MF,FW",MF,17,1.7,meia_criativo
1350,Leon Goretzka,Bayern Munich,GER,"MF,DF",MF,29,14.7,box_to_box
1351,Robin Gosens,Union Berlin,GER,DF,DF,30,1.0,zagueiro_classico
1352,Mario Götze,Eint Frankfurt,GER,"MF,FW",MF,32,17.1,box_to_box
1353,Jeffrey Gouweleeuw,Augsburg,NED,DF,DF,33,32.7,zagueiro_construtor
1354,Kamil Grabara,Wolfsburg,POL,GK,GK,25,28.7,goleiro_joia
1355,Michael Gregoritsch,Freiburg,AUT,FW,FW,30,7.1,centroavante_goleador
1356,Vincenzo Grifo,Freiburg,ITA,"FW,MF",FW,31,27.0,ponta_dribllador
1357,Florian Grillitsch,Hoffenheim,AUT,MF,MF,28,6.7,volante_defensivo
1358,Álex Grimaldo,Leverkusen,ESP,DF,DF,28,29.3,lateral_ofensivo
1359,Pascal Groß,Dortmund,GER,"MF,DF",MF,33,25.9,box_to_box
1360,Marco Grüll,Werder Bremen,AUT,"FW,MF",FW,26,13.1,centroavante_goleador
1361,Raphaël Guerreiro,Bayern Munich,POR,"DF,MF",DF,30,17.5,lateral_ofensivo
1362,Morgan Guilavogui,St. Pauli,GUI,"FW,MF",FW,26,20.1,ponta_dribllador
1363,Serhou Guirassy,Dortmund,GUI,FW,FW,28,28.9,centroavante_goleador
1364,Péter Gulácsi,RB Leipzig,HUN,GK,GK,34,29.2,goleiro_titular
1365,Robert Gumny,Augsburg,POL,DF,DF,26,3.0,zagueiro_classico
1366,Christian Günter,Freiburg,GER,DF,DF,31,25.7,lateral_ofensivo
1367,Janik Haberer,Union Berlin,GER,"MF,DF",MF,30,18.8,volante_defensivo
1368,Robin Hack,Gladbach,GER,"FW,MF",FW,25,24.1,ponta_dribllador
1369,Amadou Haidara,RB Leipzig,MLI,MF,MF,26,14.7,volante_defensivo
1370,Andreas Hanche-Olsen,Mainz 05,NOR,DF,DF,27,14.3,zagueiro_classico
1371,Phil Harres,Holstein Kiel,GER,FW,FW,22,17.2,centroavante_goleador
1372,Ramon Hendriks,Stuttgart,NED,DF,DF,23,12.8,lateral_ofensivo
1373,Paul Hennrich,Hoffenheim,GER,MF,MF,19,0.1,volante_defensivo
1374,Benjamin Henrichs,RB Leipzig,GER,DF,DF,27,10.4,lateral_ofensivo
1375,Mario Hermoso,Leverkusen,ESP,DF,DF,29,3.3,zagueiro_classico
1376,Piero Hincapié,Leverkusen,ECU,DF,DF,22,29.7,zagueiro_construtor
1377,Adam Hložek,Hoffenheim,CZE,"FW,MF",FW,22,20.8,ponta_dribllador
1378,Nicolas Höfler,Freiburg,GER,MF,MF,34,8.8,volante_defensivo
1379,Jonas Hofmann,Leverkusen,GER,"MF,DF",MF,32,4.0,meia_criativo
1380,Philipp Hofmann,Bochum,GER,FW,FW,31,25.3,ponta_dribllador
1381,Lucas Höler,Freiburg,GER,"FW,MF",FW,30,20.7,ponta_dribllador
1382,Benedict Hollerbach,Union Berlin,GER,"FW,MF",FW,23,28.2,ponta_dribllador
1383,Lewis Holtby,Holstein Kiel,GER,MF,MF,33,13.8,volante_defensivo
1384,Gerrit Holtmann,Bochum,PHI,"DF,FW",DF,29,12.6,lateral_ofensivo
1385,Franck Honorat,Gladbach,FRA,FW,FW,27,16.0,ponta_dribllador
1386,Mathias Honsak,Heidenheim,AUT,"FW,DF",FW,27,13.1,ponta_dribllador
1387,Timo Horn,Bochum,GER,GK,GK,31,13.0,goleiro_reserva
1388,Lukáš Hrádecký,Leverkusen,FIN,GK,GK,34,29.0,goleiro_titular
1389,Robin Hranáč,Hoffenheim,CZE,DF,DF,24,2.4,zagueiro_classico
1390,Hong Hyunseok,Mainz 05,KOR,MF,MF,25,5.9,meia_criativo
1391,Oscar Højlund,Eint Frankfurt,DEN,MF,MF,19,8.0,box_to_box
1392,Arijon Ibrahimović,Bayern Munich,GER,FW,FW,18,0.0,centroavante_goleador
1393,Andrej Ilic,Union Berlin,SRB,FW,FW,24,10.4,centroavante_goleador
1394,Jackson Irvine,St. Pauli,AUS,MF,MF,31,29.0,volante_defensivo
1395,Ko Itakura,Gladbach,JPN,DF,DF,27,31.0,zagueiro_classico
1396,Hiroki Ito,Bayern Munich,JPN,DF,DF,25,2.8,zagueiro_classico
1397,Marko Ivezić,Holstein Kiel,SRB,DF,DF,22,18.4,zagueiro_classico
1398,Lee Jae-sung,Mainz 05,KOR,MF,MF,31,29.4,box_to_box
1399,Kristijan Jakić,Augsburg,CRO,MF,MF,27,25.6,volante_defensivo
1400,Luca Jaquez,Stuttgart,SUI,DF,DF,21,2.8,zagueiro_classico
1401,Dominik Javorček,Holstein Kiel,SVK,"DF,MF",DF,21,4.3,lateral_ofensivo
1402,Finn Jeltsch,Stuttgart,GER,DF,DF,18,8.7,zagueiro_classico
1403,Fredrik Jensen,Augsburg,FIN,MF,MF,26,8.5,volante_defensivo
1404,Moritz Jenz,Mainz 05,GER,DF,DF,25,17.8,zagueiro_classico
1405,Carl Johansson,Holstein Kiel,SWE,DF,DF,30,6.3,zagueiro_classico
1406,Anthony Jung,Werder Bremen,GER,DF,DF,32,21.1,zagueiro_construtor
1407,Josip Juranović,Union Berlin,CRO,"DF,MF",DF,28,12.9,lateral_ofensivo
1408,David Jurásek,Hoffenheim,CZE,DF,DF,23,6.9,lateral_ofensivo
1409,Yusuf Kabadayı,Augsburg,GER,"FW,MF",FW,20,0.8,centroavante_goleador
1410,Almugera Kabar,Dortmund,GER,DF,DF,18,1.5,zagueiro_classico
1411,Issa Kaboré,Werder Bremen,BFA,"DF,FW",DF,23,3.4,zagueiro_classico
1412,Pavel Kadeřábek,Hoffenheim,CZE,DF,DF,32,17.5,lateral_ofensivo
1413,Jakub Kamiński,Wolfsburg,POL,"DF,MF",DF,22,12.6,lateral_ofensivo
1414,Kevin Kampl,RB Leipzig,SVN,MF,MF,33,17.7,volante_defensivo
1415,Harry Kane,Bayern Munich,ENG,FW,FW,31,26.5,centroavante_goleador
1416,Atakan Karazor,Stuttgart,TUR,MF,MF,27,29.1,volante_defensivo
1417,Mikkel Kaufmann,Heidenheim,DEN,FW,FW,23,4.1,centroavante_goleador
1418,Yannik Keitel,Stuttgart,GER,MF,MF,24,3.0,volante_defensivo
1419,Andu Kelati,Holstein Kiel,GER,"MF,DF",MF,21,3.2,meia_criativo
1420,Thomas Keller,Heidenheim,GER,"DF,MF",DF,24,1.6,zagueiro_classico
1421,Aljoscha Kemlein,Union Berlin,GER,MF,MF,19,10.2,volante_defensivo
1422,Luca Kerber,Heidenheim,GER,"MF,DF",MF,22,8.7,volante_defensivo
1423,Rani Khedira,Union Berlin,GER,MF,MF,30,30.3,volante_defensivo
1424,Joshua Kimmich,Bayern Munich,GER,MF,MF,29,31.6,box_to_box
1425,Tim Kleindienst,Gladbach,GER,FW,FW,28,30.4,ponta_dribllador
1426,Lukas Klostermann,RB Leipzig,GER,DF,DF,28,20.4,zagueiro_construtor
1427,Ansgar Knauff,Eint Frankfurt,GER,"MF,DF",MF,22,17.7,box_to_box
1428,Magnus Knudsen,Holstein Kiel,NOR,MF,MF,23,20.6,volante_defensivo
1429,Gregor Kobel,Dortmund,SUI,GK,GK,26,32.0,goleiro_titular
1430,Robin Koch,Eint Frankfurt,GER,DF,DF,28,28.7,zagueiro_classico
1431,Derrick Köhn,Werder Bremen,GER,"DF,FW",DF,25,14.9,lateral_ofensivo
1432,Dominik Kohr,Mainz 05,GER,"DF,MF",DF,30,25.5,zagueiro_construtor
1433,Marco Komenda,Holstein Kiel,CRO,DF,DF,27,14.5,zagueiro_classico
1434,Mert Kömür,Augsburg,GER,MF,MF,19,7.3,meia_criativo
1435,Kacper Koscierski,Bochum,GER,DF,DF,17,0.1,zagueiro_classico
1436,Henri Koudossou,Augsburg,GER,DF,DF,24,8.3,lateral_ofensivo
1437,Konstantinos Koulierakis,Wolfsburg,GRE,DF,DF,20,27.4,zagueiro_construtor
1438,Matej Kovar,Leverkusen,CZE,GK,GK,24,5.0,goleiro_joia
1439,Andrej Kramarić,Hoffenheim,CRO,"MF,FW",MF,33,30.7,box_to_box
1440,Frans Krätzig,Heidenheim,GER,"DF,MF",DF,21,13.5,lateral_ofensivo
1441,Frans Krätzig,Stuttgart,GER,DF,DF,21,0.6,zagueiro_classico
1442,Tom Krauß,Bochum,GER,MF,MF,23,12.0,volante_defensivo
1443,Rasmus Kristensen,Eint Frankfurt,DEN,DF,DF,27,27.9,lateral_ofensivo
1444,Lukas Kübler,Freiburg,GER,DF,DF,31,20.5,zagueiro_construtor
1445,Jonah Kusi-Asare,Bayern Munich,SWE,FW,FW,17,0.0,centroavante_goleador
1446,Moritz-Broni Kwarteng,Bochum,GHA,"MF,FW",MF,26,1.9,volante_defensivo
1447,Nediljko Labrović,Augsburg,CRO,GK,GK,24,15.0,goleiro_joia
1448,Konrad Laimer,Bayern Munich,AUT,DF,DF,27,18.9,zagueiro_construtor
1449,Stefan Lainer,Gladbach,AUT,DF,DF,31,8.4,zagueiro_construtor
1450,Hugo Larsson,Eint Frankfurt,SWE,MF,MF,20,26.6,volante_defensivo
1451,Diogo Leite,Union Berlin,POR,DF,DF,25,28.3,zagueiro_construtor
1452,Maxim Leitsch,Mainz 05,GER,DF,DF,26,7.5,zagueiro_classico
1453,Jamie Leweling,Stuttgart,GER,"MF,FW",MF,23,18.5,box_to_box
1454,Philipp Lienhart,Freiburg,AUT,DF,DF,28,30.8,zagueiro_construtor
1455,Marin Ljubicic,Union Berlin,CRO,"FW,MF",FW,22,3.1,segundo_atacante
1456,Anthony Losilla,Bochum,FRA,MF,MF,38,12.6,volante_defensivo
1457,Yannik Lührs,Dortmund,GER,DF,DF,20,1.4,zagueiro_classico
1458,Castello Lukeba,RB Leipzig,FRA,DF,DF,21,17.5,zagueiro_construtor
1459,Senne Lynen,Werder Bremen,BEL,MF,MF,25,30.4,volante_defensivo
1460,Shuto Machino,Holstein Kiel,JPN,"FW,MF",FW,24,21.7,ponta_dribllador
1461,Arne Maier,Augsburg,GER,MF,MF,25,10.4,volante_defensivo
1462,Patrick Mainka,Heidenheim,GER,DF,DF,29,34.0,zagueiro_construtor
1463,Lovro Majer,Wolfsburg,CRO,MF,MF,26,3.4,meia_criativo
1464,Jordy Makengo,Freiburg,FRA,DF,DF,22,8.3,zagueiro_classico
1465,Jarzinho Malanga,Stuttgart,GER,DF,DF,18,0.0,zagueiro_classico
1466,Julián Malatini,Werder Bremen,ARG,DF,DF,23,5.0,zagueiro_classico
1467,Donyell Malen,Dortmund,NED,"FW,MF",FW,25,6.8,centroavante_goleador
1468,Lennard Maloney,Heidenheim,USA,MF,MF,24,8.4,volante_defensivo
1469,Lennard Maloney,Mainz 05,USA,MF,MF,24,0.3,volante_defensivo
1470,Johan Manzambi,Freiburg,SUI,"FW,MF",FW,18,3.7,centroavante_goleador
1471,Omar Marmoush,Eint Frankfurt,EGY,FW,FW,25,16.1,ponta_dribllador
1472,Giorgos Masouras,Bochum,GRE,"FW,MF",FW,30,11.7,ponta_dribllador
1473,Erhan Mašović,Bochum,SRB,DF,DF,25,10.1,zagueiro_classico
1474,Igor Matanovic,Eint Frankfurt,CRO,FW,FW,21,3.5,centroavante_goleador
1475,Chrislain Matsima,Augsburg,FRA,DF,DF,22,28.3,zagueiro_construtor
1476,Jean Mattéo Bahoya,Eint Frankfurt,FRA,"MF,FW",MF,19,10.2,meia_criativo
1477,Maurides,St. Pauli,BRA,FW,FW,30,0.0,centroavante_goleador
1478,Keke Maximilian Topp,Werder Bremen,GER,"FW,MF",FW,20,2.8,segundo_atacante
1479,Jakov Medić,Bochum,CRO,DF,DF,25,17.8,zagueiro_classico
1480,Connor Metcalfe,St. Pauli,AUS,"MF,FW",MF,24,4.0,volante_defensivo
1481,Karol Mets,St. Pauli,EST,DF,DF,31,10.0,zagueiro_classico
1482,Alexander Meyer,Dortmund,GER,GK,GK,33,2.0,goleiro_reserva
1483,Florian Micheler,Hoffenheim,AUT,MF,MF,19,0.4,volante_defensivo
1484,Enzo Millot,Stuttgart,FRA,"MF,FW",MF,22,20.5,box_to_box
1485,Kim Min-jae,Bayern Munich,KOR,DF,DF,27,25.4,zagueiro_construtor
1486,Maximilian Mittelstädt,Stuttgart,GER,DF,DF,27,27.4,lateral_ofensivo
1487,Koji Miyoshi,Bochum,JPN,"FW,MF",FW,27,5.2,centroavante_goleador
1488,Max Moerstedt,Hoffenheim,GER,FW,FW,19,5.0,segundo_atacante
1489,David Mokwa,Hoffenheim,FRA,"DF,FW",DF,20,0.2,zagueiro_classico
1490,Steve Mounié,Augsburg,BEN,"FW,MF",FW,29,3.9,centroavante_goleador
1491,Nordi Mukiele,Leverkusen,FRA,DF,DF,26,10.0,zagueiro_construtor
1492,Florian Müller,Freiburg,GER,GK,GK,26,8.4,goleiro_joia
1493,Kevin Müller,Heidenheim,GER,GK,GK,33,32.7,goleiro_titular
1494,Marius Müller,Wolfsburg,GER,GK,GK,31,5.3,goleiro_reserva
1495,Thomas Müller,Bayern Munich,GER,"MF,FW",MF,34,13.6,meia_criativo
1496,Jamal Musiala,Bayern Munich,GER,MF,MF,21,20.0,box_to_box
1497,Florent Muslija,Freiburg,KVX,"FW,MF",FW,26,1.9,segundo_atacante
1498,Phillipp Mwene,Mainz 05,AUT,DF,DF,30,29.0,lateral_ofensivo
1499,Joakim Mæhle,Wolfsburg,DEN,DF,DF,27,24.3,lateral_ofensivo
1500,Nathan N'Goumou,Gladbach,CMR,FW,FW,24,9.2,ponta_dribllador
1501,Stanley N'Soki,Hoffenheim,FRA,DF,DF,25,14.5,zagueiro_classico
1502,Nikolas Nartey,Stuttgart,DEN,MF,MF,24,0.2,volante_defensivo
1503,Paul Nebel,Mainz 05,GER,MF,MF,21,26.1,box_to_box
1504,Kosta Nedeljković,RB Leipzig,SRB,DF,DF,18,5.3,zagueiro_classico
1505,Ivan Nekić,Holstein Kiel,CRO,DF,DF,23,0.8,zagueiro_classico
1506,David Nemeth,St. Pauli,AUT,DF,DF,23,23.7,zagueiro_classico
1507,Luca Netz,Gladbach,GER,DF,DF,21,10.8,lateral_ofensivo
1508,Manuel Neuer,Bayern Munich,GER,GK,GK,38,22.0,goleiro_titular
1509,Florian Neuhaus,Gladbach,GER,MF,MF,27,4.2,meia_criativo
1510,Moritz Nicolas,Gladbach,GER,GK,GK,26,18.2,goleiro_joia
1511,Julian Niehues,Heidenheim,GER,MF,MF,23,1.7,meia_criativo
1512,Justin Njinmah,Werder Bremen,GER,"FW,MF",FW,23,10.6,ponta_dribllador
1513,Niels Nkounkou,Eint Frankfurt,FRA,"DF,MF",DF,23,4.2,lateral_ofensivo
1514,Felix Nmecha,Dortmund,GER,MF,MF,23,16.8,box_to_box
1515,Lukas Nmecha,Wolfsburg,GER,"FW,MF",FW,25,5.2,centroavante_goleador
1516,Arnaud Nordin,Mainz 05,FRA,"DF,MF",DF,26,0.9,zagueiro_classico
1517,Alexander Nübel,Stuttgart,GER,GK,GK,27,34.0,goleiro_titular
1518,Antonio Nusa,RB Leipzig,NOR,"MF,DF",MF,19,17.3,box_to_box
1519,David Odogu,Wolfsburg,GER,DF,DF,18,2.2,zagueiro_classico
1520,Tim Oermann,Bochum,GER,DF,DF,20,24.6,lateral_ofensivo
1521,Ifechukwu Ogbus,Freiburg,SUI,DF,DF,18,0.2,zagueiro_classico
1522,Finn Ole Becker,Hoffenheim,GER,MF,MF,24,7.4,volante_defensivo
1523,Michael Olise,Bayern Munich,FRA,"FW,MF",FW,22,25.9,ponta_dribllador
1524,Jonas Omlin,Gladbach,SUI,GK,GK,30,10.9,goleiro_reserva
1525,Karim Onisiwo,Mainz 05,AUT,"MF,FW",MF,32,1.2,meia_criativo
1526,Frank Onyeka,Augsburg,NGA,MF,MF,26,28.7,volante_defensivo
1527,Loïs Openda,RB Leipzig,BEL,"FW,MF",FW,24,27.3,ponta_dribllador
1528,Gift Orban,Hoffenheim,NGA,FW,FW,22,7.6,centroavante_goleador
1529,Willi Orban,RB Leipzig,HUN,DF,DF,31,24.7,zagueiro_construtor
1530,Ivan Ordets,Bochum,UKR,DF,DF,32,20.7,zagueiro_classico
1531,Patrick Osterhage,Freiburg,GER,MF,MF,24,25.2,volante_defensivo
1532,Assan Ouedraogo,RB Leipzig,GER,MF,MF,18,0.6,volante_defensivo
1533,Salih Özcan,Wolfsburg,TUR,MF,MF,26,3.9,volante_defensivo
1534,Salih Özcan,Dortmund,TUR,MF,MF,26,4.3,volante_defensivo
1535,Exequiel Palacios,Leverkusen,ARG,MF,MF,25,12.8,meia_criativo
1536,João Palhinha,Bayern Munich,POR,MF,MF,29,7.5,volante_defensivo
1537,Mats Pannewig,Bochum,GER,MF,MF,19,3.0,meia_criativo
1538,Kevin Paredes,Wolfsburg,USA,DF,DF,21,1.4,zagueiro_classico
1539,Felix Passlack,Bochum,GER,"DF,MF",DF,26,25.9,lateral_ofensivo
1540,Aleksandar Pavlovic,Bayern Munich,GER,MF,MF,20,16.1,box_to_box
1541,Mads Pedersen,Augsburg,DEN,DF,DF,27,2.6,zagueiro_classico
1542,Jordan Pefok,Union Berlin,USA,FW,FW,28,10.1,segundo_atacante
1543,Daniel Peretz,Bayern Munich,ISR,GK,GK,24,3.0,goleiro_joia
1544,Noah Pesch,Gladbach,CRO,FW,FW,19,0.1,centroavante_goleador
1545,Luca Philipp,Hoffenheim,GER,GK,GK,23,6.0,goleiro_joia
1546,Maximilian Philipp,Freiburg,GER,"MF,FW",MF,30,0.2,meia_criativo
1547,Benedikt Pichler,Holstein Kiel,AUT,FW,FW,27,8.7,segundo_atacante
1548,Amos Pieper,Werder Bremen,GER,DF,DF,26,16.6,zagueiro_classico
1549,Marvin Pieringer,Heidenheim,GER,"FW,MF",FW,24,24.5,ponta_dribllador
1550,Alassane Pléa,Gladbach,FRA,"MF,FW",MF,31,21.1,box_to_box
1551,Finn Porath,Holstein Kiel,GER,"DF,MF",DF,27,21.9,lateral_ofensivo
1552,Yussuf Poulsen,RB Leipzig,DEN,"FW,MF",FW,30,4.2,centroavante_goleador
1553,Alexander Prass,Hoffenheim,AUT,DF,DF,23,17.4,lateral_ofensivo
1554,David Preu,Union Berlin,GER,"MF,DF",MF,19,1.3,volante_defensivo
1555,Grischa Prömel,Hoffenheim,GER,MF,MF,29,1.9,volante_defensivo
1556,Ivan Prtajin,Union Berlin,CRO,FW,FW,28,1.8,centroavante_goleador
1557,Tymoteusz Puchacz,Holstein Kiel,POL,DF,DF,25,4.4,lateral_ofensivo
1558,Leopold Querfeld,Union Berlin,AUT,DF,DF,20,19.4,lateral_ofensivo
1559,Grant Ranos,Gladbach,ARM,FW,FW,21,0.2,centroavante_goleador
1560,David Raum,RB Leipzig,GER,DF,DF,26,19.8,lateral_ofensivo
1561,Rocco Reitz,Gladbach,GER,MF,MF,22,20.3,volante_defensivo
1562,Nicolai Remberg,Holstein Kiel,GER,MF,MF,24,26.9,volante_defensivo
1563,Elvis Rexhbeçaj,Augsburg,KVX,MF,MF,26,19.8,volante_defensivo
1564,Gio Reyna,Dortmund,USA,MF,MF,21,3.9,meia_criativo
1565,Fabian Rieder,Stuttgart,SUI,"MF,FW",MF,22,9.6,meia_criativo
1566,Lasse Rieß,Mainz 05,GER,GK,GK,23,2.0,goleiro_joia
1567,Lars Ritzka,St. Pauli,GER,"DF,MF",DF,26,10.2,zagueiro_classico
1568,Mads Roerslev,Wolfsburg,DEN,DF,DF,25,3.3,zagueiro_classico
1569,Merlin Röhl,Freiburg,GER,"MF,FW",MF,22,10.7,volante_defensivo
1570,Lasse Rosenboom,Holstein Kiel,GER,DF,DF,22,19.3,lateral_ofensivo
1571,Max Rosenfelder,Freiburg,GER,DF,DF,21,13.9,zagueiro_classico
1572,Tom Rothe,Union Berlin,GER,"DF,MF",DF,19,18.6,lateral_ofensivo
1573,Anthony Rouault,Stuttgart,FRA,DF,DF,23,13.5,zagueiro_classico
1574,Jérôme Roussillon,Union Berlin,FRA,"DF,MF",DF,31,1.5,zagueiro_classico
1575,Julian Ryerson,Dortmund,NOR,DF,DF,26,25.1,lateral_ofensivo
1576,Frederik Rønnow,Union Berlin,DEN,GK,GK,31,28.0,goleiro_titular
1577,Elias Saad,St. Pauli,TUN,"FW,MF",FW,24,10.0,ponta_dribllador
1578,Marcel Sabitzer,Dortmund,AUT,MF,MF,30,18.0,volante_defensivo
1579,Faik Sakar,RB Leipzig,GER,MF,MF,16,0.0,volante_defensivo
1580,Manolis Saliakas,St. Pauli,GRE,"MF,DF",MF,27,25.7,volante_defensivo
1581,Roland Sallai,Freiburg,HUN,"FW,MF",FW,27,0.5,segundo_atacante
1582,Diadie Samassékou,Hoffenheim,MLI,MF,MF,28,3.2,volante_defensivo
1583,Philipp Sander,Gladbach,GER,MF,MF,26,15.6,volante_defensivo
1584,James Sands,St. Pauli,USA,"MF,DF",MF,24,5.0,volante_defensivo
1585,Leroy Sané,Bayern Munich,GER,FW,FW,28,18.2,ponta_dribllador
1586,Kaishu Sano,Mainz 05,JPN,MF,MF,23,33.8,volante_defensivo
1587,Kauã Santos,Eint Frankfurt,BRA,GK,GK,21,8.5,goleiro_joia
1588,Joe Scally,Gladbach,USA,DF,DF,21,28.6,zagueiro_construtor
1589,András Schäfer,Union Berlin,HUN,MF,MF,25,17.0,volante_defensivo
1590,Patrik Schick,Leverkusen,CZE,FW,FW,28,18.7,centroavante_goleador
1591,Stefan Schimmer,Heidenheim,GER,"FW,MF",FW,30,2.7,centroavante_goleador
1592,Xaver Schlager,RB Leipzig,AUT,MF,MF,26,2.0,meia_criativo
1593,Keven Schlotterbeck,Augsburg,GER,DF,DF,27,14.4,zagueiro_classico
1594,Nico Schlotterbeck,Dortmund,GER,DF,DF,24,22.0,zagueiro_construtor
1595,Romano Schmid,Werder Bremen,AUT,MF,MF,24,31.5,box_to_box
1596,Jan Schöppner,Heidenheim,GER,MF,MF,25,29.8,volante_defensivo
1597,Marvin Schulz,Holstein Kiel,GER,"MF,DF",MF,29,3.4,volante_defensivo
1598,Alexander Schwolow,Union Berlin,GER,GK,GK,32,6.0,goleiro_reserva
1599,Léo Scienza,Heidenheim,BRA,"FW,MF",FW,25,12.8,ponta_dribllador
1600,Nicolas Seiwald,RB Leipzig,AUT,"MF,DF",MF,23,23.2,volante_defensivo
1601,Benjamin Šeško,RB Leipzig,SVN,"FW,MF",FW,21,26.4,ponta_dribllador
1602,Armindo Sieb,Mainz 05,GER,"FW,MF",FW,21,8.5,ponta_dribllador
1603,Tim Siersleben,Heidenheim,GER,DF,DF,24,13.1,zagueiro_classico
1604,Kiliann Sildillia,Freiburg,FRA,DF,DF,22,8.9,zagueiro_classico
1605,André Silva,Werder Bremen,POR,FW,FW,28,4.2,centroavante_goleador
1606,André Silva,RB Leipzig,POR,"FW,MF",FW,28,1.5,segundo_atacante
1607,Mohamed Simakan,RB Leipzig,FRA,DF,DF,24,0.6,zagueiro_classico
1608,Xavi Simons,RB Leipzig,NED,MF,MF,21,23.9,box_to_box
1609,Danel Sinani,St. Pauli,LUX,"FW,MF",FW,27,13.9,segundo_atacante
1610,Tobias Sippel,Gladbach,GER,GK,GK,36,0.7,goleiro_reserva
1611,Ibrahima Sissoko,Bochum,MLI,MF,MF,26,29.0,volante_defensivo
1612,Tim Skarke,Union Berlin,GER,"FW,MF",FW,27,12.9,ponta_dribllador
1613,Ellyes Skhiri,Eint Frankfurt,TUN,MF,MF,29,24.8,volante_defensivo
1614,Leo Skiri Østigård,Hoffenheim,NOR,DF,DF,24,10.3,zagueiro_classico
1615,Andreas Skov Olsen,Wolfsburg,DEN,"FW,MF",FW,24,5.9,segundo_atacante
1616,Robert Skov,Union Berlin,DEN,"DF,MF",DF,28,9.5,lateral_ofensivo
1617,Steven Skrzybski,Holstein Kiel,GER,"MF,FW",MF,31,14.7,meia_criativo
1618,Eric Smith,St. Pauli,SWE,"DF,MF",DF,27,31.4,zagueiro_construtor
1619,Anton Stach,Hoffenheim,GER,"MF,DF",MF,25,28.7,volante_defensivo
1620,Jens Stage,Werder Bremen,DEN,MF,MF,27,24.5,box_to_box
1621,Josip Stanišić,Bayern Munich,CRO,DF,DF,24,9.7,lateral_ofensivo
1622,Niklas Stark,Werder Bremen,GER,DF,DF,29,23.4,zagueiro_classico
1623,Pascal Stenzel,Stuttgart,GER,DF,DF,28,3.2,zagueiro_classico
1624,Leonidas Stergiou,Stuttgart,SUI,DF,DF,22,9.5,lateral_ofensivo
1625,Finley Stevens,St. Pauli,WAL,DF,DF,21,0.0,zagueiro_classico
1626,Angelo Stiller,Stuttgart,GER,MF,MF,23,30.5,box_to_box
1627,Kevin Stöger,Gladbach,AUT,MF,MF,30,17.2,box_to_box
1628,Niklas Süle,Dortmund,GER,DF,DF,28,11.7,zagueiro_classico
1629,Mattias Svanberg,Wolfsburg,SWE,MF,MF,25,13.5,meia_criativo
1630,Daniel Svensson,Dortmund,SWE,"DF,FW",DF,22,8.7,lateral_ofensivo
1631,Haris Tabakovic,Hoffenheim,BIH,FW,FW,30,9.1,centroavante_goleador
1632,Jonathan Tah,Leverkusen,GER,DF,DF,28,33.0,zagueiro_construtor
1633,Edmond Tapsoba,Leverkusen,BFA,DF,DF,25,27.9,zagueiro_construtor
1634,Mathys Tel,Bayern Munich,FRA,"FW,MF",FW,19,2.8,segundo_atacante
1635,Nathan Tella,Leverkusen,NGA,"MF,FW",MF,25,15.1,box_to_box
1636,Martin Terrier,Leverkusen,FRA,"MF,FW",MF,27,6.5,meia_criativo
1637,Arthur Theate,Eint Frankfurt,BEL,DF,DF,24,30.0,zagueiro_construtor
1638,Norman Theuerkauf,Heidenheim,GER,MF,MF,37,0.2,volante_defensivo
1639,Denis Thomalla,Heidenheim,GER,MF,MF,31,0.0,volante_defensivo
1640,Phillip Tietz,Augsburg,GER,FW,FW,27,18.7,centroavante_goleador
1641,Umut Tohumcu,Hoffenheim,GER,"MF,FW",MF,19,4.2,volante_defensivo
1642,John Tolkin,Holstein Kiel,USA,"DF,MF",DF,22,8.2,lateral_ofensivo
1643,Tiago Tomás,Wolfsburg,POR,"FW,MF",FW,22,20.9,ponta_dribllador
1644,Bazoumana Touré,Hoffenheim,CIV,"FW,MF",FW,18,6.8,segundo_atacante
1645,Lucas Tousart,Union Berlin,FRA,MF,MF,27,6.2,volante_defensivo
1646,Omar Traoré,Heidenheim,GER,DF,DF,26,29.1,zagueiro_construtor
1647,Kevin Trapp,Eint Frankfurt,GER,GK,GK,34,25.5,goleiro_titular
1648,Philipp Treu,St. Pauli,GER,"MF,DF",MF,23,32.0,volante_defensivo
1649,Christopher Trimmel,Union Berlin,AUT,"DF,MF",DF,37,19.3,lateral_ofensivo
1650,Tuta,Eint Frankfurt,BRA,"DF,MF",DF,25,25.3,zagueiro_construtor
1651,Lukas Ullrich,Gladbach,GER,DF,DF,20,21.1,lateral_ofensivo
1652,Sven Ulreich,Bayern Munich,GER,GK,GK,35,1.0,goleiro_reserva
1653,Deniz Undav,Stuttgart,GER,"FW,MF",FW,28,19.2,ponta_dribllador
1654,Dayot Upamecano,Bayern Munich,FRA,DF,DF,25,19.5,zagueiro_construtor
1655,Jonas Urbig,Bayern Munich,GER,GK,GK,20,8.0,goleiro_joia
1656,Can Uzun,Eint Frankfurt,TUR,"MF,FW",MF,18,7.5,meia_criativo
1657,Josha Vagnoman,Stuttgart,GER,"DF,MF",DF,23,20.4,lateral_ofensivo
1658,Siebe Van Der Heyden,St. Pauli,BEL,"DF,MF",DF,26,9.7,zagueiro_classico
1659,Maarten Vandevoordt,RB Leipzig,BEL,GK,GK,22,4.8,goleiro_joia
1660,Ruben Vargas,Augsburg,SUI,"MF,FW",MF,25,3.4,meia_criativo
1661,Nikola Vasilj,St. Pauli,BIH,GK,GK,28,33.0,goleiro_titular
1662,Denis Vavro,Wolfsburg,SVK,DF,DF,28,27.3,zagueiro_construtor
1663,Miloš Veljković,Werder Bremen,SRB,DF,DF,28,11.4,zagueiro_construtor
1664,Nikolas Veratschnig,Mainz 05,AUT,"DF,MF",DF,21,4.0,zagueiro_classico
1665,Arthur Vermeeren,RB Leipzig,BEL,MF,MF,19,17.5,volante_defensivo
1666,Yorbe Vertessen,Union Berlin,BEL,"MF,FW",MF,23,8.0,meia_criativo
1667,Gabriel Vidovic,Bayern Munich,CRO,MF,MF,20,0.3,meia_criativo
1668,Gabriel Vidovic,Mainz 05,CRO,MF,MF,20,0.0,meia_criativo
1669,Kevin Vogt,Union Berlin,GER,DF,DF,32,15.2,zagueiro_construtor
1670,Kevin Volland,Union Berlin,GER,"FW,MF",FW,32,0.7,segundo_atacante
1671,Aster Vranckx,Wolfsburg,BEL,MF,MF,21,6.2,volante_defensivo
1672,Robert Wagner,St. Pauli,GER,MF,MF,21,4.5,volante_defensivo
1673,Elye Wahi,Eint Frankfurt,FRA,"FW,MF",FW,21,2.2,centroavante_goleador
1674,Hauke Wahl,St. Pauli,GER,DF,DF,30,33.0,zagueiro_construtor
1675,Paul Wanner,Heidenheim,GER,"MF,FW",MF,18,19.7,box_to_box
1676,Kjell-Arik Wätjen,Dortmund,GER,MF,MF,18,0.2,volante_defensivo
1677,Julian Weigl,Gladbach,GER,MF,MF,28,32.0,volante_defensivo
1678,Timon Weiner,Holstein Kiel,GER,GK,GK,25,25.0,goleiro_joia
1679,Nelson Weiper,Mainz 05,GER,"FW,MF",FW,19,7.8,segundo_atacante
1680,Mitchell Weiser,Werder Bremen,GER,"DF,MF",DF,30,31.9,lateral_ofensivo
1681,Noah Weißhaupt,St. Pauli,GER,"FW,MF",FW,22,12.9,ponta_dribllador
1682,Noah Weißhaupt,Freiburg,GER,FW,FW,22,0.9,centroavante_goleador
1683,Silvan Widmer,Mainz 05,SUI,DF,DF,31,5.6,lateral_ofensivo
1684,Patrick Wimmer,Wolfsburg,AUT,"MF,FW",MF,23,19.7,box_to_box
1685,Jonas Wind,Wolfsburg,DEN,"FW,MF",FW,25,21.8,segundo_atacante
1686,Florian Wirtz,Leverkusen,GER,"MF,FW",MF,21,26.1,box_to_box
1687,Dani de Wit,Bochum,NED,"MF,FW",MF,26,12.8,meia_criativo
1688,Maximilian Wittek,Bochum,GER,DF,DF,28,30.1,zagueiro_construtor
1689,Marius Wolf,Augsburg,GER,DF,DF,29,23.8,lateral_ofensivo
1690,Nick Woltemade,Stuttgart,GER,"FW,MF",FW,22,18.0,centroavante_goleador
1691,Jeong Woo-yeong,Union Berlin,KOR,"MF,FW",MF,24,14.0,box_to_box
1692,Granit Xhaka,Leverkusen,SUI,MF,MF,31,32.1,box_to_box
1693,Erencan Yardimci,Hoffenheim,TUR,"FW,MF",FW,22,3.5,centroavante_goleador
1694,Dan-Axel Zagadou,Stuttgart,FRA,"DF,MF",DF,25,0.3,zagueiro_classico
1695,David Zec,Holstein Kiel,SVN,DF,DF,24,17.1,zagueiro_classico
1696,Robin Zentner,Mainz 05,GER,GK,GK,29,32.0,goleiro_titular
1697,Cedric Zesiger,Augsburg,SUI,DF,DF,26,13.6,lateral_ofensivo
1698,Cedric Zesiger,Wolfsburg,SUI,DF,DF,26,5.8,zagueiro_classico
1699,Michael Zetterer,Werder Bremen,GER,GK,GK,29,34.0,goleiro_titular
1700,Budu Zivzivadze,Heidenheim,GEO,FW,FW,30,10.6,segundo_atacante
1701,Max Aarons,Valencia,ENG,"DF,MF",DF,24,1.3,zagueiro_classico
1702,Rodrigo Abajas,Valencia,ESP,DF,DF,21,0.7,zagueiro_classico
1703,Abel,Osasuna,ESP,DF,DF,23,23.0,zagueiro_construtor
1704,Nabil Aberdin,Getafe,FRA,MF,MF,21,2.9,volante_defensivo
1705,Abdel Abqar,Alavés,MAR,DF,DF,25,27.4,zagueiro_construtor
1706,Akor Adams,Sevilla,NGA,FW,FW,24,1.5,centroavante_goleador
1707,Adrián,Betis,ESP,GK,GK,37,19.0,goleiro_titular
1708,Julen Agirrezabala,Athletic Club,ESP,GK,GK,23,13.4,goleiro_joia
1709,Lucien Agoume,Sevilla,FRA,MF,MF,22,23.5,volante_defensivo
1710,Álvaro Aguado,Espanyol,ESP,MF,MF,28,4.9,meia_criativo
1711,Lorenzo Aguado,Real Madrid,ESP,DF,DF,21,0.1,zagueiro_classico
1712,Nayef Aguerd,Real Sociedad,MAR,DF,DF,28,19.6,zagueiro_construtor
1713,Joseph Aidoo,Valladolid,GHA,DF,DF,28,6.5,zagueiro_classico
1714,Joseph Aidoo,Celta Vigo,GHA,DF,DF,28,0.0,zagueiro_classico
1715,Ilias Akhomach,Villarreal,MAR,"MF,FW",MF,20,6.5,box_to_box
1716,David Alaba,Real Madrid,AUT,DF,DF,32,3.5,zagueiro_classico
1717,Ibrahim Alani,Valladolid,NGA,MF,MF,18,1.8,volante_defensivo
1718,Raúl Albiol,Villarreal,ESP,DF,DF,38,13.2,zagueiro_classico
1719,Omar Alderete,Getafe,PAR,DF,DF,27,33.0,zagueiro_construtor
1720,Carles Aleñá,Getafe,ESP,"MF,FW",MF,26,5.0,volante_defensivo
1721,Carles Aleñá,Alavés,ESP,"MF,FW",MF,26,12.1,volante_defensivo
1722,Alfon,Celta Vigo,ESP,"FW,MF",FW,25,15.2,ponta_dribllador
1723,Tadeo Allende,Celta Vigo,ARG,FW,FW,25,0.0,centroavante_goleador
1724,Domingos André Ribeiro Almeida,Valencia,POR,"MF,FW",MF,24,22.0,box_to_box
1725,Iker Almena,Girona,ESP,"FW,DF",FW,20,0.5,segundo_atacante
1726,Marcos Alonso,Celta Vigo,ESP,DF,DF,33,29.4,zagueiro_construtor
1727,Adrià Altimira,Leganés,ESP,"DF,FW",DF,23,18.1,zagueiro_classico
1728,Sergi Altimira,Betis,ESP,MF,MF,22,21.9,volante_defensivo
1729,Hugo Álvarez,Celta Vigo,ESP,"MF,DF",MF,21,17.5,box_to_box
1730,Julián Álvarez,Atlético Madrid,ARG,FW,FW,24,27.9,ponta_dribllador
1731,Yeray Álvarez,Athletic Club,ESP,DF,DF,29,19.8,zagueiro_construtor
1732,Selim Amallah,Valladolid,MAR,MF,MF,27,15.3,box_to_box
1733,Amath,Valladolid,SEN,"FW,DF",FW,28,4.2,segundo_atacante
1734,Marcos André,Valladolid,BRA,FW,FW,27,13.2,segundo_atacante
1735,Leandro Antonetti,Sevilla,PUR,FW,FW,21,0.3,centroavante_goleador
1736,Antoniu,Espanyol,ESP,"FW,MF",FW,21,11.4,ponta_dribllador
1737,Antony,Betis,BRA,FW,FW,24,15.1,ponta_dribllador
1738,Anuar,Valladolid,MAR,"MF,FW",MF,29,19.1,volante_defensivo
1739,Aritz Arambarri,Leganés,ESP,DF,DF,26,2.0,zagueiro_classico
1740,Mauro Arambarri,Getafe,URU,MF,MF,28,29.6,volante_defensivo
1741,Jon Aramburu,Real Sociedad,VEN,DF,DF,22,27.3,zagueiro_construtor
1742,Ronald Araújo,Barcelona,URU,DF,DF,25,8.4,zagueiro_classico
1743,Adu Ares,Athletic Club,ESP,FW,FW,22,0.2,centroavante_goleador
1744,Jesús Areso,Osasuna,ESP,DF,DF,25,34.2,lateral_ofensivo
1745,David Argüelles,Getafe,ESP,MF,MF,22,0.1,volante_defensivo
1746,José Arnaiz,Osasuna,ESP,"FW,MF",FW,29,1.5,centroavante_goleador
1747,Sergio Arribas,Betis,ESP,DF,DF,21,1.0,zagueiro_classico
1748,Takuma Asano,Mallorca,JPN,"FW,MF",FW,29,11.7,ponta_dribllador
1749,Raúl Asencio,Real Madrid,ESP,DF,DF,21,18.6,zagueiro_classico
1750,Iago Aspas,Celta Vigo,ESP,"FW,MF",FW,36,19.4,ponta_dribllador
1751,Yaser Asprilla,Girona,COL,"FW,MF",FW,20,15.6,ponta_dribllador
1752,Ezequiel Ávila,Betis,ARG,FW,FW,30,7.5,centroavante_goleador
1753,Adam Aznou,Valladolid,MAR,DF,DF,18,9.7,zagueiro_classico
1754,César Azpilicueta,Atlético Madrid,ESP,DF,DF,34,9.7,zagueiro_construtor
1755,Papa Ba,Girona,ESP,MF,MF,19,0.5,volante_defensivo
1756,Loïc Bade,Sevilla,FRA,DF,DF,24,29.8,zagueiro_classico
1757,Alex Baena,Villarreal,ESP,"MF,FW",MF,23,28.8,box_to_box
1758,Juma Bah,Valladolid,SLE,DF,DF,18,9.6,zagueiro_classico
1759,Eric Bailly,Villarreal,CIV,DF,DF,30,6.9,zagueiro_classico
1760,Stefan Bajcetic,Las Palmas,ESP,"MF,DF",MF,19,10.8,volante_defensivo
1761,Cédric Bakambu,Betis,COD,FW,FW,33,7.9,segundo_atacante
1762,Alejandro Balde,Barcelona,ESP,DF,DF,20,25.4,lateral_ofensivo
1763,Iván Balliu,Rayo Vallecano,ALB,DF,DF,32,13.3,zagueiro_classico
1764,Jonathan Bamba,Celta Vigo,CIV,"FW,MF",FW,28,9.0,ponta_dribllador
1765,Adrian Baquerin,Valladolid,ESP,FW,FW,17,0.5,centroavante_goleador
1766,Valentín Barco,Sevilla,ARG,"DF,FW",DF,20,3.2,zagueiro_classico
1767,Borna Barišić,Leganés,CRO,DF,DF,31,0.1,zagueiro_classico
1768,Kike Barja,Osasuna,ESP,"FW,MF",FW,27,3.5,segundo_atacante
1769,Enzo Barrenechea,Valencia,ARG,MF,MF,23,24.3,volante_defensivo
1770,Ander Barrenetxea,Real Sociedad,ESP,"MF,FW",MF,22,14.0,box_to_box
1771,Pablo Barrios,Atlético Madrid,ESP,MF,MF,21,25.9,volante_defensivo
1772,Thierno Barry,Villarreal,FRA,FW,FW,21,25.8,ponta_dribllador
1773,Marc Bartra,Betis,ESP,DF,DF,33,23.3,zagueiro_classico
1774,Aboubacar Bassinga,Las Palmas,CIV,MF,MF,19,0.0,volante_defensivo
1775,Augusto Batalla,Rayo Vallecano,ARG,GK,GK,28,32.0,goleiro_titular
1776,Rafael Bauza,Espanyol,ESP,MF,MF,19,2.0,volante_defensivo
1777,Sheraldo Becker,Real Sociedad,SUR,"FW,MF",FW,29,11.1,ponta_dribllador
1778,Donny van de Beek,Girona,NED,MF,MF,27,15.8,volante_defensivo
1779,Luken Beitia,Real Sociedad,ESP,DF,DF,20,0.1,zagueiro_classico
1780,Ismael Bekhoucha,Getafe,MAR,"MF,DF",MF,19,0.8,volante_defensivo
1781,Héctor Bellerín,Betis,ESP,DF,DF,29,6.4,lateral_ofensivo
1782,Jude Bellingham,Real Madrid,ENG,MF,MF,21,27.6,box_to_box
1783,Fran Beltrán,Celta Vigo,ESP,MF,MF,25,26.9,volante_defensivo
1784,Carlos Benavídez,Alavés,URU,MF,MF,26,5.4,meia_criativo
1785,Iker Benito,Osasuna,ESP,"FW,MF",FW,21,0.4,segundo_atacante
1786,Yuri Berchiche,Athletic Club,ESP,DF,DF,34,22.7,zagueiro_construtor
1787,Álex Berenguer,Athletic Club,ESP,"FW,MF",FW,29,26.0,ponta_dribllador
1788,Marc Bernal,Barcelona,ESP,MF,MF,17,2.7,volante_defensivo
1789,Juan Bernat,Villarreal,ESP,"DF,MF",DF,31,2.4,lateral_ofensivo
1790,Juan Bernat,Getafe,ESP,"MF,DF",MF,31,7.8,volante_defensivo
1791,Juan Berrocal,Getafe,ESP,DF,DF,25,11.8,zagueiro_classico
1792,Antonio Blanco,Alavés,ESP,MF,MF,24,30.3,volante_defensivo
1793,Daley Blind,Girona,NED,DF,DF,34,30.9,zagueiro_construtor
1794,Adama Boiro,Athletic Club,ESP,"DF,FW",DF,22,12.2,zagueiro_construtor
1795,Enzo Boyomo,Osasuna,CMR,DF,DF,22,33.2,zagueiro_construtor
1796,Enzo Boyomo,Valladolid,CMR,DF,DF,22,3.0,zagueiro_classico
1797,Darko Brašanac,Leganés,SRB,MF,MF,32,18.0,volante_defensivo
1798,Tajon Buchanan,Villarreal,CAN,MF,MF,25,4.6,meia_criativo
1799,Ante Budimir,Osasuna,CRO,FW,FW,33,32.8,centroavante_goleador
1800,Manu Bueno,Sevilla,ESP,"MF,FW",MF,20,1.6,meia_criativo
1801,Endika Buján,Athletic Club,ESP,FW,FW,21,0.1,centroavante_goleador
1802,Pau Cabanes,Villarreal,ESP,"MF,FW",MF,19,1.8,meia_criativo
1803,Pau Cabanes,Alavés,ESP,"MF,FW",MF,19,2.1,volante_defensivo
1804,Leandro Cabrera,Espanyol,URU,DF,DF,33,31.9,zagueiro_classico
1805,Fernando Calero,Espanyol,ESP,"DF,MF",DF,28,7.9,zagueiro_classico
1806,Eduardo Camavinga,Real Madrid,FRA,"MF,DF",MF,21,12.2,box_to_box
1807,Sergio Camello,Rayo Vallecano,ESP,FW,FW,23,12.6,segundo_atacante
1808,José Campaña,Las Palmas,ESP,MF,MF,31,13.2,volante_defensivo
1809,Peio Canales,Athletic Club,ESP,"MF,FW",MF,19,2.9,volante_defensivo
1810,Antonio Candela,Valladolid,ITA,DF,DF,24,10.1,zagueiro_classico
1811,Sergi Canós,Valencia,ESP,"MF,FW",MF,27,4.1,meia_criativo
1812,Dani Cárdenas,Rayo Vallecano,ESP,GK,GK,27,6.0,goleiro_reserva
1813,Irvin Cardona,Espanyol,FRA,"FW,MF",FW,26,6.7,segundo_atacante
1814,Marc Cardona,Las Palmas,ESP,"FW,DF",FW,29,1.5,centroavante_goleador
1815,Sergi Cardona,Villarreal,ESP,DF,DF,25,32.7,lateral_ofensivo
1816,Johnny Cardoso,Betis,USA,MF,MF,22,23.8,volante_defensivo
1817,José Carlos González,Las Palmas,ESP,DF,DF,18,0.1,zagueiro_classico
1818,Carmona,Sevilla,ESP,DF,DF,22,32.7,zagueiro_construtor
1819,Sergio Carreira,Celta Vigo,ESP,"MF,DF",MF,23,18.4,volante_defensivo
1820,Dani Carvajal,Real Madrid,ESP,DF,DF,32,6.8,zagueiro_classico
1821,William Carvalho,Betis,POR,MF,MF,32,5.4,volante_defensivo
1822,Marc Casado,Barcelona,ESP,MF,MF,20,17.9,volante_defensivo
1823,Catena,Osasuna,ESP,DF,DF,29,34.2,lateral_ofensivo
1824,Maximiliano Caufriez,Valencia,BEL,DF,DF,27,1.0,zagueiro_classico
1825,Dani Ceballos,Real Madrid,ESP,MF,MF,27,13.5,box_to_box
1826,Franco Cervi,Celta Vigo,ARG,"FW,MF",FW,30,3.0,segundo_atacante
1827,Raúl Chasco,Valladolid,ESP,DF,DF,20,1.4,zagueiro_classico
1828,Pep Chavarría,Rayo Vallecano,ESP,"DF,FW",DF,26,28.7,zagueiro_construtor
1829,Walid Cheddira,Espanyol,MAR,FW,FW,26,7.1,segundo_atacante
1830,Chema,Real Madrid,ESP,MF,MF,19,0.1,volante_defensivo
1831,Julián Chicco,Leganés,ARG,"MF,DF",MF,26,3.4,meia_criativo
1832,Chiquinho,Mallorca,POR,"MF,FW",MF,24,1.6,volante_defensivo
1833,Andreas Christensen,Barcelona,DEN,DF,DF,28,2.8,zagueiro_classico
1834,Jasper Cillessen,Las Palmas,NED,GK,GK,35,25.9,goleiro_titular
1835,Pathé Ciss,Rayo Vallecano,SEN,"MF,DF",MF,30,23.8,volante_defensivo
1836,Seydouba Cissé,Leganés,GUI,MF,MF,23,27.1,volante_defensivo
1837,Silvi Clúa,Girona,ESP,MF,MF,19,1.8,volante_defensivo
1838,Eray Cömert,Valladolid,SUI,"DF,MF",DF,26,19.8,zagueiro_classico
1839,Santi Comesaña,Villarreal,ESP,MF,MF,27,28.4,box_to_box
1840,Diego Conde,Villarreal,ESP,GK,GK,25,21.8,goleiro_joia
1841,Tomás Conechny,Alavés,ARG,"FW,MF",FW,26,9.4,centroavante_goleador
1842,Copete,Mallorca,ESP,DF,DF,24,17.0,zagueiro_classico
1843,Iker Córdoba,Valencia,ESP,DF,DF,18,0.2,zagueiro_classico
1844,Ángel Correa,Atlético Madrid,ARG,"FW,MF",FW,29,8.9,centroavante_goleador
1845,Thierry Correia,Valencia,POR,DF,DF,25,8.5,zagueiro_construtor
1846,Coba da Costa,Getafe,ESP,"MF,FW",MF,22,11.2,box_to_box
1847,Logan Costa,Villarreal,CPV,DF,DF,23,28.7,zagueiro_construtor
1848,Samu Costa,Mallorca,POR,MF,MF,23,29.4,volante_defensivo
1849,Thibaut Courtois,Real Madrid,BEL,GK,GK,32,30.0,goleiro_titular
1850,Juan Cruz Armada,Osasuna,ESP,DF,DF,32,16.6,zagueiro_classico
1851,Juan Cruz,Leganés,ESP,"FW,MF",FW,24,25.1,ponta_dribllador
1852,Pau Cubarsí,Barcelona,ESP,DF,DF,17,29.1,zagueiro_construtor
1853,Cucho,Betis,COL,FW,FW,25,12.7,centroavante_goleador
1854,Arnaut Danjuma,Villarreal,NED,FW,FW,27,2.2,centroavante_goleador
1855,Arnaut Danjuma,Girona,NED,"FW,MF",FW,27,14.8,ponta_dribllador
1856,Sergi Darder,Mallorca,ESP,"MF,FW",MF,30,30.5,box_to_box
1857,Rodrigo De Paul,Atlético Madrid,ARG,MF,MF,30,23.4,box_to_box
1858,Mouctar Diakhaby,Valencia,GUI,DF,DF,27,7.3,zagueiro_classico
1859,Assane Diao,Betis,SEN,FW,FW,18,3.1,segundo_atacante
1860,Moussa Diarra,Alavés,MLI,DF,DF,23,20.7,zagueiro_classico
1861,Brahim Díaz,Real Madrid,MAR,"FW,MF",FW,24,15.4,ponta_dribllador
1862,Daniel Díaz,Real Sociedad,ESP,MF,MF,18,0.1,volante_defensivo
1863,Pedro Díaz,Rayo Vallecano,ESP,MF,MF,26,13.5,box_to_box
1864,Diego,Leganés,ESP,FW,FW,24,13.3,centroavante_goleador
1865,Stole Dimitrievski,Valencia,MKD,GK,GK,30,4.0,goleiro_reserva
1866,Yan Diomandé,Leganés,CIV,"MF,FW",MF,17,6.1,box_to_box
1867,Álvaro djaló,Athletic Club,ESP,FW,FW,24,7.3,ponta_dribllador
1868,Djené,Getafe,TOG,"DF,MF",DF,32,28.3,zagueiro_classico
1869,Marko Dmitrović,Leganés,SRB,GK,GK,32,32.0,goleiro_titular
1870,Marc Domenech,Mallorca,ESP,"FW,MF",FW,18,3.4,centroavante_goleador
1871,Carlos Dominguez,Celta Vigo,ESP,DF,DF,23,13.1,zagueiro_construtor
1872,Israel Domínguez,Sevilla,ESP,FW,FW,21,0.2,centroavante_goleador
1873,Sergi Dominguez,Barcelona,ESP,DF,DF,19,1.9,zagueiro_classico
1874,Anastasios Douvikas,Celta Vigo,GRE,FW,FW,24,7.8,centroavante_goleador
1875,Domingos Duarte,Getafe,POR,DF,DF,29,20.7,zagueiro_classico
1876,Duk,Leganés,CPV,"MF,FW",MF,24,2.0,meia_criativo
1877,Pablo Durán,Celta Vigo,ESP,"FW,MF",FW,23,15.5,ponta_dribllador
1878,Hugo Duro,Valencia,ESP,FW,FW,24,24.1,centroavante_goleador
1879,Chidera Ejuke,Sevilla,NGA,FW,FW,26,10.7,ponta_dribllador
1880,Aritz Elustondo,Real Sociedad,ESP,DF,DF,30,16.2,zagueiro_classico
1881,Adri Embarba,Rayo Vallecano,ESP,"FW,MF",FW,32,17.9,ponta_dribllador
1882,Endrick,Real Madrid,BRA,FW,FW,18,4.0,centroavante_goleador
1883,Alfonso Espino,Rayo Vallecano,URU,DF,DF,32,9.3,lateral_ofensivo
1884,Dario Essugo,Las Palmas,POR,MF,MF,19,21.5,volante_defensivo
1885,Etienne Eto'o,Rayo Vallecano,CMR,FW,FW,21,0.4,centroavante_goleador
1886,Karl Etta,Villarreal,CMR,"MF,FW",MF,20,0.4,box_to_box
1887,Edu Expósito,Espanyol,ESP,MF,MF,27,11.6,meia_criativo
1888,Abde Ezzalzouli,Betis,MAR,"FW,MF",FW,22,22.0,ponta_dribllador
1889,Ansu Fati,Barcelona,ESP,FW,FW,21,2.6,centroavante_goleador
1890,Nabil Fekir,Betis,FRA,MF,MF,31,2.0,meia_criativo
1891,Kiko Femenía,Villarreal,ESP,DF,DF,33,24.7,zagueiro_construtor
1892,Aitor Fernández,Osasuna,ESP,GK,GK,33,1.0,goleiro_reserva
1893,Álvaro Fernández,Sevilla,ESP,GK,GK,26,8.3,goleiro_joia
1894,Pelayo Fernandez,Rayo Vallecano,ESP,DF,DF,21,1.1,zagueiro_classico
1895,Roberto Férnandez,Espanyol,ESP,FW,FW,22,16.6,centroavante_goleador
1896,Valery Fernández,Mallorca,ESP,"MF,FW",MF,24,3.4,meia_criativo
1897,André Ferreira,Valladolid,POR,GK,GK,28,6.0,goleiro_reserva
1898,Mateo Flores,Betis,ESP,MF,MF,20,1.7,volante_defensivo
1899,Pablo Fornals,Betis,ESP,"MF,FW",MF,28,20.3,box_to_box
1900,Héctor Fort,Barcelona,ESP,DF,DF,17,6.5,zagueiro_classico
1901,Dimitri Foulquier,Valencia,FRA,DF,DF,31,25.5,zagueiro_construtor
1902,Juan Foyth,Villarreal,ARG,DF,DF,26,16.9,zagueiro_construtor
1903,Fran,Real Madrid,ESP,GK,GK,19,1.0,goleiro_joia
1904,Alejandro Francés,Girona,ESP,DF,DF,21,13.0,zagueiro_construtor
1905,Enric Franquesa,Leganés,ESP,"DF,FW",DF,27,6.8,zagueiro_classico
1906,Jorge de Frutos,Rayo Vallecano,ESP,"FW,MF",FW,27,27.7,ponta_dribllador
1907,Darío Fuentes,Sevilla,ESP,DF,DF,21,0.1,zagueiro_classico
1908,Manuel Fuster,Las Palmas,ESP,"FW,MF",FW,26,11.1,ponta_dribllador
1909,Javi Galán,Atlético Madrid,ESP,DF,DF,29,19.8,lateral_ofensivo
1910,Iñigo Ruiz de Galarreta,Athletic Club,ESP,MF,MF,30,16.4,box_to_box
1911,Conor Gallagher,Atlético Madrid,ENG,MF,MF,24,18.1,box_to_box
1912,Facundo Garcés,Alavés,MAS,DF,DF,24,7.5,zagueiro_classico
1913,Álvaro García,Rayo Vallecano,ESP,"FW,MF",FW,31,28.4,ponta_dribllador
1914,Eric García,Barcelona,ESP,"DF,MF",DF,23,17.4,zagueiro_construtor
1915,Fran Garcia,Real Madrid,ESP,DF,DF,24,24.1,zagueiro_construtor
1916,Gonzalo García,Real Madrid,ESP,"FW,DF",FW,20,0.6,segundo_atacante
1917,Joan García,Espanyol,ESP,GK,GK,23,38.0,goleiro_joia
1918,Pablo Garcia,Betis,ESP,FW,FW,17,0.4,centroavante_goleador
1919,Rubén García,Osasuna,ESP,"FW,MF",FW,31,26.8,ponta_dribllador
1920,Unai García,Osasuna,ESP,DF,DF,32,0.7,zagueiro_classico
1921,Yarek Gasiorowski,Valencia,ESP,DF,DF,19,10.5,zagueiro_classico
1922,Gavi,Barcelona,ESP,"MF,FW",MF,19,12.1,volante_defensivo
1923,Paulo Gazzaniga,Girona,ARG,GK,GK,32,35.5,goleiro_titular
1924,Bryan Gil,Girona,ESP,"FW,MF",FW,23,19.1,ponta_dribllador
1925,Dani Gómez,Valencia,ESP,FW,FW,26,5.9,centroavante_goleador
1926,Moi Gómez,Osasuna,ESP,"MF,FW",MF,30,8.8,volante_defensivo
1927,Sergi Gómez,Espanyol,ESP,DF,DF,32,7.4,zagueiro_classico
1928,Sergio Gómez,Real Sociedad,ESP,"MF,DF",MF,23,30.4,volante_defensivo
1929,Unai Gómez,Athletic Club,ESP,"MF,FW",MF,21,14.3,volante_defensivo
1930,Fabio González,Las Palmas,ESP,MF,MF,27,0.6,volante_defensivo
1931,Peter González,Getafe,DOM,"MF,FW",MF,22,5.3,volante_defensivo
1932,Urko González,Espanyol,ESP,MF,MF,23,15.3,volante_defensivo
1933,Urko González,Real Sociedad,ESP,MF,MF,23,0.5,volante_defensivo
1934,Andoni Gorosabel,Athletic Club,ESP,DF,DF,27,16.5,lateral_ofensivo
1935,José Gragera,Espanyol,ESP,MF,MF,23,6.3,volante_defensivo
1936,Dominik Greif,Mallorca,SVK,GK,GK,27,31.0,goleiro_titular
1937,Antoine Griezmann,Atlético Madrid,FRA,"FW,MF",FW,33,27.4,ponta_dribllador
1938,Florian Grillitsch,Valladolid,AUT,MF,MF,28,6.9,volante_defensivo
1939,Vicente Guaita,Celta Vigo,ESP,GK,GK,37,34.0,goleiro_titular
1940,Sergi Guardiola,Rayo Vallecano,ESP,FW,FW,33,4.0,centroavante_goleador
1941,Nemanja Gudelj,Sevilla,SRB,"MF,DF",MF,32,27.7,volante_defensivo
1942,Javier Guerra,Valencia,ESP,MF,MF,21,28.7,box_to_box
1943,Ander Guevara,Alavés,ESP,MF,MF,27,21.6,volante_defensivo
1944,Pape Gueye,Villarreal,SEN,MF,MF,25,24.7,box_to_box
1945,Hugo Guillamón,Valencia,ESP,MF,MF,24,4.0,volante_defensivo
1946,Carlos Guirao,Betis,ESP,MF,MF,21,1.2,volante_defensivo
1947,Arda Güler,Real Madrid,TUR,"MF,FW",MF,19,13.9,box_to_box
1948,Gerard Gumbau,Rayo Vallecano,ESP,MF,MF,29,9.4,volante_defensivo
1949,Jon Guridi,Alavés,ESP,"MF,FW",MF,29,23.1,volante_defensivo
1950,Gorka Guruzeta,Athletic Club,ESP,FW,FW,27,20.4,centroavante_goleador
1951,Miguel Gutiérrez,Girona,ESP,"DF,MF",DF,23,27.3,lateral_ofensivo
1952,Munir El Haddadi,Leganés,MAR,"FW,MF",FW,28,9.6,centroavante_goleador
1953,Sébastien Haller,Leganés,CIV,FW,FW,30,4.5,centroavante_goleador
1954,Henrique,Valladolid,BRA,DF,DF,30,3.9,zagueiro_classico
1955,Javi Hernández,Leganés,ESP,DF,DF,26,26.5,zagueiro_construtor
1956,Aridane Hernández,Rayo Vallecano,ESP,DF,DF,35,11.4,zagueiro_classico
1957,Jorge Herrando,Osasuna,ESP,DF,DF,23,15.2,zagueiro_classico
1958,Ander Herrera,Athletic Club,ESP,MF,MF,34,3.0,meia_criativo
1959,Sergio Herrera,Osasuna,ESP,GK,GK,31,37.0,goleiro_titular
1960,Yangel Herrera,Girona,VEN,MF,MF,26,25.1,volante_defensivo
1961,Juan Herzog,Las Palmas,ESP,DF,DF,21,14.6,zagueiro_classico
1962,Omar El Hilali,Espanyol,MAR,DF,DF,20,35.0,zagueiro_construtor
1963,Roger Hinojo,Espanyol,ESP,DF,DF,19,0.1,zagueiro_classico
1964,Dinko Horkaš,Las Palmas,CRO,GK,GK,25,12.1,goleiro_joia
1965,Pablo Ibáñez,Osasuna,ESP,MF,MF,25,14.4,volante_defensivo
1966,Stanis Idumbo,Sevilla,BEL,"FW,MF",FW,19,3.2,segundo_atacante
1967,Iglesias,Getafe,ESP,DF,DF,26,32.1,lateral_ofensivo
1968,Borja Iglesias,Celta Vigo,ESP,FW,FW,31,21.7,centroavante_goleador
1969,Kelechi Iheanacho,Sevilla,NGA,FW,FW,27,4.4,centroavante_goleador
1970,Isco,Betis,ESP,MF,MF,32,17.2,box_to_box
1971,Diego Iturralde,Sevilla,ESP,FW,FW,21,0.4,centroavante_goleador
1972,Ivan Jaime Pajuelo,Valencia,ESP,MF,MF,23,3.3,meia_criativo
1973,Karl Jakob Hein,Valladolid,EST,GK,GK,22,31.0,goleiro_joia
1974,Adnan Januzaj,Las Palmas,BEL,"MF,FW",MF,29,6.6,box_to_box
1975,Mikel Jauregizar,Athletic Club,ESP,MF,MF,20,24.9,volante_defensivo
1976,John Joe,Getafe,IRL,"MF,FW",MF,20,0.5,meia_criativo
1977,Jofre,Espanyol,ESP,"MF,FW",MF,23,24.1,box_to_box
1978,Frenkie de Jong,Barcelona,NED,MF,MF,27,12.7,box_to_box
1979,Joan Jordán,Alavés,ESP,MF,MF,30,15.7,box_to_box
1980,Juanmi,Getafe,ESP,"FW,MF",FW,31,7.7,centroavante_goleador
1981,Juanmi,Betis,ESP,"FW,MF",FW,31,2.7,segundo_atacante
1982,Juanpe,Girona,ESP,DF,DF,33,8.1,zagueiro_classico
1983,Luiz Lúcio Reis Júnior,Villarreal,BRA,GK,GK,23,16.2,goleiro_joia
1984,Vinicius Júnior,Real Madrid,BRA,FW,FW,24,25.0,ponta_dribllador
1985,Stanko Jurić,Valladolid,CRO,MF,MF,27,19.2,volante_defensivo
1986,Willy Kambwala,Villarreal,FRA,DF,DF,19,12.4,zagueiro_classico
1987,Abdoulaye Keita,Getafe,ESP,"FW,MF",FW,21,1.1,centroavante_goleador
1988,Kenedy,Valladolid,BRA,"MF,FW",MF,28,0.1,meia_criativo
1989,Kiké,Alavés,ESP,FW,FW,34,28.2,ponta_dribllador
1990,Koke,Atlético Madrid,ESP,MF,MF,32,21.4,volante_defensivo
1991,Jules Koundé,Barcelona,FRA,DF,DF,25,28.9,lateral_ofensivo
1992,Alex Král,Espanyol,CZE,MF,MF,26,30.2,volante_defensivo
1993,Ladislav Krejčí,Girona,CZE,DF,DF,25,27.1,zagueiro_construtor
1994,Takefusa Kubo,Real Sociedad,JPN,"MF,FW",MF,23,26.4,box_to_box
1995,Marash Kumbulla,Espanyol,ALB,DF,DF,24,33.0,zagueiro_classico
1996,Luca de la Torre,Celta Vigo,USA,MF,MF,26,0.0,volante_defensivo
1997,Yoel Lago,Celta Vigo,ESP,DF,DF,20,6.5,zagueiro_classico
1998,Cyle Larin,Mallorca,CAN,FW,FW,29,19.6,centroavante_goleador
1999,Juanmi Latasa,Valladolid,ESP,FW,FW,23,15.5,centroavante_goleador
2000,Toni Lato,Mallorca,ESP,DF,DF,26,6.9,zagueiro_classico
2001,Robin Le Normand,Atlético Madrid,ESP,DF,DF,27,23.9,zagueiro_classico
2002,Florian Lejeune,Rayo Vallecano,FRA,DF,DF,33,36.9,zagueiro_construtor
2003,Iñigo Lekue,Athletic Club,ESP,DF,DF,31,8.6,zagueiro_classico
2004,Thomas Lemar,Atlético Madrid,FRA,MF,MF,28,0.9,meia_criativo
2005,Clément Lenglet,Atlético Madrid,FRA,DF,DF,29,21.9,zagueiro_construtor
2006,Robert Lewandowski,Barcelona,POL,FW,FW,35,29.6,centroavante_goleador
2007,Samuel Lino,Atlético Madrid,BRA,"MF,DF",MF,24,17.2,box_to_box
2008,Javier Llabrés,Mallorca,ESP,FW,FW,21,0.6,segundo_atacante
2009,Diego Llorente,Betis,ESP,DF,DF,30,28.0,zagueiro_classico
2010,Marcos Llorente,Atlético Madrid,ESP,"DF,MF",DF,29,27.9,lateral_ofensivo
2011,Giovani Lo Celso,Betis,ARG,"MF,FW",MF,28,16.2,box_to_box
2012,Enzo Loiodice,Las Palmas,FRA,MF,MF,23,7.6,volante_defensivo
2013,David López,Mallorca,ESP,DF,DF,21,1.9,zagueiro_classico
2014,David López,Girona,ESP,DF,DF,34,27.0,zagueiro_construtor
2015,Diego López,Valencia,ESP,"MF,FW",MF,22,30.4,box_to_box
2016,Fer López,Celta Vigo,ESP,"FW,MF",FW,21,7.5,centroavante_goleador
2017,Fermin López,Barcelona,ESP,"MF,FW",MF,21,13.9,box_to_box
2018,Javi López,Real Sociedad,ESP,DF,DF,22,21.5,zagueiro_construtor
2019,Pau López,Girona,ESP,GK,GK,29,0.5,goleiro_reserva
2020,Roberto López,Leganés,ESP,MF,MF,24,4.4,meia_criativo
2021,Unai López,Rayo Vallecano,ESP,MF,MF,28,19.0,volante_defensivo
2022,Iker Losada,Celta Vigo,ESP,"FW,MF",FW,22,4.0,centroavante_goleador
2023,Iker Losada,Betis,ESP,"MF,FW",MF,22,3.7,volante_defensivo
2024,Pol Lozano,Espanyol,ESP,MF,MF,24,21.6,volante_defensivo
2025,José Luis Gayà,Valencia,ESP,DF,DF,29,20.0,lateral_ofensivo
2026,Dodi Lukebakio,Sevilla,BEL,FW,FW,26,34.4,ponta_dribllador
2027,Daniel Luna,Mallorca,COL,MF,MF,21,0.2,volante_defensivo
2028,Andriy Lunin,Real Madrid,UKR,GK,GK,25,7.0,goleiro_joia
2029,Darwin Machís,Valladolid,VEN,"MF,FW",MF,31,7.1,meia_criativo
2030,Pablo Maffeo,Mallorca,ESP,DF,DF,27,26.3,lateral_ofensivo
2031,Jon Magunazelaia,Real Sociedad,ESP,MF,MF,23,0.1,volante_defensivo
2032,Giorgi Mamardashvili,Valencia,GEO,GK,GK,23,34.0,goleiro_joia
2033,Reinildo Mandava,Atlético Madrid,MOZ,DF,DF,30,10.5,zagueiro_classico
2034,Javier Manquillo,Celta Vigo,ESP,DF,DF,30,5.7,zagueiro_classico
2035,Marcão,Sevilla,BRA,DF,DF,28,6.1,zagueiro_classico
2036,Óscar de Marcos,Athletic Club,ESP,DF,DF,35,17.4,lateral_ofensivo
2037,Alberto Marí,Valencia,ESP,FW,FW,23,0.1,centroavante_goleador
2038,José María Giménez,Atlético Madrid,URU,DF,DF,29,22.2,zagueiro_classico
2039,Arkaitz Mariezkurrena,Real Sociedad,ESP,"FW,MF",FW,19,2.7,centroavante_goleador
2040,Pablo Marín,Real Sociedad,ESP,MF,MF,21,13.8,volante_defensivo
2041,Mika Mármol,Las Palmas,ESP,DF,DF,23,26.7,zagueiro_construtor
2042,Mario Maroto,Valladolid,ESP,MF,MF,20,0.7,meia_criativo
2043,Unai Marrero,Real Sociedad,ESP,GK,GK,22,2.0,goleiro_joia
2044,Carlos Martín,Alavés,ESP,"FW,MF",FW,22,14.8,segundo_atacante
2045,Diego Martín,Las Palmas,ESP,FW,FW,20,0.4,centroavante_goleador
2046,Gerard Martín,Barcelona,ESP,DF,DF,22,11.5,lateral_ofensivo
2047,Iván Martín,Girona,ESP,MF,MF,25,22.7,box_to_box
2048,Jon Martin,Real Sociedad,ESP,DF,DF,18,10.0,zagueiro_classico
2049,Mario Martín,Valladolid,ESP,MF,MF,20,19.4,volante_defensivo
2050,Arnau Martinez,Girona,ESP,"DF,MF",DF,21,29.2,zagueiro_construtor
2051,Iñigo Martínez,Barcelona,ESP,DF,DF,33,27.7,zagueiro_construtor
2052,Javi Martínez,Osasuna,ESP,MF,MF,24,0.1,volante_defensivo
2053,Ramón Martínez,Sevilla,ESP,DF,DF,21,2.9,zagueiro_classico
2054,Toni Martínez,Alavés,ESP,FW,FW,27,11.2,centroavante_goleador
2055,Javi Martón,Athletic Club,ESP,"FW,MF",FW,25,0.6,centroavante_goleador
2056,Marvin,Las Palmas,ESP,"DF,FW",DF,24,11.5,lateral_ofensivo
2057,Omar Mascarell,Mallorca,EQG,MF,MF,31,22.1,volante_defensivo
2058,Jaime Mata,Las Palmas,ESP,"FW,MF",FW,35,7.3,centroavante_goleador
2059,Borja Mayoral,Getafe,ESP,FW,FW,27,12.4,centroavante_goleador
2060,Kylian Mbappé,Real Madrid,FRA,FW,FW,25,32.3,ponta_dribllador
2061,Oliver McBurnie,Las Palmas,SCO,FW,FW,28,20.4,segundo_atacante
2062,Scott McKenna,Las Palmas,SCO,DF,DF,27,27.4,zagueiro_classico
2063,Mateo Mejía,Sevilla,ESP,FW,FW,21,0.1,centroavante_goleador
2064,Arthur Melo,Girona,BRA,MF,MF,27,10.5,volante_defensivo
2065,Brais Méndez,Real Sociedad,ESP,MF,MF,27,17.0,box_to_box
2066,Ferland Mendy,Real Madrid,FRA,DF,DF,29,11.2,lateral_ofensivo
2067,Nobel Mendy,Betis,FRA,DF,DF,19,1.2,zagueiro_classico
2068,Víctor Meseguer,Valladolid,ESP,MF,MF,25,4.6,volante_defensivo
2069,Miguel,Leganés,ESP,FW,FW,24,19.2,ponta_dribllador
2070,Éder Militão,Real Madrid,BRA,DF,DF,26,10.4,zagueiro_classico
2071,Luis Milla,Getafe,ESP,MF,MF,29,31.9,volante_defensivo
2072,Pere Milla,Espanyol,ESP,"MF,FW",MF,31,5.1,box_to_box
2073,Óscar Mingueza,Celta Vigo,ESP,"MF,DF",MF,25,30.3,box_to_box
2074,Kim Minsu,Girona,KOR,"MF,FW",MF,18,0.2,volante_defensivo
2075,Bojan Miovski,Girona,MKD,FW,FW,25,9.7,centroavante_goleador
2076,Rafa Mir,Valencia,ESP,"FW,MF",FW,27,8.4,segundo_atacante
2077,Luka Modrić,Real Madrid,CRO,MF,MF,38,20.3,box_to_box
2078,Johan Mojica,Mallorca,COL,DF,DF,31,30.6,lateral_ofensivo
2079,Alberto Moleiro,Las Palmas,ESP,"FW,MF",FW,20,30.2,ponta_dribllador
2080,Nahuel Molina,Atlético Madrid,ARG,DF,DF,26,17.7,lateral_ofensivo
2081,Jon Moncayola,Osasuna,ESP,MF,MF,26,23.3,volante_defensivo
2082,Gonzalo Montiel,Sevilla,ARG,"DF,MF",DF,27,1.3,zagueiro_classico
2083,Gerard Moreno,Villarreal,ESP,FW,FW,32,8.0,segundo_atacante
2084,Xavier Moreno,Valladolid,ESP,FW,FW,19,0.5,centroavante_goleador
2085,Mateu Morey,Mallorca,ESP,DF,DF,24,8.2,zagueiro_classico
2086,Ilaix Moriba,Celta Vigo,GUI,MF,MF,21,23.7,volante_defensivo
2087,Manu Morlanes,Mallorca,ESP,MF,MF,25,14.9,volante_defensivo
2088,Raúl Moro,Valladolid,ESP,"MF,FW",MF,21,26.0,box_to_box
2089,Cristhian Mosquera,Valencia,ESP,DF,DF,20,36.9,zagueiro_construtor
2090,Santiago Mouriño,Alavés,URU,DF,DF,22,20.5,zagueiro_classico
2091,Abdul Mumin,Rayo Vallecano,GHA,DF,DF,26,22.4,zagueiro_classico
2092,Aihen Muñoz,Real Sociedad,ESP,DF,DF,26,12.2,zagueiro_construtor
2093,Álex Muñoz,Las Palmas,ESP,DF,DF,30,15.7,zagueiro_classico
2094,Iker Muñoz,Osasuna,ESP,MF,MF,21,6.8,volante_defensivo
2095,Javier Muñoz,Las Palmas,ESP,"MF,DF",MF,29,28.8,volante_defensivo
2096,Víctor Muñoz,Real Madrid,ESP,"FW,DF",FW,21,0.4,centroavante_goleador
2097,Vedat Muriqi,Mallorca,KVX,FW,FW,30,22.9,ponta_dribllador
2098,Juan Musso,Atlético Madrid,ARG,GK,GK,30,2.0,goleiro_reserva
2099,Matija Nastasić,Leganés,SRB,DF,DF,31,23.4,zagueiro_classico
2100,Natan,Betis,BRA,DF,DF,23,24.2,zagueiro_classico
2101,Pau Navarro,Villarreal,ESP,DF,DF,19,10.2,zagueiro_classico
2102,Roberto Navarro,Mallorca,ESP,"MF,FW",MF,22,14.2,box_to_box
2103,Jesús Navas,Sevilla,ESP,"FW,MF",FW,38,4.7,centroavante_goleador
2104,Yvan Neyou,Leganés,CMR,MF,MF,27,25.7,volante_defensivo
2105,Tanguy Nianzou,Sevilla,FRA,DF,DF,22,5.8,zagueiro_classico
2106,Saúl Ñíguez,Sevilla,ESP,MF,MF,29,17.3,volante_defensivo
2107,Tamás Nikitscher,Valladolid,HUN,"MF,DF",MF,24,9.5,volante_defensivo
2108,Adrian Niño,Atlético Madrid,ESP,FW,FW,20,0.1,centroavante_goleador
2109,Hugo Novoa,Alavés,ESP,"DF,MF",DF,21,2.6,zagueiro_classico
2110,Randy Nteka,Rayo Vallecano,ANG,FW,FW,26,12.5,centroavante_goleador
2111,Unai Núñez,Athletic Club,ESP,DF,DF,27,7.2,zagueiro_classico
2112,Ørjan Nyland,Sevilla,NOR,GK,GK,33,29.7,goleiro_titular
2113,Allan Nyom,Getafe,CMR,"DF,MF",DF,36,9.9,lateral_ofensivo
2114,Jan Oblak,Atlético Madrid,SVN,GK,GK,31,36.0,goleiro_titular
2115,Lucas Ocampos,Sevilla,ARG,FW,FW,30,1.9,segundo_atacante
2116,Álvaro Odriozola,Real Sociedad,ESP,DF,DF,28,0.5,zagueiro_classico
2117,Thiago Ojeda,Villarreal,ARG,MF,MF,21,0.1,volante_defensivo
2118,Aingeru Olabarrieta,Athletic Club,ESP,FW,FW,18,0.6,centroavante_goleador
2119,Olasagasti,Real Sociedad,ESP,MF,MF,23,9.5,meia_criativo
2120,Brian Oliván,Espanyol,ESP,DF,DF,30,11.3,lateral_ofensivo
2121,Lucas Oliveira Rosa,Valladolid,BRA,DF,DF,24,21.0,lateral_ofensivo
2122,Dani Olmo,Barcelona,ESP,"MF,FW",MF,26,13.5,box_to_box
2123,Aimar Oroz,Osasuna,ESP,MF,MF,22,33.0,box_to_box
2124,Ángel Ortíz,Betis,ESP,DF,DF,20,3.9,zagueiro_classico
2125,Gabriel Osei Misehouy,Girona,NED,"FW,MF",FW,19,2.9,centroavante_goleador
2126,David Otorbi,Valencia,ESP,MF,MF,16,0.2,volante_defensivo
2127,Jesús Owono,Alavés,EQG,GK,GK,23,5.4,goleiro_joia
2128,Mikel Oyarzabal,Real Sociedad,ESP,FW,FW,27,25.0,ponta_dribllador
2129,Cenk Özkacar,Valladolid,TUR,DF,DF,23,8.4,zagueiro_classico
2130,Jon Pacheco,Real Sociedad,ESP,DF,DF,23,9.5,zagueiro_classico
2131,Alex Padilla,Athletic Club,ESP,GK,GK,20,3.6,goleiro_joia
2132,Isaac Palazón Camacho,Rayo Vallecano,ESP,"MF,FW",MF,29,24.0,box_to_box
2133,Aitor Paredes,Athletic Club,ESP,DF,DF,24,20.1,zagueiro_classico
2134,Daniel Parejo,Villarreal,ESP,MF,MF,35,25.3,volante_defensivo
2135,Iago Parente,Valladolid,ESP,DF,DF,18,0.8,zagueiro_classico
2136,Álvaro Pascual,Sevilla,ESP,FW,FW,22,4.5,centroavante_goleador
2137,Alfonso Pedraza,Villarreal,ESP,"DF,MF",DF,28,5.1,lateral_ofensivo
2138,Pedri,Barcelona,ESP,MF,MF,21,32.0,box_to_box
2139,Adrià Pedrosa,Sevilla,ESP,DF,DF,26,25.5,zagueiro_construtor
2140,Pejiño,Las Palmas,ESP,FW,FW,28,0.2,centroavante_goleador
2141,Andy Pelmard,Las Palmas,FRA,DF,DF,24,2.3,zagueiro_classico
2142,Iñaki Peña,Barcelona,ESP,GK,GK,25,15.5,goleiro_joia
2143,Rubén Peña,Osasuna,ESP,"FW,DF",FW,33,8.6,ponta_dribllador
2144,Nicolas Pépé,Villarreal,CIV,"FW,MF",FW,29,16.7,ponta_dribllador
2145,Peque,Sevilla,ESP,"MF,FW",MF,21,12.6,meia_criativo
2146,Ayoze Pérez,Villarreal,ESP,FW,FW,31,21.9,centroavante_goleador
2147,Carles Pérez,Getafe,ESP,"MF,FW",MF,26,15.9,box_to_box
2148,Francisco Perez,Valencia,ESP,"FW,MF",FW,21,6.3,segundo_atacante
2149,Kike Pérez,Valladolid,ESP,MF,MF,27,13.2,volante_defensivo
2150,Luis Pérez,Valladolid,ESP,DF,DF,29,28.4,zagueiro_construtor
2151,Romain Perraud,Betis,FRA,DF,DF,26,22.2,lateral_ofensivo
2152,Valentín Pezzolesi,Las Palmas,ESP,DF,DF,17,0.1,zagueiro_classico
2153,Pica,Alavés,ESP,DF,DF,22,5.5,zagueiro_classico
2154,Yeremi Pino,Villarreal,ESP,"MF,FW",MF,21,21.5,box_to_box
2155,Portu,Girona,ESP,"FW,MF",FW,32,8.7,segundo_atacante
2156,Beñat Prados,Athletic Club,ESP,MF,MF,23,19.1,volante_defensivo
2157,Abdón Prats,Mallorca,ESP,"FW,MF",FW,31,5.1,centroavante_goleador
2158,Javi Puado,Espanyol,ESP,"FW,MF",FW,26,33.0,ponta_dribllador
2159,Dani Raba,Leganés,ESP,"FW,MF",FW,28,20.9,ponta_dribllador
2160,Arnau Rafús,Valladolid,ESP,GK,GK,21,1.0,goleiro_joia
2161,Antonio Raillo,Mallorca,ESP,DF,DF,32,35.6,zagueiro_construtor
2162,Benito Ramírez,Las Palmas,ESP,"DF,FW",DF,29,5.3,lateral_ofensivo
2163,Sandro Ramírez,Las Palmas,ESP,"FW,MF",FW,29,22.6,ponta_dribllador
2164,Jacobo Ramón,Real Madrid,ESP,DF,DF,19,2.3,zagueiro_classico
2165,Raphinha,Barcelona,BRA,"FW,MF",FW,27,31.5,ponta_dribllador
2166,Andrei Ratiu,Rayo Vallecano,ROU,DF,DF,26,34.1,lateral_ofensivo
2167,Raúl,Osasuna,ESP,"FW,MF",FW,23,8.3,centroavante_goleador
2168,Abderrahman Rebbach,Alavés,ALG,"FW,MF",FW,25,4.3,ponta_dribllador
2169,Álex Remiro,Real Sociedad,ESP,GK,GK,29,36.0,goleiro_titular
2170,Daniel Requena,Villarreal,ESP,MF,MF,20,0.1,volante_defensivo
2171,Diego Rico,Getafe,ESP,DF,DF,31,31.3,lateral_ofensivo
2172,Luis Rioja,Alavés,ESP,FW,FW,30,0.3,segundo_atacante
2173,Luis Rioja,Valencia,ESP,"MF,FW",MF,30,31.5,box_to_box
2174,Rodrigo Riquelme,Atlético Madrid,ESP,"MF,DF",MF,24,5.7,box_to_box
2175,Alberto Risco,Getafe,ESP,"MF,FW",MF,18,0.8,meia_criativo
2176,Mihailo Ristić,Celta Vigo,SRB,"DF,MF",DF,28,4.8,zagueiro_classico
2177,Gorka Rivera Alonso,Getafe,ESP,"DF,MF",DF,19,0.2,zagueiro_classico
2178,Marc Roca,Betis,ESP,MF,MF,27,10.1,meia_criativo
2179,Rodri,Betis,ESP,FW,FW,24,1.3,centroavante_goleador
2180,Adrian Rodriguez,Alavés,ESP,GK,GK,23,1.4,goleiro_joia
2181,Álvaro Rodríguez,Getafe,URU,FW,FW,20,9.5,centroavante_goleador
2182,Óscar Rodríguez Arnaiz,Leganés,ESP,"MF,FW",MF,26,14.8,volante_defensivo
2183,Arturo Rodríguez,Las Palmas,ESP,FW,FW,17,0.2,centroavante_goleador
2184,Damián Rodríguez,Celta Vigo,ESP,MF,MF,21,10.3,volante_defensivo
2185,Dani Rodríguez,Mallorca,ESP,"MF,FW",MF,36,24.0,box_to_box
2186,Daniel Rodriguez,Barcelona,ESP,FW,FW,18,0.4,centroavante_goleador
2187,James Rodríguez,Rayo Vallecano,COL,"MF,FW",MF,33,1.6,meia_criativo
2188,Javi Rodríguez,Celta Vigo,ESP,DF,DF,21,27.9,zagueiro_construtor
2189,Jesus Rodríguez,Betis,ESP,FW,FW,18,12.3,ponta_dribllador
2190,Kirian Rodríguez,Las Palmas,ESP,MF,MF,28,19.5,box_to_box
2191,Ricardo Rodríguez,Betis,SUI,DF,DF,31,14.2,zagueiro_construtor
2192,Rodrygo,Real Madrid,BRA,"FW,MF",FW,23,21.4,ponta_dribllador
2193,Leo Román,Mallorca,ESP,GK,GK,24,7.0,goleiro_joia
2194,Carlos Romero,Espanyol,ESP,DF,DF,22,28.4,lateral_ofensivo
2195,Isaac Romero,Sevilla,ESP,FW,FW,24,24.0,ponta_dribllador
2196,Luka Romero,Alavés,ARG,"FW,MF",FW,19,2.2,segundo_atacante
2197,Oriol Romeu,Girona,ESP,MF,MF,32,15.1,volante_defensivo
2198,Vitor Roque,Betis,BRA,FW,FW,19,13.7,centroavante_goleador
2199,Valentin Rosier,Leganés,FRA,DF,DF,27,28.8,lateral_ofensivo
2200,Antonio Rüdiger,Real Madrid,GER,DF,DF,31,25.5,zagueiro_construtor
2201,Aitor Ruibal,Betis,ESP,"DF,FW",DF,28,14.6,lateral_ofensivo
2202,Abel Ruiz,Girona,ESP,FW,FW,24,15.0,centroavante_goleador
2203,Ferrán Ruiz,Girona,ESP,MF,MF,21,0.2,volante_defensivo
2204,Youssouf Sabaly,Betis,SEN,DF,DF,31,17.6,zagueiro_construtor
2205,Umar Sadiq,Valencia,NGA,FW,FW,27,9.2,centroavante_goleador
2206,Umar Sadiq,Real Sociedad,NGA,FW,FW,27,2.5,centroavante_goleador
2207,Jorge Sáenz,Leganés,ESP,DF,DF,27,18.8,zagueiro_classico
2208,Jan Salas,Mallorca,ESP,"MF,FW",MF,18,0.5,volante_defensivo
2209,Kike Salas,Sevilla,ESP,DF,DF,22,24.9,zagueiro_classico
2210,Albert Sambi Lokonga,Sevilla,BEL,MF,MF,24,16.3,volante_defensivo
2211,Chuky san jose,Valladolid,ESP,MF,MF,20,8.1,meia_criativo
2212,Oihan Sancet,Athletic Club,ESP,MF,MF,24,18.0,box_to_box
2213,Antonio Sánchez,Mallorca,ESP,"MF,DF",MF,27,15.5,volante_defensivo
2214,Iván Sánchez,Valladolid,ESP,"MF,FW",MF,31,15.6,box_to_box
2215,Javi Sánchez,Valladolid,ESP,DF,DF,27,22.5,zagueiro_classico
2216,Juanlu Sánchez,Sevilla,ESP,"MF,DF",MF,20,19.1,box_to_box
2217,Manu Sánchez,Alavés,ESP,DF,DF,23,29.3,zagueiro_construtor
2218,Maroan Sannadi,Athletic Club,MAR,FW,FW,23,8.4,ponta_dribllador
2219,Jesús Santiago,Getafe,ESP,MF,MF,20,4.1,volante_defensivo
2220,Aleksandar Sedlar,Alavés,SRB,DF,DF,32,6.6,zagueiro_classico
2221,Sergi,Leganés,ESP,DF,DF,32,32.9,zagueiro_classico
2222,Nicolás Serrano,Athletic Club,ESP,FW,FW,21,1.2,centroavante_goleador
2223,Fábio Silva,Las Palmas,POR,FW,FW,22,20.7,ponta_dribllador
2224,Rui Silva,Betis,POR,GK,GK,30,15.0,goleiro_titular
2225,Giuliano Simeone,Atlético Madrid,ARG,MF,MF,21,21.4,box_to_box
2226,Unai Simón,Athletic Club,ESP,GK,GK,27,21.0,goleiro_titular
2227,Daley Sinkgraven,Las Palmas,NED,DF,DF,29,1.0,zagueiro_classico
2228,Jailson Siqueira,Celta Vigo,BRA,"DF,MF",DF,28,6.8,zagueiro_classico
2229,Antonio Sivera,Alavés,ESP,GK,GK,27,31.2,goleiro_titular
2230,Justin Smith,Espanyol,CAN,MF,MF,21,2.3,volante_defensivo
2231,Alex Sola,Getafe,ESP,"MF,FW",MF,25,11.4,volante_defensivo
2232,Arnau Solà,Villarreal,ESP,MF,MF,21,0.1,volante_defensivo
2233,Jhon Solis,Girona,COL,MF,MF,19,5.9,volante_defensivo
2234,David Soria,Getafe,ESP,GK,GK,31,38.0,goleiro_titular
2235,Juan Soriano,Leganés,ESP,GK,GK,26,6.0,goleiro_reserva
2236,Hugo Sotelo,Celta Vigo,ESP,MF,MF,20,13.9,volante_defensivo
2237,Djibril Sow,Sevilla,SUI,MF,MF,27,22.9,volante_defensivo
2238,Carl Starfelt,Celta Vigo,SWE,DF,DF,29,25.2,zagueiro_classico
2239,Orri Steinn Óskarsson,Real Sociedad,ISL,FW,FW,19,10.5,centroavante_goleador
2240,Stoichkov,Alavés,ESP,"MF,FW",MF,30,7.8,meia_criativo
2241,Cristhian Stuani,Girona,URU,FW,FW,37,12.0,centroavante_goleador
2242,Álex Suárez,Las Palmas,ESP,DF,DF,31,27.3,zagueiro_classico
2243,Denis Suárez,Villarreal,ESP,MF,MF,30,6.8,meia_criativo
2244,Luka Sučić,Real Sociedad,CRO,MF,MF,21,19.9,volante_defensivo
2245,Suso,Sevilla,ESP,"FW,MF",FW,30,6.7,segundo_atacante
2246,Williot Swedberg,Celta Vigo,SWE,"FW,MF",FW,20,15.0,ponta_dribllador
2247,Mamadou Sylla,Valladolid,SEN,"FW,MF",FW,30,17.6,centroavante_goleador
2248,Wojciech Szczęsny,Barcelona,POL,GK,GK,34,15.0,goleiro_titular
2249,Alexander Sørloth,Atlético Madrid,NOR,FW,FW,28,17.4,centroavante_goleador
2250,Renato Tapia,Leganés,PER,"MF,DF",MF,29,26.9,volante_defensivo
2251,César Tárrega,Valencia,ESP,DF,DF,22,33.6,zagueiro_classico
2252,Aurélien Tchouaméni,Real Madrid,FRA,"DF,MF",DF,24,29.9,zagueiro_construtor
2253,Álvaro Tejero,Espanyol,ESP,"MF,DF",MF,28,13.8,meia_criativo
2254,Martín Tejón,Valencia,ESP,"MF,DF",MF,20,0.5,meia_criativo
2255,Nahuel Tenaglia,Alavés,ARG,DF,DF,28,32.5,zagueiro_construtor
2256,Marc-André ter Stegen,Barcelona,GER,GK,GK,32,7.5,goleiro_reserva
2257,Ramón Terrats,Villarreal,ESP,"MF,FW",MF,23,1.5,volante_defensivo
2258,Ramón Terrats,Getafe,ESP,"MF,FW",MF,23,13.5,meia_criativo
2259,Raúl de Tomás,Rayo Vallecano,ESP,"DF,FW",DF,29,0.2,zagueiro_classico
2260,Pablo Torre,Barcelona,ESP,"MF,FW",MF,21,3.4,meia_criativo
2261,David Torres,Valladolid,ESP,DF,DF,21,15.4,zagueiro_classico
2262,Ferrán Torres,Barcelona,ESP,"FW,MF",FW,24,12.3,segundo_atacante
2263,Lucas Torró,Osasuna,ESP,MF,MF,30,32.9,volante_defensivo
2264,Hamari Traoré,Real Sociedad,MLI,DF,DF,32,7.8,zagueiro_classico
2265,Óscar Trejo,Rayo Vallecano,ARG,MF,MF,36,5.5,meia_criativo
2266,Viktor Tsyhankov,Girona,UKR,"FW,MF",FW,26,21.3,ponta_dribllador
2267,Beñat Turrientes,Real Sociedad,ESP,MF,MF,22,10.5,volante_defensivo
2268,Christantus Uche,Getafe,NGA,"FW,MF",FW,21,27.6,ponta_dribllador
2269,Naci Ünüvar,Espanyol,NED,"MF,DF",MF,21,0.3,meia_criativo
2270,Óscar Valentín,Rayo Vallecano,ESP,MF,MF,29,20.4,volante_defensivo
2271,Germán Valera,Valencia,ESP,MF,MF,22,1.6,volante_defensivo
2272,Martin Valjent,Mallorca,SVK,DF,DF,28,30.7,zagueiro_construtor
2273,Jesús Vallejo,Real Madrid,ESP,DF,DF,27,1.5,zagueiro_classico
2274,Federico Valverde,Real Madrid,URU,"MF,DF",MF,26,33.7,box_to_box
2275,Siebe Van Der Heyden,Mallorca,BEL,"DF,MF",DF,26,1.1,zagueiro_classico
2276,Ruben Vargas,Sevilla,SUI,"FW,MF",FW,25,7.5,ponta_dribllador
2277,José Luis García Vayá,Valencia,ESP,MF,MF,25,19.4,volante_defensivo
2278,Jesus Vazquez,Valencia,ESP,DF,DF,21,10.2,zagueiro_construtor
2279,Lucas Vázquez,Real Madrid,ESP,DF,DF,33,24.3,lateral_ofensivo
2280,Alejo Véliz,Espanyol,ARG,FW,FW,20,12.5,centroavante_goleador
2281,Mikel Vesga,Athletic Club,ESP,MF,MF,31,11.0,volante_defensivo
2282,Carlos Vicente,Alavés,ESP,"FW,MF",FW,25,34.4,ponta_dribllador
2283,Pau Victor,Barcelona,ESP,FW,FW,22,3.5,centroavante_goleador
2284,Nacho Vidal,Osasuna,ESP,DF,DF,29,1.4,zagueiro_classico
2285,Fran Vieites,Betis,ESP,GK,GK,25,4.0,goleiro_reserva
2286,Sergio Viera,Las Palmas,ESP,MF,MF,19,1.1,volante_defensivo
2287,Asier Villalibre,Alavés,ESP,FW,FW,26,3.7,segundo_atacante
2288,Iván Villar,Celta Vigo,ESP,GK,GK,27,4.0,goleiro_reserva
2289,Viti,Las Palmas,ESP,DF,DF,26,22.0,lateral_ofensivo
2290,Daniel Vivian,Athletic Club,ESP,DF,DF,25,29.0,zagueiro_construtor
2291,Krapyvtsov Vladyslav,Girona,UKR,GK,GK,19,2.0,goleiro_joia
2292,Iñaki Williams,Athletic Club,GHA,FW,FW,30,29.5,ponta_dribllador
2293,Nico Williams,Athletic Club,ESP,FW,FW,22,22.2,ponta_dribllador
2294,Axel Witsel,Atlético Madrid,BEL,DF,DF,35,9.5,zagueiro_classico
2295,Lamine Yamal,Barcelona,ESP,FW,FW,17,31.7,ponta_dribllador
2296,Daniel Yáñez,Real Madrid,ESP,FW,FW,17,0.0,centroavante_goleador
2297,Bertuğ Yıldırım,Getafe,TUR,FW,FW,22,12.0,centroavante_goleador
2298,Arsen Zakharyan,Real Sociedad,RUS,"MF,FW",MF,21,0.8,meia_criativo
2299,Bryan Zaragoza,Osasuna,ESP,"FW,MF",FW,23,20.4,ponta_dribllador
2300,Martín Zubimendi,Real Sociedad,ESP,MF,MF,25,32.9,box_to_box
2301,Igor Zubeldia,Real Sociedad,ESP,DF,DF,27,25.2,zagueiro_construtor
2302,Keyliane Abdallah,Marseille,FRA,FW,FW,18,0.0,centroavante_goleador
2303,Yunis Abdelhamid,Saint-Étienne,MAR,DF,DF,36,11.5,zagueiro_classico
2304,Himad Abdelli,Angers,ALG,"MF,FW",MF,24,31.6,box_to_box
2305,Mohamed Abdelmoneim,Nice,EGY,DF,DF,25,9.5,zagueiro_classico
2306,Ali Abdi,Nice,TUN,"DF,MF",DF,30,15.5,lateral_ofensivo
2307,Matthis Abline,Nantes,FRA,FW,FW,21,30.8,ponta_dribllador
2308,Abner,Lyon,BRA,DF,DF,24,12.1,zagueiro_construtor
2309,Zakaria Aboukhlal,Toulouse,MAR,"MF,FW",MF,24,21.1,box_to_box
2310,Akor Adams,Montpellier,NGA,FW,FW,24,11.9,centroavante_goleador
2311,Martin Adeline,Reims,FRA,MF,MF,20,0.3,volante_defensivo
2312,Adryelson,Lyon,BRA,DF,DF,26,0.0,zagueiro_classico
2313,Emmanuel Agbadou,Reims,CIV,DF,DF,27,14.0,zagueiro_construtor
2314,Jeremy Agbonifo,Lens,SWE,"FW,MF",FW,18,3.3,centroavante_goleador
2315,Ruben Aguilar,Lens,FRA,"DF,MF",DF,31,12.5,lateral_ofensivo
2316,Naouirou Ahamada,Rennes,FRA,"MF,FW",MF,22,0.6,volante_defensivo
2317,Jean-Eudes Aholou,Angers,CIV,MF,MF,30,21.8,volante_defensivo
2318,Ayman Aiki,Saint-Étienne,FRA,"FW,MF",FW,19,1.4,centroavante_goleador
2319,Ludovic Ajorque,Brest,FRA,FW,FW,30,27.7,centroavante_goleador
2320,Ümit Akdag,Toulouse,ROU,DF,DF,20,5.6,zagueiro_classico
2321,Sergio Akieme,Reims,ESP,DF,DF,26,28.0,lateral_ofensivo
2322,Maghnes Akliouche,Monaco,FRA,"FW,MF",FW,22,26.7,ponta_dribllador
2323,Paul Akouokou,Lyon,CIV,MF,MF,26,0.2,volante_defensivo
2324,Clément Akpa,Auxerre,CIV,DF,DF,22,27.6,zagueiro_construtor
2325,Chuba Akpom,Lille,ENG,FW,FW,28,7.1,centroavante_goleador
2326,Mohamed Ali Cho,Nice,FRA,"FW,MF",FW,20,18.0,ponta_dribllador
2327,Jim Allevinah,Angers,GAB,FW,FW,29,19.4,ponta_dribllador
2328,Thiago Almada,Lyon,ARG,"MF,FW",MF,23,10.6,box_to_box
2329,Jordan Amavi,Brest,FRA,DF,DF,30,8.8,zagueiro_construtor
2330,Kelvin Amian,Nantes,FRA,DF,DF,26,24.1,zagueiro_construtor
2331,Michael Amir Murillo,Marseille,PAN,DF,DF,28,27.1,lateral_ofensivo
2332,Samuel Amo-Ameyaw,Strasbourg,ENG,"DF,MF",DF,18,3.6,zagueiro_classico
2333,Mathis Amougou,Saint-Étienne,FRA,MF,MF,18,9.5,volante_defensivo
2334,Benjamin André,Lille,FRA,MF,MF,33,29.9,volante_defensivo
2335,Kyllian Antonio,Lens,FRA,"DF,MF",DF,16,1.5,zagueiro_classico
2336,Dennis Appiah,Saint-Étienne,FRA,DF,DF,32,23.6,zagueiro_construtor
2337,Carlens Arcus,Angers,HAI,DF,DF,28,22.7,zagueiro_construtor
2338,Hákon Arnar Haraldsson,Lille,ISL,"MF,FW",MF,21,19.5,box_to_box
2339,Marco Asensio,Paris S-G,ESP,"FW,MF",FW,28,6.9,segundo_atacante
2340,Lorenz Assignon,Rennes,TOG,"DF,MF",DF,24,26.2,lateral_ofensivo
2341,Dehmaine Assoumani,Nantes,FRA,"MF,FW",MF,19,1.1,meia_criativo
2342,Valentin Atangana Edoa,Reims,FRA,MF,MF,18,31.7,volante_defensivo
2343,Florian Ayé,Auxerre,FRA,FW,FW,27,6.4,centroavante_goleador
2344,André Ayew,Le Havre,GHA,FW,FW,34,16.1,centroavante_goleador
2345,Neil El Aynaoui,Lens,FRA,MF,MF,23,17.6,box_to_box
2346,Shavy Babicka,Toulouse,GAB,"MF,FW",MF,24,13.2,box_to_box
2347,Juma Bah,Lens,SLE,DF,DF,18,7.6,zagueiro_classico
2348,Theo Bair,Auxerre,CAN,FW,FW,24,10.4,centroavante_goleador
2349,Mitchel Bakker,Lille,NED,"FW,DF",FW,24,12.7,ponta_dribllador
2350,Darryl Bakola,Marseille,FRA,"DF,MF",DF,16,0.2,zagueiro_classico
2351,Dilane Bakwa,Strasbourg,FRA,"MF,DF",MF,21,27.7,box_to_box
2352,Leonardo Balerdi,Marseille,ARG,DF,DF,25,25.3,zagueiro_construtor
2353,Fodé Ballo-Touré,Le Havre,SEN,"DF,MF",DF,27,6.5,zagueiro_classico
2354,Folarin Balogun,Monaco,USA,FW,FW,23,6.8,centroavante_goleador
2355,Abdoulaye Bamba,Angers,CIV,DF,DF,34,16.8,zagueiro_classico
2356,Mohamed Bamba,Reims,CIV,MF,MF,19,0.1,volante_defensivo
2357,Valentín Barco,Strasbourg,ARG,"MF,DF",MF,20,12.9,volante_defensivo
2358,Bradley Barcola,Paris S-G,FRA,FW,FW,21,24.2,ponta_dribllador
2359,Melvin Bard,Nice,FRA,"DF,MF",DF,23,21.5,zagueiro_construtor
2360,Gabriel Bares,Montpellier,SUI,"MF,DF",MF,23,0.6,volante_defensivo
2361,Téo Barisic,Lyon,FRA,DF,DF,19,0.0,zagueiro_classico
2362,Dylan Batubinsika,Saint-Étienne,COD,DF,DF,28,22.4,zagueiro_classico
2363,Haris Belkebla,Angers,ALG,MF,MF,30,19.9,volante_defensivo
2364,Yassin Belkhdim,Angers,FRA,MF,MF,22,16.9,volante_defensivo
2365,Eliesse Ben Seghir,Monaco,MAR,"MF,FW",MF,19,19.4,box_to_box
2366,Ismaël Bennacer,Marseille,ALG,MF,MF,26,7.2,meia_criativo
2367,Saïd Benrahma,Lyon,ALG,"FW,MF",FW,28,8.2,ponta_dribllador
2368,Nabil Bentaleb,Lille,ALG,MF,MF,29,3.7,meia_criativo
2369,Lucas Beraldo,Paris S-G,BRA,DF,DF,20,22.3,zagueiro_construtor
2370,Maxime Bernauer,Saint-Étienne,FRA,DF,DF,26,8.5,zagueiro_classico
2371,Dimitry Bertaud,Montpellier,COD,GK,GK,26,4.0,goleiro_reserva
2372,Mika Biereth,Monaco,DEN,FW,FW,21,13.6,centroavante_goleador
2373,Emmanuel Biumla,Angers,FRA,DF,DF,19,14.8,zagueiro_classico
2374,Marco Bizot,Brest,NED,GK,GK,33,32.0,goleiro_titular
2375,Ludovic Blas,Rennes,FRA,"MF,FW",MF,26,25.5,box_to_box
2376,Augustine Boakye,Saint-Étienne,GHA,"FW,MF",FW,23,8.1,centroavante_goleador
2377,Mathéo Bodmer,Le Havre,FRA,MF,MF,20,0.1,volante_defensivo
2378,Jeremie Boga,Nice,CIV,"MF,FW",MF,27,11.7,box_to_box
2379,Moïse Bombito,Nice,CAN,DF,DF,24,24.4,zagueiro_construtor
2380,Saïmon Bouabré,Monaco,FRA,"MF,FW",MF,18,1.1,volante_defensivo
2381,Ayyoub Bouaddi,Lille,FRA,MF,MF,16,12.8,volante_defensivo
2382,Badredine Bouanani,Nice,ALG,"MF,FW",MF,19,12.2,box_to_box
2383,Benjamin Bouchouari,Saint-Étienne,MAR,MF,MF,22,19.7,box_to_box
2384,Hicham Boudaoui,Nice,ALG,MF,MF,24,27.1,volante_defensivo
2385,Justin Bourgault,Brest,FRA,DF,DF,18,1.4,zagueiro_classico
2386,Benjamin Bourigeaud,Rennes,FRA,MF,MF,30,0.9,box_to_box
2387,Bilal Brahimi,Nice,ALG,MF,MF,24,0.8,volante_defensivo
2388,Lilian Brassier,Marseille,FRA,DF,DF,24,8.7,zagueiro_classico
2389,Lilian Brassier,Rennes,FRA,DF,DF,24,13.7,zagueiro_construtor
2390,Anthony Briançon,Saint-Étienne,FRA,DF,DF,29,0.0,zagueiro_classico
2391,Aurélio Buta,Reims,POR,DF,DF,27,21.9,zagueiro_construtor
2392,Marcin Bułka,Nice,POL,GK,GK,24,34.0,goleiro_joia
2393,Rémy Cabella,Lille,FRA,"FW,MF",FW,34,11.2,ponta_dribllador
2394,Mathieu Cafaro,Saint-Étienne,FRA,"MF,FW",MF,27,8.1,meia_criativo
2395,Duje Ćaleta-Car,Lyon,CRO,DF,DF,27,17.6,zagueiro_classico
2396,Issiaga Camara,Nice,GUI,MF,MF,19,0.2,volante_defensivo
2397,Lamine Camara,Monaco,SEN,MF,MF,20,22.8,volante_defensivo
2398,Mahdi Camara,Brest,FRA,"MF,FW",MF,26,29.5,box_to_box
2399,Ousmane Camara,Angers,FRA,DF,DF,21,2.8,zagueiro_classico
2400,Axel Camblan,Brest,FRA,"MF,FW",MF,20,0.3,meia_criativo
2401,Jaydee Canvot,Toulouse,FRA,"DF,MF",DF,18,12.3,zagueiro_classico
2402,Pierrick Capelle,Angers,FRA,MF,MF,37,5.4,volante_defensivo
2403,Gabin Capuano,Lens,FRA,FW,FW,18,0.1,centroavante_goleador
2404,Maxence Caqueret,Lyon,FRA,MF,MF,24,6.4,volante_defensivo
2405,Simon Cara,Montpellier,FRA,"MF,FW",MF,19,0.1,volante_defensivo
2406,Valentin Carboni,Marseille,ARG,"MF,FW",MF,19,1.1,volante_defensivo
2407,Irvin Cardona,Saint-Étienne,FRA,FW,FW,26,11.8,ponta_dribllador
2408,Patrik Carlgren,Nantes,SWE,GK,GK,32,4.6,goleiro_reserva
2409,Josué Casimir,Le Havre,FRA,"FW,MF",FW,22,22.2,ponta_dribllador
2410,Cristian Cásseres Jr.,Toulouse,VEN,MF,MF,24,30.0,volante_defensivo
2411,Jean-Charles Castelletto,Nantes,CMR,"DF,MF",DF,29,29.1,zagueiro_construtor
2412,Enzo Caumont,Angers,FRA,MF,MF,20,0.4,volante_defensivo
2413,Fabien Centonze,Nantes,FRA,DF,DF,28,2.9,zagueiro_classico
2414,Brendan Chardonnet,Brest,FRA,DF,DF,29,26.8,zagueiro_classico
2415,Jhoanner Chávez,Lens,ECU,"DF,MF",DF,22,6.6,zagueiro_classico
2416,Théo Chennahi,Montpellier,FRA,DF,DF,19,2.0,zagueiro_classico
2417,Sidiki Cherif,Angers,FRA,FW,FW,17,3.6,centroavante_goleador
2418,Rayan Cherki,Lyon,FRA,"FW,MF",FW,20,22.7,ponta_dribllador
2419,Lucas Chevalier,Lille,FRA,GK,GK,22,34.0,goleiro_joia
2420,Pedro Chirivella,Nantes,ESP,MF,MF,27,26.1,volante_defensivo
2421,Joris Chotard,Montpellier,FRA,MF,MF,22,21.0,volante_defensivo
2422,Djaoui Cissé,Rennes,FRA,MF,MF,20,12.5,volante_defensivo
2423,Yoann Cissé,Auxerre,FRA,MF,MF,19,0.1,volante_defensivo
2424,Jonathan Clauss,Nice,FRA,"DF,MF",DF,31,25.6,lateral_ofensivo
2425,Marcus Coco,Nantes,FRA,DF,DF,28,10.6,lateral_ofensivo
2426,Alois Confais,Le Havre,FRA,MF,MF,27,0.0,volante_defensivo
2427,Francis Coquelin,Nantes,FRA,MF,MF,33,2.5,meia_criativo
2428,Derek Cornelius,Marseille,CAN,DF,DF,26,15.8,zagueiro_construtor
2429,Pierre Cornud,Saint-Étienne,FRA,DF,DF,27,6.4,zagueiro_classico
2430,David Costa,Lens,POR,"MF,FW",MF,23,3.9,meia_criativo
2431,Logan Costa,Toulouse,CPV,DF,DF,23,1.0,zagueiro_classico
2432,Grégoire Coudert,Brest,FRA,GK,GK,25,2.0,goleiro_reserva
2433,Lasso Coulibaly,Auxerre,CIV,"FW,MF",FW,21,0.5,centroavante_goleador
2434,Mamadou Coulibaly,Monaco,FRA,MF,MF,20,0.1,meia_criativo
2435,Soumaïla Coulibaly,Brest,FRA,DF,DF,20,4.9,zagueiro_classico
2436,Tanguy Coulibaly,Montpellier,FRA,"FW,MF",FW,23,16.5,ponta_dribllador
2437,Marius Courcoul,Angers,FRA,"MF,DF",MF,17,3.4,volante_defensivo
2438,Nicolas Cozza,Nantes,FRA,"DF,MF",DF,25,22.8,zagueiro_construtor
2439,Charlie Cresswell,Toulouse,ENG,DF,DF,21,28.8,zagueiro_classico
2440,Kévin Danois,Auxerre,FRA,MF,MF,20,16.2,volante_defensivo
2441,Kevin Danso,Lens,AUT,DF,DF,25,12.0,zagueiro_classico
2442,Dante,Nice,BRA,DF,DF,40,21.8,zagueiro_construtor
2443,Pape Daouda Diongue,Strasbourg,SEN,"MF,FW",MF,19,0.9,meia_criativo
2444,Mohamed Daramy,Reims,DEN,FW,FW,22,0.2,segundo_atacante
2445,Jonathan David,Lille,CAN,FW,FW,24,28.4,ponta_dribllador
2446,Zuriko Davitashvili,Saint-Étienne,GEO,"FW,MF",FW,23,30.9,ponta_dribllador
2447,Théo De Percin,Auxerre,MTQ,GK,GK,23,2.0,goleiro_joia
2448,Thibault De Smet,Reims,BEL,DF,DF,26,2.1,zagueiro_classico
2449,Amar Dedić,Marseille,BIH,DF,DF,21,3.5,lateral_ofensivo
2450,Romain Del Castillo,Brest,FRA,FW,FW,28,14.0,segundo_atacante
2451,Thomas Delaine,Strasbourg,FRA,DF,DF,32,0.1,zagueiro_classico
2452,Andy Delort,Montpellier,ALG,FW,FW,32,6.7,segundo_atacante
2453,Ousmane Dembélé,Paris S-G,FRA,FW,FW,27,19.2,ponta_dribllador
2454,Rémy Descamps,Lyon,FRA,GK,GK,28,1.0,goleiro_reserva
2455,Arthur Desmas,Le Havre,FRA,GK,GK,30,18.0,goleiro_titular
2456,Mamadou Diakhon,Reims,FRA,"FW,MF",FW,18,9.5,ponta_dribllador
2457,Bafodé Diakité,Lille,FRA,DF,DF,23,30.7,zagueiro_construtor
2458,Oumar Diakité,Reims,CIV,FW,FW,20,18.1,ponta_dribllador
2459,Habib Diarra,Strasbourg,SEN,"MF,FW",MF,20,26.1,box_to_box
2460,Krépin Diatta,Monaco,SEN,"DF,FW",DF,25,5.6,lateral_ofensivo
2461,Kandet Diawara,Le Havre,GUI,FW,FW,24,0.0,centroavante_goleador
2462,Mahamadou Diawara,Le Havre,FRA,MF,MF,19,6.5,volante_defensivo
2463,Mahamadou Diawara,Lyon,FRA,MF,MF,19,0.2,volante_defensivo
2464,Bamba Dieng,Angers,SEN,FW,FW,24,5.9,centroavante_goleador
2465,Kembo Diliwidi,Lens,FRA,DF,DF,18,0.0,zagueiro_classico
2466,Sinaly Diomande,Auxerre,CIV,DF,DF,23,21.6,zagueiro_construtor
2467,Lois Diony,Angers,FRA,FW,FW,31,0.2,centroavante_goleador
2468,Sérigné Diop,Brest,SEN,FW,FW,19,0.0,centroavante_goleador
2469,Sofiane Diop,Nice,FRA,"MF,FW",MF,24,11.8,box_to_box
2470,Andy Diouf,Lens,FRA,MF,MF,21,24.7,box_to_box
2471,Yehvann Diouf,Reims,SEN,GK,GK,24,34.0,goleiro_joia
2472,Assane Dioussé,Auxerre,SEN,MF,MF,26,7.4,volante_defensivo
2473,Álex Domínguez,Toulouse,ESP,GK,GK,26,0.2,goleiro_reserva
2474,Gianluigi Donnarumma,Paris S-G,ITA,GK,GK,25,23.2,goleiro_joia
2475,Sékou Doucoure,Nantes,FRA,DF,DF,19,0.1,zagueiro_classico
2476,Désiré Doué,Paris S-G,FRA,"FW,MF",FW,19,19.2,ponta_dribllador
2477,Guela Doué,Strasbourg,CIV,DF,DF,21,30.2,zagueiro_construtor
2478,Douglas,Nantes,BRA,MF,MF,27,25.6,volante_defensivo
2479,Ismaël Doukouré,Strasbourg,FRA,"DF,MF",DF,21,29.3,zagueiro_construtor
2480,Kamory Doumbia,Brest,MLI,"MF,FW",MF,21,14.7,box_to_box
2481,Amidou Doumbouya,Nice,FRA,DF,DF,16,0.5,zagueiro_classico
2482,Jean-Kevin Duverne,Nantes,HAI,DF,DF,27,6.0,zagueiro_classico
2483,Stefan Džodić,Montpellier,SRB,"DF,MF",DF,19,2.7,zagueiro_classico
2484,Aron Dønnum,Toulouse,NOR,"DF,MF",DF,26,29.9,lateral_ofensivo
2485,Noah Edjouma,Toulouse,FRA,"MF,FW",MF,18,1.9,box_to_box
2486,Jacques Ekomie,Angers,GAB,"DF,FW",DF,20,7.7,zagueiro_classico
2487,Pierre Ekwah Elimby,Saint-Étienne,FRA,MF,MF,22,28.6,volante_defensivo
2488,Meschak Elia,Nantes,COD,FW,FW,26,1.9,centroavante_goleador
2489,Breel Embolo,Monaco,SUI,"FW,MF",FW,27,20.5,ponta_dribllador
2490,Emanuel Emegha,Strasbourg,NED,FW,FW,21,25.5,centroavante_goleador
2491,Romain Faivre,Brest,FRA,"MF,FW",MF,26,10.0,box_to_box
2492,Khalil Fayad,Montpellier,FRA,"MF,FW",MF,20,11.4,volante_defensivo
2493,Luiz Felipe,Marseille,ITA,DF,DF,27,1.4,zagueiro_classico
2494,Zinedine Ferhat,Angers,ALG,"FW,MF",FW,31,9.4,segundo_atacante
2495,Edimilson Fernandes,Brest,SUI,"MF,DF",MF,28,12.3,volante_defensivo
2496,Matias Fernandez-Pardo,Lille,BEL,"FW,MF",FW,19,11.8,ponta_dribllador
2497,Jordan Ferri,Montpellier,FRA,MF,MF,32,19.7,volante_defensivo
2498,Karol Fila,Strasbourg,POL,MF,MF,26,0.1,volante_defensivo
2499,Malick Fofana,Lyon,BEL,FW,FW,19,17.7,ponta_dribllador
2500,Rayan Fofana,Lens,FRA,"FW,MF",FW,18,0.3,centroavante_goleador
2501,Seko Fofana,Rennes,CIV,MF,MF,29,9.4,box_to_box
2502,Yahia Fofana,Angers,CIV,GK,GK,23,33.0,goleiro_joia
2503,Lamine Fomba,Saint-Étienne,FRA,MF,MF,26,2.4,volante_defensivo
2504,Przemysław Frankowski,Lens,POL,DF,DF,29,15.4,lateral_ofensivo
2505,Angelo Fulgini,Lens,FRA,"MF,FW",MF,27,11.6,meia_criativo
2506,Kyogo Furuhashi,Rennes,JPN,FW,FW,29,1.4,centroavante_goleador
2507,Gauthier Gallon,Rennes,FRA,GK,GK,31,0.5,goleiro_reserva
2508,Ignatius Ganago,Nantes,CMR,"FW,MF",FW,25,2.7,centroavante_goleador
2509,Ulisses Garcia,Marseille,SUI,DF,DF,28,10.3,lateral_ofensivo
2510,Jean-Philippe Gbamin,Nantes,CIV,MF,MF,28,2.4,meia_criativo
2511,Mory Gbane,Reims,CIV,"DF,MF",DF,23,12.5,zagueiro_classico
2512,Yann Gboho,Toulouse,FRA,"MF,FW",MF,23,25.9,box_to_box
2513,Denis Genreau,Toulouse,AUS,MF,MF,25,2.5,meia_criativo
2514,Aleksandr Golovin,Monaco,RUS,"MF,FW",MF,28,12.8,box_to_box
2515,André Gomes,Lille,POR,MF,MF,31,14.2,volante_defensivo
2516,Angel Gomes,Lille,ENG,MF,MF,23,8.2,meia_criativo
2517,Carlos Gómez,Rennes,COL,"MF,DF",MF,21,4.2,box_to_box
2518,Mathieu Gorgelin,Le Havre,FRA,GK,GK,33,16.0,goleiro_titular
2519,Amine Gouiri,Marseille,ALG,"FW,MF",FW,24,11.6,centroavante_goleador
2520,Amine Gouiri,Rennes,ALG,"MF,FW",MF,24,11.5,box_to_box
2521,Jonathan Gradit,Lens,FRA,DF,DF,31,23.5,zagueiro_construtor
2522,Samuel Grandsir,Le Havre,FRA,"MF,FW",MF,27,0.9,meia_criativo
2523,Mason Greenwood,Marseille,ENG,"FW,MF",FW,22,31.2,ponta_dribllador
2524,Albert Grønbaek,Rennes,DEN,"MF,FW",MF,23,9.0,box_to_box
2525,Gabriel Gudmundsson,Lille,SWE,DF,DF,25,19.8,zagueiro_construtor
2526,Axel Gueguin,Montpellier,FRA,FW,FW,19,0.3,centroavante_goleador
2527,Evann Guessand,Nice,CIV,"FW,MF",FW,23,28.5,ponta_dribllador
2528,Bahereba Guirassy,Nantes,FRA,"FW,MF",FW,17,3.9,centroavante_goleador
2529,Massadio Haïdara,Brest,MLI,DF,DF,31,18.6,zagueiro_construtor
2530,Achraf Hakimi,Paris S-G,MAR,DF,DF,25,23.0,lateral_ofensivo
2531,Florent Hanin,Angers,ALG,DF,DF,34,29.7,lateral_ofensivo
2532,Amine Harit,Marseille,MAR,MF,MF,27,5.8,meia_criativo
2533,Hans Hateboer,Rennes,NED,DF,DF,30,18.7,zagueiro_construtor
2534,Kjetil Haug,Toulouse,NOR,GK,GK,26,5.5,goleiro_reserva
2535,Luis Henrique,Marseille,BRA,"DF,FW",DF,22,29.0,lateral_ofensivo
2536,Lucas Hernández,Paris S-G,FRA,DF,DF,28,9.7,zagueiro_classico
2537,Ki-Jana Hoever,Auxerre,NED,DF,DF,22,23.6,lateral_ofensivo
2538,Cédric Hountondji,Angers,BEN,DF,DF,30,3.0,zagueiro_classico
2539,Ilyes Housni,Le Havre,FRA,"FW,MF",FW,19,2.6,segundo_atacante
2540,Pierre Højbjerg,Marseille,DEN,MF,MF,28,29.6,box_to_box
2541,Hafiz Ibrahim,Reims,NGA,FW,FW,18,4.3,segundo_atacante
2542,George Ilenikhena,Monaco,NGA,FW,FW,17,8.0,centroavante_goleador
2543,Rareş Ilie,Nice,ROU,MF,MF,21,0.1,meia_criativo
2544,Ismaily,Lille,BRA,DF,DF,34,10.0,lateral_ofensivo
2545,Yanis Issoufou,Montpellier,FRA,"MF,FW",MF,17,0.9,volante_defensivo
2546,Junya Ito,Reims,JPN,"FW,MF",FW,31,29.9,ponta_dribllador
2547,Jérémy Jacquet,Rennes,FRA,DF,DF,19,10.3,zagueiro_classico
2548,Ismail Jakobs,Monaco,SEN,DF,DF,24,2.0,zagueiro_classico
2549,Jordan James,Rennes,WAL,MF,MF,20,13.1,volante_defensivo
2550,Malcolm Jeng,Reims,SWE,DF,DF,19,1.2,zagueiro_classico
2551,John Joe,Reims,IRL,MF,MF,20,6.1,volante_defensivo
2552,Karl-Johan Johnsson,Strasbourg,SWE,GK,GK,34,3.0,goleiro_reserva
2553,Paul Joly,Auxerre,FRA,DF,DF,24,11.2,lateral_ofensivo
2554,Jota,Rennes,POR,"FW,MF",FW,25,3.7,centroavante_goleador
2555,Antoine Joujou,Le Havre,FRA,"MF,FW",MF,21,10.5,box_to_box
2556,Jubal,Auxerre,BRA,DF,DF,30,29.3,zagueiro_classico
2557,Hamed Junior Traorè,Auxerre,CIV,MF,MF,24,23.3,box_to_box
2558,Yaya Kader Fofana,Reims,MLI,"MF,FW",MF,20,7.0,meia_criativo
2559,Tino Kadewere,Nantes,ZIM,"MF,FW",MF,28,5.7,meia_criativo
2560,Arnaud Kalimuendo,Rennes,FRA,"FW,MF",FW,22,28.6,ponta_dribllador
2561,Justin-Noël Kalumba,Angers,FRA,"FW,MF",FW,19,0.3,centroavante_goleador
2562,Warren Kamanzi,Toulouse,NOR,"DF,MF",DF,23,11.4,lateral_ofensivo
2563,Glen Kamara,Rennes,FIN,MF,MF,28,7.4,volante_defensivo
2564,Noham Kamara,Paris S-G,FRA,DF,DF,17,0.8,zagueiro_classico
2565,Nordine Kandil,Strasbourg,FRA,MF,MF,22,0.1,volante_defensivo
2566,Lee Kang-in,Paris S-G,KOR,"FW,MF",FW,23,18.5,ponta_dribllador
2567,Yassine Kechta,Le Havre,MAR,"MF,FW",MF,22,23.3,box_to_box
2568,Thilo Kehrer,Monaco,GER,DF,DF,27,26.5,zagueiro_construtor
2569,Reda Khadra,Reims,GER,"MF,FW",MF,23,0.9,volante_defensivo
2570,Wahbi Khazri,Montpellier,TUN,"FW,MF",FW,33,12.4,segundo_atacante
2571,Abdukodir Khusanov,Lens,UZB,DF,DF,20,10.8,zagueiro_classico
2572,Presnel Kimpembe,Paris S-G,FRA,DF,DF,28,0.3,zagueiro_classico
2573,Joshua King,Toulouse,NOR,"FW,MF",FW,32,18.6,ponta_dribllador
2574,Cédric Kipré,Reims,CIV,DF,DF,27,24.3,zagueiro_construtor
2575,Hervé Koffi,Lens,BFA,GK,GK,27,5.0,goleiro_reserva
2576,Philipp Köhn,Monaco,SUI,GK,GK,26,19.0,goleiro_joia
2577,Koka,Le Havre,EGY,FW,FW,31,9.5,centroavante_goleador
2578,Randal Kolo Muani,Paris S-G,FRA,FW,FW,25,4.0,centroavante_goleador
2579,Geoffrey Kondogbia,Marseille,CTA,"DF,MF",DF,31,22.4,zagueiro_construtor
2580,Abdoul Koné,Reims,FRA,DF,DF,19,1.5,zagueiro_classico
2581,Amadou Koné,Reims,MLI,MF,MF,19,14.4,volante_defensivo
2582,Ismaël Koné,Marseille,CAN,"MF,FW",MF,22,4.0,volante_defensivo
2583,Ismaël Koné,Rennes,CAN,MF,MF,22,5.2,meia_criativo
2584,Emmanuel Koum Mbondo,Marseille,FRA,DF,DF,18,0.1,zagueiro_classico
2585,Boubakar Kouyaté,Montpellier,MLI,DF,DF,27,8.4,zagueiro_classico
2586,Goduine Koyalipou,Lens,CTA,FW,FW,24,9.8,centroavante_goleador
2587,Sael Kumbedi,Lyon,FRA,DF,DF,19,10.6,zagueiro_construtor
2588,Daler Kuzyaev,Le Havre,RUS,MF,MF,31,6.3,meia_criativo
2589,Khvicha Kvaratskhelia,Paris S-G,GEO,FW,FW,23,10.2,segundo_atacante
2590,Rémy Labeau Lascary,Lens,GLP,"FW,MF",FW,21,7.1,centroavante_goleador
2591,Gaëtan Laborde,Nice,FRA,FW,FW,30,20.3,ponta_dribllador
2592,Alexandre Lacazette,Lyon,FRA,FW,FW,33,22.8,centroavante_goleador
2593,Younes Lachaab,Lille,FRA,"MF,FW",MF,19,0.1,meia_criativo
2594,Alban Lafont,Nantes,FRA,GK,GK,25,12.0,goleiro_joia
2595,Kenny Lala,Brest,MAD,DF,DF,32,29.8,lateral_ofensivo
2596,Mohamed Lamine Bayo,Lille,GUI,FW,FW,26,3.4,centroavante_goleador
2597,Gautier Larsonneur,Saint-Étienne,FRA,GK,GK,27,34.0,goleiro_titular
2598,Julien Le Cardinal,Brest,FRA,DF,DF,26,15.3,zagueiro_classico
2599,Jérémy Le Douaron,Brest,FRA,FW,FW,26,1.1,centroavante_goleador
2600,Benjamin Lecomte,Montpellier,FRA,GK,GK,33,30.0,goleiro_titular
2601,Pierre Lees-Melou,Brest,FRA,MF,MF,31,17.0,volante_defensivo
2602,Jordan Lefort,Angers,FRA,DF,DF,30,34.0,zagueiro_classico
2603,Félix Lemaréchal,Strasbourg,FRA,"MF,FW",MF,20,19.8,box_to_box
2604,Donovan Léon,Auxerre,GUF,GK,GK,31,32.0,goleiro_titular
2605,Esteban Lepaul,Angers,FRA,FW,FW,24,18.1,centroavante_goleador
2606,Johann Lepenant,Nantes,FRA,MF,MF,21,22.8,volante_defensivo
2607,Louis Leroux,Nantes,FRA,"MF,DF",MF,18,9.1,meia_criativo
2608,Pol Lirola,Marseille,ESP,DF,DF,26,7.6,lateral_ofensivo
2609,Gautier Lloris,Le Havre,FRA,DF,DF,29,30.8,zagueiro_construtor
2610,Bradley Locko,Brest,FRA,DF,DF,22,1.1,zagueiro_classico
2611,Elysée Logbo,Le Havre,FRA,FW,FW,20,0.3,centroavante_goleador
2612,Anthony Lopes,Nantes,POR,GK,GK,33,17.4,goleiro_titular
2613,Jordan Lotomba,Nice,SUI,"MF,DF",MF,25,0.4,volante_defensivo
2614,Tom Louchet,Nice,FRA,"DF,MF",DF,21,8.6,lateral_ofensivo
2615,Milos Lukovic,Strasbourg,SRB,"FW,MF",FW,18,0.1,centroavante_goleador
2616,Othmane Maamma,Montpellier,MAR,"FW,MF",FW,18,4.0,segundo_atacante
2617,Deiver Machado,Lens,COL,"DF,MF",DF,30,20.1,lateral_ofensivo
2618,Lanroy Machine,Angers,FRA,FW,FW,18,0.1,centroavante_goleador
2619,Yvann Macon,Saint-Étienne,FRA,DF,DF,25,8.8,zagueiro_construtor
2620,Eros Maddy,Auxerre,NED,DF,DF,23,0.2,zagueiro_classico
2621,Soungoutou Magassa,Monaco,FRA,MF,MF,20,11.4,volante_defensivo
2622,Hugo Magnetti,Brest,FRA,MF,MF,26,25.8,volante_defensivo
2623,Frank Magri,Toulouse,CMR,"FW,MF",FW,24,16.8,centroavante_goleador
2624,Ainsley Maitland-Niles,Lyon,ENG,DF,DF,26,22.1,lateral_ofensivo
2625,Radosław Majecki,Monaco,POL,GK,GK,24,15.0,goleiro_joia
2626,Hamidou Makalou,Brest,MLI,"FW,MF",FW,18,0.4,centroavante_goleador
2627,Nikola Maksimović,Montpellier,SRB,DF,DF,32,6.5,zagueiro_classico
2628,Aaron Malouda,Lille,FRA,FW,FW,18,0.0,centroavante_goleador
2629,Hianga Mananga Mbock,Brest,FRA,MF,MF,24,0.2,volante_defensivo
2630,Steve Mandanda,Rennes,FRA,GK,GK,39,16.5,goleiro_titular
2631,Aïssa Mandi,Lille,ALG,DF,DF,32,19.3,zagueiro_construtor
2632,Orel Mangala,Lyon,BEL,MF,MF,26,0.7,volante_defensivo
2633,Sekou Mara,Strasbourg,FRA,"FW,MF",FW,22,8.5,segundo_atacante
2634,Marquinhos,Paris S-G,BRA,DF,DF,30,19.2,zagueiro_construtor
2635,Ange Martial Tia,Reims,MLI,"MF,DF",MF,17,1.9,meia_criativo
2636,Jonas Martin,Brest,FRA,MF,MF,34,5.5,meia_criativo
2637,Han-Noah Massengo,Auxerre,FRA,MF,MF,23,11.6,volante_defensivo
2638,Clinton Mata,Lyon,ANG,DF,DF,31,26.3,lateral_ofensivo
2639,Eliot Matazo,Monaco,BEL,MF,MF,22,0.8,volante_defensivo
2640,Nemanja Matić,Lyon,SRB,MF,MF,35,22.3,box_to_box
2641,Rudy Matondo,Auxerre,FRA,MF,MF,16,0.7,volante_defensivo
2642,Azor Matusiwa,Rennes,NED,MF,MF,26,23.1,volante_defensivo
2643,Neal Maupay,Marseille,FRA,FW,FW,27,11.6,segundo_atacante
2644,Christian Mawissa,Monaco,FRA,DF,DF,19,16.7,zagueiro_classico
2645,Senny Mayulu,Paris S-G,FRA,MF,MF,18,9.0,box_to_box
2646,Ethan Mbappé,Lille,FRA,"MF,FW",MF,17,2.5,meia_criativo
2647,Ibrahim Mbaye,Paris S-G,FRA,"FW,MF",FW,16,3.8,segundo_atacante
2648,Mark McKenzie,Toulouse,USA,DF,DF,25,27.7,zagueiro_construtor
2649,Facundo Medina,Lens,ARG,DF,DF,25,28.3,zagueiro_construtor
2650,Henrik Meister,Rennes,DEN,FW,FW,20,0.7,centroavante_goleador
2651,Bamo Meïté,Montpellier,CIV,DF,DF,22,4.7,zagueiro_classico
2652,Bamo Meïté,Marseille,CIV,DF,DF,22,0.3,zagueiro_classico
2653,Mohamed Meité,Rennes,FRA,FW,FW,16,6.0,centroavante_goleador
2654,Farid El Melali,Angers,ALG,FW,FW,27,21.0,ponta_dribllador
2655,Nuno Mendes,Paris S-G,POR,DF,DF,22,18.6,lateral_ofensivo
2656,Antoine Mendy,Nice,SEN,DF,DF,20,9.2,zagueiro_classico
2657,Nampalys Mendy,Lens,SEN,MF,MF,32,6.5,volante_defensivo
2658,Gideon Mensah,Auxerre,GHA,DF,DF,26,25.3,zagueiro_construtor
2659,Quentin Merlin,Marseille,FRA,DF,DF,22,17.7,lateral_ofensivo
2660,Rafik Messali,Toulouse,FRA,DF,DF,21,5.1,lateral_ofensivo
2661,Thomas Meunier,Lille,BEL,DF,DF,32,21.4,zagueiro_construtor
2662,Lucas Michal,Monaco,FRA,"FW,MF",FW,19,1.3,segundo_atacante
2663,Georges Mikautadze,Lyon,GEO,FW,FW,23,16.1,segundo_atacante
2664,Igor Miladinović,Saint-Étienne,SRB,"FW,MF",FW,21,0.3,centroavante_goleador
2665,Takumi Minamino,Monaco,JPN,"MF,FW",MF,29,24.8,box_to_box
2666,Lucas Mincarelli,Montpellier,FRA,DF,DF,20,7.9,zagueiro_classico
2667,Terem Moffi,Nice,NGA,FW,FW,25,0.6,centroavante_goleador
2668,Mostafa Mohamed,Nantes,EGY,FW,FW,26,13.9,centroavante_goleador
2669,Florent Mollet,Nantes,FRA,"MF,FW",MF,32,2.7,volante_defensivo
2670,Diego Moreira,Strasbourg,POR,"DF,MF",DF,19,28.5,lateral_ofensivo
2671,Gabriel Moscardo,Reims,BRA,"MF,DF",MF,18,0.9,meia_criativo
2672,Yael Mouanga,Montpellier,FRA,DF,DF,19,10.5,zagueiro_classico
2673,Aimen Moueffek,Saint-Étienne,FRA,MF,MF,23,11.5,volante_defensivo
2674,Youssoufa Moukoko,Nice,GER,"FW,MF",FW,19,2.3,centroavante_goleador
2675,Louis Mouton,Saint-Étienne,FRA,MF,MF,22,11.6,volante_defensivo
2676,Ngal'Ayel Mukau,Lille,COD,MF,MF,19,13.2,volante_defensivo
2677,Marshall Munetsi,Reims,ZIM,MF,MF,28,18.8,volante_defensivo
2678,Almoatasem Al Musrati,Monaco,LBY,MF,MF,28,4.3,meia_criativo
2679,Junior Mwanga,Le Havre,FRA,MF,MF,21,10.6,meia_criativo
2680,Junior Mwanga,Strasbourg,FRA,MF,MF,21,3.3,volante_defensivo
2681,Loïc N'Gatta,Auxerre,FRA,DF,DF,20,0.1,zagueiro_classico
2682,Djylian N'Guessan,Saint-Étienne,FRA,FW,FW,15,2.0,centroavante_goleador
2683,Mickael Nade,Saint-Étienne,FRA,DF,DF,25,25.6,zagueiro_construtor
2684,Bilal Nadir,Marseille,MAR,MF,MF,20,4.3,box_to_box
2685,Mahamadou Nagida,Rennes,CMR,DF,DF,19,4.8,lateral_ofensivo
2686,Keito Nakamura,Reims,JPN,"FW,MF",FW,24,29.4,ponta_dribllador
2687,Sebastian Nanasi,Strasbourg,SWE,"MF,FW",MF,22,23.4,box_to_box
2688,Yael Nandjou,Nice,FRA,DF,DF,19,1.7,zagueiro_classico
2689,Youssouf Ndayishimiye,Nice,BDI,DF,DF,25,21.5,zagueiro_construtor
2690,Junior Ndiaye,Montpellier,FRA,FW,FW,19,4.9,segundo_atacante
2691,Rassoul Ndiaye,Le Havre,SEN,MF,MF,22,11.8,volante_defensivo
2692,Wilfried Ndollo,Montpellier,CMR,DF,DF,19,4.5,zagueiro_classico
2693,Tanguy Ndombele,Nice,FRA,MF,MF,27,12.6,meia_criativo
2694,Loïc Nego,Le Havre,HUN,"DF,FW",DF,33,27.3,zagueiro_construtor
2695,João Neves,Paris S-G,POR,"MF,DF",MF,19,20.5,box_to_box
2696,Mikayil Ngor Faye,Rennes,SEN,DF,DF,20,7.6,zagueiro_classico
2697,Steve Ngoura,Le Havre,FRA,FW,FW,19,3.2,centroavante_goleador
2698,Bernard Nguene,Nice,CMR,FW,FW,17,0.1,centroavante_goleador
2699,Moussa Niakhate,Lyon,SEN,DF,DF,28,30.3,zagueiro_construtor
2700,Abdoulaye Niakhate Ndiaye,Brest,SEN,DF,DF,22,19.0,zagueiro_classico
2701,Ibrahima Niane,Angers,SEN,FW,FW,25,10.5,centroavante_goleador
2702,Rasmus Nicolaisen,Toulouse,DEN,DF,DF,27,6.9,zagueiro_classico
2703,Arnaud Nordin,Montpellier,FRA,FW,FW,26,13.0,ponta_dribllador
2704,Plamedi Nsingi,Nantes,CON,MF,MF,23,0.2,meia_criativo
2705,Ernest Nuamah,Lyon,GHA,"FW,MF",FW,20,11.7,ponta_dribllador
2706,Rabby Nzingoula,Montpellier,CGO,MF,MF,18,18.8,volante_defensivo
2707,M'Bala Nzola,Lens,ANG,FW,FW,27,16.2,ponta_dribllador
2708,Marwann Nzuzi,Saint-Étienne,FRA,DF,DF,20,1.4,zagueiro_classico
2709,Hamzat Ojediran,Lens,NGA,"MF,FW",MF,20,4.6,meia_criativo
2710,Joseph Okumu,Reims,KEN,DF,DF,27,18.8,zagueiro_construtor
2711,Kazeem Olaigbe,Rennes,BEL,"MF,FW",MF,21,3.3,meia_criativo
2712,Ben Old,Saint-Étienne,NZL,"FW,MF",FW,21,5.9,ponta_dribllador
2713,Warmed Omari,Lyon,COM,DF,DF,24,0.1,zagueiro_classico
2714,Becir Omeragic,Montpellier,SUI,DF,DF,22,20.0,zagueiro_classico
2715,Andrew Omobamidele,Strasbourg,IRL,DF,DF,22,6.0,zagueiro_classico
2716,Ado Onaiwu,Auxerre,JPN,"MF,FW",MF,28,10.6,box_to_box
2717,Christopher Operi,Le Havre,CIV,"DF,FW",DF,27,13.0,lateral_ofensivo
2718,Fredrik Oppegard,Auxerre,NOR,DF,DF,21,3.0,zagueiro_classico
2719,Victor Orakpo,Nice,NGA,FW,FW,18,0.4,centroavante_goleador
2720,Ike Orazi,Reims,IRL,MF,MF,17,0.0,volante_defensivo
2721,Gift Orban,Lyon,NGA,"FW,DF",FW,22,2.1,centroavante_goleador
2722,Gabriel Osho,Auxerre,NGA,DF,DF,25,18.4,zagueiro_classico
2723,Jibril Othman,Saint-Étienne,TUN,FW,FW,20,0.1,centroavante_goleador
2724,Guimissongui Ouattara,Strasbourg,FRA,"DF,FW",DF,18,5.2,zagueiro_classico
2725,Kassoum Ouattara,Monaco,FRA,"DF,FW",DF,19,4.3,lateral_ofensivo
2726,Zinédine Ould Khaled,Angers,FRA,MF,MF,24,3.8,volante_defensivo
2727,Beres Owusu,Saint-Étienne,FRA,DF,DF,20,1.0,zagueiro_classico
2728,Elisha Owusu,Auxerre,GHA,MF,MF,26,26.0,volante_defensivo
2729,Willian Pacho,Paris S-G,ECU,DF,DF,22,23.7,zagueiro_classico
2730,Nicolas Pallois,Nantes,FRA,DF,DF,36,22.4,zagueiro_classico
2731,Nicolas Pays,Montpellier,FRA,"FW,MF",FW,20,5.0,ponta_dribllador
2732,Kévin Pedro,Saint-Étienne,FRA,DF,DF,18,0.1,zagueiro_classico
2733,Jordan Pefok,Reims,USA,FW,FW,28,4.2,centroavante_goleador
2734,Théo Pellenard,Auxerre,FRA,DF,DF,30,0.5,zagueiro_classico
2735,Timothee Pembele,Le Havre,FRA,DF,DF,21,12.4,zagueiro_construtor
2736,Faris Pemi Moumbagna,Marseille,CMR,FW,FW,24,0.1,centroavante_goleador
2737,Óscar Perea,Strasbourg,COL,"MF,DF",MF,18,0.2,volante_defensivo
2738,Mathias Pereira Lage,Brest,POR,"FW,MF",FW,27,17.5,ponta_dribllador
2739,Lucas Perri,Lyon,BRA,GK,GK,26,33.0,goleiro_titular
2740,Gaëtan Perrin,Auxerre,FRA,"MF,FW",MF,28,29.9,box_to_box
2741,Prosper Peter,Angers,NGA,"MF,FW",MF,16,0.3,volante_defensivo
2742,Léo Pétrot,Saint-Étienne,FRA,DF,DF,27,29.3,lateral_ofensivo
2743,Đorđe Petrović,Strasbourg,SRB,GK,GK,24,31.0,goleiro_joia
2744,Tom Pouilly,Lens,FRA,"DF,MF",DF,21,3.0,zagueiro_classico
2745,Adrien Rabiot,Marseille,FRA,MF,MF,29,27.6,box_to_box
2746,Gonçalo Ramos,Paris S-G,POR,FW,FW,23,11.8,centroavante_goleador
2747,Lilian Raolisoa,Angers,FRA,"DF,FW",DF,24,14.6,lateral_ofensivo
2748,Rayan Raveloson,Auxerre,MAD,"MF,DF",MF,27,8.0,volante_defensivo
2749,Guillaume Restes,Toulouse,FRA,GK,GK,19,28.3,goleiro_joia
2750,Alexsandro Ribeiro,Lille,BRA,DF,DF,24,30.0,zagueiro_construtor
2751,Alejandro Rodriguez,Lyon,POR,MF,MF,16,0.2,volante_defensivo
2752,Valentin Rongier,Marseille,FRA,"MF,DF",MF,29,17.4,box_to_box
2753,Pablo Rosario,Nice,DOM,"MF,DF",MF,27,19.7,volante_defensivo
2754,Anthony Rouault,Rennes,FRA,DF,DF,23,10.8,zagueiro_classico
2755,Jon Rowe,Marseille,ENG,"FW,MF",FW,21,9.0,segundo_atacante
2756,Fabián Ruiz Peña,Paris S-G,ESP,MF,MF,28,21.4,box_to_box
2757,Gerónimo Rulli,Marseille,ARG,GK,GK,32,34.0,goleiro_titular
2758,Mathew Ryan,Lens,AUS,GK,GK,32,14.0,goleiro_reserva
2759,Emmanuel Sabbi,Le Havre,USA,"FW,MF",FW,26,7.3,centroavante_goleador
2760,Falaye Sacko,Montpellier,MLI,DF,DF,29,13.7,zagueiro_construtor
2761,Matvei Safonov,Paris S-G,RUS,GK,GK,25,9.8,goleiro_joia
2762,Modibo Sagnan,Montpellier,MLI,DF,DF,25,23.8,zagueiro_classico
2763,Osame Sahraoui,Lille,MAR,"FW,MF",FW,23,14.4,ponta_dribllador
2764,Wesley Saïd,Lens,FRA,FW,FW,29,10.1,centroavante_goleador
2765,Théo Sainte-Luce,Montpellier,FRA,DF,DF,25,11.3,zagueiro_classico
2766,Ibrahim Salah,Brest,MAR,FW,FW,22,4.0,segundo_atacante
2767,Amine Salama,Reims,FRA,FW,FW,24,4.1,centroavante_goleador
2768,Mohammed Salisu,Monaco,GHA,DF,DF,25,11.4,zagueiro_construtor
2769,Yoann Salmier,Le Havre,GUF,DF,DF,31,8.9,zagueiro_classico
2770,Mama Samba Baldé,Lyon,GNB,FW,FW,28,0.4,centroavante_goleador
2771,Mama Samba Baldé,Brest,GNB,FW,FW,28,12.8,ponta_dribllador
2772,Brice Samba,Rennes,FRA,GK,GK,30,17.0,goleiro_titular
2773,Brice Samba,Lens,FRA,GK,GK,30,15.0,goleiro_titular
2774,Arouna Sangante,Le Havre,SEN,DF,DF,22,13.8,zagueiro_classico
2775,Nhoa Sangui,Reims,FRA,"DF,MF",DF,18,12.9,lateral_ofensivo
2776,Morgan Sanson,Nice,FRA,MF,MF,29,2.6,box_to_box
2777,Baptiste Santamaria,Nice,FRA,MF,MF,29,10.3,volante_defensivo
2778,Baptiste Santamaria,Rennes,FRA,MF,MF,29,5.4,volante_defensivo
2779,Andrey Santos,Strasbourg,BRA,MF,MF,20,31.7,box_to_box
2780,Tiago Santos,Lille,POR,DF,DF,22,4.5,lateral_ofensivo
2781,Malang Sarr,Lens,FRA,DF,DF,25,15.4,zagueiro_classico
2782,Mamadou Sarr,Strasbourg,FRA,DF,DF,18,26.3,zagueiro_classico
2783,Martin Satriano,Lens,URU,"FW,DF",FW,23,1.0,centroavante_goleador
2784,Téji Savanier,Montpellier,FRA,MF,MF,32,26.3,box_to_box
2785,Niklas Schmidt,Toulouse,GER,MF,MF,26,2.3,meia_criativo
2786,Jérémy Sebas,Strasbourg,MTQ,"FW,MF",FW,21,2.1,centroavante_goleador
2787,Alidu Seidu,Rennes,GHA,DF,DF,24,8.9,zagueiro_construtor
2788,Hiroki Sekine,Reims,JPN,DF,DF,21,9.9,zagueiro_construtor
2789,Marvin Senaya,Strasbourg,TOG,DF,DF,23,2.5,zagueiro_classico
2790,Djibril Sidibé,Toulouse,FRA,DF,DF,32,23.3,lateral_ofensivo
2791,Vincent Sierro,Toulouse,SUI,MF,MF,28,26.7,box_to_box
2792,Caio Henrique Oliveira Silva,Monaco,BRA,DF,DF,27,21.4,lateral_ofensivo
2793,Abdallah Sima,Brest,SEN,"FW,MF",FW,23,13.8,ponta_dribllador
2794,Moses Simon,Nantes,NGA,"FW,MF",FW,29,29.0,ponta_dribllador
2795,Lassine Sinayoko,Auxerre,MLI,"FW,MF",FW,24,25.5,ponta_dribllador
2796,Wilfried Singo,Monaco,CIV,DF,DF,23,23.3,zagueiro_construtor
2797,Ayanda Sishuba,Rennes,BEL,FW,FW,19,0.0,centroavante_goleador
2798,Ibrahim Sissoko,Saint-Étienne,MLI,FW,FW,28,9.1,centroavante_goleador
2799,Niama Sissoko,Reims,MLI,"FW,MF",FW,18,0.5,centroavante_goleador
2800,Leo Skiri Østigård,Rennes,NOR,DF,DF,24,13.6,zagueiro_classico
2801,Milan Škriniar,Paris S-G,SVK,DF,DF,29,4.2,zagueiro_classico
2802,Naatan Skyttä,Toulouse,FIN,FW,FW,22,0.1,centroavante_goleador
2803,Eduard Sobol,Strasbourg,UKR,DF,DF,29,1.1,zagueiro_classico
2804,Florian Sotoca,Lens,FRA,"FW,MF",FW,33,19.9,ponta_dribllador
2805,Issa Soumaré,Le Havre,SEN,"FW,MF",FW,23,21.1,ponta_dribllador
2806,Saidou Sow,Strasbourg,GUI,DF,DF,22,11.3,zagueiro_classico
2807,Saidou Sow,Nantes,GUI,DF,DF,22,8.9,zagueiro_classico
2808,Lucas Stassin,Saint-Étienne,BEL,FW,FW,19,21.0,ponta_dribllador
2809,Enzo Sternal,Marseille,FRA,"FW,MF",FW,17,0.3,segundo_atacante
2810,Gabriel Suazo,Toulouse,CHI,DF,DF,26,24.0,lateral_ofensivo
2811,Abakar Sylla,Strasbourg,CIV,DF,DF,21,10.6,zagueiro_classico
2812,Issiaga Sylla,Montpellier,GUI,DF,DF,30,12.8,zagueiro_construtor
2813,Musa Al-Taamari,Montpellier,JOR,"FW,MF",FW,27,12.4,ponta_dribllador
2814,Musa Al-Taamari,Rennes,JOR,"FW,MF",FW,27,6.3,centroavante_goleador
2815,Nicolás Tagliafico,Lyon,ARG,DF,DF,31,21.1,zagueiro_construtor
2816,Axel Tapé,Paris S-G,FRA,"DF,MF",DF,16,2.0,zagueiro_classico
2817,Florian Tardieu,Saint-Étienne,FRA,MF,MF,32,13.9,box_to_box
2818,Oussama Targhalline,Le Havre,MAR,MF,MF,22,11.0,volante_defensivo
2819,Enzo Tchato,Montpellier,CMR,DF,DF,21,21.1,zagueiro_construtor
2820,Arnau Tenas,Paris S-G,ESP,GK,GK,23,1.0,goleiro_joia
2821,Tanner Tessmann,Lyon,USA,MF,MF,22,13.7,volante_defensivo
2822,Teddy Teuma,Reims,MLT,MF,MF,30,8.3,meia_criativo
2823,Jordan Teze,Monaco,NED,DF,DF,24,6.3,lateral_ofensivo
2824,Sorba Thomas,Nantes,WAL,"FW,MF",FW,24,14.7,ponta_dribllador
2825,Adrien Thomasson,Lens,FRA,MF,MF,30,29.1,box_to_box
2826,Corentin Tolisso,Lyon,FRA,MF,MF,29,25.9,box_to_box
2827,Abdoulaye Touré,Le Havre,GUI,MF,MF,30,25.8,box_to_box
2828,Birama Touré,Montpellier,MLI,"MF,DF",MF,32,3.3,volante_defensivo
2829,Ousmane Toure,Lille,FRA,DF,DF,19,0.1,zagueiro_classico
2830,Adrien Truffert,Rennes,FRA,"DF,MF",DF,22,30.6,lateral_ofensivo
2831,Vanderson,Monaco,BRA,DF,DF,23,22.9,lateral_ofensivo
2832,Robinio Vaz,Marseille,FRA,FW,FW,17,0.8,centroavante_goleador
2833,Jordan Veretout,Lyon,FRA,MF,MF,31,17.3,box_to_box
2834,Ben Viadere,Auxerre,FRA,MF,MF,18,0.1,meia_criativo
2835,Vitinha,Paris S-G,POR,MF,MF,24,22.7,box_to_box
2836,Ibrahima Wadji,Saint-Étienne,SEN,"FW,MF",FW,29,3.9,centroavante_goleador
2837,Elye Wahi,Marseille,FRA,FW,FW,21,6.4,centroavante_goleador
2838,Caleb Wiley,Strasbourg,USA,"DF,MF",DF,19,3.0,zagueiro_classico
2839,Christopher Wooh,Rennes,CMR,DF,DF,22,16.2,zagueiro_classico
2840,Etienne Youte Kinkoue,Le Havre,FRA,DF,DF,22,25.8,zagueiro_classico
2841,Eloge Zabi,Reims,CIV,"DF,MF",DF,17,0.2,zagueiro_classico
2842,Yoram Zague,Paris S-G,FRA,"DF,FW",DF,18,2.0,zagueiro_classico
2843,Wilfried Zaha,Lyon,CIV,FW,FW,31,0.8,centroavante_goleador
2844,Warren Zaïre-Emery,Paris S-G,FRA,"MF,DF",MF,18,22.8,box_to_box
2845,Miha Zajc,Toulouse,SVN,MF,MF,30,2.9,volante_defensivo
2846,Denis Zakaria,Monaco,SUI,MF,MF,27,23.8,box_to_box
2847,Anass Zaroury,Lens,MAR,"FW,MF",FW,23,15.6,ponta_dribllador
2848,Nathan Zeze,Nantes,FRA,DF,DF,19,16.8,zagueiro_classico
2849,Edon Zhegrova,Lille,KVX,"FW,MF",FW,25,10.9,ponta_dribllador
2850,Melvin Zinga,Angers,FRA,GK,GK,22,1.0,goleiro_joia
2851,Luck Zogbé,Brest,CIV,DF,DF,19,7.1,zagueiro_classico
2852,Aristide Zossou,Auxerre,CIV,MF,MF,19,0.2,volante_defensivo
2853,Yanis Zouaoui,Le Havre,ALG,"DF,FW",DF,30,10.8,lateral_ofensivo
2854,Edhy Zuliani,Toulouse,FRA,DF,DF,19,0.1,zagueiro_classico
2855,Abner,Juventude,BRA,DF,DF,21,5.5,zagueiro_classico
2856,Nicolás Acevedo,Bahia,URU,"MF,DF",MF,26,3.4,volante_defensivo
2857,Adson,Vasco da Gama,BRA,"FW,MF",FW,24,2.3,segundo_atacante
2858,Braian Aguirre,Internacional,ARG,DF,DF,24,11.9,zagueiro_construtor
2859,Carlos Alberto,Sport Recife,BRA,"FW,MF",FW,23,3.7,centroavante_goleador
2860,Yuri Alberto,Corinthians,BRA,FW,FW,24,8.1,centroavante_goleador
2861,José Aldo,Mirassol,BRA,MF,MF,26,5.7,volante_defensivo
2862,Alesson,Mirassol,BRA,FW,FW,26,1.0,segundo_atacante
2863,Caio Alexandre,Bahia,BRA,MF,MF,26,10.0,volante_defensivo
2864,Matheus Alexandre,Sport Recife,BRA,DF,DF,26,3.0,zagueiro_classico
2865,Alisson,São Paulo,BRA,MF,MF,32,12.4,volante_defensivo
2866,Allan,Flamengo,BRA,MF,MF,28,3.0,volante_defensivo
2867,Allan,Palmeiras,BRA,"DF,MF",DF,21,2.2,zagueiro_classico
2868,Allan,Botafogo (RJ),BRA,"MF,FW",MF,34,2.9,volante_defensivo
2869,Allanzinho,Fortaleza,BRA,"MF,FW",MF,25,1.4,meia_criativo
2870,Júnior Alonso,Atlético Mineiro,PAR,DF,DF,32,12.2,zagueiro_construtor
2871,Matheus Alves,São Paulo,BRA,"MF,FW",MF,20,4.1,meia_criativo
2872,Francis Amuzu,Grêmio,BEL,FW,FW,25,4.9,centroavante_goleador
2873,Felipe Anderson,Palmeiras,BRA,"DF,FW",DF,32,5.7,zagueiro_classico
2874,Kervin Andrade,Fortaleza,VEN,"FW,MF",FW,20,0.9,segundo_atacante
2875,José Andrés Martínez,Corinthians,VEN,MF,MF,30,7.0,volante_defensivo
2876,Wilker Ángel,Juventude,VEN,DF,DF,32,5.0,zagueiro_classico
2877,Fabrizio Angileri,Corinthians,ARG,DF,DF,31,6.7,zagueiro_classico
2878,Anthoni,Internacional,BRA,GK,GK,23,11.5,goleiro_joia
2879,Marcos Antônio,São Paulo,BRA,MF,MF,25,8.3,volante_defensivo
2880,Guilherme Arana,Atlético Mineiro,BRA,DF,DF,28,4.0,lateral_ofensivo
2881,Willian Arão,Santos,BRA,MF,MF,32,0.0,volante_defensivo
2882,Luiz Araújo,Flamengo,BRA,"FW,MF",FW,29,7.1,segundo_atacante
2883,Matheus Araújo,Ceará,BRA,"MF,FW",MF,23,2.2,meia_criativo
2884,Michel Araujo,Bahia,URU,MF,MF,28,1.9,box_to_box
2885,Alexander Aravena,Grêmio,CHI,"FW,MF",FW,22,2.4,centroavante_goleador
2886,Robert Arboleda,São Paulo,ECU,DF,DF,33,10.0,zagueiro_classico
2887,Lucas Arcanjo,Vitória,BRA,GK,GK,26,13.0,goleiro_joia
2888,Matias Arezo,Grêmio,URU,FW,FW,22,3.0,segundo_atacante
2889,Jhon Arias,Fluminense,COL,FW,FW,27,12.0,ponta_dribllador
2890,Santiago Arias,Bahia,COL,DF,DF,33,1.3,zagueiro_classico
2891,Arthur,Sport Recife,BRA,FW,FW,22,2.2,segundo_atacante
2892,Artur,Botafogo (RJ),BRA,"FW,MF",FW,27,10.4,ponta_dribllador
2893,Rodrigo Atencio,Sport Recife,ARG,"FW,MF",FW,23,2.5,segundo_atacante
2894,Loide Augusto,Vasco da Gama,ANG,"FW,MF",FW,25,2.0,centroavante_goleador
2895,Leo Augusto Pereira,Vitória,BRA,"FW,MF",FW,25,1.8,centroavante_goleador
2896,Renato Augusto,Fluminense,BRA,"MF,FW",MF,37,0.2,volante_defensivo
2897,Gastón Ávila,Fortaleza,ARG,DF,DF,23,4.1,zagueiro_classico
2898,Aylon,Ceará,BRA,FW,FW,33,3.2,centroavante_goleador
2899,Matheus Babi,Juventude,BRA,FW,FW,28,1.4,centroavante_goleador
2900,Matheus Bahia,Ceará,BRA,DF,DF,25,8.9,lateral_ofensivo
2901,Gabriel Baralhas,Vitória,BRA,"MF,DF",MF,26,8.9,volante_defensivo
2902,Danilo Barbosa,Botafogo (RJ),BRA,"DF,MF",DF,29,0.4,zagueiro_classico
2903,Diogo Barbosa,Fortaleza,BRA,"DF,FW",DF,32,4.9,zagueiro_classico
2904,Gabriel Barbosa,Cruzeiro,BRA,"FW,MF",FW,28,3.6,segundo_atacante
2905,Lucas Barbosa,RB Bragantino,BRA,FW,FW,24,8.5,segundo_atacante
2906,Alexander Barboza,Botafogo (RJ),ARG,DF,DF,30,7.0,zagueiro_classico
2907,Adam Bareiro,Fortaleza,PAR,FW,FW,28,0.1,centroavante_goleador
2908,Chrystian Barletta,Sport Recife,BRA,"FW,MF",FW,24,9.5,ponta_dribllador
2909,Álvaro Barreal,Santos,ARG,"FW,MF",FW,24,8.1,centroavante_goleador
2910,Enmerson Batalla,Juventude,COL,"FW,MF",FW,24,9.8,centroavante_goleador
2911,Paulo Baya,Fluminense,BRA,"MF,FW",MF,25,0.4,meia_criativo
2912,José Luis Rodríguez Bebanz,Vasco da Gama,URU,DF,DF,28,2.3,zagueiro_classico
2913,Luis Benedetti,Palmeiras,BRA,DF,DF,19,1.0,zagueiro_classico
2914,Alan Benítez,Internacional,PAR,DF,DF,31,0.5,zagueiro_classico
2915,Alexandro Bernabei,Internacional,ARG,DF,DF,24,7.9,lateral_ofensivo
2916,Facundo Bernal,Fluminense,URU,MF,MF,21,3.3,volante_defensivo
2917,Bernard,Atlético Mineiro,BRA,"FW,MF",FW,32,2.4,segundo_atacante
2918,Matheus Bianqui,Mirassol,BRA,"MF,FW",MF,27,0.7,volante_defensivo
2919,Matheus Bidu,Corinthians,BRA,DF,DF,26,6.7,lateral_ofensivo
2920,Damián Bobadilla,São Paulo,PAR,MF,MF,24,6.5,volante_defensivo
2921,Yannick Bolasie,Cruzeiro,COD,FW,FW,36,1.1,centroavante_goleador
2922,Gabriel Bontempo,Santos,BRA,"MF,FW",MF,20,5.6,meia_criativo
2923,Thiago Borbas,RB Bragantino,URU,"FW,MF",FW,23,1.7,centroavante_goleador
2924,Daniel Borges,Mirassol,BRA,DF,DF,32,2.9,zagueiro_classico
2925,Marllon Borges,Ceará,BRA,DF,DF,33,13.0,zagueiro_classico
2926,Pedro Borges,Fortaleza,BRA,MF,MF,28,0.4,volante_defensivo
2927,Pedro Borges,Sport Recife,BRA,MF,MF,28,0.1,volante_defensivo
2928,Rafael Borré,Internacional,COL,FW,FW,29,4.5,centroavante_goleador
2929,Lucas Braga,Vitória,BRA,"FW,MF",FW,28,4.3,centroavante_goleador
2930,Martin Braithwaite,Grêmio,DEN,FW,FW,34,9.9,centroavante_goleador
2931,Gabriel Brazão,Santos,BRA,GK,GK,24,14.0,goleiro_joia
2932,Brenno,Fortaleza,BRA,GK,GK,26,1.0,goleiro_reserva
2933,Breno,Fortaleza,BRA,"FW,MF",FW,29,6.8,ponta_dribllador
2934,Breno,Corinthians,BRA,MF,MF,20,10.8,volante_defensivo
2935,Emanuel Brítez,Fortaleza,ARG,DF,DF,33,2.7,zagueiro_classico
2936,Bruninho,Fortaleza,BRA,MF,MF,20,0.8,volante_defensivo
2937,Fabrício Bruno,Cruzeiro,BRA,DF,DF,29,13.0,zagueiro_classico
2938,Arthur Cabral,Botafogo (RJ),BRA,FW,FW,27,1.8,centroavante_goleador
2939,Cacá,Corinthians,BRA,DF,DF,26,10.7,zagueiro_classico
2940,Raúl Cáceres,Vitória,PAR,DF,DF,33,4.0,zagueiro_classico
2941,Calebe,Fortaleza,BRA,MF,MF,25,2.5,meia_criativo
2942,Jonathan Calleri,São Paulo,ARG,FW,FW,31,1.3,centroavante_goleador
2943,Camilo,Grêmio,BRA,MF,MF,26,4.4,volante_defensivo
2944,Germán Cano,Fluminense,ARG,FW,FW,37,6.0,centroavante_goleador
2945,Agustín Canobbio,Fluminense,URU,FW,FW,26,5.7,segundo_atacante
2946,Juninho Capixaba,RB Bragantino,BRA,DF,DF,28,12.0,zagueiro_construtor
2947,Johan Carbonero,Internacional,COL,FW,FW,26,2.5,centroavante_goleador
2948,Edson Carioca,Mirassol,BRA,FW,FW,28,7.7,segundo_atacante
2949,Igor Cariús,Sport Recife,BRA,DF,DF,32,7.9,zagueiro_construtor
2950,Carlinhos,Vitória,BRA,FW,FW,28,1.5,centroavante_goleador
2951,Antonio Carlos,Sport Recife,BRA,DF,DF,32,3.0,zagueiro_classico
2952,Jean Carlos Vicente,Juventude,BRA,"MF,FW",MF,33,2.3,meia_criativo
2953,André Carrillo,Corinthians,PER,MF,MF,34,8.6,volante_defensivo
2954,Gabriel Carvalho,Internacional,BRA,FW,FW,17,0.8,centroavante_goleador
2955,Cássio,Cruzeiro,BRA,GK,GK,38,14.0,goleiro_reserva
2956,Iury de Castilho,Mirassol,BRA,FW,FW,29,5.5,centroavante_goleador
2957,Murilo Cerqueira,Palmeiras,BRA,DF,DF,28,3.7,zagueiro_classico
2958,Kayky Chagas,Bahia,BRA,"FW,MF",FW,22,2.4,centroavante_goleador
2959,Chico,Mirassol,BRA,"MF,FW",MF,34,1.6,volante_defensivo
2960,Chico,Sport Recife,BRA,DF,DF,26,11.5,zagueiro_classico
2961,Christian,Cruzeiro,BRA,FW,FW,24,9.7,segundo_atacante
2962,Claudinho,Vitória,BRA,DF,DF,24,8.7,zagueiro_construtor
2963,Clayson,Mirassol,BRA,FW,FW,30,2.8,segundo_atacante
2964,Clayton,Internacional,BRA,DF,DF,25,1.5,zagueiro_classico
2965,Mateus Cocão,Vasco da Gama,BRA,MF,MF,23,3.7,volante_defensivo
2966,Igor Coronado,Corinthians,BRA,MF,MF,32,3.8,box_to_box
2967,Joaquín Correa,Botafogo (RJ),ARG,MF,MF,30,0.5,meia_criativo
2968,Francisco da Costa,Mirassol,BRA,FW,FW,30,1.3,centroavante_goleador
2969,Philippe Coutinho,Vasco da Gama,BRA,MF,MF,33,7.3,meia_criativo
2970,Franco Cristaldo,Grêmio,ARG,"MF,FW",MF,28,6.9,meia_criativo
2971,Gustavo Cuellar,Grêmio,COL,MF,MF,32,0.9,volante_defensivo
2972,Tomás Cuello,Atlético Mineiro,ARG,"FW,MF",FW,25,8.0,ponta_dribllador
2973,Cuiabano,Botafogo (RJ),BRA,"DF,MF",DF,22,6.5,lateral_ofensivo
2974,Lucas Cunha,Sport Recife,BRA,DF,DF,28,4.8,zagueiro_classico
2975,Danielzinho,Mirassol,BRA,"MF,FW",MF,30,13.0,volante_defensivo
2976,Danilo,Flamengo,BRA,DF,DF,34,3.6,zagueiro_classico
2977,David,Vasco da Gama,BRA,FW,FW,29,0.9,segundo_atacante
2978,Matheus Davó,Mirassol,BRA,"FW,MF",FW,25,0.4,segundo_atacante
2979,Giorgian De Arrascaeta,Flamengo,URU,MF,MF,31,9.4,meia_criativo
2980,Nicolás De La Cruz,Flamengo,URU,MF,MF,28,6.6,volante_defensivo
2981,Gabriel Delfim,Atlético Mineiro,BRA,GK,GK,23,1.0,goleiro_joia
2982,Deyverson,Fortaleza,BRA,FW,FW,34,5.5,centroavante_goleador
2983,Enzo Díaz,São Paulo,ARG,DF,DF,29,10.1,lateral_ofensivo
2984,Lautaro Díaz,Cruzeiro,ARG,"FW,MF",FW,27,0.8,segundo_atacante
2985,Dieguinho,Ceará,BRA,MF,MF,29,12.7,volante_defensivo
2986,Dieguinho,Corinthians,BRA,FW,FW,18,0.3,centroavante_goleador
2987,Dodi,Grêmio,BRA,MF,MF,29,9.4,volante_defensivo
2988,Fabricio Domínguez,Sport Recife,URU,MF,MF,27,1.1,volante_defensivo
2989,Matheus Donelli,Corinthians,BRA,GK,GK,23,5.0,goleiro_joia
2990,Thiago dos Santos,Fluminense,BRA,MF,MF,35,0.9,volante_defensivo
2991,David Duarte,Bahia,BRA,DF,DF,30,10.9,zagueiro_classico
2992,Dudu,Cruzeiro,BRA,"FW,MF",FW,33,2.4,centroavante_goleador
2993,Dudu,Atlético Mineiro,BRA,"MF,FW",MF,33,1.5,volante_defensivo
2994,Edenílson,Grêmio,BRA,"MF,FW",MF,35,5.8,meia_criativo
2995,Eder,Ceará,BRA,DF,DF,30,1.0,zagueiro_classico
2996,EDU,Vitória,BRA,DF,DF,25,5.1,zagueiro_classico
2997,Carlos Eduardo,Cruzeiro,BRA,"MF,FW",MF,35,2.8,volante_defensivo
2998,Carlos Eduardo,Mirassol,BRA,FW,FW,28,0.2,segundo_atacante
2999,Carlos Eduardo,Vitória,BRA,"FW,DF",FW,28,0.5,centroavante_goleador
3000,Alysson Edward,Grêmio,BRA,"FW,MF",FW,19,5.5,segundo_atacante
3001,Rodrigo Ely,Grêmio,BRA,DF,DF,31,0.4,zagueiro_classico
3002,Leandro Emmanuel Martínez,Fortaleza,ARG,MF,MF,31,7.9,volante_defensivo
3003,Ênio,Juventude,BRA,"FW,MF",FW,24,5.6,centroavante_goleador
3004,Erick,Bahia,BRA,"MF,DF",MF,27,4.6,meia_criativo
3005,Erick,Vitória,BRA,"FW,MF",FW,27,5.7,segundo_atacante
3006,Gonzalo Escobar,Santos,ARG,DF,DF,28,12.0,zagueiro_classico
3007,Lucas Esteves,Grêmio,BRA,DF,DF,25,4.7,zagueiro_classico
3008,Lucas Evangelista,Palmeiras,BRA,MF,MF,30,3.9,meia_criativo
3009,Éverson,Atlético Mineiro,BRA,GK,GK,34,12.0,goleiro_reserva
3010,Evertton,Flamengo,BRA,MF,MF,22,3.6,meia_criativo
3011,Ewerton,Juventude,BRA,DF,DF,24,9.8,zagueiro_classico
3012,Fabinho,RB Bragantino,BRA,MF,MF,23,3.1,meia_criativo
3013,Fábio,Fluminense,BRA,GK,GK,44,12.0,goleiro_reserva
3014,Fabrício,Mirassol,BRA,"FW,MF",FW,28,3.3,centroavante_goleador
3015,Fabrício,Vitória,BRA,"FW,MF",FW,24,2.5,segundo_atacante
3016,Fagner,Cruzeiro,BRA,DF,DF,36,7.2,zagueiro_classico
3017,Marcos Felipe,Bahia,BRA,GK,GK,29,10.8,goleiro_reserva
3018,Matheus Fernandes,RB Bragantino,BRA,MF,MF,27,3.8,volante_defensivo
3019,Nathan Fernandes,Botafogo (RJ),BRA,"FW,MF",FW,20,1.9,centroavante_goleador
3020,Fernandinho,Ceará,BRA,FW,FW,28,2.4,centroavante_goleador
3021,Fernando,Internacional,BRA,"MF,DF",MF,37,4.6,volante_defensivo
3022,Nahuel Ferraresi,São Paulo,VEN,DF,DF,26,9.2,zagueiro_construtor
3023,Ferreira,São Paulo,BRA,"FW,MF",FW,27,6.8,segundo_atacante
3024,Bruno Ferreira,Ceará,BRA,GK,GK,31,5.7,goleiro_reserva
3025,Lucas Ferreira,São Paulo,BRA,FW,FW,19,8.4,ponta_dribllador
3026,Luiz Filipe,Mirassol,BRA,FW,FW,24,0.2,centroavante_goleador
3027,André Filipinho,Juventude,BRA,DF,DF,28,3.4,zagueiro_classico
3028,Caíque França,Sport Recife,BRA,GK,GK,30,11.0,goleiro_reserva
3029,Ryan Francisco,São Paulo,BRA,"FW,MF",FW,18,2.3,centroavante_goleador
3030,Alan Franco,Atlético Mineiro,ECU,MF,MF,26,8.5,volante_defensivo
3031,Alan Franco,São Paulo,ARG,DF,DF,28,10.8,zagueiro_classico
3032,Lucas Freitas,Vasco da Gama,BRA,DF,DF,24,9.2,zagueiro_classico
3033,Marlon Freitas,Botafogo (RJ),BRA,MF,MF,30,12.3,meia_criativo
3034,Riquelme Freitas,Grêmio,BRA,"MF,FW",MF,18,0.5,volante_defensivo
3035,Juan Freytes,Fluminense,ARG,DF,DF,25,12.0,zagueiro_classico
3036,Bruno Fuchs,Palmeiras,BRA,DF,DF,26,5.6,zagueiro_classico
3037,Gabriel Fuentes,Fluminense,COL,DF,DF,28,3.8,zagueiro_classico
3038,Gabriel,Bahia,BRA,DF,DF,24,1.5,zagueiro_classico
3039,Gabriel,Mirassol,BRA,"MF,FW",MF,35,7.6,meia_criativo
3040,Gabriel,Vitória,BRA,GK,GK,32,1.0,goleiro_reserva
3041,Gabriel,Sport Recife,BRA,GK,GK,32,1.0,goleiro_reserva
3042,Gabriel,RB Bragantino,BRA,MF,MF,33,11.8,volante_defensivo
3043,Victor Gabriel,Internacional,BRA,DF,DF,21,4.0,zagueiro_classico
3044,Antonio Galeano,Ceará,PAR,FW,FW,25,11.9,ponta_dribllador
3045,Emerson Galego,Juventude,BRA,"FW,MF",FW,25,0.3,centroavante_goleador
3046,Mateo Gamarra,Cruzeiro,PAR,DF,DF,24,1.7,zagueiro_classico
3047,Ganso,Fluminense,BRA,MF,MF,35,3.1,volante_defensivo
3048,Maurício Garcez,Juventude,BRA,"FW,MF",FW,28,0.7,centroavante_goleador
3049,Benjamín Garré,Vasco da Gama,ARG,"FW,MF",FW,25,3.0,segundo_atacante
3050,Rodrigo Garro,Corinthians,ARG,MF,MF,27,4.4,meia_criativo
3051,Gerson,Flamengo,BRA,"FW,MF",FW,28,7.9,segundo_atacante
3052,Agustín Giay,Palmeiras,ARG,DF,DF,21,9.8,zagueiro_construtor
3053,Gil,Santos,BRA,DF,DF,38,6.0,zagueiro_classico
3054,Gilberto,Bahia,BRA,DF,DF,32,10.7,zagueiro_construtor
3055,Gilberto,Juventude,BRA,FW,FW,36,5.1,centroavante_goleador
3056,Giovanny,Juventude,BRA,"FW,MF",FW,27,4.0,segundo_atacante
3057,Daniel Giraldo,Juventude,COL,MF,MF,33,5.5,volante_defensivo
3058,Leonardo Godoy,Santos,ARG,DF,DF,30,4.6,zagueiro_classico
3059,Davi Goes,Juventude,BRA,MF,MF,20,0.7,volante_defensivo
3060,Fredi Gomes,Bahia,BRA,DF,DF,19,1.0,zagueiro_classico
3061,Igor Gomes,Atlético Mineiro,BRA,"MF,FW",MF,26,4.3,meia_criativo
3062,Gustavo Gómez,Palmeiras,PAR,DF,DF,32,8.9,zagueiro_classico
3063,Nuno Gonçalo Moreira,Vasco da Gama,POR,FW,FW,26,11.4,ponta_dribllador
3064,Matheus Gonçalves,Flamengo,BRA,FW,FW,19,0.4,centroavante_goleador
3065,Gregore,Botafogo (RJ),BRA,MF,MF,31,10.9,volante_defensivo
3066,Guga,Fluminense,BRA,DF,DF,26,2.7,zagueiro_classico
3067,Guilherme,Santos,BRA,"FW,MF",FW,30,10.2,ponta_dribllador
3068,Guilherme,RB Bragantino,BRA,DF,DF,23,2.9,zagueiro_classico
3069,Gustavinho,RB Bragantino,BRA,MF,MF,21,1.1,volante_defensivo
3070,Gustavo,Juventude,BRA,GK,GK,32,6.5,goleiro_reserva
3071,Luiz Gustavo,São Paulo,BRA,MF,MF,37,1.0,meia_criativo
3072,Luiz Gustavo,Vasco da Gama,BRA,DF,DF,19,3.2,zagueiro_classico
3073,Ryan Gustavo,Corinthians,BRA,MF,MF,22,2.5,volante_defensivo
3074,Lucas Halter,Vitória,BRA,DF,DF,25,12.0,zagueiro_classico
3075,Héctor,Corinthians,ESP,"FW,MF",FW,29,2.7,centroavante_goleador
3076,Henrique,São Paulo,BRA,FW,FW,18,0.0,centroavante_goleador
3077,Bruno Henrique,Flamengo,BRA,"FW,MF",FW,34,8.3,ponta_dribllador
3078,Bruno Henrique,Internacional,BRA,MF,MF,35,7.1,meia_criativo
3079,Dalbert Henrique,Sport Recife,BRA,"DF,FW",DF,31,1.2,zagueiro_classico
3080,Gustavo Henrique,Corinthians,BRA,DF,DF,32,4.0,zagueiro_classico
3081,Matheus Henrique,Cruzeiro,BRA,MF,MF,27,2.0,volante_defensivo
3082,Paulo Henrique,Vasco da Gama,BRA,DF,DF,28,11.7,lateral_ofensivo
3083,Pedro Henrique,Ceará,BRA,FW,FW,35,5.8,centroavante_goleador
3084,Pedro Henrique,RB Bragantino,BRA,DF,DF,29,13.0,zagueiro_classico
3085,Hércules,Fluminense,BRA,MF,MF,24,6.8,box_to_box
3086,Diogo Hereda,Sport Recife,BRA,DF,DF,26,9.4,lateral_ofensivo
3087,Marcelo Hermes,Juventude,BRA,DF,DF,30,1.0,zagueiro_classico
3088,José Herrera,Fortaleza,ARG,FW,FW,22,0.2,centroavante_goleador
3089,Lucca Holanda,Internacional,BRA,"FW,MF",FW,22,1.8,centroavante_goleador
3090,Hudson,Juventude,BRA,MF,MF,24,0.7,volante_defensivo
3091,Hugo,Corinthians,BRA,DF,DF,27,1.7,zagueiro_classico
3092,Vitor Hugo,Atlético Mineiro,BRA,DF,DF,34,2.1,zagueiro_classico
3093,Hulk,Atlético Mineiro,BRA,FW,FW,38,11.1,ponta_dribllador
3094,José Hurtado,RB Bragantino,ECU,DF,DF,23,10.4,zagueiro_construtor
3095,Hyan,Santos,BRA,MF,MF,21,0.1,volante_defensivo
3096,Iago,Bahia,BRA,"DF,MF",DF,28,2.3,zagueiro_classico
3097,Ignácio,Fluminense,BRA,DF,DF,28,4.1,zagueiro_classico
3098,Juan Ignacio Dinenno,Cruzeiro,ARG,FW,FW,30,0.1,centroavante_goleador
3099,Juan Ignacio Dinenno,São Paulo,ARG,FW,FW,30,0.8,centroavante_goleador
3100,Isaac,Atlético Mineiro,BRA,DF,DF,21,0.1,zagueiro_classico
3101,Isaque,Fluminense,BRA,MF,MF,18,0.2,volante_defensivo
3102,Zé Ivaldo,Santos,BRA,DF,DF,28,11.5,zagueiro_classico
3103,Jadson,Juventude,BRA,MF,MF,31,10.9,volante_defensivo
3104,Jair,Vasco da Gama,BRA,MF,MF,30,3.9,volante_defensivo
3105,Jamerson,Vitória,BRA,DF,DF,26,11.4,lateral_ofensivo
3106,Janderson,Vitória,BRA,"FW,MF",FW,26,8.1,centroavante_goleador
3107,Léo Jardim,Vasco da Gama,BRA,GK,GK,30,14.0,goleiro_reserva
3108,Jeffinho,Botafogo (RJ),BRA,MF,MF,25,0.6,meia_criativo
3109,Jefinho,Sport Recife,BRA,MF,MF,18,0.3,meia_criativo
3110,Jemerson,Grêmio,BRA,DF,DF,32,8.6,zagueiro_classico
3111,Jemmes,Mirassol,BRA,DF,DF,25,13.0,zagueiro_classico
3112,Caíque de Jesus Gonçalves,Juventude,BRA,MF,MF,29,3.8,volante_defensivo
3113,Igor Jesus,Botafogo (RJ),BRA,FW,FW,24,9.7,centroavante_goleador
3114,Maykon Jesus,Vitória,BRA,DF,DF,19,2.5,zagueiro_classico
3115,John,Botafogo (RJ),BRA,GK,GK,29,13.0,goleiro_reserva
3116,Jonathan,Cruzeiro,BRA,DF,DF,21,3.2,zagueiro_classico
3117,Kaio Jorge,Cruzeiro,BRA,FW,FW,23,11.0,centroavante_goleador
3118,Jorginho,Flamengo,ITA,MF,MF,33,1.9,volante_defensivo
3119,José,Cruzeiro,BRA,DF,DF,19,0.0,zagueiro_classico
3120,Willian José,Bahia,BRA,FW,FW,33,6.0,segundo_atacante
3121,Jhonatan Jowjow,RB Bragantino,BRA,"MF,FW",MF,22,12.1,box_to_box
3122,Luciano Juba,Bahia,BRA,DF,DF,25,12.9,lateral_ofensivo
3123,Juninho,Flamengo,BRA,FW,FW,28,2.4,centroavante_goleador
3124,Juninho,Internacional,BRA,DF,DF,29,5.0,zagueiro_classico
3125,Robinho Junior,Santos,BRA,"FW,MF",FW,17,0.5,segundo_atacante
3126,Kaiki,Cruzeiro,BRA,DF,DF,22,12.9,lateral_ofensivo
3127,Walter Kannemann,Grêmio,ARG,DF,DF,34,5.7,zagueiro_classico
3128,Kanu,Bahia,BRA,DF,DF,28,1.1,zagueiro_classico
3129,Kayke,Corinthians,BRA,FW,FW,21,0.1,centroavante_goleador
3130,Renato Kayser,Vitória,BRA,FW,FW,29,5.8,centroavante_goleador
3131,Kenji,Cruzeiro,BRA,FW,FW,19,0.1,centroavante_goleador
3132,Keno,Fluminense,BRA,FW,FW,35,1.3,centroavante_goleador
3133,Kevyson,Santos,BRA,DF,DF,21,0.2,zagueiro_classico
3134,Kevyson,Sport Recife,BRA,"DF,MF",DF,21,0.5,zagueiro_classico
3135,Benjamín Kuscevic,Fortaleza,CHI,DF,DF,29,12.9,zagueiro_classico
3136,Ignacio Laquintana,RB Bragantino,URU,FW,FW,26,2.5,centroavante_goleador
3137,Joaquín Lavega,Fluminense,URU,DF,DF,20,0.1,zagueiro_classico
3138,Lelê,Ceará,BRA,FW,FW,27,1.2,centroavante_goleador
3139,Mauricio Lemos,Vasco da Gama,URU,DF,DF,29,1.0,zagueiro_classico
3140,Rubén Lezcano,Fluminense,PAR,MF,MF,21,0.5,meia_criativo
3141,Lima,Fluminense,BRA,MF,MF,29,4.6,meia_criativo
3142,Lucas Lima,Ceará,BRA,MF,MF,25,0.4,volante_defensivo
3143,Lucas Lima,Sport Recife,BRA,"MF,FW",MF,35,9.7,volante_defensivo
3144,Kauan Lindes,Botafogo (RJ),BRA,MF,MF,21,0.3,meia_criativo
3145,Lenny Lobato,Sport Recife,BRA,FW,FW,24,2.7,centroavante_goleador
3146,David Loiola,Botafogo (RJ),BRA,DF,DF,22,5.5,zagueiro_classico
3147,José López,Palmeiras,ARG,FW,FW,24,6.0,centroavante_goleador
3148,Renzo López,Vitória,URU,FW,FW,31,0.6,centroavante_goleador
3149,Lourenço,Ceará,BRA,MF,MF,27,3.6,volante_defensivo
3150,Lucão,RB Bragantino,BRA,GK,GK,24,2.0,goleiro_reserva
3151,Ayrton Lucas,Flamengo,BRA,DF,DF,28,2.9,zagueiro_classico
3152,Jean Lucas,Bahia,BRA,MF,MF,27,9.6,volante_defensivo
3153,João Lucas,Grêmio,BRA,DF,DF,27,0.5,zagueiro_classico
3154,Zé Lucas,Sport Recife,BRA,MF,MF,17,5.7,volante_defensivo
3155,Luciano,São Paulo,BRA,"MF,FW",MF,32,9.3,meia_criativo
3156,Luighi,Palmeiras,BRA,"FW,DF",FW,19,0.6,segundo_atacante
3157,Victor Luis,Vasco da Gama,BRA,DF,DF,32,1.0,zagueiro_classico
3158,Luisão,Santos,BRA,DF,DF,21,1.9,zagueiro_classico
3159,David Luiz,Fortaleza,BRA,DF,DF,38,4.4,zagueiro_classico
3160,Guilherme Luiz,Ceará,BRA,FW,FW,20,1.5,segundo_atacante
3161,Lyanco,Atlético Mineiro,BRA,DF,DF,28,9.0,zagueiro_classico
3162,Everton Maceió,Mirassol,BRA,"FW,MF",FW,22,1.5,segundo_atacante
3163,Willian Machado,Ceará,BRA,DF,DF,28,12.8,zagueiro_classico
3164,Talles Magno,Corinthians,BRA,"FW,MF",FW,23,5.6,ponta_dribllador
3165,Magrão,Fortaleza,BRA,GK,GK,25,1.0,goleiro_reserva
3166,Gustavo Maia,Sport Recife,BRA,FW,FW,24,0.2,segundo_atacante
3167,Pablo Maia,São Paulo,BRA,MF,MF,23,3.7,volante_defensivo
3168,Thiago Maia,Internacional,BRA,MF,MF,28,6.3,meia_criativo
3169,Léo Mana,Corinthians,BRA,DF,DF,21,2.0,zagueiro_classico
3170,Gustavo Mancha,Fortaleza,BRA,DF,DF,20,9.4,zagueiro_classico
3171,Eros Mancuso,Fortaleza,ARG,"DF,FW",DF,26,6.9,zagueiro_classico
3172,Luis Mandaca,Juventude,BRA,"MF,FW",MF,23,8.8,volante_defensivo
3173,Elias Manoel,Botafogo (RJ),BRA,"MF,FW",MF,23,0.3,volante_defensivo
3174,Fernando Marçal,Botafogo (RJ),BRA,DF,DF,36,0.3,zagueiro_classico
3175,Marcão,Juventude,BRA,GK,GK,33,5.5,goleiro_reserva
3176,João Marcelo,Atlético Mineiro,BRA,FW,FW,20,0.6,centroavante_goleador
3177,Zé Marcos,Vitória,BRA,DF,DF,27,10.5,zagueiro_classico
3178,Marinho,Fortaleza,BRA,FW,FW,35,5.4,segundo_atacante
3179,Marlon,Cruzeiro,BRA,DF,DF,28,0.1,zagueiro_classico
3180,Marlon,Grêmio,BRA,DF,DF,28,9.0,zagueiro_classico
3181,Lucca Marques,São Paulo,BRA,"FW,MF",FW,18,1.3,centroavante_goleador
3182,Marquinhos,Cruzeiro,BRA,"FW,MF",FW,22,1.7,segundo_atacante
3183,Juan Martín Lucero,Fortaleza,ARG,FW,FW,33,9.3,segundo_atacante
3184,Martinelli,Fluminense,BRA,MF,MF,24,11.3,box_to_box
3185,Alejandro Martínez,Ceará,ARG,FW,FW,28,0.5,segundo_atacante
3186,Emiliano Martínez,Palmeiras,URU,MF,MF,25,6.7,volante_defensivo
3187,Adriano Martins,Juventude,BRA,DF,DF,28,4.0,zagueiro_classico
3188,Andre Martins,Grêmio,BRA,FW,FW,23,1.5,centroavante_goleador
3189,Matheus Martins,Botafogo (RJ),BRA,"FW,MF",FW,22,3.1,ponta_dribllador
3190,Gustavo Martins Santos,Grêmio,BRA,DF,DF,22,3.7,zagueiro_classico
3191,Gonzalo Mastriani,Botafogo (RJ),URU,FW,FW,32,2.8,centroavante_goleador
3192,Matheusinho,Vitória,BRA,"MF,FW",MF,27,10.1,box_to_box
3193,Matheuzinho,Corinthians,BRA,DF,DF,24,10.9,zagueiro_construtor
3194,Ricardo Mathias,Internacional,BRA,FW,FW,18,1.9,centroavante_goleador
3195,Guillermo Matías Fernández,Fortaleza,ARG,MF,MF,33,3.2,meia_criativo
3196,Mauricio,Palmeiras,BRA,"MF,FW",MF,24,3.2,meia_criativo
3197,Maycon,Corinthians,BRA,MF,MF,28,6.0,volante_defensivo
3198,Mayke,Palmeiras,BRA,DF,DF,32,2.3,zagueiro_classico
3199,Luca Meirelles,Santos,BRA,"MF,FW",MF,18,0.2,volante_defensivo
3200,Memphis,Corinthians,NED,FW,FW,31,8.5,segundo_atacante
3201,Nathan Mendes,RB Bragantino,BRA,DF,DF,22,1.3,zagueiro_classico
3202,Vinicius Mendonça,RB Bragantino,BRA,FW,FW,21,8.3,ponta_dribllador
3203,Jean Meneses,Vasco da Gama,CHI,FW,FW,32,0.0,centroavante_goleador
3204,Gabriel Menino,Atlético Mineiro,BRA,MF,MF,24,4.6,meia_criativo
3205,Micael,Palmeiras,BRA,DF,DF,24,6.0,zagueiro_classico
3206,Michael,Flamengo,BRA,FW,FW,29,4.9,segundo_atacante
3207,Fernando Miguel,Ceará,BRA,GK,GK,40,7.3,goleiro_reserva
3208,Moises,Fortaleza,BRA,"FW,MF",FW,28,1.6,segundo_atacante
3209,Miguel Monsalve,Grêmio,COL,"FW,MF",FW,21,3.3,segundo_atacante
3210,Álvaro Montoro,Botafogo (RJ),ARG,FW,FW,18,1.7,centroavante_goleador
3211,Aníbal Moreno,Palmeiras,ARG,MF,MF,26,4.9,volante_defensivo
3212,Henry Mosquera,RB Bragantino,COL,FW,FW,23,4.6,ponta_dribllador
3213,Gustavo Mosquito,Vitória,BRA,"FW,MF",FW,27,5.3,segundo_atacante
3214,Hugo Moura,Vasco da Gama,BRA,MF,MF,27,11.5,volante_defensivo
3215,Lucas Moura,São Paulo,BRA,FW,FW,32,0.3,centroavante_goleador
3216,Neto Moura,Mirassol,BRA,MF,MF,28,8.6,volante_defensivo
3217,Lucas Mugni,Ceará,ARG,MF,MF,33,9.3,meia_criativo
3218,Alex Muralha,Mirassol,BRA,GK,GK,35,6.0,goleiro_reserva
3219,Nata,Juventude,BRA,MF,MF,24,0.3,volante_defensivo
3220,Natanael,Atlético Mineiro,BRA,DF,DF,23,10.9,zagueiro_classico
3221,Nathan,Internacional,BRA,DF,DF,23,1.0,zagueiro_classico
3222,Nathan,Grêmio,BRA,"MF,FW",MF,29,1.0,volante_defensivo
3223,Kaiky Naves,Palmeiras,BRA,DF,DF,23,0.2,zagueiro_classico
3224,Negueba,Mirassol,BRA,FW,FW,25,5.3,ponta_dribllador
3225,Nenê,Juventude,BRA,"MF,FW",MF,44,2.3,meia_criativo
3226,Neris,Vitória,BRA,DF,DF,33,1.5,zagueiro_classico
3227,Rodrigo Nestor,Bahia,BRA,MF,MF,24,2.8,meia_criativo
3228,José Vitor Silva Neves,Mirassol,BRA,FW,FW,25,0.3,centroavante_goleador
3229,Newton,Botafogo (RJ),BRA,MF,MF,25,1.3,volante_defensivo
3230,Neymar,Santos,BRA,"FW,MF",FW,33,4.0,centroavante_goleador
3231,Nicolas,Ceará,BRA,DF,DF,28,2.1,zagueiro_classico
3232,Nonato,Fluminense,BRA,MF,MF,27,4.4,volante_defensivo
3233,Sérgio Oliveira,Sport Recife,POR,MF,MF,33,6.7,volante_defensivo
3234,Cauly Oliveira Souza,Bahia,BRA,"FW,MF",FW,29,5.7,segundo_atacante
3235,Cristian Olivera,Grêmio,URU,FW,FW,23,7.5,centroavante_goleador
3236,Christian Ortiz,Sport Recife,ARG,MF,MF,32,2.0,meia_criativo
3237,Leo Ortiz,Flamengo,BRA,DF,DF,29,11.5,zagueiro_construtor
3238,Oscar,São Paulo,BRA,"FW,MF",FW,33,3.8,segundo_atacante
3239,Osvaldo,Vitória,BRA,"FW,MF",FW,38,3.6,segundo_atacante
3240,Luis Otávio,Internacional,BRA,"MF,FW",MF,18,0.9,volante_defensivo
3241,João Othavio Basso,Santos,BRA,DF,DF,28,3.8,zagueiro_classico
3242,Pablo,Sport Recife,BRA,FW,FW,33,5.9,centroavante_goleador
3243,Ruan Pablo,Bahia,BRA,FW,FW,16,0.1,centroavante_goleador
3244,Bruno Pacheco,Fortaleza,BRA,DF,DF,33,3.0,zagueiro_classico
3245,Gonçalo Paciência,Sport Recife,POR,FW,FW,30,1.4,centroavante_goleador
3246,Brahian Palacios,Atlético Mineiro,COL,MF,MF,22,0.1,volante_defensivo
3247,Sergio Palacios,RB Bragantino,COL,DF,DF,20,0.3,zagueiro_classico
3248,Kaio Pantaleão,Botafogo (RJ),BRA,DF,DF,29,2.0,zagueiro_classico
3249,Alan Patrick,Internacional,BRA,"MF,FW",MF,34,8.1,meia_criativo
3250,Jair Paula,Botafogo (RJ),BRA,DF,DF,20,11.0,zagueiro_classico
3251,Patrick de Paula,Botafogo (RJ),BRA,MF,MF,25,3.2,volante_defensivo
3252,Paulinho,Vasco da Gama,BRA,"MF,FW",MF,28,2.3,volante_defensivo
3253,Paulinho,Palmeiras,BRA,"MF,FW",MF,25,2.5,meia_criativo
3254,Caio Paulista,Atlético Mineiro,BRA,DF,DF,27,2.3,zagueiro_classico
3255,Marcos Paulo,Juventude,BRA,DF,DF,22,6.5,zagueiro_classico
3256,Cristian Pavón,Grêmio,ARG,FW,FW,29,4.1,segundo_atacante
3257,Dimitri Payet,Vasco da Gama,FRA,MF,MF,38,2.1,meia_criativo
3258,Pedro,Flamengo,BRA,FW,FW,28,3.4,centroavante_goleador
3259,João Pedro Chermont,Santos,BRA,DF,DF,19,2.8,zagueiro_classico
3260,João Pedro,Corinthians,BRA,DF,DF,21,1.6,zagueiro_classico
3261,João Pedro,Grêmio,BRA,DF,DF,28,4.2,zagueiro_classico
3262,João Pedro Pepê,Vitória,BRA,MF,MF,27,2.1,volante_defensivo
3263,Peixoto,Juventude,BRA,"MF,FW",MF,28,0.4,volante_defensivo
3264,Léo Pereira,Flamengo,BRA,DF,DF,29,11.5,zagueiro_classico
3265,Matheus Pereira,Cruzeiro,BRA,MF,MF,29,10.5,meia_criativo
3266,Luan Peres Petroni,Santos,BRA,DF,DF,31,7.0,zagueiro_classico
3267,Pernambuco,Juventude,BRA,"FW,MF",FW,27,0.6,segundo_atacante
3268,Petterson,Juventude,BRA,MF,MF,21,0.9,volante_defensivo
3269,Yago Pikachu,Fortaleza,BRA,"FW,DF",FW,33,8.6,centroavante_goleador
3270,Joaquín Piquerez,Palmeiras,URU,DF,DF,26,11.5,zagueiro_construtor
3271,Rafael Pires,São Paulo,BRA,GK,GK,36,15.0,goleiro_titular
3272,Lucas Piton,Vasco da Gama,BRA,DF,DF,24,13.0,lateral_ofensivo
3273,Isidro Pitta,RB Bragantino,PAR,FW,FW,25,3.5,centroavante_goleador
3274,Diego Pituca,Santos,BRA,MF,MF,32,4.4,meia_criativo
3275,Gonzalo Plata,Flamengo,ECU,FW,FW,24,4.4,centroavante_goleador
3276,Tomas Pochettino,Fortaleza,ARG,"MF,FW",MF,29,6.1,box_to_box
3277,Mateo Ponte,Botafogo (RJ),URU,DF,DF,22,1.4,zagueiro_classico
3278,Gustavo Prado,Internacional,BRA,"FW,MF",FW,20,2.9,centroavante_goleador
3279,Kauã Prates,Cruzeiro,BRA,DF,DF,16,0.7,zagueiro_classico
3280,Lucca Prior,Fortaleza,BRA,FW,FW,21,1.2,segundo_atacante
3281,Erick Pulga,Bahia,BRA,"FW,MF",FW,24,11.4,ponta_dribllador
3282,Erick Pulgar,Flamengo,CHI,MF,MF,31,7.2,volante_defensivo
3283,Du Queiroz,Sport Recife,BRA,MF,MF,25,6.8,volante_defensivo
3284,Igor Rabello,Atlético Mineiro,BRA,"DF,FW",DF,30,1.1,zagueiro_classico
3285,Zé Rafael,Santos,BRA,MF,MF,32,5.2,volante_defensivo
3286,André Ramalho,Corinthians,BRA,DF,DF,33,10.0,zagueiro_classico
3287,Eric Ramires,RB Bragantino,BRA,MF,MF,24,9.5,volante_defensivo
3288,Ramon,Internacional,BRA,DF,DF,24,3.7,zagueiro_classico
3289,Lucas Ramon,Mirassol,BRA,DF,DF,31,11.0,lateral_ofensivo
3290,Santi Ramos Mingo,Bahia,ARG,DF,DF,23,14.0,zagueiro_construtor
3291,Rafael Ramos,Ceará,POR,DF,DF,30,2.9,zagueiro_classico
3292,Raniele,Corinthians,BRA,MF,MF,28,9.3,volante_defensivo
3293,Wellington Rato,Vitória,BRA,"FW,MF",FW,33,2.4,centroavante_goleador
3294,Pedro Raul,Ceará,BRA,FW,FW,28,11.1,centroavante_goleador
3295,Raykkonen,Internacional,BRA,FW,FW,17,0.3,centroavante_goleador
3296,Reginaldo,Juventude,BRA,DF,DF,32,2.2,zagueiro_classico
3297,Reinaldo,Mirassol,BRA,DF,DF,35,12.1,lateral_ofensivo
3298,Cristian Renato,Mirassol,BRA,FW,FW,25,5.6,centroavante_goleador
3299,Renê,Fluminense,BRA,DF,DF,32,8.1,zagueiro_construtor
3300,Rezende,Bahia,BRA,MF,MF,30,1.0,volante_defensivo
3301,Murilo Rhikman,Cruzeiro,BRA,MF,MF,19,0.0,volante_defensivo
3302,Everton Ribeiro,Bahia,BRA,MF,MF,36,8.7,box_to_box
3303,Ricardo,Vitória,BRA,MF,MF,31,7.2,volante_defensivo
3304,João Ricardo Riedi,Fortaleza,BRA,GK,GK,36,12.0,goleiro_reserva
3305,Richardson,Ceará,BRA,MF,MF,33,0.0,volante_defensivo
3306,Charles Rigon Matos,Corinthians,BRA,"MF,DF",MF,29,1.0,volante_defensivo
3307,Tomás Rincón,Santos,VEN,MF,MF,37,6.2,volante_defensivo
3308,Richard Ríos,Palmeiras,COL,MF,MF,25,8.1,volante_defensivo
3309,Riquelme,Fluminense,BRA,"FW,MF",FW,18,0.4,centroavante_goleador
3310,Christian Rivera,Sport Recife,COL,MF,MF,29,8.3,volante_defensivo
3311,Sergio Rochet,Internacional,URU,GK,GK,32,1.5,goleiro_reserva
3312,Rodrigo,São Paulo,BRA,"FW,MF",FW,21,0.9,centroavante_goleador
3313,Ruben Rodrigues,Vitória,POR,MF,MF,28,0.1,volante_defensivo
3314,Guzmán Rodríguez,RB Bragantino,URU,DF,DF,25,13.0,zagueiro_classico
3315,Luciano Rodríguez,Bahia,URU,FW,FW,22,6.4,centroavante_goleador
3316,Santiago Rodríguez,Botafogo (RJ),URU,"FW,MF",FW,25,2.1,centroavante_goleador
3317,Rodriguinho,Cruzeiro,BRA,FW,FW,22,0.2,centroavante_goleador
3318,Agustín Rogel,Internacional,URU,DF,DF,27,5.0,zagueiro_classico
3319,Benjamín Rollheiser,Santos,ARG,"MF,FW",MF,25,10.9,volante_defensivo
3320,Iván Román,Atlético Mineiro,CHI,DF,DF,19,1.0,zagueiro_classico
3321,Romarinho,Sport Recife,BRA,"MF,FW",MF,31,1.0,meia_criativo
3322,Ángel Romero,Corinthians,PAR,"FW,MF",FW,33,8.7,ponta_dribllador
3323,Lucas Romero,Cruzeiro,ARG,MF,MF,31,12.4,volante_defensivo
3324,Óscar Romero,Internacional,PAR,MF,MF,33,2.9,meia_criativo
3325,Romulo,Ceará,BRA,"MF,FW",MF,23,1.5,meia_criativo
3326,Rômulo,Atlético Mineiro,BRA,DF,DF,21,1.7,zagueiro_classico
3327,Ronald,Vitória,BRA,MF,MF,28,9.3,volante_defensivo
3328,Ronald,Grêmio,BRA,"DF,MF",DF,22,1.6,zagueiro_classico
3329,Ronaldo,Bahia,BRA,GK,GK,28,3.2,goleiro_reserva
3330,Ronaldo,Internacional,BRA,MF,MF,28,7.6,volante_defensivo
3331,Budiga Roni,Mirassol,BRA,MF,MF,26,0.9,volante_defensivo
3332,Rony,Atlético Mineiro,BRA,FW,FW,30,11.2,centroavante_goleador
3333,Vitor Roque,Palmeiras,BRA,FW,FW,20,6.3,centroavante_goleador
3334,Diego Rosa,Internacional,BRA,"MF,DF",MF,22,1.9,volante_defensivo
3335,Matheus Rossetto,Fortaleza,BRA,MF,MF,29,5.6,volante_defensivo
3336,Agustín Rossi,Flamengo,ARG,GK,GK,29,13.0,goleiro_reserva
3337,Ruan,São Paulo,BRA,DF,DF,26,4.0,zagueiro_classico
3338,Rubens,Atlético Mineiro,BRA,"MF,DF",MF,24,11.5,volante_defensivo
3339,Alan Ruschel,Juventude,BRA,DF,DF,35,7.6,zagueiro_classico
3340,Rwan,Botafogo (RJ),BRA,FW,FW,24,1.9,segundo_atacante
3341,José Sabino,São Paulo,BRA,DF,DF,28,5.8,zagueiro_classico
3342,Rodrigo Sam,Juventude,BRA,DF,DF,29,4.0,zagueiro_classico
3343,Alex Sandro,Flamengo,BRA,DF,DF,34,8.4,zagueiro_construtor
3344,Agustín Sant'Anna,RB Bragantino,URU,DF,DF,27,2.5,zagueiro_classico
3345,Alex Santana,Corinthians,BRA,MF,MF,30,1.2,volante_defensivo
3346,Alex Santana,Grêmio,BRA,MF,MF,30,1.6,volante_defensivo
3347,Ademir Santos,Bahia,BRA,FW,FW,30,7.8,ponta_dribllador
3348,Eduardo Santos,RB Bragantino,BRA,"DF,FW",DF,27,2.0,zagueiro_classico
3349,Júnior Santos,Atlético Mineiro,BRA,"FW,MF",FW,30,1.8,centroavante_goleador
3350,Rodrigo Santos,Fortaleza,BRA,FW,FW,24,0.1,centroavante_goleador
3351,Renzo Saravia,Atlético Mineiro,ARG,DF,DF,32,1.5,zagueiro_classico
3352,Eduardo Sasha,RB Bragantino,BRA,"FW,MF",FW,33,11.3,centroavante_goleador
3353,Lucas Sasha,Fortaleza,BRA,MF,MF,35,9.0,volante_defensivo
3354,Jefferson Savarino,Botafogo (RJ),VEN,"MF,FW",MF,28,8.0,meia_criativo
3355,Gustavo Scarpa,Atlético Mineiro,BRA,"MF,FW",MF,31,11.1,box_to_box
3356,João Schmidt,Santos,BRA,MF,MF,32,6.9,volante_defensivo
3357,Cleiton Schwengber,RB Bragantino,BRA,GK,GK,27,12.0,goleiro_joia
3358,Kevin Serna,Fluminense,COL,FW,FW,27,4.5,centroavante_goleador
3359,Igor Serrote,Grêmio,BRA,DF,DF,20,4.7,zagueiro_classico
3360,Juan Sforza,Vasco da Gama,ARG,MF,MF,23,0.8,volante_defensivo
3361,Aderlan Silva,Santos,BRA,DF,DF,34,1.0,zagueiro_classico
3362,André Silva,São Paulo,BRA,FW,FW,28,11.2,segundo_atacante
3363,Guilherme Silva,Corinthians,BRA,FW,FW,18,1.6,centroavante_goleador
3364,João Silva,Sport Recife,POR,DF,DF,26,8.0,zagueiro_classico
3365,Lucas Silva,Cruzeiro,BRA,MF,MF,32,11.8,volante_defensivo
3366,Matheus Pereira da Silva,Fortaleza,BRA,MF,MF,27,2.0,volante_defensivo
3367,Patrick Silva,Atlético Mineiro,BRA,MF,MF,21,2.5,volante_defensivo
3368,Thiago Silva,Fluminense,BRA,DF,DF,40,8.0,zagueiro_classico
3369,Cédric Soares,São Paulo,POR,"DF,FW",DF,33,10.0,lateral_ofensivo
3370,Everton Soares,Flamengo,BRA,"FW,MF",FW,29,6.0,ponta_dribllador
3371,Tiquinho Soares,Santos,BRA,FW,FW,34,7.6,segundo_atacante
3372,Fernando Sobral,Ceará,BRA,MF,MF,30,9.9,volante_defensivo
3373,Ramón Sosa,Palmeiras,PAR,FW,FW,25,0.2,centroavante_goleador
3374,Yeferson Soteldo,Santos,VEN,"FW,MF",FW,28,3.6,ponta_dribllador
3375,Yeferson Soteldo,Fluminense,VEN,FW,FW,28,0.7,centroavante_goleador
3376,Souza,Santos,BRA,DF,DF,19,4.2,zagueiro_classico
3377,Fabiano Souza,Ceará,BRA,DF,DF,25,11.3,zagueiro_classico
3378,Gabriel Souza,Vasco da Gama,BRA,FW,FW,20,0.1,centroavante_goleador
3379,Hugo Souza,Corinthians,BRA,GK,GK,26,10.0,goleiro_joia
3380,Igor Vinícius de Souza,São Paulo,BRA,DF,DF,28,1.8,zagueiro_classico
3381,Igor Vinícius de Souza,Santos,BRA,DF,DF,28,1.0,zagueiro_classico
3382,Everaldo Stum,Fluminense,BRA,FW,FW,34,5.6,centroavante_goleador
3383,Bruno Tabata,Internacional,BRA,"FW,MF",FW,28,5.0,segundo_atacante
3384,Gabriel Taliari,Juventude,BRA,"FW,MF",FW,28,6.8,segundo_atacante
3385,Gonzalo Tapia,São Paulo,CHI,FW,FW,23,0.1,centroavante_goleador
3386,Tchê Tchê,Vasco da Gama,BRA,MF,MF,32,8.5,volante_defensivo
3387,Alex Teixeira,Vasco da Gama,BRA,"MF,FW",MF,35,1.3,meia_criativo
3388,Alex Telles,Botafogo (RJ),BRA,DF,DF,32,7.8,zagueiro_classico
3389,Thaciano,Santos,BRA,"FW,MF",FW,30,4.0,centroavante_goleador
3390,Thalys,Palmeiras,BRA,FW,FW,20,0.3,centroavante_goleador
3391,Rafael Thyere,Sport Recife,BRA,DF,DF,32,1.0,zagueiro_classico
3392,Tiago,Bahia,BRA,"FW,MF",FW,20,1.2,segundo_atacante
3393,Guilherme Tinga,Fortaleza,BRA,DF,DF,31,5.0,zagueiro_classico
3394,Titi,Fortaleza,BRA,DF,DF,37,3.0,zagueiro_classico
3395,Félix Torres Caicedo,Corinthians,ECU,DF,DF,28,5.6,zagueiro_classico
3396,Facundo Torres,Palmeiras,URU,"MF,FW",MF,25,7.9,meia_criativo
3397,Bruno Tubarão,Ceará,BRA,"FW,MF",FW,30,0.7,centroavante_goleador
3398,Enner Valencia,Internacional,ECU,FW,FW,35,4.9,centroavante_goleador
3399,Vanderlan,Palmeiras,BRA,DF,DF,22,0.5,zagueiro_classico
3400,Guillermo Varela,Flamengo,URU,"DF,MF",DF,32,4.9,lateral_ofensivo
3401,Pablo Vegetti,Vasco da Gama,ARG,FW,FW,36,12.1,centroavante_goleador
3402,Raphael Veiga,Palmeiras,BRA,MF,MF,30,2.6,meia_criativo
3403,Fausto Vera,Atlético Mineiro,ARG,MF,MF,25,4.9,meia_criativo
3404,Gabriel Veron,Santos,BRA,"FW,MF",FW,22,1.4,segundo_atacante
3405,João Victor,Mirassol,BRA,DF,DF,27,13.0,zagueiro_classico
3406,João Victor,Ceará,BRA,FW,FW,21,0.1,centroavante_goleador
3407,João Victor,Vasco da Gama,BRA,DF,DF,27,13.9,zagueiro_classico
3408,Viery,Grêmio,BRA,DF,DF,20,0.3,zagueiro_classico
3409,Lucas Villalba,Cruzeiro,ARG,DF,DF,30,10.8,zagueiro_classico
3410,Mathías Villasanti,Grêmio,PAR,MF,MF,28,10.7,volante_defensivo
3411,Matías Viña,Flamengo,URU,DF,DF,27,0.1,zagueiro_classico
3412,Vitão,Internacional,BRA,DF,DF,25,11.0,zagueiro_classico
3413,Vitinho,Internacional,BRA,FW,FW,26,4.2,centroavante_goleador
3414,Vitinho,Botafogo (RJ),BRA,DF,DF,25,11.8,lateral_ofensivo
3415,Rayan Vitor,Vasco da Gama,BRA,FW,FW,18,10.7,ponta_dribllador
3416,Tiago Volpi,Grêmio,BRA,GK,GK,34,14.0,goleiro_reserva
3417,Wagner,Grêmio,BRA,DF,DF,25,13.3,zagueiro_classico
3418,Walace,Cruzeiro,BRA,MF,MF,30,1.2,volante_defensivo
3419,Wallace,Flamengo,BRA,"MF,FW",MF,20,0.6,meia_criativo
3420,Walter,Mirassol,BRA,GK,GK,37,7.0,goleiro_reserva
3421,Wanderson,Cruzeiro,BRA,FW,FW,30,11.3,ponta_dribllador
3422,Deivid Washington,Santos,BRA,FW,FW,20,4.5,centroavante_goleador
3423,José Welison,Fortaleza,BRA,MF,MF,30,4.7,volante_defensivo
3424,Wendell,São Paulo,BRA,DF,DF,32,5.6,lateral_ofensivo
3425,Wesley,Flamengo,BRA,DF,DF,21,9.9,lateral_ofensivo
3426,Wesley,Internacional,BRA,"FW,MF",FW,26,9.3,ponta_dribllador
3427,Wéverton,Palmeiras,BRA,GK,GK,37,12.0,goleiro_reserva
3428,William,Cruzeiro,BRA,DF,DF,30,6.4,lateral_ofensivo
3429,Willian,Vitória,BRA,MF,MF,32,3.8,volante_defensivo
3430,Estêvão Willian,Palmeiras,BRA,"MF,FW",MF,18,9.2,box_to_box
3431,Mateus Xavier,Santos,BRA,"FW,MF",FW,18,0.4,centroavante_goleador
3432,Samuel Xavier,Fluminense,BRA,DF,DF,35,9.2,zagueiro_construtor
3433,Yago,Mirassol,BRA,MF,MF,30,4.7,volante_defensivo
3434,Yago,Internacional,BRA,MF,MF,18,0.8,volante_defensivo
3435,Lukas Zuccarello,Vasco da Gama,BRA,FW,FW,18,0.3,segundo_atacante
3436,Rodrigo Abascal,Boavista,URU,DF,DF,30,28.9,zagueiro_classico
3437,Nelson Abbey,Rio Ave,ENG,DF,DF,20,7.1,zagueiro_classico
3438,Bilal Abdelrahman Zeeni,Estrela,EGY,MF,MF,21,0.1,meia_criativo
3439,Giorgi Aburjania,AVS Futebol,GEO,MF,MF,29,3.4,meia_criativo
3440,Adriano,Santa Clara,BRA,MF,MF,24,29.2,volante_defensivo
3441,Lucas Áfrico,Farense,BRA,DF,DF,29,19.5,zagueiro_classico
3442,Salvador Agra,Boavista,POR,"MF,DF",MF,32,30.3,volante_defensivo
3443,Brandon Aguilera,Rio Ave,CRC,"MF,FW",MF,21,15.3,box_to_box
3444,Jorge Aguirre,Gil Vicente FC,CUB,FW,FW,24,15.0,segundo_atacante
3445,Babatunde Akinsola,AVS Futebol,NGA,"MF,FW",MF,21,13.0,box_to_box
3446,Kerem Aktürkoğlu,Benfica,TUR,"FW,MF",FW,25,22.3,ponta_dribllador
3447,Léo Alaba,AVS Futebol,BRA,DF,DF,25,3.7,zagueiro_classico
3448,Alan,Moreirense,BRA,MF,MF,24,27.9,box_to_box
3449,Gonçalo Almeida,Boavista,POR,"DF,MF",DF,21,9.0,zagueiro_classico
3450,Pedro Álvaro,Estoril,POR,DF,DF,24,29.1,zagueiro_classico
3451,Pedro Amaral,Estoril,POR,"DF,MF",DF,26,26.6,lateral_ofensivo
3452,Zeki Amdouni,Benfica,SUI,"MF,FW",MF,23,9.5,meia_criativo
3453,Artur Jorge Marques Amorim,Farense,POR,DF,DF,29,14.2,zagueiro_classico
3454,Andrew,Gil Vicente FC,BRA,GK,GK,23,33.0,goleiro_joia
3455,Jeremy Antonisse,Moreirense,CUW,"FW,MF",FW,22,9.3,ponta_dribllador
3456,Arvin Appiah,Nacional,ENG,"DF,FW",DF,23,15.4,zagueiro_construtor
3457,Óscar Aranda,Famalicão,ESP,FW,FW,22,28.9,ponta_dribllador
3458,Brian Araújo,Gil Vicente FC,FRA,GK,GK,24,1.0,goleiro_reserva
3459,Henrique Araújo,Arouca,POR,FW,FW,22,12.3,centroavante_goleador
3460,Maximiliano Araújo,Sporting CP,URU,"DF,MF",DF,24,19.7,lateral_ofensivo
3461,Tomás Araújo,Benfica,POR,DF,DF,22,25.7,zagueiro_construtor
3462,Telmo Arcanjo,Vitória,CPV,FW,FW,23,14.7,ponta_dribllador
3463,Gboly Ariyibi,Boavista,USA,"FW,MF",FW,29,3.8,centroavante_goleador
3464,Henrique Arreiol,Sporting CP,POR,MF,MF,19,0.3,meia_criativo
3465,Bright Arrey-Mbi,Braga,GER,DF,DF,21,12.6,zagueiro_classico
3466,Afonso Assis,Moreirense,POR,MF,MF,18,0.2,volante_defensivo
3467,Gustavo Assuncao,AVS Futebol,POR,MF,MF,24,17.5,volante_defensivo
3468,Otavio Ataide,Porto,BRA,DF,DF,22,18.1,zagueiro_construtor
3469,João Aurélio,Nacional,POR,"DF,FW",DF,35,4.5,lateral_ofensivo
3470,Fredrik Aursnes,Benfica,NOR,"MF,FW",MF,28,26.1,box_to_box
3471,Daniel Azevedo,Casa Pia,POR,GK,GK,26,1.0,goleiro_reserva
3472,Ibrahima Ba,Famalicão,SEN,DF,DF,19,1.1,zagueiro_classico
3473,Felix Bacher,Estoril,AUT,DF,DF,23,23.0,zagueiro_classico
3474,Miguel Baeza,Nacional,ESP,"MF,FW",MF,24,2.3,meia_criativo
3475,Alexander Bah,Benfica,DEN,DF,DF,26,15.7,lateral_ofensivo
3476,Ney Bahia,Santa Clara,BRA,MF,MF,20,0.7,meia_criativo
3477,Adrian Bajrami,Benfica,ALB,DF,DF,22,0.1,zagueiro_classico
3478,Theofanis Bakoulas,Rio Ave,GRE,MF,MF,19,4.3,meia_criativo
3479,Elves Baldé,Farense,GNB,"MF,FW",MF,24,11.6,meia_criativo
3480,Mohamed Bamba,Gil Vicente FC,CIV,MF,MF,19,10.6,volante_defensivo
3481,Robson Bambu,Braga,BRA,DF,DF,26,11.4,zagueiro_classico
3482,Chico Banza,Estrela,ANG,FW,FW,25,7.6,ponta_dribllador
3483,Simon Banza,Braga,COD,FW,FW,27,0.2,centroavante_goleador
3484,Rafael Barbosa,Farense,POR,"MF,FW",MF,28,4.0,volante_defensivo
3485,Leandro Barreiro Martins,Benfica,LUX,MF,MF,24,13.5,meia_criativo
3486,Afonso Bastardo,Sporting CP,POR,FW,FW,19,0.0,centroavante_goleador
3487,Gil Bastião Dias,Famalicão,POR,"FW,MF",FW,27,15.6,ponta_dribllador
3488,Gabriel Batista,Santa Clara,BRA,GK,GK,26,34.0,goleiro_titular
3489,Gilberto Batista,Moreirense,GNB,DF,DF,20,3.5,zagueiro_classico
3490,Ricardo Batista,Casa Pia,POR,GK,GK,37,1.0,goleiro_reserva
3491,Yanis Begraoui,Estoril,MAR,"FW,MF",FW,23,21.3,centroavante_goleador
3492,Gui Beleza,Gil Vicente FC,POR,MF,MF,17,0.0,volante_defensivo
3493,Bachir Belloumi,Farense,ALG,FW,FW,22,3.0,centroavante_goleador
3494,Andrea Belotti,Benfica,ITA,FW,FW,30,5.1,centroavante_goleador
3495,Fahem Benaissa Yahia,Casa Pia,FRA,"MF,DF",MF,22,4.3,box_to_box
3496,Beni,Vitória,ANG,MF,MF,22,2.0,volante_defensivo
3497,Beni,Casa Pia,ANG,MF,MF,22,8.3,volante_defensivo
3498,Álex Bermejo,Farense,ESP,"MF,FW",MF,25,6.6,box_to_box
3499,Sergio Bermejo,Gil Vicente FC,ESP,"MF,FW",MF,26,5.3,box_to_box
3500,Simão Bertelli,AVS Futebol,BRA,GK,GK,31,11.0,goleiro_reserva
3501,Jan-Niklas Beste,Benfica,GER,"FW,DF",FW,25,5.6,segundo_atacante
3502,José Bica,Vitória,POR,"FW,MF",FW,21,0.3,centroavante_goleador
3503,Biel,Sporting CP,BRA,"MF,FW",MF,23,0.2,meia_criativo
3504,Raúl Blanco,Casa Pia,ESP,FW,FW,23,2.8,centroavante_goleador
3505,Paulinho Bóia,Nacional,BRA,"FW,MF",FW,26,12.0,ponta_dribllador
3506,Kévin Boma,Estoril,TOG,DF,DF,21,27.4,zagueiro_classico
3507,Pedro Bondo,Famalicão,ANG,DF,DF,19,2.0,lateral_ofensivo
3508,Kiko Bondoso,Rio Ave,POR,"FW,MF",FW,28,21.7,ponta_dribllador
3509,Toni Borevkovic,Vitória,CRO,DF,DF,27,26.9,zagueiro_classico
3510,Daniel Borges,Santa Clara,BRA,"MF,FW",MF,21,2.2,meia_criativo
3511,Gonçalo Borges,Porto,POR,"FW,MF",FW,23,8.5,ponta_dribllador
3512,Róbert Boženík,Boavista,SVK,FW,FW,24,30.6,ponta_dribllador
3513,Daniel Bragança,Sporting CP,POR,MF,MF,25,12.0,meia_criativo
3514,Bruno Brigido,Estrela,BRA,GK,GK,33,17.5,goleiro_titular
3515,Alexandre Brito,Sporting CP,POR,"MF,DF",MF,19,1.0,volante_defensivo
3516,Rafael Brito,Casa Pia,POR,MF,MF,22,11.2,volante_defensivo
3517,Tiago Brito,Estoril,POR,MF,MF,20,1.1,volante_defensivo
3518,Bruma,Braga,POR,"FW,MF",FW,29,13.4,segundo_atacante
3519,Bruma,Benfica,POR,"FW,MF",FW,29,5.4,segundo_atacante
3520,Jonathan Buatu Mananga,Gil Vicente FC,ANG,DF,DF,30,20.3,zagueiro_classico
3521,Leonel Bucca,Estrela,ARG,"MF,FW",MF,25,15.0,volante_defensivo
3522,Leonardo Buta,Moreirense,POR,DF,DF,22,5.6,zagueiro_classico
3523,Adrián Butzke,Nacional,ESP,FW,FW,25,5.4,segundo_atacante
3524,Arthur Cabral,Benfica,BRA,FW,FW,26,4.2,centroavante_goleador
3525,Daniel Cabral,Estrela,BRA,MF,MF,22,0.0,volante_defensivo
3526,Jovane Cabral,Estrela,CPV,"FW,MF",FW,26,12.8,ponta_dribllador
3527,Lucas Calegari,Famalicão,BRA,DF,DF,22,16.5,lateral_ofensivo
3528,Diogo Calila,Santa Clara,POR,"MF,DF",MF,25,19.4,volante_defensivo
3529,Ibrahima Camará,Boavista,GUI,MF,MF,25,14.8,volante_defensivo
3530,André Candeias,Farense,POR,"FW,MF",FW,21,0.4,centroavante_goleador
3531,Lazar Carević,Famalicão,MNE,GK,GK,25,18.0,goleiro_joia
3532,Zé Carlos,Vitória,POR,"MF,DF",MF,22,1.4,volante_defensivo
3533,Zé Carlos,Farense,POR,MF,MF,22,7.4,volante_defensivo
3534,Zé Carlos,Gil Vicente FC,POR,DF,DF,26,30.1,zagueiro_construtor
3535,Álvaro Carreras,Benfica,ESP,DF,DF,21,30.5,zagueiro_construtor
3536,João Carvalho,Estoril,POR,"MF,FW",MF,27,25.6,box_to_box
3537,Pedro Carvalho,Estoril,POR,"DF,MF",DF,21,8.5,lateral_ofensivo
3538,Vitor Carvalho,Braga,BRA,MF,MF,27,16.7,volante_defensivo
3539,Facundo Cáseres,Gil Vicente FC,ARG,MF,MF,23,15.6,volante_defensivo
3540,Cassiano,Casa Pia,BRA,FW,FW,35,22.0,centroavante_goleador
3541,Jesús Castillo,Gil Vicente FC,PER,MF,MF,23,9.1,volante_defensivo
3542,André Castro,Moreirense,POR,MF,MF,36,0.2,volante_defensivo
3543,Cristian Castro,AVS Futebol,COL,DF,DF,23,30.5,zagueiro_classico
3544,Geny Catamo,Sporting CP,MOZ,"MF,DF",MF,23,21.2,box_to_box
3545,Cauê,Gil Vicente FC,BRA,FW,FW,21,7.4,centroavante_goleador
3546,Cauê,Casa Pia,BRA,"FW,MF",FW,21,3.9,centroavante_goleador
3547,César,Boavista,BRA,GK,GK,32,16.0,goleiro_titular
3548,Tidjany Chabrol,Gil Vicente FC,FRA,"FW,MF",FW,22,11.6,ponta_dribllador
3549,Kevin Chamorro,Estoril,CRC,GK,GK,24,4.0,goleiro_joia
3550,Francisco Chissumba,Braga,POR,DF,DF,19,15.9,lateral_ofensivo
3551,Till Cissokho,Estrela,FRA,DF,DF,24,4.0,zagueiro_classico
3552,Clayton,AVS Futebol,BRA,DF,DF,24,2.0,zagueiro_classico
3553,Clayton,Rio Ave,BRA,FW,FW,25,30.1,ponta_dribllador
3554,Diego Collado,Gil Vicente FC,ESP,"MF,FW",MF,23,0.3,volante_defensivo
3555,Semeu Commey,Estrela,GHA,DF,DF,20,0.5,zagueiro_classico
3556,Fábio Conceição,Estrela,POR,"MF,FW",MF,23,7.6,volante_defensivo
3557,Fábio Conceição,Rio Ave,POR,"FW,DF",FW,23,4.7,segundo_atacante
3558,Leo Cordeiro,Estrela,BRA,MF,MF,28,20.7,volante_defensivo
3559,Félix Correia,Gil Vicente FC,POR,"FW,MF",FW,23,32.1,ponta_dribllador
3560,Alberto costa,Vitória,POR,DF,DF,20,7.5,lateral_ofensivo
3561,Bruno Xavier Almeida Costa,Nacional,POR,"MF,FW",MF,27,10.2,meia_criativo
3562,Diogo Costa,Porto,POR,GK,GK,24,32.0,goleiro_joia
3563,Gonçalo Costa,Estoril,POR,"DF,MF",DF,24,5.7,zagueiro_classico
3564,Hélder Costa,Estoril,ANG,"FW,MF",FW,30,6.7,centroavante_goleador
3565,João Costa,Santa Clara,POR,FW,FW,24,8.1,centroavante_goleador
3566,João Paulo Santos Costa,Estrela,POR,GK,GK,28,14.0,goleiro_joia
3567,Michel Costa,Estoril,BRA,MF,MF,22,6.6,volante_defensivo
3568,Rui Costa,Farense,POR,"FW,MF",FW,28,7.7,centroavante_goleador
3569,Marco Cruz,Vitória,POR,"DF,MF",DF,20,0.2,zagueiro_classico
3570,Sandro Cruz,Gil Vicente FC,ANG,DF,DF,23,23.1,zagueiro_construtor
3571,Augusto Dabo,Boavista,GNB,DF,DF,20,6.1,zagueiro_classico
3572,Samuel Dahl,Benfica,SWE,"DF,MF",DF,24,6.6,lateral_ofensivo
3573,Amadou Dante,Arouca,MLI,"DF,MF",DF,23,11.8,lateral_ofensivo
3574,Mathias De Amorim,Famalicão,POR,MF,MF,19,11.9,volante_defensivo
3575,Zeno Debast,Sporting CP,BEL,"DF,MF",DF,20,23.6,zagueiro_construtor
3576,Depú,Gil Vicente FC,ANG,FW,FW,24,0.5,centroavante_goleador
3577,Derick,Farense,BRA,"DF,MF",DF,30,15.7,lateral_ofensivo
3578,Ángel Di María,Benfica,ARG,FW,FW,36,18.3,ponta_dribllador
3579,Abdoulay Diaby,Boavista,MLI,"FW,MF",FW,33,9.9,centroavante_goleador
3580,Matheus Dias,Nacional,BRA,"MF,DF",MF,22,19.4,volante_defensivo
3581,Tiago Dias,Casa Pia,POR,"FW,DF",FW,26,0.8,segundo_atacante
3582,Ousmane Diomande,Sporting CP,CIV,DF,DF,20,28.0,zagueiro_classico
3583,Tiago Djaló,Porto,POR,DF,DF,24,6.6,zagueiro_classico
3584,Maxime Dominguez,Gil Vicente FC,SUI,MF,MF,28,2.8,volante_defensivo
3585,Issiar Dramé,Estrela,MLI,DF,DF,25,17.7,zagueiro_classico
3586,Dudu,Nacional,BRA,"FW,MF",FW,24,14.9,ponta_dribllador
3587,Carlos Eduardo,Gil Vicente FC,BRA,"FW,MF",FW,21,2.7,segundo_atacante
3588,Marcus Edwards,Sporting CP,ENG,"MF,FW",MF,25,1.2,box_to_box
3589,Demir Ege Tıknaz,Rio Ave,TUR,MF,MF,19,22.0,volante_defensivo
3590,Marvin Elimbi,Gil Vicente FC,FRA,DF,DF,21,4.8,zagueiro_classico
3591,Simon Elisor,Famalicão,FRA,FW,FW,25,6.6,centroavante_goleador
3592,Úmaro Embaló,Vitória,POR,"FW,MF",FW,23,1.6,centroavante_goleador
3593,Rui Encarnação,Nacional,POR,GK,GK,26,1.5,goleiro_reserva
3594,Ricardo Esgaio,Sporting CP,POR,DF,DF,31,2.6,zagueiro_classico
3595,Tiago Esgaio,Arouca,POR,DF,DF,28,24.2,lateral_ofensivo
3596,Dario Essugo,Sporting CP,POR,MF,MF,19,0.2,volante_defensivo
3597,Luís Esteves,Nacional,POR,MF,MF,26,31.2,box_to_box
3598,Stephen Eustáquio,Porto,CAN,"MF,DF",MF,27,21.3,volante_defensivo
3599,Evanilson,Porto,BRA,FW,FW,24,0.1,centroavante_goleador
3600,Claudio Falcão,Farense,BRA,"DF,MF",DF,30,31.7,lateral_ofensivo
3601,Eduardo Felicíssimo,Sporting CP,POR,MF,MF,17,2.2,volante_defensivo
3602,Nuno Felix,Benfica,POR,MF,MF,20,0.2,volante_defensivo
3603,Vando Félix,Vitória,GNB,"FW,MF",FW,21,6.1,ponta_dribllador
3604,Jorge Filipe Oliveira Fernandes,Vitória,POR,DF,DF,27,4.6,zagueiro_classico
3605,Lucas Fernandes,AVS Futebol,BRA,"MF,FW",MF,26,5.5,volante_defensivo
3606,Martim Fernandes,Porto,POR,DF,DF,18,14.6,lateral_ofensivo
3607,Mateus Fernandes,Sporting CP,POR,"FW,MF",FW,20,0.3,segundo_atacante
3608,Roger Fernandes,Braga,POR,"FW,MF",FW,18,19.3,ponta_dribllador
3609,Rúben Fernandes,Gil Vicente FC,POR,DF,DF,38,27.8,zagueiro_construtor
3610,Roberto Férnandez,Braga,ESP,FW,FW,22,5.6,centroavante_goleador
3611,João Ferreira Barros,Boavista,POR,"MF,FW",MF,18,2.9,volante_defensivo
3612,Filipe Ferreira,Boavista,POR,DF,DF,33,24.7,zagueiro_construtor
3613,Fernando Ferreira Fonseca,AVS Futebol,POR,"DF,MF",DF,27,21.2,zagueiro_construtor
3614,João Ferreira,Braga,POR,DF,DF,23,14.6,zagueiro_construtor
3615,Marcelo dos Santos Ferreira,Moreirense,BRA,DF,DF,35,33.0,zagueiro_classico
3616,Pedro Ferreira,Santa Clara,POR,MF,MF,26,20.3,volante_defensivo
3617,Tiago Ferreira,Estrela,POR,"FW,DF",FW,22,0.6,segundo_atacante
3618,Daniel Figueira,Estoril,POR,GK,GK,26,1.0,goleiro_reserva
3619,Sidoine Fogning,Boavista,CMR,DF,DF,22,13.0,zagueiro_classico
3620,Tiago Fonseca Morais,Rio Ave,POR,"FW,MF",FW,20,17.4,ponta_dribllador
3621,José Fontán,Arouca,ESP,DF,DF,24,28.8,zagueiro_classico
3622,José Fonte,Casa Pia,POR,DF,DF,40,22.5,zagueiro_classico
3623,Lucas França,Nacional,BRA,GK,GK,28,32.5,goleiro_titular
3624,André Franco,Porto,POR,"MF,FW",MF,26,4.8,meia_criativo
3625,Afonso Freitas,Nacional,POR,DF,DF,24,0.2,zagueiro_classico
3626,Iván Fresneda,Sporting CP,ESP,"DF,MF",DF,19,10.7,lateral_ofensivo
3627,Godfried Frimpong,Moreirense,NED,DF,DF,25,28.2,lateral_ofensivo
3628,Kanya Fujimoto,Gil Vicente FC,JPN,MF,MF,25,24.7,box_to_box
3629,Taichi Fukui,Arouca,JPN,MF,MF,20,24.3,volante_defensivo
3630,Rúben Furtado,Braga,POR,"FW,MF",FW,18,0.6,centroavante_goleador
3631,Tiago Gabriel,Estrela,POR,DF,DF,19,10.9,zagueiro_classico
3632,Galeno,Porto,BRA,"FW,DF",FW,26,16.1,ponta_dribllador
3633,Tiago Galletto,AVS Futebol,URU,MF,MF,22,1.0,volante_defensivo
3634,Nino Galović,Arouca,CRO,DF,DF,32,1.0,zagueiro_classico
3635,João Tiago Serrão Garcês,Nacional,POR,MF,MF,31,0.2,volante_defensivo
3636,García,Nacional,BRA,DF,DF,22,31.1,lateral_ofensivo
3637,Fabrício Garcia,Estoril,CPV,"FW,DF",FW,23,14.1,ponta_dribllador
3638,Santiago García,Gil Vicente FC,ESP,MF,MF,22,16.4,volante_defensivo
3639,Bruno Gaspar,Vitória,ANG,DF,DF,31,10.2,lateral_ofensivo
3640,Mory Gbane,Gil Vicente FC,CIV,"MF,DF",MF,23,16.3,volante_defensivo
3641,Geovanny,Farense,POR,MF,MF,20,1.8,volante_defensivo
3642,André Geraldes,Casa Pia,POR,"MF,DF",MF,33,14.9,volante_defensivo
3643,Ismaël Gharbi,Braga,ESP,"FW,MF",FW,20,11.8,ponta_dribllador
3644,Marco van Ginkel,Boavista,NED,"MF,FW",MF,31,7.6,meia_criativo
3645,José Gomes,Nacional,POR,DF,DF,28,26.0,lateral_ofensivo
3646,Pedro gomes,Boavista,POR,DF,DF,21,16.1,zagueiro_classico
3647,Vítor Gomes,Rio Ave,POR,MF,MF,36,1.0,meia_criativo
3648,William Gomes,Porto,BRA,"MF,FW",MF,18,1.7,meia_criativo
3649,Victor Gomez,Braga,ESP,DF,DF,24,21.2,lateral_ofensivo
3650,Nuno Gonçalo Moreira,Casa Pia,POR,"FW,MF",FW,25,16.6,ponta_dribllador
3651,Franscisco Gonçalves,Nacional,POR,DF,DF,20,0.2,zagueiro_classico
3652,João Gonçalves,Boavista,POR,GK,GK,23,4.0,goleiro_joia
3653,Pedro Gonçalves,Sporting CP,POR,"MF,FW",MF,26,9.7,meia_criativo
3654,Cristo González,Arouca,ESP,MF,MF,26,2.0,meia_criativo
3655,Mario González,Famalicão,ESP,FW,FW,28,6.4,segundo_atacante
3656,Nicolás González,Porto,ESP,MF,MF,22,16.0,box_to_box
3657,Jean Gorby,Braga,FRA,MF,MF,22,13.5,volante_defensivo
3658,João Goulart Silva,Casa Pia,POR,DF,DF,24,31.5,zagueiro_classico
3659,Tiago Gouveia,Benfica,POR,"FW,DF",FW,23,1.1,segundo_atacante
3660,Pablo Gozalbez,Arouca,ESP,MF,MF,23,7.2,meia_criativo
3661,João Graça,Rio Ave,POR,"MF,FW",MF,29,5.5,box_to_box
3662,Samuel Granada,AVS Futebol,BRA,FW,FW,24,2.7,segundo_atacante
3663,Jaume Grau,AVS Futebol,ESP,MF,MF,27,23.5,volante_defensivo
3664,Marko Grujić,Porto,SRB,MF,MF,28,0.4,meia_criativo
3665,Marko Gudžulić,Estrela,SRB,GK,GK,22,2.0,goleiro_joia
3666,Rafik Guitane,Estoril,FRA,"FW,MF",FW,25,9.5,segundo_atacante
3667,Rafik Guitane,Braga,FRA,FW,FW,25,0.0,centroavante_goleador
3668,Deniz Gül,Porto,TUR,FW,FW,20,4.9,centroavante_goleador
3669,Viktor Gyökeres,Sporting CP,SWE,FW,FW,26,31.2,ponta_dribllador
3670,Justin de Haas,Famalicão,NED,DF,DF,24,27.4,zagueiro_classico
3671,Habraão,Santa Clara,BRA,FW,FW,23,0.0,centroavante_goleador
3672,Tomás Händel,Vitória,POR,MF,MF,23,28.0,box_to_box
3673,Conrad Harder,Sporting CP,DEN,"FW,MF",FW,19,8.7,segundo_atacante
3674,Thiago Helguera,Braga,URU,MF,MF,18,0.1,volante_defensivo
3675,Gustavo Henrique,Estrela,BRA,"MF,FW",MF,25,2.5,meia_criativo
3676,Morten Hjulmand,Sporting CP,DEN,MF,MF,25,24.6,volante_defensivo
3677,Jordan Holsgrove,Estoril,SCO,MF,MF,24,26.5,volante_defensivo
3678,Lukáš Horníček,Braga,CZE,GK,GK,22,17.0,goleiro_joia
3679,André Horta,Braga,POR,MF,MF,27,5.6,meia_criativo
3680,Ricardo Horta,Braga,POR,"MF,FW",MF,29,31.5,box_to_box
3681,Igor,Estrela,BRA,MF,MF,21,8.9,volante_defensivo
3682,André Inácio,Estrela,BRA,"MF,FW",MF,22,7.1,meia_criativo
3683,André Inácio,Rio Ave,BRA,"FW,MF",FW,22,13.1,ponta_dribllador
3684,Gonçalo Inácio,Sporting CP,POR,DF,DF,22,25.1,zagueiro_construtor
3685,Isaac,Nacional,BRA,FW,FW,20,13.7,centroavante_goleador
3686,Ismael,Moreirense,POR,MF,MF,25,22.5,volante_defensivo
3687,Franco Israel,Sporting CP,URU,GK,GK,24,11.0,goleiro_joia
3688,Ivan Jaime Pajuelo,Porto,ESP,FW,FW,23,4.9,segundo_atacante
3689,Jason,Arouca,ESP,"FW,MF",FW,30,25.0,ponta_dribllador
3690,Jhonatan,Rio Ave,BRA,GK,GK,33,8.0,goleiro_reserva
3691,Diederrick Joel,Nacional,CMR,FW,FW,30,9.6,centroavante_goleador
3692,Joel Jorquera,Moreirense,ESP,FW,FW,23,4.8,centroavante_goleador
3693,Luiz Lúcio Reis Júnior,Famalicão,BRA,GK,GK,23,1.0,goleiro_joia
3694,Samuel Justo,Farense,POR,MF,MF,20,2.3,volante_defensivo
3695,Issa Kaboré,Benfica,BFA,DF,DF,23,0.1,zagueiro_classico
3696,Kaio,Vitória,BRA,FW,FW,20,14.4,ponta_dribllador
3697,Kaique,Farense,BRA,GK,GK,21,6.0,goleiro_joia
3698,Osman Kakay,Boavista,SLE,DF,DF,26,6.4,zagueiro_classico
3699,Kali,Casa Pia,ANG,DF,DF,20,0.0,zagueiro_classico
3700,Issiaka Kamate,AVS Futebol,FRA,"FW,MF",FW,19,3.9,segundo_atacante
3701,Jorge Karse,Rio Ave,POR,DF,DF,19,0.0,zagueiro_classico
3702,Kazu,Gil Vicente FC,BRA,DF,DF,24,5.9,zagueiro_classico
3703,Keliano,Estrela,ANG,MF,MF,21,10.8,volante_defensivo
3704,Kewin,Moreirense,BRA,GK,GK,28,29.0,goleiro_titular
3705,Kikas,Estrela,POR,FW,FW,25,23.4,ponta_dribllador
3706,Gustavo Klismahn,Santa Clara,BRA,"MF,FW",MF,24,9.1,meia_criativo
3707,Ruben Kluivert,Casa Pia,NED,DF,DF,23,13.7,zagueiro_classico
3708,Koka,Rio Ave,EGY,"FW,MF",FW,31,1.9,centroavante_goleador
3709,Orkun Kökçü,Benfica,TUR,MF,MF,23,29.3,box_to_box
3710,Moussa Koné,Boavista,SEN,"MF,FW",MF,27,3.5,volante_defensivo
3711,Konstantinos Kostoulas,Rio Ave,GRE,DF,DF,19,2.1,zagueiro_classico
3712,Vladan Kovačević,Sporting CP,BIH,GK,GK,26,6.0,goleiro_reserva
3713,Andrian Kraev,Casa Pia,BUL,MF,MF,25,18.5,volante_defensivo
3714,Layvin Kurzawa,Boavista,FRA,"DF,MF",DF,31,1.9,zagueiro_classico
3715,Chiheb Labidi,Nacional,TUN,"MF,FW",MF,23,4.6,volante_defensivo
3716,André Lacximicant,Estoril,POR,FW,FW,23,11.0,centroavante_goleador
3717,Chico Lamba,Arouca,POR,DF,DF,21,25.2,zagueiro_classico
3718,Larra,Casa Pia,ESP,"MF,DF",MF,26,24.9,volante_defensivo
3719,Leonardo Lelo,Casa Pia,POR,"MF,DF",MF,24,31.6,volante_defensivo
3720,Marcos Leonardo,Benfica,BRA,MF,MF,21,0.9,box_to_box
3721,Guilherme Liberato,Moreirense,BRA,MF,MF,23,0.5,volante_defensivo
3722,Otso Liimatta,Famalicão,FIN,"FW,MF",FW,20,1.3,centroavante_goleador
3723,Rúben Lima,Estrela,POR,DF,DF,34,19.8,lateral_ofensivo
3724,Yan Lincon,Moreirense,BRA,FW,FW,21,2.9,centroavante_goleador
3725,Jérémy Livolant,Casa Pia,FRA,"FW,MF",FW,26,20.0,ponta_dribllador
3726,Danny Loader,Porto,CMR,"FW,MF",FW,23,11.9,centroavante_goleador
3727,Samuel Lobato,Famalicão,POR,"FW,MF",FW,22,0.8,centroavante_goleador
3728,Tom van de Looi,Famalicão,NED,MF,MF,25,19.5,volante_defensivo
3729,Miguel Lopes,Estrela,POR,DF,DF,37,12.7,zagueiro_classico
3730,Rony Lopes,Farense,POR,"MF,FW",MF,28,12.5,volante_defensivo
3731,Vasco Lopes,AVS Futebol,CPV,"FW,MF",FW,24,11.6,ponta_dribllador
3732,Mamadou Loum,Arouca,SEN,"MF,DF",MF,27,7.9,volante_defensivo
3733,Jonatan Lucca,AVS Futebol,BRA,MF,MF,30,3.0,volante_defensivo
3734,Florentino Luís,Benfica,POR,MF,MF,24,21.9,volante_defensivo
3735,Zé Luís,AVS Futebol,CPV,FW,FW,33,15.4,centroavante_goleador
3736,Luismi,Moreirense,EQG,FW,FW,23,15.2,centroavante_goleador
3737,Vitali Lystsov,Boavista,RUS,DF,DF,29,5.3,zagueiro_classico
3738,Rúben Macedo,Nacional,POR,"FW,MF",FW,28,13.3,ponta_dribllador
3739,Tiago Machado,Boavista,POR,"FW,MF",FW,20,1.4,segundo_atacante
3740,Madson,Moreirense,BRA,FW,FW,24,13.0,ponta_dribllador
3741,Miguel Maga,Vitória,POR,DF,DF,21,15.5,lateral_ofensivo
3742,Otar Mamageishvili,Famalicão,GEO,MF,MF,21,0.5,volante_defensivo
3743,Eliaquim Mangala,Estoril,FRA,DF,DF,33,4.7,zagueiro_classico
3744,Ricardo Mangas,Vitória,POR,FW,FW,26,3.8,centroavante_goleador
3745,Brian Mansilla,Arouca,URU,"FW,MF",FW,22,3.8,segundo_atacante
3746,Nico Mantl,Arouca,GER,GK,GK,24,29.0,goleiro_joia
3747,Manú,Estrela,ANG,"FW,DF",FW,18,0.5,centroavante_goleador
3748,Manuel Manu,Vitória,POR,MF,MF,23,7.6,meia_criativo
3749,Manuel Manu,Benfica,POR,MF,MF,23,1.5,meia_criativo
3750,Maracás,Moreirense,BRA,DF,DF,30,26.6,zagueiro_classico
3751,Iván Marcano,Porto,ESP,DF,DF,37,10.5,zagueiro_classico
3752,Adrián Marín,Braga,ESP,DF,DF,27,7.9,lateral_ofensivo
3753,João Mário,Benfica,POR,"FW,MF",FW,31,1.7,segundo_atacante
3754,João Mário Lopes,Porto,POR,"DF,MF",DF,24,19.6,lateral_ofensivo
3755,Uładzisłaŭ Marozaŭ,Arouca,BLR,FW,FW,23,3.1,centroavante_goleador
3756,Alejandro Marqués,Estoril,VEN,FW,FW,23,18.8,centroavante_goleador
3757,Alex Marques,Boavista,POR,DF,DF,18,1.1,zagueiro_classico
3758,João Marques,Braga,POR,"MF,FW",MF,22,0.4,meia_criativo
3759,João Marques,Gil Vicente FC,POR,"FW,MF",FW,22,6.5,segundo_atacante
3760,Gabri Martínez,Braga,ESP,"FW,MF",FW,21,17.1,ponta_dribllador
3761,Toni Martínez,Porto,ESP,FW,FW,27,0.0,centroavante_goleador
3762,Bernardo Martins,Moreirense,POR,"FW,MF",FW,26,18.2,ponta_dribllador
3763,Matheus,Braga,BRA,GK,GK,32,17.0,goleiro_titular
3764,Matheusinho,Santa Clara,BRA,"FW,MF",FW,26,1.3,centroavante_goleador
3765,Marco Matias,Farense,POR,"FW,MF",FW,35,14.0,segundo_atacante
3766,Jordi Mboula,Gil Vicente FC,ESP,"FW,MF",FW,25,12.8,ponta_dribllador
3767,Tobías Medina,Rio Ave,ARG,MF,MF,20,0.6,volante_defensivo
3768,Mauro Meireles Couto,Sporting CP,POR,DF,DF,18,0.0,zagueiro_classico
3769,Francisco Meixedo,Estrela,POR,GK,GK,23,0.5,goleiro_joia
3770,Yair Mena Palacios,AVS Futebol,COL,"MF,FW",MF,24,1.0,volante_defensivo
3771,João Mendes,Vitória,POR,"MF,FW",MF,29,17.1,box_to_box
3772,João Mendes,Vitória,POR,DF,DF,24,30.8,zagueiro_construtor
3773,Joe Mendes,Braga,SWE,DF,DF,21,2.0,zagueiro_classico
3774,Gustavo Mendonça,AVS Futebol,POR,MF,MF,21,7.5,volante_defensivo
3775,Miguel Menino,Farense,POR,MF,MF,21,20.3,volante_defensivo
3776,John Mercado,AVS Futebol,ECU,"FW,MF",FW,22,26.0,ponta_dribllador
3777,Mehdi Merghem,Farense,FRA,"MF,FW",MF,27,5.1,volante_defensivo
3778,Bruno Messi,Santa Clara,POR,"FW,MF",FW,27,1.3,centroavante_goleador
3779,Michel,Moreirense,BRA,DF,DF,21,2.8,zagueiro_classico
3780,Dieu-Merci Michel,Vitória,CAN,FW,FW,20,4.1,centroavante_goleador
3781,Enea Mihaj,Famalicão,ALB,DF,DF,26,28.1,zagueiro_classico
3782,Mika,Moreirense,POR,GK,GK,33,0.0,goleiro_reserva
3783,Álex Millán,Farense,ESP,"FW,MF",FW,24,4.5,centroavante_goleador
3784,Juan Mina,Estrela,COL,FW,FW,20,0.2,centroavante_goleador
3785,Cezary Miszta,Rio Ave,POL,GK,GK,22,25.8,goleiro_joia
3786,Iyad Mohamed,Casa Pia,COM,MF,MF,23,5.4,volante_defensivo
3787,Isaac Monteiro,Casa Pia,POR,DF,DF,20,0.0,zagueiro_classico
3788,Rodrigo Mora,Porto,POR,"MF,FW",MF,17,15.2,box_to_box
3789,Morato,Benfica,BRA,DF,DF,23,1.0,zagueiro_classico
3790,Paulo Moreira,Estrela,POR,MF,MF,24,14.4,volante_defensivo
3791,Marco Moreno,Farense,ESP,DF,DF,23,22.7,zagueiro_classico
3792,Dani Morer,Moreirense,ESP,DF,DF,26,0.1,zagueiro_classico
3793,Hidemasa Morita,Sporting CP,JPN,MF,MF,29,14.4,box_to_box
3794,Moura,Famalicão,POR,DF,DF,24,4.0,lateral_ofensivo
3795,Moura,Porto,POR,"DF,MF",DF,24,24.6,lateral_ofensivo
3796,João Moutinho,Braga,POR,MF,MF,37,18.5,volante_defensivo
3797,MT,Santa Clara,BRA,"DF,MF",DF,23,31.0,zagueiro_construtor
3798,Jonathan Mutombo,Gil Vicente FC,FRA,DF,DF,21,8.5,zagueiro_classico
3799,Manuel Namora,Boavista,POR,"MF,FW",MF,26,3.4,volante_defensivo
3800,Dylan Nandín,Arouca,URU,FW,FW,22,7.3,centroavante_goleador
3801,Nani,Estrela,POR,"FW,MF",FW,37,5.2,centroavante_goleador
3802,Fran Navarro,Porto,ESP,FW,FW,26,1.0,centroavante_goleador
3803,Fran Navarro,Braga,ESP,FW,FW,26,7.4,centroavante_goleador
3804,Christian Neiva Afonso,AVS Futebol,POR,"DF,MF",DF,29,18.0,lateral_ofensivo
3805,Nenê,AVS Futebol,BRA,FW,FW,41,9.6,centroavante_goleador
3806,Neto,Farense,BRA,MF,MF,32,19.6,volante_defensivo
3807,Martim Neto,Rio Ave,POR,MF,MF,21,15.2,volante_defensivo
3808,Renato Nhaga,Casa Pia,GNB,MF,MF,17,1.1,volante_defensivo
3809,Sikou Niakaté,Braga,MLI,DF,DF,25,21.8,zagueiro_construtor
3810,Yusupha Njie,Farense,GAM,"FW,MF",FW,30,7.0,centroavante_goleador
3811,Miguel Nóbrega,Rio Ave,POR,DF,DF,24,1.0,zagueiro_classico
3812,Jonatás Noro,Braga,POR,DF,DF,19,0.1,zagueiro_classico
3813,João Novais,Rio Ave,POR,MF,MF,31,15.6,volante_defensivo
3814,Andreas Ntoi,Rio Ave,GRE,DF,DF,21,15.2,zagueiro_classico
3815,Samuel Obeng,Casa Pia,GHA,FW,FW,27,4.1,centroavante_goleador
3816,Guillermo Ochoa,AVS Futebol,MEX,GK,GK,39,23.0,goleiro_titular
3817,Lawrence Ofori,Moreirense,GHA,MF,MF,26,19.8,volante_defensivo
3818,Leonardo Oliveira,Famalicão,POR,FW,FW,19,0.3,centroavante_goleador
3819,Nélson Oliveira,Vitória,POR,FW,FW,32,19.7,ponta_dribllador
3820,Paulo Oliveira,Braga,POR,DF,DF,32,19.0,zagueiro_classico
3821,Talys Oliveira,Farense,BRA,DF,DF,25,2.8,zagueiro_classico
3822,Samu Omorodion,Porto,ESP,FW,FW,20,25.1,centroavante_goleador
3823,Bruno Onyemaechi,Boavista,NGA,"DF,MF",DF,25,17.4,lateral_ofensivo
3824,Jandro Orellana,Estoril,ESP,MF,MF,23,11.3,volante_defensivo
3825,Korede Osundina,Casa Pia,USA,FW,FW,20,1.9,segundo_atacante
3826,Nicolás Otamendi,Benfica,ARG,DF,DF,36,30.1,zagueiro_construtor
3827,Amine El Ouazzani,Braga,MAR,FW,FW,23,17.8,centroavante_goleador
3828,Amine Oudrhiri,Estrela,MAR,MF,MF,31,8.0,volante_defensivo
3829,Amine Oudrhiri,Rio Ave,MAR,MF,MF,31,7.2,volante_defensivo
3830,Pablo,Gil Vicente FC,BRA,FW,FW,20,8.9,centroavante_goleador
3831,Renato Pantalon,Estrela,CRO,DF,DF,26,7.8,zagueiro_classico
3832,Renato Pantalon,Rio Ave,CRO,DF,DF,26,7.7,zagueiro_classico
3833,Jonathan Panzo,Rio Ave,ENG,DF,DF,23,14.4,zagueiro_classico
3834,Tiago Parente,Estoril,POR,DF,DF,20,0.2,zagueiro_classico
3835,David Pastor,Farense,BRA,"DF,MF",DF,24,28.9,lateral_ofensivo
3836,Afonso Patrão,Braga,POR,FW,FW,17,2.7,segundo_atacante
3837,Patrick,Rio Ave,BRA,DF,DF,27,11.1,zagueiro_classico
3838,Vangelis Pavlidis,Benfica,GRE,FW,FW,25,25.1,ponta_dribllador
3839,Zé Pedro Figueiredo,Porto,POR,DF,DF,27,16.6,zagueiro_construtor
3840,João Pedro,Rio Ave,BRA,DF,DF,21,3.0,zagueiro_classico
3841,Daniel Penha,Nacional,BRA,MF,MF,25,16.5,box_to_box
3842,Pepê,Porto,BRA,"FW,MF",FW,27,22.1,ponta_dribllador
3843,Pereira,Casa Pia,POR,"FW,MF",FW,22,8.4,ponta_dribllador
3844,Diogo Pereira,Gil Vicente FC,POR,"DF,MF",DF,21,0.8,zagueiro_classico
3845,Francisco Pereira,Estoril,POR,MF,MF,22,0.1,volante_defensivo
3846,Matheus Pereira,Santa Clara,BRA,"MF,DF",MF,23,19.1,volante_defensivo
3847,Sebastián Pérez Cardona,Boavista,COL,MF,MF,31,22.5,volante_defensivo
3848,Nehuén Pérez,Porto,ARG,DF,DF,24,23.0,zagueiro_construtor
3849,Tomás Pérez,Porto,ARG,"MF,DF",MF,18,1.7,volante_defensivo
3850,Francisco Petrasso,Rio Ave,ARG,DF,DF,22,4.6,zagueiro_classico
3851,Petterson,Estrela,BRA,"MF,FW",MF,20,0.8,meia_criativo
3852,Lucas Piazon,AVS Futebol,BRA,"MF,FW",MF,30,26.4,volante_defensivo
3853,Wagner Pina,Estoril,CPV,"DF,MF",DF,21,26.3,lateral_ofensivo
3854,Rodrigo Pinheiro,Famalicão,POR,DF,DF,21,22.2,lateral_ofensivo
3855,Rodrigo Pinho,Estrela,BRA,FW,FW,33,18.5,centroavante_goleador
3856,Alexandre Pinto,Arouca,POR,DF,DF,26,9.1,lateral_ofensivo
3857,Dinis Pinto,Moreirense,POR,DF,DF,23,24.1,zagueiro_construtor
3858,Jaime Pinto,Farense,POR,"MF,FW",MF,26,2.6,meia_criativo
3859,João Pinto,Gil Vicente FC,POR,MF,MF,21,0.0,volante_defensivo
3860,Ole Pohlmann,Rio Ave,GER,"MF,FW",MF,23,17.7,box_to_box
3861,Carlos Ponck,Moreirense,CPV,DF,DF,29,5.4,zagueiro_classico
3862,Boris Popović,Arouca,SRB,DF,DF,24,10.0,zagueiro_classico
3863,Darío Poveda,Farense,ESP,"FW,MF",FW,27,11.0,centroavante_goleador
3864,Gianluca Prestianni,Benfica,ARG,"MF,FW",MF,18,3.2,meia_criativo
3865,Diogo Prioste,Benfica,POR,MF,MF,20,0.1,volante_defensivo
3866,Miguel Puche García,Arouca,ESP,"FW,MF",FW,23,5.8,centroavante_goleador
3867,Quaresma,Arouca,BRA,DF,DF,27,0.9,zagueiro_classico
3868,Eduardo Quaresma,Sporting CP,POR,DF,DF,22,15.5,zagueiro_construtor
3869,Geovany Quenda,Sporting CP,POR,"MF,DF",MF,17,25.0,box_to_box
3870,Uroš Račić,Braga,SRB,MF,MF,26,8.0,box_to_box
3871,Rafinha,Farense,POR,MF,MF,18,0.0,volante_defensivo
3872,Jesús Ramírez,Vitória,VEN,FW,FW,26,8.1,centroavante_goleador
3873,Cláudio Ramos,Porto,POR,GK,GK,32,2.0,goleiro_reserva
3874,Guilherme Ramos,Santa Clara,POR,DF,DF,26,3.7,zagueiro_classico
3875,Leonardo Realpe,Famalicão,ECU,DF,DF,23,5.0,zagueiro_classico
3876,João Rêgo,Benfica,POR,FW,FW,19,0.2,centroavante_goleador
3877,Francisco Reis Ferreira,Estrela,POR,DF,DF,27,15.7,zagueiro_classico
3878,Matheus Reis,Sporting CP,BRA,DF,DF,29,14.7,zagueiro_construtor
3879,Tiago Reis,Nacional,BRA,FW,FW,24,2.6,centroavante_goleador
3880,Miguel Reisinho,Boavista,POR,"MF,FW",MF,25,24.1,volante_defensivo
3881,Filipe Relvas,Vitória,POR,DF,DF,24,9.4,zagueiro_classico
3882,Marco Ribeiro,Boavista,POR,"MF,DF",MF,19,3.8,volante_defensivo
3883,Rodrigo Ribeiro,Sporting CP,POR,FW,FW,19,0.0,centroavante_goleador
3884,Rodrigo Ribeiro,AVS Futebol,POR,FW,FW,19,11.0,centroavante_goleador
3885,Tomás Ribeiro,Vitória,POR,DF,DF,25,3.5,zagueiro_classico
3886,Tomás Ribeiro,Farense,POR,DF,DF,25,7.2,zagueiro_classico
3887,Yuri Ribeiro,Braga,POR,"DF,MF",DF,27,5.1,zagueiro_classico
3888,Ricardinho,Santa Clara,POR,"FW,MF",FW,25,13.8,centroavante_goleador
3889,Riccieli,Famalicão,BRA,DF,DF,25,6.5,zagueiro_classico
3890,Omar Richards,Rio Ave,ENG,DF,DF,26,22.1,zagueiro_construtor
3891,Rivaldo,Farense,CPV,"DF,MF",DF,23,5.0,lateral_ofensivo
3892,Óscar Rivas,Vitória,ESP,DF,DF,24,8.9,zagueiro_classico
3893,Pablo Roberto,Casa Pia,BRA,"MF,FW",MF,24,12.4,volante_defensivo
3894,Joel Robles,Estoril,ESP,GK,GK,34,29.0,goleiro_titular
3895,Matí­as Rocha,Arouca,URU,DF,DF,23,3.3,zagueiro_classico
3896,Rochinha,Famalicão,POR,FW,FW,29,10.0,ponta_dribllador
3897,Afonso Rodrigues,Famalicão,POR,"MF,FW",MF,21,0.1,meia_criativo
3898,Diego Rodrigues,Braga,POR,MF,MF,19,1.8,meia_criativo
3899,Gerson Rodrigues,AVS Futebol,LUX,FW,FW,29,2.1,centroavante_goleador
3900,Ivo Rodrigues,Arouca,POR,"MF,FW",MF,29,7.1,volante_defensivo
3901,Ivo Rodrigues,Moreirense,POR,"MF,FW",MF,29,8.4,volante_defensivo
3902,Luís Carlos Rocha Rodrigues,Santa Clara,POR,DF,DF,37,28.6,zagueiro_classico
3903,Rafael Rodrigues,AVS Futebol,POR,"DF,MF",DF,22,11.5,zagueiro_classico
3904,Rodrigo Rodrigues,Gil Vicente FC,POR,FW,FW,16,0.1,centroavante_goleador
3905,Ignacio Rodríguez,AVS Futebol,URU,DF,DF,20,13.2,zagueiro_classico
3906,Benjamín Rollheiser,Benfica,ARG,"MF,FW",MF,24,1.5,meia_criativo
3907,Baptiste Roux,AVS Futebol,FRA,DF,DF,24,20.7,zagueiro_classico
3908,Alan Ruiz,Estrela,ARG,"MF,FW",MF,30,16.3,volante_defensivo
3909,Gustavo sá,Famalicão,POR,MF,MF,19,28.0,box_to_box
3910,Josué Sá,Gil Vicente FC,POR,DF,DF,32,14.3,zagueiro_classico
3911,Safira,Santa Clara,BRA,FW,FW,29,11.0,segundo_atacante
3912,Sala,Estoril,ESP,"FW,MF",FW,21,1.9,segundo_atacante
3913,Samu,Vitória,POR,MF,MF,28,19.4,box_to_box
3914,Renato Sanches,Benfica,POR,MF,MF,26,2.2,volante_defensivo
3915,Caio Santana,Estrela,BRA,"FW,MF",FW,20,2.0,centroavante_goleador
3916,Aderlan Santos,AVS Futebol,BRA,DF,DF,35,6.6,zagueiro_classico
3917,Aderlan Santos,Rio Ave,BRA,DF,DF,35,17.6,zagueiro_classico
3918,Bruno Santos,Farense,POR,FW,FW,21,0.6,centroavante_goleador
3919,Gabriel Santos,Nacional,BRA,"FW,MF",FW,25,1.0,centroavante_goleador
3920,Hevertton Santos,Vitória,BRA,DF,DF,23,2.9,zagueiro_classico
3921,Leandro Santos,Benfica,POR,"DF,MF",DF,18,2.9,zagueiro_classico
3922,Léo Santos,Nacional,BRA,DF,DF,25,8.6,zagueiro_classico
3923,Nuno Santos,Sporting CP,POR,"MF,DF",MF,29,3.9,volante_defensivo
3924,Nuno Santos,Vitória,POR,"FW,MF",FW,25,21.2,ponta_dribllador
3925,Pedro Santos,Arouca,POR,MF,MF,23,17.0,volante_defensivo
3926,Pedro Santos,Moreirense,POR,"FW,MF",FW,21,6.2,segundo_atacante
3927,Zaidu Sanusi,Porto,NGA,DF,DF,27,0.6,zagueiro_classico
3928,Guilherme Schettine,Moreirense,BRA,FW,FW,28,18.9,segundo_atacante
3929,Andreas Schjelderup,Benfica,NOR,"FW,MF",FW,20,5.8,segundo_atacante
3930,Caio Secco,Moreirense,BRA,GK,GK,33,5.0,goleiro_reserva
3931,Telasco Segovia,Casa Pia,VEN,MF,MF,21,10.1,box_to_box
3932,Václav Sejk,Famalicão,CZE,FW,FW,22,9.5,centroavante_goleador
3933,Patrick Sequeira,Casa Pia,CRC,GK,GK,25,32.0,goleiro_titular
3934,Serginho,Santa Clara,POR,MF,MF,24,14.5,volante_defensivo
3935,Guilherme Serrão,Estrela,POR,"MF,DF",MF,20,8.3,volante_defensivo
3936,André Seruca,Farense,POR,"MF,DF",MF,23,0.2,volante_defensivo
3937,Naziru Shuabiu,Rio Ave,NGA,FW,FW,20,0.0,centroavante_goleador
3938,Sidney,Santa Clara,BRA,DF,DF,27,26.5,zagueiro_construtor
3939,Alysson Silva,Santa Clara,BRA,DF,DF,21,1.8,zagueiro_classico
3940,António Silva,Benfica,POR,DF,DF,20,22.6,zagueiro_construtor
3941,Gustavo da Silva,Vitória,BRA,FW,FW,25,9.7,centroavante_goleador
3942,Joel silva,Boavista,POR,"MF,DF",MF,21,26.6,volante_defensivo
3943,José Silva,Sporting CP,POR,DF,DF,18,0.1,zagueiro_classico
3944,Luís Manuel Costa Silva,AVS Futebol,POR,MF,MF,31,5.2,volante_defensivo
3945,Raul Silva,Farense,BRA,DF,DF,34,5.3,zagueiro_classico
3946,Rui Silva,Sporting CP,POR,GK,GK,30,17.0,goleiro_titular
3947,Tiago Silva,Vitória,POR,MF,MF,31,25.8,box_to_box
3948,Tomás Silva,Boavista,POR,"DF,MF",DF,18,1.0,zagueiro_classico
3949,David Simão,Arouca,POR,MF,MF,34,19.7,volante_defensivo
3950,João Simões,Sporting CP,POR,MF,MF,17,4.4,meia_criativo
3951,Sphephelo Sithole,Gil Vicente FC,RSA,"FW,MF",FW,25,0.6,centroavante_goleador
3952,Filipe Soares,Farense,POR,MF,MF,25,6.7,meia_criativo
3953,Lucas Soares,Santa Clara,BRA,"MF,DF",MF,26,18.4,volante_defensivo
3954,Rafa Soares,Famalicão,POR,DF,DF,29,23.2,lateral_ofensivo
3955,Samuel Soares,Benfica,POR,GK,GK,22,2.0,goleiro_joia
3956,Alexandre Sola,Estrela,AND,MF,MF,20,0.2,volante_defensivo
3957,Djibril Soumaré,Nacional,SEN,MF,MF,21,20.9,volante_defensivo
3958,André Sousa,Nacional,POR,MF,MF,34,2.2,meia_criativo
3959,Dyego Sousa,Nacional,POR,FW,FW,34,1.7,centroavante_goleador
3960,Gerson Sousa,Estrela,POR,"FW,MF",FW,22,0.7,centroavante_goleador
3961,Miguel Sousa,Casa Pia,POR,"MF,FW",MF,25,11.7,volante_defensivo
3962,Valentim Sousa,Rio Ave,POR,FW,FW,19,0.9,centroavante_goleador
3963,Vasco Sousa,Porto,POR,MF,MF,21,4.7,volante_defensivo
3964,Fabiano Souza,Moreirense,BRA,DF,DF,24,7.8,zagueiro_classico
3965,Gabriel Airton de Souza,Moreirense,BRA,"FW,MF",FW,28,10.1,ponta_dribllador
3966,Jerry St. Juste,Sporting CP,NED,DF,DF,27,6.5,zagueiro_classico
3967,Max Svensson,Casa Pia,ESP,"FW,MF",FW,23,9.4,segundo_atacante
3968,Morlaye Sylla,Arouca,GUI,"FW,MF",FW,26,26.3,ponta_dribllador
3969,Sidnei Tavares,Moreirense,POR,MF,MF,22,14.4,volante_defensivo
3970,Tomás Tavares,AVS Futebol,POR,DF,DF,23,8.8,zagueiro_classico
3971,Duplexe Tchamba,Casa Pia,CMR,DF,DF,26,20.2,zagueiro_classico
3972,Cédric Teguia,Moreirense,ESP,FW,FW,22,10.1,centroavante_goleador
3973,João Teixeira,Gil Vicente FC,POR,MF,MF,30,3.7,volante_defensivo
3974,Jorge Teixeira,AVS Futebol,POR,DF,DF,37,8.4,zagueiro_classico
3975,Matheus Teixeira,Rio Ave,BRA,GK,GK,25,0.2,goleiro_reserva
3976,Nigel Thomas,Nacional,NED,"FW,MF",FW,23,7.0,segundo_atacante
3977,Tomané,Farense,POR,FW,FW,31,18.4,ponta_dribllador
3978,Tomé,Boavista,POR,GK,GK,17,2.0,goleiro_joia
3979,João Tomé,Rio Ave,POR,"DF,MF",DF,21,8.6,lateral_ofensivo
3980,Mirko Topić,Famalicão,SRB,MF,MF,23,25.8,volante_defensivo
3981,Diogo Travassos,Estrela,POR,"DF,MF",DF,20,19.2,zagueiro_construtor
3982,Alfonso Trezza,Arouca,URU,"FW,MF",FW,25,26.9,ponta_dribllador
3983,Francisco Trincão,Sporting CP,POR,"MF,FW",MF,24,32.6,box_to_box
3984,Anatolii Trubin,Benfica,UKR,GK,GK,22,32.0,goleiro_joia
3985,Ulisses,Nacional,BRA,DF,DF,24,28.4,zagueiro_classico
3986,Tomáš Vaclík,Boavista,CZE,GK,GK,35,12.0,goleiro_reserva
3987,João Valido,Arouca,POR,GK,GK,24,5.0,goleiro_joia
3988,Alan Varela,Porto,ARG,MF,MF,23,24.4,volante_defensivo
3989,Bruno Varela,Vitória,CPV,GK,GK,29,34.0,goleiro_titular
3990,Nilton Varela,Estrela,POR,"DF,MF",DF,23,24.5,lateral_ofensivo
3991,João Vasconcelos,Braga,POR,MF,MF,19,0.0,volante_defensivo
3992,Danilo Veiga,Estrela,POR,"DF,MF",DF,21,14.2,lateral_ofensivo
3993,Eric Veiga,AVS Futebol,LUX,"DF,MF",DF,27,4.1,zagueiro_classico
3994,Jhon Velásquez,Farense,COL,"FW,MF",FW,29,0.2,segundo_atacante
3995,Ricardo Velho,Farense,POR,GK,GK,25,28.0,goleiro_joia
3996,Frederico Venâncio,Santa Clara,POR,DF,DF,31,20.1,zagueiro_classico
3997,Paulo Victor,Farense,BRA,"DF,MF",DF,23,18.0,zagueiro_construtor
3998,Fabio Vieira,Porto,POR,"MF,FW",MF,24,20.4,box_to_box
3999,Gabriel Vieira,Santa Clara,BRA,FW,FW,22,31.0,ponta_dribllador
4000,Mikel Villanueva,Vitória,VEN,DF,DF,31,14.9,zagueiro_classico
4001,Marcos Vinicios Sorriso,Famalicão,BRA,"FW,MF",FW,23,22.4,ponta_dribllador
4002,Vinícius,Santa Clara,BRA,"FW,MF",FW,25,24.9,ponta_dribllador
4003,Bernardo Vital,Estoril,POR,MF,MF,23,0.3,volante_defensivo
4004,Zé Vitor,Nacional,BRA,DF,DF,23,30.5,zagueiro_classico
4005,Steven Vitória,Boavista,CAN,DF,DF,37,2.4,zagueiro_classico
4006,Marious Vrousai,Rio Ave,GRE,"DF,MF",DF,26,28.3,lateral_ofensivo
4007,Ilija Vukotić,Boavista,MNE,MF,MF,25,19.5,volante_defensivo
4008,Wendel,Santa Clara,BRA,FW,FW,23,2.6,centroavante_goleador
4009,Wendell,Porto,BRA,DF,DF,31,0.3,zagueiro_classico
4010,Weverson,Arouca,BRA,DF,DF,24,20.8,lateral_ofensivo
4011,Xeka,Estoril,POR,MF,MF,29,10.4,volante_defensivo
4012,Güven Yalçın,Arouca,TUR,FW,FW,25,8.5,centroavante_goleador
4013,Fūki Yamada,Nacional,JPN,"FW,MF",FW,23,5.5,segundo_atacante
4014,Zaydou Youssouf,Famalicão,COM,MF,MF,25,14.8,volante_defensivo
4015,Yassir Zabiri,Famalicão,MAR,"FW,MF",FW,19,0.6,centroavante_goleador
4016,Rodrigo Zalazar,Braga,URU,"MF,FW",MF,24,15.4,box_to_box
4017,Vinícius Zanocelo,Estoril,BRA,MF,MF,23,23.1,volante_defensivo
4018,Ivan Zlobin,Famalicão,RUS,GK,GK,27,15.0,goleiro_joia
4019,Karem Zoabi,Rio Ave,ISR,"FW,MF",FW,18,2.5,segundo_atacante
4020,Nermin Zolotić,Casa Pia,BIH,DF,DF,31,7.0,zagueiro_classico
4021,Ahmed Abdullahi,Gent,NGA,MF,MF,20,0.0,volante_defensivo
4022,Francis Abu,Cercle Brugge,GHA,MF,MF,23,18.4,volante_defensivo
4023,Orseer Achihi,Antwerp,NGA,FW,FW,17,0.3,centroavante_goleador
4024,Desmond Acquah,Dender,BEL,"MF,DF",MF,22,2.6,volante_defensivo
4025,Noah Adedeji,Genk,BEL,"FW,MF",FW,19,5.8,segundo_atacante
4026,Farouck Adekami,Antwerp,CIV,"FW,MF",FW,17,1.4,centroavante_goleador
4027,Adryelson,Anderlecht,BRA,DF,DF,26,6.0,zagueiro_classico
4028,Lawrence Agyekum,Cercle Brugge,GHA,MF,MF,20,21.8,volante_defensivo
4029,Takahiro Akimoto,OH Leuven,JPN,DF,DF,26,22.5,zagueiro_construtor
4030,Ali Akman,Dender,TUR,"FW,MF",FW,22,0.5,centroavante_goleador
4031,Josimar Alcocer,Westerlo,CRC,"FW,MF",FW,20,14.5,ponta_dribllador
4032,Toby Alderweireld,Antwerp,BEL,DF,DF,35,26.9,lateral_ofensivo
4033,Ryan Alebiosu,Kortrijk,ENG,DF,DF,22,6.8,lateral_ofensivo
4034,Sotiris Alexandropoulos,Standard Liège,GRE,MF,MF,22,7.6,volante_defensivo
4035,Arthur Alexis,Sint-Truiden,BEL,MF,MF,18,0.1,volante_defensivo
4036,Thierry Ambrose,Kortrijk,GLP,FW,FW,27,19.1,ponta_dribllador
4037,Francis Amuzu,Anderlecht,BEL,FW,FW,24,7.9,segundo_atacante
4038,Frederic Ananou,Sint-Truiden,TOG,"DF,MF",DF,26,2.2,zagueiro_classico
4039,Stelios Andreou,Charleroi,CYP,DF,DF,22,24.2,zagueiro_construtor
4040,Nilson Angulo,Anderlecht,ECU,"FW,DF",FW,21,5.1,segundo_atacante
4041,Bill Antonio,Mechelen,ZIM,"DF,FW",DF,21,3.9,lateral_ofensivo
4042,Tiago Araújo,Gent,POR,"DF,MF",DF,23,6.5,lateral_ofensivo
4043,Kristian Arnstad,Anderlecht,NOR,DF,DF,20,0.3,zagueiro_classico
4044,Tolu Arokodare,Genk,NGA,FW,FW,23,25.7,centroavante_goleador
4045,Raymond Asante,Charleroi,GHA,"FW,MF",FW,20,0.7,centroavante_goleador
4046,Majeed Ashimeru,Anderlecht,GHA,MF,MF,26,4.2,meia_criativo
4047,Ludwig Augustinsson,Anderlecht,SWE,DF,DF,30,9.5,zagueiro_construtor
4048,Felipe Augusto,Cercle Brugge,BRA,"FW,MF",FW,20,15.4,ponta_dribllador
4049,Muhammed Badamosi,Standard Liège,GAM,FW,FW,25,1.3,centroavante_goleador
4050,Youssouph Badji,Charleroi,SEN,FW,FW,22,2.3,segundo_atacante
4051,Bilal Bafdili,Mechelen,BEL,"MF,FW",MF,19,9.8,box_to_box
4052,Michel-Ange Balikwisha,Antwerp,BEL,"MF,FW",MF,23,2.2,meia_criativo
4053,William Balikwisha,OH Leuven,COD,"FW,MF",FW,25,12.0,ponta_dribllador
4054,Sacha Banse,Standard Liège,BFA,MF,MF,23,0.4,meia_criativo
4055,Ezechiel Banzuzi,OH Leuven,NED,MF,MF,19,23.1,box_to_box
4056,Joselpho Barnes,Sint-Truiden,GHA,"FW,MF",FW,22,1.3,centroavante_goleador
4057,Jelle Bataille,Antwerp,BEL,DF,DF,25,16.6,zagueiro_construtor
4058,David Bates,Standard Liège,SCO,DF,DF,27,8.6,zagueiro_classico
4059,Emin Bayram,Westerlo,TUR,DF,DF,21,16.7,zagueiro_construtor
4060,Gavin Bazunu,Standard Liège,IRL,GK,GK,22,6.0,goleiro_joia
4061,Zineddine Belaid,Sint-Truiden,ALG,DF,DF,25,10.1,zagueiro_classico
4062,Rafik Belghali,Mechelen,ALG,DF,DF,22,17.4,zagueiro_construtor
4063,Quentin Benaets,Charleroi,BEL,"DF,FW",DF,20,0.1,zagueiro_classico
4064,Mauricio Benítez,Antwerp,ARG,MF,MF,20,3.9,volante_defensivo
4065,Soufiane Benjdida,Standard Liège,MAR,FW,FW,22,6.3,centroavante_goleador
4066,Antoine Bernier,Charleroi,BEL,FW,FW,26,18.5,ponta_dribllador
4067,Adriano Bertaccini,Sint-Truiden,BEL,"FW,MF",FW,23,24.7,ponta_dribllador
4068,Mohamed Berte,Dender,BEL,FW,FW,22,14.8,ponta_dribllador
4069,Mickaël Biron,OH Leuven,MTQ,"FW,MF",FW,26,1.4,centroavante_goleador
4070,Arnaud Bodart,Standard Liège,BEL,GK,GK,26,2.0,goleiro_reserva
4071,Sinan Bolat,Westerlo,TUR,GK,GK,35,11.0,goleiro_reserva
4072,Boli Bolingoli-Mbombo,Standard Liège,BEL,DF,DF,29,5.3,zagueiro_classico
4073,Christopher Bonsu-Baah,Genk,GHA,"FW,MF",FW,19,20.2,ponta_dribllador
4074,Jordan Bos,Westerlo,AUS,"DF,FW",DF,21,11.4,lateral_ofensivo
4075,Sofiane Boufal,Union SG,MAR,MF,MF,30,7.4,meia_criativo
4076,Amine Boukamir,Charleroi,MAR,MF,MF,17,0.1,volante_defensivo
4077,Rosen Bozhinov,Antwerp,BUL,DF,DF,19,1.3,zagueiro_classico
4078,Bilal Brahimi,Sint-Truiden,ALG,"MF,FW",MF,24,16.5,box_to_box
4079,Archie Brown,Gent,ENG,DF,DF,22,25.4,zagueiro_construtor
4080,Bruninho,Cercle Brugge,BRA,"MF,FW",MF,21,4.7,meia_criativo
4081,Paris Brunner,Cercle Brugge,GER,"FW,MF",FW,18,3.8,centroavante_goleador
4082,Massimo Bruno,Kortrijk,BEL,MF,MF,30,6.5,volante_defensivo
4083,Marko Bulat,Standard Liège,CRO,"MF,FW",MF,22,14.0,volante_defensivo
4084,Christian Burgess,Union SG,ENG,DF,DF,32,21.0,zagueiro_classico
4085,Welat Cagro,Beerschot,BEL,MF,MF,25,10.4,volante_defensivo
4086,Alexandro Calut,Standard Liège,BEL,"DF,MF",DF,21,2.1,zagueiro_classico
4087,Etienne Camara,Charleroi,FRA,MF,MF,21,11.9,volante_defensivo
4088,Ilay Camara,Standard Liège,SEN,DF,DF,21,23.7,lateral_ofensivo
4089,Shandre Campbell,Club Brugge,RSA,FW,FW,19,0.1,centroavante_goleador
4090,Alessio Castro-Montes,Union SG,BEL,"DF,FW",DF,27,11.4,lateral_ofensivo
4091,Tjaronn Chery,Antwerp,SUR,"MF,FW",MF,36,26.2,box_to_box
4092,Antoine Colassin,Beerschot,BEL,"FW,MF",FW,23,13.4,segundo_atacante
4093,Kobe Cools,Dender,BEL,DF,DF,27,29.3,zagueiro_classico
4094,Colin Coosemans,Anderlecht,BEL,GK,GK,31,28.0,goleiro_titular
4095,Jo Coppens,Sint-Truiden,BEL,GK,GK,33,3.0,goleiro_reserva
4096,Kobe Corbanie,Antwerp,BEL,"DF,MF",DF,19,13.1,zagueiro_classico
4097,Ayrton Costa,Antwerp,ARG,DF,DF,25,13.5,zagueiro_construtor
4098,Carlos Cuesta,Genk,COL,DF,DF,25,6.8,zagueiro_classico
4099,Karol Czubak,Kortrijk,POL,FW,FW,24,0.7,segundo_atacante
4100,Oday Dabbagh,Charleroi,PLE,FW,FW,25,5.5,centroavante_goleador
4101,Colin Dagba,Beerschot,FRA,"DF,MF",DF,25,15.2,lateral_ofensivo
4102,Jón Dagur Þorsteinsson,OH Leuven,ISL,"MF,FW",MF,25,1.0,box_to_box
4103,Jesper Daland,Cercle Brugge,NOR,DF,DF,24,2.0,zagueiro_classico
4104,Elyess Dao,Anderlecht,MAR,"MF,FW",MF,17,0.1,meia_criativo
4105,Gabriel David,Antwerp,NGA,"MF,FW",MF,17,0.1,volante_defensivo
4106,Promise David,Union SG,CAN,FW,FW,23,15.3,centroavante_goleador
4107,Maxim De Cuyper,Club Brugge,BEL,DF,DF,23,24.5,lateral_ofensivo
4108,Gilles De Meyer,Gent,BEL,DF,DF,17,0.2,zagueiro_classico
4109,Dion De Neve,Kortrijk,BEL,DF,DF,22,20.4,lateral_ofensivo
4110,Kamiel Van De Perre,Union SG,BEL,MF,MF,20,4.9,volante_defensivo
4111,Tibe De Vlieger,Gent,BEL,"FW,DF",FW,18,0.5,segundo_atacante
4112,Nils De Wilde,Cercle Brugge,BEL,MF,MF,21,1.3,volante_defensivo
4113,Ortwin De Wolf,Mechelen,BEL,GK,GK,27,30.0,goleiro_titular
4114,Max Dean,Gent,ENG,FW,FW,20,10.8,centroavante_goleador
4115,Théo Defourny,Charleroi,BEL,GK,GK,32,1.0,goleiro_reserva
4116,Tristan Degreef,Anderlecht,BEL,"FW,MF",FW,19,4.2,segundo_atacante
4117,Brecht Dejaegere,Kortrijk,BEL,"MF,DF",MF,33,15.1,volante_defensivo
4118,Maxime Delanghe,Cercle Brugge,BEL,GK,GK,23,20.9,goleiro_joia
4119,Martin Delavallée,Charleroi,BEL,GK,GK,20,8.0,goleiro_joia
4120,Mathias Delorge,Gent,BEL,MF,MF,20,26.5,box_to_box
4121,Isaías Delpupo,Sint-Truiden,ARG,"FW,DF",FW,21,1.5,segundo_atacante
4122,Olivier Deman,Antwerp,BEL,DF,DF,24,9.9,zagueiro_classico
4123,Bas van den Eynden,Mechelen,BEL,DF,DF,22,8.0,zagueiro_classico
4124,Leander Dendoncker,Anderlecht,BEL,"MF,DF",MF,29,19.3,volante_defensivo
4125,Kévin Denkey,Cercle Brugge,TOG,FW,FW,23,14.6,centroavante_goleador
4126,Djevencio van der Kust,Beerschot,SUR,DF,DF,23,2.2,zagueiro_classico
4127,Alfie Devine,Westerlo,ENG,MF,MF,19,17.8,box_to_box
4128,Julien Devriendt,Dender,BEL,GK,GK,25,3.5,goleiro_reserva
4129,Gilles Dewaele,Kortrijk,BEL,DF,DF,28,12.2,zagueiro_classico
4130,Ibrahim Diakité,Cercle Brugge,GUI,DF,DF,20,18.3,zagueiro_construtor
4131,Daan Dierckx,Standard Liège,BEL,DF,DF,21,5.8,zagueiro_classico
4132,Guillaume Dietsch,Dender,FRA,GK,GK,23,0.5,goleiro_joia
4133,Alouis Diriken,Sint-Truiden,BEL,MF,MF,20,1.6,volante_defensivo
4134,Kasper Dolberg,Anderlecht,DEN,FW,FW,26,18.6,centroavante_goleador
4135,Mahamadou Doumbia,Antwerp,MLI,MF,MF,20,18.5,box_to_box
4136,Souleyman Doumbia,Standard Liège,CIV,DF,DF,27,2.1,zagueiro_classico
4137,Vetle Dragsnes,Charleroi,NOR,DF,DF,30,23.9,lateral_ofensivo
4138,Anders Dreyer,Anderlecht,DEN,FW,FW,26,15.3,segundo_atacante
4139,Olivier Dumont,Sint-Truiden,BEL,"MF,FW",MF,22,4.9,meia_criativo
4140,Jean-Kevin Duverne,Kortrijk,HAI,"DF,MF",DF,27,7.0,zagueiro_classico
4141,Dennis Eckert,Standard Liège,GER,FW,FW,27,20.0,ponta_dribllador
4142,Dennis Eckert,Union SG,GER,FW,FW,27,2.2,centroavante_goleador
4143,Samuel Edozie,Anderlecht,ENG,FW,FW,21,10.6,ponta_dribllador
4144,Malamine Efekele,Cercle Brugge,FRA,"MF,FW",MF,20,2.7,volante_defensivo
4145,Jurgen Ekkelenkamp,Antwerp,NED,MF,MF,24,0.7,meia_criativo
4146,Nunzio Engwanda,Anderlecht,BEL,DF,DF,16,0.7,zagueiro_classico
4147,Matthieu Epolo,Standard Liège,BEL,GK,GK,20,18.5,goleiro_joia
4148,Alieu Fadera,Genk,GAM,MF,MF,22,2.0,volante_defensivo
4149,Noah Fadiga,Gent,SEN,"DF,MF",DF,24,9.3,lateral_ofensivo
4150,Omar Fayed,Beerschot,EGY,DF,DF,21,8.2,lateral_ofensivo
4151,Matias Fernandez-Pardo,Gent,BEL,"MF,FW",MF,19,1.8,box_to_box
4152,Andrés Ferrari,Sint-Truiden,URU,FW,FW,21,9.2,centroavante_goleador
4153,Fabio Ferraro,Dender,BEL,"DF,MF",DF,21,26.7,lateral_ofensivo
4154,Nacho Ferri,Kortrijk,ESP,FW,FW,19,20.5,centroavante_goleador
4155,Karol Fila,Dender,POL,DF,DF,26,4.1,zagueiro_classico
4156,Mathias Fixelles,Westerlo,BEL,"FW,MF",FW,27,0.2,segundo_atacante
4157,Alexis Flips,Anderlecht,FRA,FW,FW,24,0.0,centroavante_goleador
4158,Alexis Flips,Charleroi,FRA,"FW,MF",FW,24,3.1,segundo_atacante
4159,Thomas Foket,Anderlecht,BEL,DF,DF,29,5.8,lateral_ofensivo
4160,Núrio Fortuna,Gent,ANG,"MF,DF",MF,29,0.1,meia_criativo
4161,Marlon Fossey,Standard Liège,USA,DF,DF,25,28.1,zagueiro_construtor
4162,Iver Fossum,Kortrijk,NOR,MF,MF,28,2.6,volante_defensivo
4163,Daam Foulon,Mechelen,BEL,"DF,MF",DF,25,17.7,lateral_ofensivo
4164,Guillaume François,Union SG,BEL,"DF,FW",DF,34,1.3,zagueiro_classico
4165,Matija Frigan,Westerlo,CRO,FW,FW,21,20.5,centroavante_goleador
4166,Haruya Fujii,Kortrijk,JPN,DF,DF,23,17.2,zagueiro_construtor
4167,Joel Fujita,Sint-Truiden,JPN,MF,MF,22,26.7,volante_defensivo
4168,Mohammed Fuseini,Union SG,GHA,"FW,MF",FW,22,14.3,ponta_dribllador
4169,Hugo Gambor,Gent,CTA,DF,DF,21,13.5,zagueiro_construtor
4170,Omri Gandelman,Gent,ISR,"MF,FW",MF,24,16.9,meia_criativo
4171,Wouter George,OH Leuven,BEL,MF,MF,22,1.9,volante_defensivo
4172,Pieter Gerkens,Gent,BEL,MF,MF,28,7.8,meia_criativo
4173,Faisal Al Ghamdi,Beerschot,KSA,MF,MF,22,19.4,volante_defensivo
4174,Marc Giger,Union SG,SUI,"DF,MF",DF,20,0.2,zagueiro_classico
4175,Óscar Gil,OH Leuven,ESP,DF,DF,27,11.2,zagueiro_classico
4176,Nick Gillekens,Westerlo,BEL,GK,GK,29,1.0,goleiro_reserva
4177,Bruno Godeau,Sint-Truiden,BEL,DF,DF,32,27.3,zagueiro_construtor
4178,Bryan Goncalves,Dender,FRA,DF,DF,28,11.4,lateral_ofensivo
4179,Hyllarion Goore,Gent,CIV,"FW,MF",FW,18,2.3,centroavante_goleador
4180,Keisuke Goto,Anderlecht,JPN,FW,FW,19,1.7,centroavante_goleador
4181,Mouhamed Guèye,Kortrijk,SEN,"DF,MF",DF,20,1.3,zagueiro_classico
4182,Parfait Guiagon,Charleroi,CIV,FW,FW,23,21.9,ponta_dribllador
4183,Muhammed Gümüskaya,Westerlo,TUR,"FW,MF",FW,23,0.3,centroavante_goleador
4184,Patrik Gunnarsson,Kortrijk,ISL,GK,GK,23,10.2,goleiro_joia
4185,Andri Guðjohnsen,Gent,ISL,FW,FW,22,14.0,centroavante_goleador
4186,Anouar Ait El Hadj,Union SG,BEL,MF,MF,22,11.9,box_to_box
4187,Geoffry Hairemans,Mechelen,BEL,"MF,FW",MF,32,13.2,box_to_box
4188,Youssef Hamdaoui,Antwerp,BEL,DF,DF,16,0.1,zagueiro_classico
4189,Fredrik Hammer,Mechelen,SWE,MF,MF,23,8.7,volante_defensivo
4190,Dogucan Haspolat,Westerlo,TUR,MF,MF,24,28.9,volante_defensivo
4191,Ibe Hautekiet,Standard Liège,BEL,DF,DF,22,24.0,zagueiro_classico
4192,Thorgan Hazard,Anderlecht,BEL,"FW,MF",FW,31,7.5,segundo_atacante
4193,Ewan Henderson,Beerschot,SCO,"MF,FW",MF,24,18.8,box_to_box
4194,Laurent Henkinet,Standard Liège,BEL,GK,GK,31,3.5,goleiro_reserva
4195,Lennard Hens,Dender,BEL,MF,MF,28,8.3,meia_criativo
4196,Lucas Hey,Anderlecht,DEN,DF,DF,21,7.2,zagueiro_classico
4197,Daan Heymans,Charleroi,BEL,MF,MF,25,28.0,box_to_box
4198,Bryan Heynen,Genk,BEL,MF,MF,27,26.1,box_to_box
4199,Kyan Himpe,Kortrijk,BEL,"FW,DF",FW,18,0.0,centroavante_goleador
4200,Andrew Hjulsager,Gent,DEN,"FW,MF",FW,29,4.9,segundo_atacante
4201,Tom Holmes,Dender,ENG,DF,DF,24,1.0,zagueiro_classico
4202,Milo Horemans,Antwerp,BEL,MF,MF,18,0.3,volante_defensivo
4203,Andreas Hountondji,Standard Liège,BEN,FW,FW,22,3.5,centroavante_goleador
4204,David Hrnčár,Dender,SVK,DF,DF,26,17.7,lateral_ofensivo
4205,Patrik Hrošovský,Genk,SVK,MF,MF,32,18.7,box_to_box
4206,César Huerta,Anderlecht,MEX,"MF,FW",MF,23,6.8,meia_criativo
4207,Dean Huiberts,Beerschot,NED,MF,MF,24,3.8,volante_defensivo
4208,Oh Hyeon-gyu,Genk,KOR,FW,FW,23,4.8,centroavante_goleador
4209,Hong Hyunseok,Gent,KOR,MF,MF,25,2.8,volante_defensivo
4210,Mounaim El Idrissy,Kortrijk,FRA,"DF,FW",DF,25,3.8,zagueiro_classico
4211,Chukwubuikem Ikwuemesi,OH Leuven,NGA,FW,FW,22,17.1,ponta_dribllador
4212,Marco Ilaimaharitra,Kortrijk,MAD,MF,MF,29,7.0,volante_defensivo
4213,Marko Ilić,Kortrijk,SRB,GK,GK,26,4.7,goleiro_reserva
4214,Atsuki Ito,Gent,JPN,MF,MF,25,21.2,volante_defensivo
4215,Ryotaro Ito,Sint-Truiden,JPN,MF,MF,26,22.3,box_to_box
4216,Franjo Ivanović,Union SG,CRO,"FW,MF",FW,20,19.5,ponta_dribllador
4217,Nordin Jackers,Club Brugge,BEL,GK,GK,26,0.3,goleiro_reserva
4218,Vincent Janssen,Antwerp,NED,"FW,MF",FW,30,27.6,ponta_dribllador
4219,Wolke Janssens,Sint-Truiden,BEL,DF,DF,29,9.8,zagueiro_classico
4220,Ardon Jashari,Club Brugge,SUI,MF,MF,22,20.9,box_to_box
4221,Edisson Jordanov,Westerlo,BUL,DF,DF,31,0.8,zagueiro_classico
4222,Simen Juklerød,Sint-Truiden,NOR,"DF,FW",DF,30,1.1,zagueiro_classico
4223,Andreas Jungdal,Westerlo,DEN,GK,GK,22,8.0,goleiro_joia
4224,Heriberto Jurado,Cercle Brugge,MEX,MF,MF,19,0.0,volante_defensivo
4225,Ferran Jutglà,Club Brugge,ESP,"FW,MF",FW,25,12.4,centroavante_goleador
4226,Mathias Jørgensen,Anderlecht,DEN,DF,DF,34,15.7,zagueiro_construtor
4227,Elton Kabangu,Union SG,BEL,"FW,MF",FW,26,1.4,segundo_atacante
4228,Abdelkahar Kadri,Kortrijk,ALG,"MF,FW",MF,24,18.4,box_to_box
4229,Emmanuel Kakou,Cercle Brugge,CIV,DF,DF,19,14.0,zagueiro_classico
4230,Ismaël Kandouss,Gent,MAR,MF,MF,26,0.0,volante_defensivo
4231,Takuro Kaneko,Kortrijk,JPN,"MF,FW",MF,27,9.9,box_to_box
4232,Ibrahim Karamoko,Standard Liège,FRA,MF,MF,23,5.0,volante_defensivo
4233,Konstantinos Karetsas,Genk,GRE,MF,MF,16,12.9,box_to_box
4234,Dermane Karim,Kortrijk,TOG,"MF,FW",MF,20,7.6,meia_criativo
4235,Joris Kayembe,Genk,COD,DF,DF,29,27.2,zagueiro_construtor
4236,Charly Keita,Beerschot,FRA,"FW,MF",FW,25,11.2,centroavante_goleador
4237,Check Keita,Charleroi,FRA,DF,DF,21,13.2,zagueiro_classico
4238,Mandela Keita,Antwerp,BEL,"MF,DF",MF,22,2.6,volante_defensivo
4239,Gyrano Kerk,Antwerp,SUR,"FW,MF",FW,28,25.9,ponta_dribllador
4240,Anan Khalaili,Union SG,ISR,"DF,FW",DF,19,16.7,lateral_ofensivo
4241,Bilal El Khannouss,Genk,MAR,MF,MF,20,0.8,meia_criativo
4242,Mads Kikkenborg,Anderlecht,DEN,GK,GK,24,2.0,goleiro_reserva
4243,Leo Kokubo,Sint-Truiden,JPN,GK,GK,23,27.0,goleiro_joia
4244,Hiiro komori,Sint-Truiden,JPN,"MF,FW",MF,23,0.2,volante_defensivo
4245,Mory Konaté,Mechelen,GUI,"DF,MF",DF,30,1.4,zagueiro_classico
4246,Mohamed Koné,Charleroi,CIV,GK,GK,22,21.0,goleiro_joia
4247,Josué Kongolo,Genk,BEL,DF,DF,18,0.8,zagueiro_classico
4248,Tolis Konstantopoulos,Beerschot,GRE,DF,DF,21,24.0,zagueiro_construtor
4249,Ayouba Kosiah,Beerschot,LBR,"FW,DF",FW,23,5.9,centroavante_goleador
4250,Koen Kostons,Kortrijk,NED,"FW,MF",FW,24,2.9,segundo_atacante
4251,Samuel Kotto,Gent,CMR,DF,DF,20,3.4,zagueiro_classico
4252,Florian Krüger,Beerschot,GER,FW,FW,25,1.4,centroavante_goleador
4253,Léandre Kuavita,Standard Liège,BEL,MF,MF,20,20.6,volante_defensivo
4254,Sven Kums,Gent,BEL,MF,MF,36,9.9,box_to_box
4255,Hasan Kuruçay,OH Leuven,TUR,DF,DF,26,17.3,zagueiro_classico
4256,Roman Květ,Dender,CZE,MF,MF,26,21.1,box_to_box
4257,Grejohn Kyei,Charleroi,FRA,FW,FW,28,4.1,centroavante_goleador
4258,Grejohn Kyei,Standard Liège,FRA,"FW,MF",FW,28,2.4,segundo_atacante
4259,Rajiv van La Parra,Beerschot,NED,"MF,FW",MF,33,5.2,box_to_box
4260,Bram Lagae,Kortrijk,BEL,DF,DF,20,18.5,zagueiro_construtor
4261,Hugo Lambotte,Sint-Truiden,BEL,MF,MF,18,0.4,volante_defensivo
4262,Mohamed Lamine Bayo,Antwerp,GUI,FW,FW,26,2.8,segundo_atacante
4263,Didier Lamkel Zé,Sint-Truiden,CMR,FW,FW,27,7.1,centroavante_goleador
4264,Senne Lammens,Antwerp,BEL,GK,GK,22,30.0,goleiro_joia
4265,Amando Lapage,Anderlecht,BEL,DF,DF,19,1.1,zagueiro_classico
4266,Amando Lapage,Westerlo,BEL,DF,DF,19,0.3,zagueiro_classico
4267,Loïc Lapoussin,Sint-Truiden,MAD,"MF,DF",MF,28,5.6,meia_criativo
4268,Loïc Lapoussin,Union SG,MAD,DF,DF,28,5.9,lateral_ofensivo
4269,Lion Lauberbach,Mechelen,GER,FW,FW,26,15.3,ponta_dribllador
4270,Henry Lawrence,Standard Liège,ENG,DF,DF,22,23.1,zagueiro_construtor
4271,Theo Leoni,Anderlecht,BEL,"MF,DF",MF,24,15.1,box_to_box
4272,Fedde Leysen,Union SG,BEL,DF,DF,21,17.4,zagueiro_construtor
4273,Tobe Leysen,OH Leuven,BEL,GK,GK,22,29.0,goleiro_joia
4274,Jonas Lietaert,Cercle Brugge,BEL,DF,DF,20,0.6,zagueiro_classico
4275,Kilian Lokembo,Standard Liège,BEL,DF,DF,22,0.0,zagueiro_classico
4276,Ridwane M'Barki,Dender,BEL,"DF,MF",DF,30,1.6,zagueiro_classico
4277,Ali Maamar,Anderlecht,MAR,"DF,MF",DF,19,4.7,zagueiro_classico
4278,Kevin Mac Allister,Union SG,ARG,DF,DF,26,22.6,zagueiro_construtor
4279,Koki Machida,Union SG,JPN,DF,DF,26,21.0,zagueiro_construtor
4280,Nicolas Madsen,Westerlo,DEN,MF,MF,24,4.0,meia_criativo
4281,Mathieu Maertens,OH Leuven,BEL,"FW,MF",FW,29,8.6,segundo_atacante
4282,Gary Magnée,Cercle Brugge,BEL,"DF,MF",DF,24,19.2,lateral_ofensivo
4283,Mark Mampasi,Kortrijk,UKR,DF,DF,21,11.5,zagueiro_classico
4284,José Marsà,Mechelen,ESP,DF,DF,22,25.2,zagueiro_construtor
4285,Ar'jany Martha,Beerschot,NED,"MF,FW",MF,20,6.5,volante_defensivo
4286,Kéres Masangu,Dender,BEL,DF,DF,24,0.1,zagueiro_classico
4287,Davor Matijas,Beerschot,CRO,GK,GK,24,9.5,goleiro_joia
4288,Hervé Matthys,Beerschot,BEL,DF,DF,28,10.1,zagueiro_classico
4289,Noam Mayoka-Tika,Charleroi,BEL,MF,MF,20,0.1,meia_criativo
4290,Youssef Maziz,OH Leuven,FRA,"MF,FW",MF,26,15.8,box_to_box
4291,Jay-David Mbalanda,Sint-Truiden,FRA,FW,FW,17,0.2,centroavante_goleador
4292,Noah Mbamba,Dender,BEL,MF,MF,19,2.2,meia_criativo
4293,Loïc Mbe Soh,Beerschot,FRA,DF,DF,23,22.0,zagueiro_classico
4294,Isaac Mbenza,Charleroi,BEL,FW,FW,28,10.3,ponta_dribllador
4295,Mark McKenzie,Genk,USA,FW,FW,25,0.0,centroavante_goleador
4296,Dire Mebude,Westerlo,SCO,FW,FW,20,7.6,segundo_atacante
4297,Brandon Mechele,Club Brugge,BEL,DF,DF,31,30.0,zagueiro_construtor
4298,Nayel Mehssatou,Kortrijk,CHI,"MF,DF",MF,22,25.2,volante_defensivo
4299,Bjorn Meijer,Club Brugge,NED,DF,DF,21,2.6,lateral_ofensivo
4300,Hamza Mendyl,OH Leuven,MAR,DF,DF,26,6.5,lateral_ofensivo
4301,Billal Messaoudi,Kortrijk,ALG,FW,FW,26,6.9,centroavante_goleador
4302,Senna Miangue,Cercle Brugge,BEL,DF,DF,27,8.9,zagueiro_classico
4303,Simion Michez,Beerschot,BEL,"DF,MF",DF,22,5.4,lateral_ofensivo
4304,Simon Mignolet,Club Brugge,BEL,GK,GK,36,29.7,goleiro_titular
4305,Jovan Mijatović,OH Leuven,SRB,"FW,MF",FW,19,1.5,centroavante_goleador
4306,Alan Minda,Cercle Brugge,ECU,"FW,MF",FW,21,14.5,ponta_dribllador
4307,David Mindombe,Sint-Truiden,BEL,DF,DF,23,1.0,zagueiro_classico
4308,Stefan Mitrović,OH Leuven,SRB,"FW,MF",FW,21,14.0,ponta_dribllador
4309,Stefan Mitrović,Gent,SRB,DF,DF,34,13.9,zagueiro_classico
4310,Anthony Moris,Union SG,LUX,GK,GK,34,30.0,goleiro_titular
4311,Kerim Mrabti,Mechelen,SWE,"MF,FW",MF,30,22.3,volante_defensivo
4312,Suphanat Mueanta,OH Leuven,THA,"FW,MF",FW,21,0.7,centroavante_goleador
4313,Visar Musliu,Sint-Truiden,MKD,DF,DF,29,2.1,zagueiro_classico
4314,Moussa N'Diaye,Anderlecht,SEN,DF,DF,22,17.9,zagueiro_construtor
4315,Konan N'dri,OH Leuven,CIV,"FW,MF",FW,23,17.6,ponta_dribllador
4316,Flávio Nazinho,Cercle Brugge,POR,DF,DF,21,13.0,lateral_ofensivo
4317,James Ndjeungoue,Kortrijk,CMR,DF,DF,21,2.5,zagueiro_classico
4318,Roman Neustädter,Westerlo,RUS,DF,DF,36,16.0,zagueiro_classico
4319,Steve Ngoura,Cercle Brugge,FRA,FW,FW,19,0.3,centroavante_goleador
4320,Julien Ngoy,Mechelen,BEL,FW,FW,26,1.3,segundo_atacante
4321,Nathan Ngoy,Standard Liège,BEL,DF,DF,21,4.0,zagueiro_classico
4322,Adam Nhaili,Sint-Truiden,BEL,"FW,MF",FW,18,2.3,segundo_atacante
4323,Ousseynou Niang,Union SG,SEN,"DF,FW",DF,22,11.8,zagueiro_construtor
4324,Casper Nielsen,Club Brugge,DEN,MF,MF,30,5.6,meia_criativo
4325,Gustaf Nilsson,Club Brugge,SWE,FW,FW,27,17.2,centroavante_goleador
4326,Ken Nkuba,Genk,BEL,"DF,MF",DF,22,5.1,lateral_ofensivo
4327,Petter Nosa Dahl,Mechelen,NOR,"MF,FW",MF,21,5.1,meia_criativo
4328,Lucas Noubi,Standard Liège,BEL,DF,DF,19,1.5,zagueiro_classico
4329,Bruny Nsimba,Dender,BEL,FW,FW,24,21.5,ponta_dribllador
4330,Erick Nunes,Cercle Brugge,BRA,"MF,DF",MF,20,17.1,volante_defensivo
4331,Antonio Nusa,Club Brugge,NOR,"FW,MF",FW,19,1.8,segundo_atacante
4332,Mardochee Nzita,Charleroi,BEL,DF,DF,24,6.2,zagueiro_construtor
4333,Aiden O'Neill,Standard Liège,AUS,MF,MF,26,24.1,volante_defensivo
4334,Denis Odoi,Antwerp,GHA,"MF,DF",MF,36,16.0,volante_defensivo
4335,Ryoya Ogawa,Sint-Truiden,JPN,"DF,MF",DF,27,27.2,lateral_ofensivo
4336,Ayumu Ohata,OH Leuven,JPN,DF,DF,23,0.6,zagueiro_classico
4337,Kazeem Olaigbe,Cercle Brugge,BEL,"MF,FW",MF,21,10.0,box_to_box
4338,Aimé Omgba,Gent,NED,"MF,FW",MF,21,0.6,box_to_box
4339,Takuma Ominami,OH Leuven,JPN,DF,DF,26,14.8,zagueiro_classico
4340,Jacob Ondrejka,Antwerp,SWE,FW,FW,21,16.8,ponta_dribllador
4341,Raphael Onyedika,Club Brugge,NGA,MF,MF,23,18.7,volante_defensivo
4342,Davis Opoku,OH Leuven,BEL,"FW,DF",FW,16,0.0,centroavante_goleador
4343,Ragnar Oratmangoen,Dender,IDN,MF,MF,26,11.2,box_to_box
4344,Joel Ordóñez,Club Brugge,ECU,DF,DF,20,19.2,zagueiro_construtor
4345,Emir Ortakaya,Westerlo,TUR,DF,DF,20,1.7,zagueiro_classico
4346,Manuel Osifo,OH Leuven,BEL,DF,DF,21,8.0,lateral_ofensivo
4347,Zakaria El Ouahdi,Genk,MAR,DF,DF,22,25.6,lateral_ofensivo
4348,Aziz Ouattara,Mechelen,CIV,MF,MF,23,17.3,volante_defensivo
4349,Kader Ouattara,Cercle Brugge,BFA,"MF,FW",MF,19,3.1,meia_criativo
4350,Aiham Ousou,Charleroi,SYR,DF,DF,24,22.4,zagueiro_classico
4351,Luca Oyen,Genk,BEL,FW,FW,21,0.0,centroavante_goleador
4352,Louis Patris,Anderlecht,BEL,DF,DF,23,0.0,zagueiro_classico
4353,Louis Patris,Sint-Truiden,BEL,"DF,MF",DF,23,18.7,lateral_ofensivo
4354,Mike Penders,Genk,BEL,GK,GK,19,11.0,goleiro_joia
4355,Lucas Perrin,Cercle Brugge,FRA,DF,DF,25,5.5,zagueiro_classico
4356,Jérémy Pétris,Charleroi,FRA,"DF,FW",DF,26,25.4,lateral_ofensivo
4357,Patrick Pflücke,Mechelen,GER,"DF,MF",DF,27,16.4,lateral_ofensivo
4358,Arthur Piedfort,Westerlo,BEL,MF,MF,19,15.4,volante_defensivo
4359,Lucas Pirard,Kortrijk,BEL,GK,GK,29,6.0,goleiro_reserva
4360,Brian Plat,Beerschot,NED,DF,DF,24,23.2,zagueiro_classico
4361,Ewoud Pletinckx,OH Leuven,BEL,DF,DF,23,9.2,zagueiro_classico
4362,Boris Popović,Cercle Brugge,SRB,DF,DF,24,1.8,zagueiro_classico
4363,Dennis Praet,Antwerp,BEL,MF,MF,30,9.2,volante_defensivo
4364,Maxence Prevot,OH Leuven,FRA,GK,GK,27,1.0,goleiro_reserva
4365,Isaac Price,Standard Liège,NIR,MF,MF,20,19.6,box_to_box
4366,Cameron Puertas,Union SG,SUI,MF,MF,25,2.2,meia_criativo
4367,Joedrick Pupe,Dender,BEL,DF,DF,27,24.1,lateral_ofensivo
4368,Toon Raemaekers,Mechelen,BEL,DF,DF,23,24.8,zagueiro_construtor
4369,Benito Raman,Mechelen,BEL,FW,FW,29,12.7,centroavante_goleador
4370,Mathias Rasmussen,Union SG,NOR,MF,MF,26,10.2,meia_criativo
4371,Christiaan Ravych,Cercle Brugge,BEL,DF,DF,22,26.6,zagueiro_construtor
4372,Daishawn Redan,Beerschot,NED,FW,FW,23,4.9,centroavante_goleador
4373,Semm Renders,Antwerp,BEL,DF,DF,16,6.2,zagueiro_classico
4374,Tom Reyners,Beerschot,BEL,"MF,FW",MF,24,10.6,volante_defensivo
4375,Bryan Reynolds,Westerlo,USA,DF,DF,23,26.3,zagueiro_construtor
4376,Federico Ricca,OH Leuven,URU,DF,DF,29,21.2,zagueiro_construtor
4377,Jaïro Riedewald,Antwerp,NED,"DF,MF",DF,27,9.1,zagueiro_classico
4378,Mats Rits,Anderlecht,BEL,MF,MF,31,22.6,volante_defensivo
4379,Nathan Rôdes,Dender,BEL,MF,MF,26,29.3,volante_defensivo
4380,Kevin Rodríguez,Union SG,ECU,FW,FW,24,7.0,ponta_dribllador
4381,Davy Roef,Gent,BEL,GK,GK,30,26.0,goleiro_titular
4382,Žan Rogelj,Charleroi,SVN,"DF,FW",DF,24,9.2,lateral_ofensivo
4383,Zaid Romero,Club Brugge,ARG,DF,DF,24,6.6,zagueiro_classico
4384,Tuur Rommens,Westerlo,BEL,DF,DF,21,26.5,zagueiro_construtor
4385,Gilles Ruyssen,Dender,BEL,DF,DF,30,27.5,zagueiro_classico
4386,Kyriani Sabbe,Club Brugge,BEL,DF,DF,19,7.6,lateral_ofensivo
4387,Mujaid Sadick,Genk,ESP,DF,DF,24,26.7,zagueiro_construtor
4388,Noah Sadiki,Union SG,COD,MF,MF,19,26.9,box_to_box
4389,Hakim Sahabo,Beerschot,RWA,MF,MF,19,7.8,volante_defensivo
4390,Marwan Al Sahafi,Beerschot,KSA,FW,FW,20,14.8,ponta_dribllador
4391,Isa Sakamoto,Westerlo,JPN,"MF,FW",MF,20,7.4,meia_criativo
4392,Matisse Samoise,Gent,BEL,DF,DF,22,13.9,zagueiro_construtor
4393,Ryan Sanusi,Beerschot,BEL,MF,MF,32,11.4,volante_defensivo
4394,Killian Sardella,Anderlecht,BEL,"DF,MF",DF,22,21.8,lateral_ofensivo
4395,Nikolas Sattlberger,Genk,AUT,MF,MF,20,12.4,volante_defensivo
4396,Allahyar Sayyadmanesh,Westerlo,IRN,"FW,MF",FW,23,20.1,ponta_dribllador
4397,Aurélien Scheidler,Dender,FRA,FW,FW,26,16.6,centroavante_goleador
4398,Joël Schingtienne,OH Leuven,BEL,DF,DF,21,4.0,zagueiro_classico
4399,Daniel Schmidt,Gent,JPN,GK,GK,32,1.0,goleiro_reserva
4400,Rob Schoofs,Mechelen,BEL,MF,MF,30,27.4,box_to_box
4401,Siebe Schrijvers,OH Leuven,BEL,MF,MF,28,20.2,box_to_box
4402,Christopher Scott,Antwerp,GER,"MF,FW",MF,22,1.4,meia_criativo
4403,Joaquin Seys,Club Brugge,BEL,DF,DF,19,19.3,zagueiro_construtor
4404,Nick Shinton,Beerschot,BEL,GK,GK,23,20.5,goleiro_joia
4405,João Silva,Kortrijk,POR,DF,DF,25,20.8,zagueiro_classico
4406,Leonardo da Silva Lopes,Gent,POR,MF,MF,25,7.1,volante_defensivo
4407,Jan-Carlo Simic,Anderlecht,SRB,DF,DF,19,22.1,zagueiro_construtor
4408,Roko Simic,Kortrijk,CRO,FW,FW,20,1.6,centroavante_goleador
4409,Hugo Siquet,Club Brugge,BEL,DF,DF,22,5.0,lateral_ofensivo
4410,Abdoulaye Sissako,Kortrijk,FRA,"MF,DF",MF,26,17.6,volante_defensivo
4411,Michał Skóraś,Club Brugge,POL,"FW,MF",FW,24,7.2,ponta_dribllador
4412,Andreas Skov Olsen,Club Brugge,DEN,FW,FW,24,12.6,ponta_dribllador
4413,Islam Slimani,Westerlo,ALG,"FW,MF",FW,36,2.5,centroavante_goleador
4414,Matte Smets,Genk,BEL,DF,DF,20,27.6,zagueiro_construtor
4415,Milan Smits,Antwerp,BEL,MF,MF,19,0.3,volante_defensivo
4416,Jordy Soladio,Dender,BEL,FW,FW,26,4.5,centroavante_goleador
4417,Thibo Somers,Cercle Brugge,BEL,"FW,MF",FW,25,28.6,ponta_dribllador
4418,Momodou Sonko,Gent,SWE,"FW,DF",FW,19,12.9,ponta_dribllador
4419,Yira Sor,Genk,NGA,FW,FW,24,6.6,segundo_atacante
4420,Ibrahima Sory Bangoura,Genk,GUI,MF,MF,20,14.0,volante_defensivo
4421,Massamba Sow,Charleroi,FRA,DF,DF,20,1.5,zagueiro_classico
4422,Jorne Spileers,Club Brugge,BEL,DF,DF,19,5.6,zagueiro_classico
4423,Alexandre Stanic,Charleroi,BEL,"FW,MF",FW,19,0.1,centroavante_goleador
4424,Alexandre Stanic,Antwerp,BEL,FW,FW,19,0.0,centroavante_goleador
4425,Lucas Stassin,Westerlo,BEL,FW,FW,19,4.5,segundo_atacante
4426,Jarne Steuckers,Genk,BEL,FW,FW,22,28.2,ponta_dribllador
4427,Nikola Storm,Mechelen,BEL,"MF,FW",MF,29,15.5,box_to_box
4428,Mario Stroeykens,Anderlecht,BEL,MF,MF,19,16.9,box_to_box
4429,Nikola Štulić,Charleroi,SRB,FW,FW,22,16.0,centroavante_goleador
4430,Franck Surdez,Gent,SUI,"MF,FW",MF,22,13.6,box_to_box
4431,Bosko Sutalo,Standard Liège,CRO,DF,DF,24,18.2,zagueiro_classico
4432,Serhiy Sydorchuk,Westerlo,UKR,MF,MF,33,3.5,meia_criativo
4433,Ross Sykes,Union SG,ENG,DF,DF,25,11.3,lateral_ofensivo
4434,Dembo Sylla,Dender,GUI,DF,DF,21,7.5,zagueiro_classico
4435,Youssuf Sylla,Charleroi,BEL,FW,FW,21,4.4,centroavante_goleador
4436,Attila Szalai,Standard Liège,HUN,DF,DF,26,2.7,zagueiro_classico
4437,Tomoki Takamine,Kortrijk,JPN,MF,MF,26,10.9,volante_defensivo
4438,Chemsdine Talbi,Club Brugge,BEL,"FW,MF",FW,19,10.6,ponta_dribllador
4439,Shogo Taniguchi,Sint-Truiden,JPN,DF,DF,33,10.5,zagueiro_classico
4440,Henok Teklab,Union SG,GER,"DF,FW",DF,25,2.8,lateral_ofensivo
4441,Casper Terho,Union SG,FIN,"DF,FW",DF,21,4.8,lateral_ofensivo
4442,Jean Thierry Lazare,Standard Liège,CIV,"MF,FW",MF,26,5.4,box_to_box
4443,Jean Thierry Lazare,Union SG,CIV,MF,MF,26,5.0,volante_defensivo
4444,Yassine Titraoui,Charleroi,ALG,MF,MF,21,16.5,box_to_box
4445,Jordan Torunarigha,Gent,GER,DF,DF,26,20.6,zagueiro_construtor
4446,Ahmed Touba,Mechelen,ALG,DF,DF,26,22.2,zagueiro_construtor
4447,Mamadou Traoré,Union SG,MLI,DF,DF,22,0.2,zagueiro_classico
4448,Derrick Tshimanga,Beerschot,BEL,DF,DF,35,11.5,zagueiro_classico
4449,Antef Tsoungui,OH Leuven,BEL,DF,DF,21,0.5,zagueiro_classico
4450,Ryotaro Tsunoda,Kortrijk,JPN,DF,DF,25,5.0,zagueiro_classico
4451,Christos Tzolis,Club Brugge,GRE,"FW,MF",FW,22,22.8,ponta_dribllador
4452,Victor Udoh,Antwerp,NGA,"FW,DF",FW,19,1.0,segundo_atacante
4453,Edgaras Utkus,Cercle Brugge,LTU,DF,DF,24,10.8,zagueiro_classico
4454,Anthony Valencia,Antwerp,ECU,"FW,DF",FW,21,9.9,ponta_dribllador
4455,Jules Van Cleemput,Mechelen,BEL,DF,DF,27,3.5,zagueiro_classico
4456,Hendrik Van Crombrugge,Genk,BEL,GK,GK,31,19.0,goleiro_titular
4457,Zeno Van den Bosch,Antwerp,BEL,DF,DF,21,30.0,zagueiro_classico
4458,Thomas Van den Keybus,Westerlo,BEL,MF,MF,23,7.7,volante_defensivo
4459,Hannes Van der Bruggen,Cercle Brugge,BEL,MF,MF,31,22.2,volante_defensivo
4460,Rein Van Helden,Sint-Truiden,BEL,DF,DF,22,26.0,zagueiro_construtor
4461,Koen Van Langendonck,Westerlo,BEL,GK,GK,35,10.0,goleiro_reserva
4462,Jasper Van Oudenhove,Dender,BEL,"MF,DF",MF,25,1.7,meia_criativo
4463,Hans Vanaken,Club Brugge,BEL,MF,MF,31,28.7,box_to_box
4464,Zalán Vancsa,Gent,HUN,MF,MF,19,0.9,volante_defensivo
4465,Tom Vandenberghe,Gent,BEL,GK,GK,31,3.0,goleiro_reserva
4466,Tom Vandenberghe,Kortrijk,BEL,GK,GK,31,9.0,goleiro_reserva
4467,Gerard Vandeplas,Antwerp,BEL,"MF,FW",MF,18,0.4,volante_defensivo
4468,Zinho Vanheusden,Mechelen,BEL,DF,DF,25,1.8,zagueiro_classico
4469,Charles Vanhoutte,Union SG,BEL,MF,MF,25,22.5,box_to_box
4470,Keano Vanrafelghem,Mechelen,BEL,"MF,FW",MF,20,1.8,volante_defensivo
4471,Robert-Jan Vanwesemael,Sint-Truiden,BEL,"MF,DF",MF,22,15.5,volante_defensivo
4472,Dante Vanzeir,Gent,BEL,FW,FW,26,6.7,centroavante_goleador
4473,Hélio Varela,Gent,CPV,"FW,MF",FW,22,1.6,segundo_atacante
4474,Óscar Vargas,Beerschot,BEL,DF,DF,18,0.1,zagueiro_classico
4475,Luis Vázquez,Anderlecht,ARG,"FW,MF",FW,23,10.3,centroavante_goleador
4476,Thibaud Verlinden,OH Leuven,BEL,"FW,MF",FW,25,3.9,segundo_atacante
4477,Thibaud Verlinden,Beerschot,BEL,"MF,FW",MF,25,19.4,box_to_box
4478,Romeo Vermant,Club Brugge,BEL,FW,FW,20,7.3,segundo_atacante
4479,Michael Verrips,Dender,NED,GK,GK,27,26.0,goleiro_titular
4480,Yari Verschaeren,Anderlecht,BEL,"MF,FW",MF,23,16.8,box_to_box
4481,Birger Verstraete,OH Leuven,BEL,MF,MF,30,23.8,volante_defensivo
4482,Andreas Verstraeten,Antwerp,BEL,MF,MF,18,5.1,volante_defensivo
4483,Jan Vertonghen,Anderlecht,BEL,DF,DF,37,3.0,zagueiro_classico
4484,Hugo Vetlesen,Club Brugge,NOR,"MF,FW",MF,24,12.9,box_to_box
4485,Malcolm Viltard,Dender,FRA,"MF,DF",MF,21,12.0,volante_defensivo
4486,Thibault Vlietinck,OH Leuven,BEL,DF,DF,26,14.1,zagueiro_construtor
4487,Luka Vušković,Westerlo,CRO,DF,DF,17,27.5,zagueiro_construtor
4488,Sandy Walsh,Mechelen,IDN,DF,DF,29,2.2,zagueiro_classico
4489,Warleson,Cercle Brugge,BRA,GK,GK,27,9.1,goleiro_reserva
4490,Tsuyoshi Watanabe,Gent,JPN,DF,DF,27,26.9,zagueiro_construtor
4491,Stephen Welsh,Mechelen,SCO,DF,DF,24,4.5,zagueiro_classico
4492,Marco Weymans,Beerschot,BDI,"DF,MF",DF,27,9.6,lateral_ofensivo
4493,D'Margio Wright-Phillips,Beerschot,ENG,"FW,MF",FW,22,1.8,centroavante_goleador
4494,Rihito Yamamoto,Sint-Truiden,JPN,MF,MF,22,10.5,volante_defensivo
4495,Elton Yeboah,Mechelen,BEL,"MF,DF",MF,19,0.1,volante_defensivo
4496,Daisuke Yokota,Gent,JPN,MF,MF,24,2.6,box_to_box
4497,Rhys Youlley,Westerlo,AUS,"FW,MF",FW,19,0.5,centroavante_goleador
4498,Kadan Young,Antwerp,ENG,FW,FW,18,0.7,centroavante_goleador
4499,Griffin Yow,Westerlo,USA,FW,FW,21,17.0,ponta_dribllador
4500,Alhassan Yusuf,Antwerp,NGA,"MF,DF",MF,24,0.1,volante_defensivo
4501,Kahveh Zahiroleslam,Sint-Truiden,USA,FW,FW,22,11.9,segundo_atacante
4502,Lequincio Zeefuik,OH Leuven,NED,FW,FW,19,5.2,centroavante_goleador
4503,Andi Zeqiri,Genk,SUI,"MF,FW",MF,25,0.5,meia_criativo
4504,Andi Zeqiri,Standard Liège,SUI,FW,FW,25,19.1,centroavante_goleador
4505,Adem Zorgane,Charleroi,ALG,MF,MF,24,29.9,box_to_box
4506,Viktor Đukanović,Standard Liège,MNE,"DF,MF",DF,20,0.5,zagueiro_classico
4507,Liel Abada,Charlotte,ISR,"FW,MF",FW,23,14.0,ponta_dribllador
4508,Luis Abram,Atlanta Utd,PER,DF,DF,29,16.6,zagueiro_construtor
4509,Lalas Abubakar,FC Dallas,GHA,DF,DF,30,10.3,zagueiro_classico
4510,Bryan Acosta,Nashville SC,HON,MF,MF,31,1.0,volante_defensivo
4511,Kellyn Acosta,Chicago Fire,USA,MF,MF,29,6.5,volante_defensivo
4512,Luciano Acosta,FC Dallas,ARG,"MF,FW",MF,31,18.5,box_to_box
4513,Sam Adekugbe,Vancouver W'caps,CAN,DF,DF,30,3.2,zagueiro_classico
4514,Leonardo Afonso,Inter Miami,BRA,"FW,MF",FW,24,1.0,centroavante_goleador
4515,Stephen Afrifa,Sporting KC,CAN,"FW,MF",FW,24,0.3,segundo_atacante
4516,William Agada,Sporting KC,NGA,FW,FW,25,1.1,centroavante_goleador
4517,William Agada,Real Salt Lake,NGA,FW,FW,25,9.7,centroavante_goleador
4518,Patrick Agyemang,Charlotte,USA,FW,FW,24,13.6,centroavante_goleador
4519,Ali Ahmed,Vancouver W'caps,CAN,FW,FW,24,8.7,segundo_atacante
4520,Forster Ajago,Real Salt Lake,GHA,FW,FW,23,2.9,centroavante_goleador
4521,Jordi Alba,Inter Miami,ESP,DF,DF,36,17.5,lateral_ofensivo
4522,Noah Allen,Inter Miami,USA,DF,DF,21,13.3,lateral_ofensivo
4523,Tadeo Allende,Inter Miami,ARG,"MF,FW",MF,26,13.6,box_to_box
4524,Rasmus Alm,St. Louis,SWE,DF,DF,29,0.1,zagueiro_classico
4525,Miguel Almirón,Atlanta Utd,PAR,"FW,MF",FW,31,20.4,ponta_dribllador
4526,Alejandro Alvarado Jr.,San Diego FC,USA,MF,MF,21,5.4,volante_defensivo
4527,Fernando Álvarez,CF Montréal,COL,DF,DF,21,8.6,zagueiro_classico
4528,Pedro Amador,Atlanta Utd,POR,DF,DF,26,14.4,lateral_ofensivo
4529,Frankie Amaya,LAFC,USA,MF,MF,24,3.3,volante_defensivo
4530,Malte Amundsen,Columbus Crew,DEN,DF,DF,27,11.5,zagueiro_construtor
4531,Markus Anderson,Philadelphia Union,USA,FW,FW,21,1.1,centroavante_goleador
4532,Tomas Ángel,San Diego FC,COL,FW,FW,22,6.7,segundo_atacante
4533,Iván Angulo,Orlando City,COL,"FW,MF",FW,26,18.5,ponta_dribllador
4534,Conner Antley,D.C. United,USA,"DF,MF",DF,30,8.0,zagueiro_classico
4535,Antony,Portland Timbers,BRA,"FW,MF",FW,23,15.3,ponta_dribllador
4536,Brian Anunga,FC Cincinnati,CMR,MF,MF,28,14.4,volante_defensivo
4537,Chris Applewhite,Nashville SC,USA,DF,DF,17,2.1,zagueiro_classico
4538,Cristian Arango,SJ Earthquakes,COL,"FW,MF",FW,30,19.0,ponta_dribllador
4539,César Araujo,Orlando City,URU,MF,MF,24,17.0,volante_defensivo
4540,Max Arfsten,Columbus Crew,USA,"DF,MF",DF,24,18.6,lateral_ofensivo
4541,Daniel Armando Ríos,Vancouver W'caps,MEX,FW,FW,30,11.3,segundo_atacante
4542,Paul Arriola,Seattle Sounders,USA,"FW,DF",FW,30,0.8,centroavante_goleador
4543,Artur,Houston Dynamo,BRA,MF,MF,29,22.8,volante_defensivo
4544,Joshua Atencio,Colorado Rapids,USA,MF,MF,23,17.5,volante_defensivo
4545,Eduard Atuesta,Orlando City,COL,MF,MF,28,16.0,meia_criativo
4546,Julián Aude,LA Galaxy,ARG,DF,DF,22,11.4,zagueiro_construtor
4547,Tomás Avilés,Inter Miami,ARG,"DF,MF",DF,21,8.9,zagueiro_classico
4548,Chidozie Awaziem,Colorado Rapids,NGA,DF,DF,28,19.7,zagueiro_classico
4549,Obafemi Awodesu,Houston Dynamo,USA,DF,DF,24,16.1,zagueiro_classico
4550,David Ayala,Portland Timbers,ARG,MF,MF,22,19.6,volante_defensivo
4551,Dominique Badji,D.C. United,SEN,"FW,MF",FW,32,7.8,centroavante_goleador
4552,Jeevan Badwal,Vancouver W'caps,CAN,MF,MF,19,6.2,meia_criativo
4553,Corey Baird,FC Cincinnati,USA,"FW,MF",FW,29,4.7,segundo_atacante
4554,Cody Baker,Seattle Sounders,USA,"MF,DF",MF,21,0.3,volante_defensivo
4555,Reed Baker-Whiting,Seattle Sounders,USA,DF,DF,20,2.9,zagueiro_classico
4556,Monsef Bakrar,NYCFC,ALG,"FW,MF",FW,24,6.7,centroavante_goleador
4557,Jonathan Bamba,Chicago Fire,CIV,FW,FW,29,18.4,ponta_dribllador
4558,Fidel Barajas,D.C. United,MEX,FW,FW,19,0.4,segundo_atacante
4559,Jesús Barea,Real Salt Lake,ESP,FW,FW,23,2.7,centroavante_goleador
4560,Tai Baribo,Philadelphia Union,ISR,FW,FW,27,14.9,centroavante_goleador
4561,Tom Barlow,Chicago Fire,USA,FW,FW,30,3.7,centroavante_goleador
4562,Luis Barraza,D.C. United,USA,GK,GK,28,17.0,goleiro_titular
4563,Leonardo Barroso,Chicago Fire,POR,DF,DF,20,7.7,lateral_ofensivo
4564,Jacob Bartlett,Sporting KC,USA,MF,MF,19,16.7,volante_defensivo
4565,Lucas Bartlett,D.C. United,USA,DF,DF,27,22.0,zagueiro_classico
4566,Ethan Bartlow,Houston Dynamo,USA,DF,DF,25,11.3,lateral_ofensivo
4567,Cole Bassett,Colorado Rapids,USA,"MF,FW",MF,23,14.8,box_to_box
4568,Sam Bassett,Colorado Rapids,USA,"FW,MF",FW,22,3.6,segundo_atacante
4569,Amine Bassi,Houston Dynamo,FRA,"MF,FW",MF,27,17.9,box_to_box
4570,Zorhan Bassong,Sporting KC,CAN,"MF,DF",MF,26,10.2,volante_defensivo
4571,Andy Batioja,Houston Dynamo,COL,FW,FW,19,0.1,centroavante_goleador
4572,Josh Bauer,Nashville SC,USA,DF,DF,26,4.5,zagueiro_classico
4573,Timo Baumgartl,St. Louis,GER,DF,DF,29,12.8,zagueiro_classico
4574,Tanner Beason,NE Revolution,USA,DF,DF,28,15.1,zagueiro_classico
4575,Adam Beaudry,Colorado Rapids,USA,GK,GK,19,1.0,goleiro_joia
4576,Simon Becher,St. Louis,USA,"FW,MF",FW,26,11.7,centroavante_goleador
4577,Alejandro Bedoya,Philadelphia Union,USA,"MF,DF",MF,38,6.2,meia_criativo
4578,Jon Bell,Seattle Sounders,JAM,DF,DF,27,11.8,zagueiro_classico
4579,Ben Bender,Philadelphia Union,USA,"MF,FW",MF,24,3.5,volante_defensivo
4580,Ramiro Benetti,FC Dallas,BRA,MF,MF,32,17.1,volante_defensivo
4581,Christian Benteke,D.C. United,BEL,FW,FW,34,12.4,centroavante_goleador
4582,Sebastian Berhalter,Vancouver W'caps,USA,MF,MF,24,15.2,meia_criativo
4583,Federico Bernardeschi,Toronto FC,ITA,"FW,MF",FW,31,14.4,ponta_dribllador
4584,Miguel Berry,LA Galaxy,ESP,FW,FW,27,4.3,segundo_atacante
4585,Pep Biel,Charlotte,ESP,"MF,FW",MF,28,20.8,meia_criativo
4586,David Bingham,Charlotte,USA,GK,GK,35,2.0,goleiro_reserva
4587,Guilherme Biro,Austin,BRA,DF,DF,25,19.7,zagueiro_construtor
4588,Tristan Blackmon,Vancouver W'caps,USA,DF,DF,28,18.6,zagueiro_construtor
4589,Andre Blake,Philadelphia Union,JAM,GK,GK,34,14.0,goleiro_reserva
4590,Emmanuel Boateng,San Diego FC,GHA,FW,FW,31,2.0,centroavante_goleador
4591,Wiktor Bogacz,NY Red Bulls,POL,"FW,MF",FW,21,3.2,segundo_atacante
4592,Luca Bombino,San Diego FC,USA,DF,DF,19,15.7,lateral_ofensivo
4593,Jonathan Bond,Houston Dynamo,ENG,GK,GK,32,16.0,goleiro_titular
4594,Denis Bouanga,LAFC,GAB,FW,FW,30,19.1,ponta_dribllador
4595,Ousseni Bouda,SJ Earthquakes,BFA,"FW,MF",FW,25,9.8,ponta_dribllador
4596,Giuseppe Bovalina,Vancouver W'caps,AUS,DF,DF,20,1.3,zagueiro_classico
4597,Michael Boxall,Minnesota Utd,NZL,DF,DF,36,20.5,zagueiro_classico
4598,Chris Brady,Chicago Fire,USA,GK,GK,21,16.4,goleiro_joia
4599,Claudio Bravo,Portland Timbers,ARG,DF,DF,28,3.7,zagueiro_classico
4600,David Brekalo,Orlando City,SVN,DF,DF,26,18.9,lateral_ofensivo
4601,Luke Brennan,Atlanta Utd,USA,FW,FW,20,1.5,segundo_atacante
4602,Sebastian Breza,CF Montréal,CAN,GK,GK,27,3.0,goleiro_reserva
4603,Yannick Bright,Inter Miami,ITA,MF,MF,23,9.0,volante_defensivo
4604,Andrew Brody,Sporting KC,USA,DF,DF,30,4.5,zagueiro_classico
4605,Brandt Bronico,Charlotte,USA,MF,MF,30,18.1,volante_defensivo
4606,Lachlan Brook,Real Salt Lake,AUS,FW,FW,24,1.1,segundo_atacante
4607,Javain Brown,Real Salt Lake,JAM,DF,DF,26,2.2,zagueiro_classico
4608,Tristan Brown,Columbus Crew,USA,"DF,MF",DF,17,0.4,zagueiro_classico
4609,Gastón Brugman,Nashville SC,URU,MF,MF,32,8.0,volante_defensivo
4610,Ola Brynhildsen,Toronto FC,NOR,FW,FW,26,11.8,centroavante_goleador
4611,Pavel Bucha,FC Cincinnati,CZE,MF,MF,27,22.2,volante_defensivo
4612,Noel Buck,NE Revolution,ENG,"MF,DF",MF,20,0.3,volante_defensivo
4613,Noel Buck,SJ Earthquakes,ENG,MF,MF,20,0.2,volante_defensivo
4614,Dawid Bugaj,CF Montréal,POL,DF,DF,21,13.4,zagueiro_classico
4615,Osman Bukari,Austin,GHA,"MF,FW",MF,26,17.0,box_to_box
4616,Teal Bunbury,Nashville SC,USA,"FW,MF",FW,35,1.5,centroavante_goleador
4617,Roman Bürki,St. Louis,SUI,GK,GK,34,14.0,goleiro_reserva
4618,Evan Bush,Columbus Crew,USA,GK,GK,39,5.0,goleiro_reserva
4619,Sergio Busquets,Inter Miami,ESP,MF,MF,37,19.8,volante_defensivo
4620,Brandon Bye,NE Revolution,USA,DF,DF,29,8.9,zagueiro_classico
4621,Nathan Byrne,Charlotte,ENG,DF,DF,33,8.0,zagueiro_construtor
4622,Kevin Cabral,Colorado Rapids,FRA,"FW,MF",FW,26,8.5,ponta_dribllador
4623,Rafael Cabral,Real Salt Lake,BRA,GK,GK,35,23.0,goleiro_titular
4624,Noel Caliskan,Real Salt Lake,GER,"DF,MF",DF,24,12.1,zagueiro_construtor
4625,Drake Callender,Inter Miami,USA,GK,GK,27,2.1,goleiro_reserva
4626,Brandon Cambridge,Charlotte,USA,FW,FW,22,0.0,centroavante_goleador
4627,Leonardo Campana,NE Revolution,ECU,FW,FW,24,11.6,centroavante_goleador
4628,George Campbell,CF Montréal,USA,DF,DF,24,14.9,lateral_ofensivo
4629,Reggie Cannon,Colorado Rapids,USA,DF,DF,27,18.2,zagueiro_construtor
4630,Gustavo Caraballo,Orlando City,USA,"MF,FW",MF,16,0.2,meia_criativo
4631,Felipe Carballo,NY Red Bulls,URU,MF,MF,28,10.5,volante_defensivo
4632,Alan Carleton,Nashville SC,USA,FW,FW,20,0.2,centroavante_goleador
4633,Wikelman Carmona,NY Red Bulls,VEN,"FW,MF",FW,22,14.0,ponta_dribllador
4634,Maximo Carrizo,NYCFC,USA,"MF,FW",MF,17,0.8,meia_criativo
4635,Julio Cascante,Austin,CRC,DF,DF,31,6.1,zagueiro_classico
4636,Jackson Castro,Vancouver W'caps,USA,MF,MF,22,0.0,volante_defensivo
4637,Nico Cavallo,NYCFC,USA,"DF,MF",DF,23,3.5,zagueiro_classico
4638,Brayan Ceballos,NE Revolution,COL,DF,DF,24,19.3,zagueiro_classico
4639,Roman Celentano,FC Cincinnati,USA,GK,GK,24,24.0,goleiro_joia
4640,Edwin Cerrillo,LA Galaxy,USA,MF,MF,24,20.2,volante_defensivo
4641,Dylan Chambost,Columbus Crew,FRA,MF,MF,27,20.9,box_to_box
4642,Tomás Chancalay,NE Revolution,ARG,"FW,MF",FW,26,7.1,centroavante_goleador
4643,Kieran Chandler,Minnesota Utd,USA,DF,DF,20,0.7,zagueiro_classico
4644,Maxime Chanot,LAFC,LUX,DF,DF,35,0.7,zagueiro_classico
4645,Diego Chará,Portland Timbers,COL,MF,MF,39,10.5,volante_defensivo
4646,Gabriel Chaves,LA Galaxy,BRA,"FW,MF",FW,24,20.8,ponta_dribllador
4647,Yevhen Cheberko,Columbus Crew,UKR,DF,DF,27,19.7,zagueiro_construtor
4648,Ștefan Chirilă,FC Cincinnati,ROU,MF,MF,18,0.1,meia_criativo
4649,Dominik Chong Qui,Atlanta Utd,USA,DF,DF,17,0.7,zagueiro_classico
4650,Léo Chú,FC Dallas,BRA,"FW,MF",FW,25,2.3,centroavante_goleador
4651,Markus Cimermancic,Toronto FC,CAN,"DF,MF",DF,20,2.4,zagueiro_classico
4652,Caden Clark,CF Montréal,USA,"FW,MF",FW,22,14.8,ponta_dribllador
4653,Noah Cobb,Atlanta Utd,USA,"DF,FW",DF,20,4.8,zagueiro_classico
4654,Alonso Coello,Toronto FC,ESP,MF,MF,25,14.5,volante_defensivo
4655,Michael Collodi,FC Dallas,USA,GK,GK,24,2.0,goleiro_reserva
4656,Theo Corbeanu,Toronto FC,CAN,"FW,MF",FW,23,16.7,ponta_dribllador
4657,Matthew Corcoran,Nashville SC,USA,MF,MF,19,2.7,volante_defensivo
4658,Carlos Coronel,NY Red Bulls,PAR,GK,GK,28,23.0,goleiro_titular
4659,David Costa,Portland Timbers,POR,"MF,FW",MF,24,19.8,box_to_box
4660,Vitor Costa,SJ Earthquakes,BRA,"DF,MF",DF,31,13.9,lateral_ofensivo
4661,Antoine Coupland,Vancouver W'caps,CAN,FW,FW,21,0.2,centroavante_goleador
4662,Brandan Craig,CF Montréal,USA,"DF,MF",DF,21,7.7,zagueiro_classico
4663,Ben Cremaschi,Inter Miami,USA,"MF,FW",MF,20,12.4,volante_defensivo
4664,Maxime Crépeau,Portland Timbers,CAN,GK,GK,31,11.0,goleiro_reserva
4665,Andrés Cubas,Vancouver W'caps,PAR,MF,MF,29,14.3,volante_defensivo
4666,Mauricio Cuevas,LA Galaxy,USA,"DF,FW",DF,22,3.3,lateral_ofensivo
4667,Christopher Cupps,Chicago Fire,USA,DF,DF,17,2.2,zagueiro_classico
4668,Hugo Cuypers,Chicago Fire,BEL,FW,FW,28,20.5,centroavante_goleador
4669,Bruno Damiani,Philadelphia Union,URU,"FW,MF",FW,23,15.2,centroavante_goleador
4670,Dagur Dan Þórhallsson,Orlando City,ISL,"MF,DF",MF,25,9.2,box_to_box
4671,Daniel,SJ Earthquakes,BRA,GK,GK,31,18.7,goleiro_titular
4672,Jesús Daniel Bueno,Philadelphia Union,VEN,MF,MF,26,6.3,meia_criativo
4673,Héctor David Martínez,Inter Miami,PAR,DF,DF,27,4.2,zagueiro_classico
4674,Juan David Mosquera,Portland Timbers,COL,DF,DF,22,17.4,lateral_ofensivo
4675,Edward Davis,Philadelphia Union,USA,FW,FW,19,0.0,centroavante_goleador
4676,Jake Davis,Sporting KC,USA,"DF,MF",DF,23,12.0,zagueiro_construtor
4677,Pedro De la Vega,Seattle Sounders,ARG,"FW,MF",FW,24,9.4,segundo_atacante
4678,Osaze De Rosario,Seattle Sounders,GUY,"FW,MF",FW,24,1.1,centroavante_goleador
4679,Jonathan Dean,Chicago Fire,USA,DF,DF,28,12.1,lateral_ofensivo
4680,Marky Delgado,LAFC,USA,MF,MF,30,16.2,box_to_box
4681,Patrickson Delgado,FC Dallas,ECU,"MF,FW",MF,21,11.5,box_to_box
4682,Kévin Denkey,FC Cincinnati,TOG,FW,FW,24,19.5,centroavante_goleador
4683,Mikkel Desler,Austin,DEN,DF,DF,30,6.7,zagueiro_classico
4684,Djibril Diani,Charlotte,FRA,MF,MF,27,5.5,volante_defensivo
4685,Jefferson Díaz,Minnesota Utd,COL,DF,DF,24,15.7,lateral_ofensivo
4686,Luis Díaz,NE Revolution,CRC,"FW,DF",FW,26,4.4,segundo_atacante
4687,Javairô Dilrosun,LAFC,NED,FW,FW,27,3.8,centroavante_goleador
4688,Hamady Diop,San Diego FC,SEN,DF,DF,23,2.2,zagueiro_classico
4689,Innocent Dje,Chicago Fire,CIV,MF,MF,22,3.5,volante_defensivo
4690,Derek Dodson,D.C. United,USA,"DF,MF",DF,26,5.0,zagueiro_classico
4691,Maxime Dominguez,Toronto FC,SUI,MF,MF,29,9.8,volante_defensivo
4692,Ronald Donkor,NY Red Bulls,MLI,MF,MF,20,4.1,meia_criativo
4693,Christopher Donovan,Philadelphia Union,USA,FW,FW,24,5.3,ponta_dribllador
4694,Griffin Dorsey,Houston Dynamo,USA,DF,DF,26,19.7,lateral_ofensivo
4695,C.J. dos Santos,San Diego FC,USA,GK,GK,24,21.0,goleiro_joia
4696,Hassani Dotson,Minnesota Utd,USA,MF,MF,27,4.1,meia_criativo
4697,Souleyman Doumbia,Charlotte,CIV,DF,DF,28,6.7,lateral_ofensivo
4698,Anders Dreyer,San Diego FC,DEN,FW,FW,27,23.6,ponta_dribllador
4699,Manu Duah,San Diego FC,GHA,"DF,MF",DF,20,1.7,zagueiro_classico
4700,Nicolás Dubersarsky,Austin,ARG,MF,MF,20,2.8,volante_defensivo
4701,Erik Duenas,Houston Dynamo,USA,"MF,FW",MF,20,1.8,meia_criativo
4702,Morris Duggan,Minnesota Utd,GER,DF,DF,24,8.5,zagueiro_classico
4703,Bryce Duke,CF Montréal,USA,"MF,FW",MF,24,5.2,volante_defensivo
4704,Kyle Duncan,NY Red Bulls,USA,DF,DF,27,12.2,lateral_ofensivo
4705,Chris Durkin,St. Louis,USA,"MF,DF",MF,25,5.5,volante_defensivo
4706,Jeremy Ebobisse,LAFC,USA,FW,FW,28,7.4,centroavante_goleador
4707,Daniel Edelman,NY Red Bulls,USA,MF,MF,22,16.3,volante_defensivo
4708,Earl Edwards Jr.,SJ Earthquakes,USA,GK,GK,33,5.3,goleiro_reserva
4709,Matthew Edwards,Atlanta Utd,USA,DF,DF,22,13.4,lateral_ofensivo
4710,Michael Edwards,Colorado Rapids,USA,DF,DF,24,0.3,zagueiro_classico
4711,Raheem Edwards,NY Red Bulls,CAN,DF,DF,30,9.2,lateral_ofensivo
4712,Noah Eile,NY Red Bulls,SWE,DF,DF,23,22.0,zagueiro_construtor
4713,Jack Elliott,Chicago Fire,ENG,DF,DF,29,21.6,zagueiro_classico
4714,Justin Ellis,Orlando City,USA,FW,FW,18,0.0,centroavante_goleador
4715,Rayan Elloumi,Vancouver W'caps,CAN,MF,MF,17,0.1,volante_defensivo
4716,Emeka Eneli,Real Salt Lake,USA,MF,MF,25,13.4,volante_defensivo
4717,Lukas Engel,FC Cincinnati,DEN,DF,DF,26,21.3,lateral_ofensivo
4718,Lawrence Ennali,Houston Dynamo,GER,"FW,MF",FW,23,3.5,centroavante_goleador
4719,Boris Enow,D.C. United,CMR,MF,MF,25,15.5,volante_defensivo
4720,Ramiro Enrique,Orlando City,ARG,FW,FW,24,8.9,centroavante_goleador
4721,Franco Escobar,Houston Dynamo,ARG,DF,DF,30,17.4,lateral_ofensivo
4722,Olger Escobar,CF Montréal,GUA,"MF,DF",MF,18,0.7,volante_defensivo
4723,Cristian Espinoza,SJ Earthquakes,ARG,"MF,DF",MF,30,21.2,box_to_box
4724,Derrick Etienne,Toronto FC,HAI,"FW,DF",FW,28,7.7,ponta_dribllador
4725,Evander,FC Cincinnati,BRA,MF,MF,27,20.5,box_to_box
4726,Diego Fagúndez,LA Galaxy,URU,"MF,FW",MF,30,18.9,box_to_box
4727,Maximiliano Falcón,Inter Miami,URU,DF,DF,28,12.1,zagueiro_classico
4728,Marco Farfan,FC Dallas,USA,DF,DF,26,14.2,lateral_ofensivo
4729,Logan Farrington,FC Dallas,USA,"FW,MF",FW,23,10.4,ponta_dribllador
4730,Mohamed Farsi,Columbus Crew,ALG,"DF,MF",DF,25,16.5,lateral_ofensivo
4731,Ilay Feingold,NE Revolution,ISR,"DF,FW",DF,20,16.6,lateral_ofensivo
4732,Joaquín Fernández,Sporting KC,ESP,DF,DF,29,12.7,zagueiro_classico
4733,Julián Fernández,NYCFC,ARG,"FW,MF",FW,21,14.0,ponta_dribllador
4734,Nick Fernandez,SJ Earthquakes,USA,MF,MF,23,1.3,volante_defensivo
4735,Omir Fernandez,Colorado Rapids,USA,"MF,FW",MF,26,2.0,meia_criativo
4736,Omir Fernandez,Portland Timbers,USA,"MF,FW",MF,26,4.0,meia_criativo
4737,Jesús Ferreira,Seattle Sounders,USA,FW,FW,24,15.5,ponta_dribllador
4738,Kristian Fletcher,D.C. United,USA,FW,FW,19,0.9,centroavante_goleador
4739,Nicolas Fleuriau,Vancouver W'caps,CAN,"DF,FW",DF,23,0.1,zagueiro_classico
4740,Deybi Flores,Toronto FC,HON,MF,MF,29,13.9,volante_defensivo
4741,Gilberto Flores,FC Cincinnati,PAR,DF,DF,22,12.6,zagueiro_classico
4742,Max Floriani,SJ Earthquakes,USA,DF,DF,22,6.8,zagueiro_classico
4743,CJ Fodrey,Austin,USA,"FW,MF",FW,21,1.1,centroavante_goleador
4744,Mamadou Fofana,NE Revolution,MLI,DF,DF,27,20.2,zagueiro_classico
4745,Emil Forsberg,NY Red Bulls,SWE,MF,MF,33,22.1,box_to_box
4746,Ajani Fortune,Atlanta Utd,TRI,"MF,DF",MF,22,8.7,volante_defensivo
4747,Jimer Fory,Portland Timbers,COL,DF,DF,23,16.7,lateral_ofensivo
4748,Kobe Franklin,Toronto FC,CAN,DF,DF,22,1.8,zagueiro_classico
4749,Ian Fray,Inter Miami,USA,DF,DF,22,7.4,lateral_ofensivo
4750,Wayne Frederick,Colorado Rapids,TRI,MF,MF,21,2.5,volante_defensivo
4751,Alex Freeman,Orlando City,USA,DF,DF,20,19.4,lateral_ofensivo
4752,Matt Freese,NYCFC,USA,GK,GK,26,20.0,goleiro_joia
4753,Stefan Frei,Seattle Sounders,SUI,GK,GK,39,18.0,goleiro_titular
4754,Julian Gaines,Nashville SC,USA,FW,FW,22,0.3,centroavante_goleador
4755,Jeffrey Gal,Chicago Fire,USA,GK,GK,32,6.6,goleiro_reserva
4756,Jon Gallagher,Austin,IRL,"DF,MF",DF,29,18.6,lateral_ofensivo
4757,Pedro Gallese,Orlando City,PER,GK,GK,35,22.0,goleiro_titular
4758,Ignatius Ganago,NE Revolution,CMR,FW,FW,26,13.8,ponta_dribllador
4759,Carlos Garcés,LA Galaxy,COL,DF,DF,23,16.8,zagueiro_classico
4760,Manu García,Sporting KC,ESP,MF,MF,27,22.0,box_to_box
4761,Ryan Gauld,Vancouver W'caps,SCO,FW,FW,29,2.2,centroavante_goleador
4762,Dániel Gazdag,Philadelphia Union,HUN,"MF,FW",MF,29,5.5,meia_criativo
4763,Dániel Gazdag,Columbus Crew,HUN,"MF,FW",MF,29,14.9,box_to_box
4764,Owen Géne,Minnesota Utd,FRA,MF,MF,22,4.8,volante_defensivo
4765,Joran Gerbet,Orlando City,FRA,MF,MF,24,10.1,volante_defensivo
4766,Carles Gil,NE Revolution,ESP,MF,MF,32,23.0,box_to_box
4767,Blake Gillingham,Houston Dynamo,USA,GK,GK,22,3.3,goleiro_joia
4768,Jake Girdwood-Reich,St. Louis,AUS,"MF,DF",MF,21,5.3,volante_defensivo
4769,Olivier Giroud,LAFC,FRA,FW,FW,38,5.9,centroavante_goleador
4770,Dennis Gjengaar,NY Red Bulls,NOR,"FW,MF",FW,21,6.2,centroavante_goleador
4771,Justen Glad,Real Salt Lake,USA,DF,DF,28,19.9,zagueiro_classico
4772,Omari Glasgow,Chicago Fire,GUY,"DF,FW",DF,21,5.9,lateral_ofensivo
4773,Ian Glavinovich,Philadelphia Union,ARG,DF,DF,23,2.9,zagueiro_classico
4774,Jakob Glesnes,Philadelphia Union,NOR,DF,DF,31,20.2,zagueiro_construtor
4775,Aníbal Godoy,San Diego FC,PAN,MF,MF,35,13.9,box_to_box
4776,Yeimar Gómez Andrade,Seattle Sounders,COL,DF,DF,33,13.4,zagueiro_classico
4777,Nicksoen Gomis,Toronto FC,FRA,DF,DF,23,5.3,zagueiro_classico
4778,Diogo Gonçalves,Real Salt Lake,POR,"FW,MF",FW,28,16.6,ponta_dribllador
4779,Omar Gonzalez,Chicago Fire,USA,DF,DF,36,4.4,zagueiro_classico
4780,Zavier Gozo,Real Salt Lake,USA,"MF,FW",MF,18,13.6,box_to_box
4781,Owen Graham Roache,CF Montréal,CAN,FW,FW,17,1.3,centroavante_goleador
4782,Tayvon Gray,NYCFC,JAM,DF,DF,22,9.2,zagueiro_classico
4783,Julian Gressel,Minnesota Utd,USA,"DF,MF",DF,31,9.2,lateral_ofensivo
4784,Yuri Guboglo,CF Montréal,HAI,"DF,FW",DF,18,8.3,lateral_ofensivo
4785,Gage Guerra,Portland Timbers,USA,"DF,FW",DF,22,1.3,zagueiro_classico
4786,Colin Guske,Orlando City,USA,"MF,FW",MF,18,0.1,volante_defensivo
4787,Brian Gutiérrez,Chicago Fire,USA,MF,MF,22,15.5,box_to_box
4788,Andrew Gutman,Chicago Fire,USA,DF,DF,28,21.3,lateral_ofensivo
4789,Brad Guzan,Atlanta Utd,USA,GK,GK,40,22.0,goleiro_titular
4790,Justin Haak,NYCFC,USA,"DF,MF",DF,23,22.4,lateral_ofensivo
4791,Taha Habroune,Columbus Crew,USA,"FW,MF",FW,19,1.7,centroavante_goleador
4792,Alexander Hack,NY Red Bulls,GER,DF,DF,31,12.5,zagueiro_construtor
4793,Teenage Hadebe,FC Cincinnati,ZIM,DF,DF,29,8.5,zagueiro_classico
4794,Nicholas Hagen,Columbus Crew,GUA,GK,GK,28,3.0,goleiro_reserva
4795,Nick Hagglund,FC Cincinnati,USA,DF,DF,32,7.6,zagueiro_classico
4796,Maren Haile-Selassie,Chicago Fire,SUI,"FW,MF",FW,26,6.5,segundo_atacante
4797,Belal Halbouni,Vancouver W'caps,SYR,DF,DF,25,1.1,zagueiro_classico
4798,Julian Hall,NY Red Bulls,USA,"FW,MF",FW,17,4.0,ponta_dribllador
4799,Bret Halsey,FC Cincinnati,USA,DF,DF,25,0.4,zagueiro_classico
4800,Nicholas Hansen,Colorado Rapids,DEN,GK,GK,24,10.0,goleiro_joia
4801,Ian Harkes,SJ Earthquakes,USA,MF,MF,30,18.4,volante_defensivo
4802,Cameron Harper,NY Red Bulls,USA,"DF,MF",DF,23,7.4,lateral_ofensivo
4803,Nathan Harriel,Philadelphia Union,USA,DF,DF,24,15.5,zagueiro_classico
4804,Alex Harris,Colorado Rapids,USA,MF,MF,20,0.0,volante_defensivo
4805,Calvin Harris,Colorado Rapids,ENG,"FW,MF",FW,25,8.0,centroavante_goleador
4806,Marcel Hartel,St. Louis,GER,MF,MF,29,22.7,box_to_box
4807,Carlos Harvey,Minnesota Utd,PAN,"DF,MF",DF,25,13.1,zagueiro_classico
4808,Thomas Hasal,LAFC,CAN,GK,GK,26,1.0,goleiro_reserva
4809,Stuart Hawkins,Seattle Sounders,USA,DF,DF,18,1.1,zagueiro_classico
4810,Kobi Henry,Real Salt Lake,USA,"DF,FW",DF,21,0.5,zagueiro_classico
4811,Malik Henry,Toronto FC,CAN,MF,MF,22,0.3,volante_defensivo
4812,Fabian Herbers,CF Montréal,GER,"MF,FW",MF,31,6.0,volante_defensivo
4813,Ronald Hernández,Atlanta Utd,VEN,DF,DF,27,5.7,zagueiro_classico
4814,Aaron Herrera,D.C. United,GUA,"DF,MF",DF,28,17.0,lateral_ofensivo
4815,Marcelo Herrera,Columbus Crew,ARG,DF,DF,26,6.9,lateral_ofensivo
4816,Aiden Hezarkhani,Real Salt Lake,USA,"FW,MF",FW,18,0.6,centroavante_goleador
4817,Jayden Hibbert,Atlanta Utd,JAM,GK,GK,20,1.0,goleiro_joia
4818,Bode Hidalgo,Real Salt Lake,USA,DF,DF,23,9.1,zagueiro_construtor
4819,Kyle Hiebert,St. Louis,CAN,DF,DF,27,16.6,zagueiro_classico
4820,Brendan Hines-Ike,Austin,USA,DF,DF,30,19.0,zagueiro_classico
4821,Bongokuhle Hlongwane,Minnesota Utd,RSA,"DF,MF",DF,25,17.9,lateral_ofensivo
4822,Ryan Hollingshead,LAFC,USA,"DF,MF",DF,34,15.7,lateral_ofensivo
4823,Duane Holmes,Houston Dynamo,USA,"FW,MF",FW,30,2.1,segundo_atacante
4824,Jackson Hopkins,D.C. United,USA,MF,MF,21,2.4,volante_defensivo
4825,Jannes Horn,St. Louis,GER,DF,DF,28,8.0,lateral_ofensivo
4826,Jung Hoyeon,Minnesota Utd,KOR,MF,MF,24,1.0,volante_defensivo
4827,Keegan Hughes,NE Revolution,USA,DF,DF,24,3.1,zagueiro_classico
4828,Sebastien Ibeagha,FC Dallas,USA,DF,DF,33,21.4,zagueiro_classico
4829,Aliyu Ibrahim,Houston Dynamo,NGA,"MF,FW",MF,23,2.0,volante_defensivo
4830,Aliyu Ibrahim,Columbus Crew,NGA,"DF,FW",DF,23,9.1,lateral_ofensivo
4831,Sunusi Ibrahim,CF Montréal,NGA,FW,FW,22,0.7,centroavante_goleador
4832,Igor,LAFC,BRA,MF,MF,22,17.5,volante_defensivo
4833,Mitja Ilenič,NYCFC,SVN,DF,DF,20,11.0,lateral_ofensivo
4834,Milan Iloski,San Diego FC,USA,"FW,MF",FW,25,5.3,centroavante_goleador
4835,Bjørn Inge Utvik,Vancouver W'caps,NOR,DF,DF,29,8.9,zagueiro_classico
4836,Marcus Ingvartsen,San Diego FC,DEN,FW,FW,29,4.1,centroavante_goleador
4837,Lorenzo Insigne,Toronto FC,ITA,"MF,FW",MF,34,9.6,meia_criativo
4838,Aljaž Ivačič,NE Revolution,SVN,GK,GK,31,23.0,goleiro_titular
4839,Ousman jabang,CF Montréal,USA,DF,DF,24,1.0,zagueiro_classico
4840,Aziel Jackson,Columbus Crew,USA,"FW,MF",FW,23,8.1,centroavante_goleador
4841,Ian James,Sporting KC,USA,DF,DF,17,1.5,zagueiro_classico
4842,Robin Jansson,Orlando City,SWE,DF,DF,33,20.8,zagueiro_classico
4843,Danley Jean-Jacques,Philadelphia Union,HAI,MF,MF,25,18.0,box_to_box
4844,Julio Joao Ortíz,Portland Timbers,ECU,MF,MF,29,9.6,volante_defensivo
4845,Sean Johnson,Toronto FC,USA,GK,GK,36,23.0,goleiro_titular
4846,Tate Johnson,Vancouver W'caps,USA,DF,DF,20,14.9,zagueiro_construtor
4847,DeJuan Jones,Columbus Crew,USA,DF,DF,28,2.7,lateral_ofensivo
4848,DeJuan Jones,SJ Earthquakes,USA,"DF,MF",DF,28,8.0,lateral_ofensivo
4849,Derrick Jones,Columbus Crew,USA,MF,MF,28,0.1,meia_criativo
4850,Kim Joonhong,D.C. United,KOR,GK,GK,22,7.0,goleiro_joia
4851,Dejan Joveljić,Sporting KC,SRB,FW,FW,25,19.7,centroavante_goleador
4852,Mykhi Joyner,St. Louis,USA,"MF,FW",MF,18,0.9,volante_defensivo
4853,Preston Judd,SJ Earthquakes,USA,"FW,MF",FW,26,7.7,segundo_atacante
4854,Anderson Julio,FC Dallas,ECU,"FW,MF",FW,29,12.7,ponta_dribllador
4855,Sam Junqua,Real Salt Lake,USA,DF,DF,28,14.7,zagueiro_construtor
4856,Mathias Jørgensen,LA Galaxy,DEN,DF,DF,35,11.3,zagueiro_classico
4857,Kristijan Kahlina,Charlotte,CRO,GK,GK,32,22.0,goleiro_titular
4858,Kaick,FC Dallas,BRA,MF,MF,19,10.4,volante_defensivo
4859,Kei Kamara,FC Cincinnati,SLE,FW,FW,40,5.6,centroavante_goleador
4860,Bernard Kamungo,FC Dallas,USA,"FW,MF",FW,23,7.6,ponta_dribllador
4861,Bibi Karamoko,D.C. United,USA,FW,FW,19,0.2,segundo_atacante
4862,Alexandros Katranis,Real Salt Lake,GRE,DF,DF,27,14.8,lateral_ofensivo
4863,Mark-Anthony Kaye,SJ Earthquakes,CAN,MF,MF,30,8.1,meia_criativo
4864,Kim Kee-hee,Seattle Sounders,KOR,DF,DF,36,8.2,zagueiro_classico
4865,Kevin Kelsy,Portland Timbers,VEN,FW,FW,20,11.9,centroavante_goleador
4866,Ryan Kent,Seattle Sounders,ENG,"FW,MF",FW,28,5.9,segundo_atacante
4867,Deandre Kerr,Toronto FC,CAN,FW,FW,22,4.9,centroavante_goleador
4868,Henry Kessler,St. Louis,USA,DF,DF,27,9.6,zagueiro_classico
4869,Hosei Kijima,D.C. United,JPN,"MF,FW",MF,23,15.7,volante_defensivo
4870,Benjamin Kikanovic,SJ Earthquakes,USA,"DF,MF",DF,25,1.5,zagueiro_classico
4871,Klauss,St. Louis,BRA,FW,FW,28,16.7,centroavante_goleador
4872,Eric Klein,NE Revolution,USA,MF,MF,18,0.0,volante_defensivo
4873,Mateusz Klich,Atlanta Utd,POL,MF,MF,35,8.8,volante_defensivo
4874,Žan Kolmanič,Austin,SVN,"DF,MF",DF,25,5.4,lateral_ofensivo
4875,Rominigue Kouamé,Chicago Fire,MLI,MF,MF,28,4.6,box_to_box
4876,Sebastian Kowalczyk,Houston Dynamo,POL,"FW,MF",FW,26,14.7,ponta_dribllador
4877,Damir Kreilach,Vancouver W'caps,CRO,"FW,MF",FW,36,0.3,centroavante_goleador
4878,Theodore Ku-Dipietro,Colorado Rapids,USA,"FW,MF",FW,23,8.7,ponta_dribllador
4879,Yuya Kubo,FC Cincinnati,JPN,"MF,FW",MF,31,6.5,box_to_box
4880,Willy Kumado,San Diego FC,GHA,DF,DF,22,7.4,zagueiro_classico
4881,Luca de la Torre,San Diego FC,USA,MF,MF,27,17.5,box_to_box
4882,Mathías Laborda,Vancouver W'caps,URU,DF,DF,25,14.2,zagueiro_construtor
4883,Luca Langoni,NE Revolution,ARG,"FW,MF",FW,23,9.6,ponta_dribllador
4884,Lassi Lappalainen,Columbus Crew,FIN,"DF,MF",DF,26,2.6,lateral_ofensivo
4885,Oliver Larraz,Colorado Rapids,USA,MF,MF,23,18.2,volante_defensivo
4886,Richie Laryea,Toronto FC,CAN,"DF,MF",DF,30,4.8,zagueiro_classico
4887,Ariel Lassiter,Portland Timbers,CRC,"FW,MF",FW,30,3.5,ponta_dribllador
4888,Emmanuel Latte Lath,Atlanta Utd,CIV,FW,FW,26,19.0,centroavante_goleador
4889,Randall Leal,D.C. United,CRC,"MF,FW",MF,28,4.4,meia_criativo
4890,Tim Leibold,Sporting KC,GER,DF,DF,31,5.8,lateral_ofensivo
4891,Brooks Lennon,Atlanta Utd,USA,DF,DF,27,14.3,lateral_ofensivo
4892,Tucker Lepley,LA Galaxy,USA,MF,MF,23,4.4,volante_defensivo
4893,Beau Leroux,SJ Earthquakes,USA,MF,MF,21,18.8,box_to_box
4894,Danny Leyva,Seattle Sounders,USA,"MF,FW",MF,22,4.0,volante_defensivo
4895,Nick Lima,SJ Earthquakes,USA,"MF,DF",MF,30,4.9,volante_defensivo
4896,Ondřej Lingr,Houston Dynamo,CZE,"FW,MF",FW,26,11.5,centroavante_goleador
4897,Sebastian Lletget,FC Dallas,USA,MF,MF,32,10.8,meia_criativo
4898,Hugo Lloris,LAFC,FRA,GK,GK,38,19.0,goleiro_titular
4899,Saba Lobzhanidze,Atlanta Utd,GEO,"FW,DF",FW,30,16.1,ponta_dribllador
4900,Robin Lod,Minnesota Utd,FIN,MF,MF,32,19.3,volante_defensivo
4901,Nicolás Lodeiro,Houston Dynamo,URU,"FW,MF",FW,36,6.4,segundo_atacante
4902,Jasper Löffelsend,San Diego FC,GER,DF,DF,27,6.7,lateral_ofensivo
4903,Aaron Long,LAFC,USA,DF,DF,32,14.1,zagueiro_classico
4904,Kevin Long,Toronto FC,IRL,DF,DF,34,16.1,zagueiro_classico
4905,Matthew Longstaff,Toronto FC,ENG,"MF,FW",MF,25,9.4,volante_defensivo
4906,Hernán López Muñoz,SJ Earthquakes,ARG,"MF,FW",MF,24,2.8,volante_defensivo
4907,Victor Loturi,CF Montréal,CAN,MF,MF,24,17.8,volante_defensivo
4908,Daniel Lovitz,Nashville SC,USA,DF,DF,33,24.0,lateral_ofensivo
4909,Eduard Löwen,St. Louis,GER,MF,MF,28,5.8,meia_criativo
4910,Hirving Lozano,San Diego FC,MEX,FW,FW,29,13.7,ponta_dribllador
4911,Gonzalo Luján,Inter Miami,ARG,DF,DF,24,12.6,zagueiro_classico
4912,Jovan Lukić,Philadelphia Union,SRB,MF,MF,23,21.0,volante_defensivo
4913,Diego Luna,Real Salt Lake,USA,"MF,FW",MF,21,17.8,box_to_box
4914,Benjamin Lundt,St. Louis,GER,GK,GK,29,9.0,goleiro_reserva
4915,Liam MacKenzie,Vancouver W'caps,CAN,FW,FW,18,0.7,centroavante_goleador
4916,Lukas MacNaughton,D.C. United,CAN,DF,DF,30,4.5,zagueiro_classico
4917,Jack Maher,Nashville SC,USA,DF,DF,25,21.7,zagueiro_classico
4918,Olwethu Makhanya,Philadelphia Union,RSA,DF,DF,21,16.2,zagueiro_classico
4919,Adilson Malanda,Charlotte,FRA,DF,DF,23,24.0,zagueiro_classico
4920,AJ Marcucci,NY Red Bulls,USA,GK,GK,25,1.0,goleiro_reserva
4921,Dominik Marczuk,Real Salt Lake,POL,FW,FW,21,9.5,ponta_dribllador
4922,Paul Marie,SJ Earthquakes,FRA,"FW,MF",FW,30,1.1,centroavante_goleador
4923,Anthony Markanich,Minnesota Utd,PHI,DF,DF,25,14.0,lateral_ofensivo
4924,Idan Markovich,Charlotte,ISR,FW,FW,20,10.2,centroavante_goleador
4925,Marlon,LAFC,BRA,DF,DF,29,7.0,zagueiro_classico
4926,Jahkeele Marshall-Rutty,Charlotte,CAN,DF,DF,21,12.3,lateral_ofensivo
4927,Jahkeele Marshall-Rutty,CF Montréal,CAN,"MF,DF",MF,21,2.6,volante_defensivo
4928,Alonso Martínez,NYCFC,CRC,FW,FW,26,19.2,centroavante_goleador
4929,David Martínez,LAFC,VEN,FW,FW,19,8.5,ponta_dribllador
4930,Josef Martínez,SJ Earthquakes,VEN,FW,FW,32,13.5,centroavante_goleador
4931,Thiago Martins,NYCFC,BRA,DF,DF,30,21.2,zagueiro_construtor
4932,Jimmy Maurer,Houston Dynamo,USA,GK,GK,36,1.3,goleiro_reserva
4933,Eric Maxim Choupo-Moting,NY Red Bulls,CMR,FW,FW,36,20.8,centroavante_goleador
4934,Andreas Maxsø,Colorado Rapids,DEN,DF,DF,31,22.0,zagueiro_classico
4935,Olivier Mbaizo,Philadelphia Union,CMR,DF,DF,27,3.2,zagueiro_classico
4936,Kenji Mboma Dem,FC Cincinnati,FRA,DF,DF,23,0.2,zagueiro_classico
4937,John McCarthy,LA Galaxy,USA,GK,GK,33,11.0,goleiro_reserva
4938,Jack McGlynn,Houston Dynamo,USA,"FW,MF",FW,22,18.7,ponta_dribllador
4939,Zac McGraw,Portland Timbers,CAN,DF,DF,28,2.7,zagueiro_classico
4940,Duncan McGuire,Orlando City,USA,FW,FW,24,3.9,segundo_atacante
4941,Paddy McNair,San Diego FC,NIR,DF,DF,30,16.7,zagueiro_classico
4942,Brendan McSorley,St. Louis,USA,FW,FW,23,0.5,centroavante_goleador
4943,Christopher McVey,San Diego FC,SWE,DF,DF,28,23.0,zagueiro_construtor
4944,Loïc Mesanvi,Minnesota Utd,TOG,"FW,DF",FW,21,0.1,centroavante_goleador
4945,Lionel Messi,Inter Miami,ARG,"FW,MF",FW,38,17.4,ponta_dribllador
4946,Wyatt Meyer,Nashville SC,USA,MF,MF,24,1.8,volante_defensivo
4947,Matt Miazga,FC Cincinnati,USA,DF,DF,30,11.2,zagueiro_classico
4948,Novak Mićović,LA Galaxy,SRB,GK,GK,23,13.0,goleiro_joia
4949,Alex Mighten,San Diego FC,ENG,FW,FW,23,10.3,ponta_dribllador
4950,Djordje Mihailovic,Colorado Rapids,USA,"MF,FW",MF,26,21.8,box_to_box
4951,Eric Miller,Portland Timbers,USA,DF,DF,32,3.8,zagueiro_classico
4952,Harbor Miller,LA Galaxy,USA,DF,DF,18,2.7,zagueiro_classico
4953,Jansen Miller,Sporting KC,USA,DF,DF,23,19.5,zagueiro_construtor
4954,Kamal Miller,Portland Timbers,CAN,DF,DF,28,14.2,zagueiro_classico
4955,Peyton Miller,NE Revolution,USA,"DF,FW",DF,18,15.4,lateral_ofensivo
4956,Georgi Minoungou,Seattle Sounders,CIV,"FW,MF",FW,22,4.8,segundo_atacante
4957,Aleksei Miranchuk,Atlanta Utd,RUS,MF,MF,29,21.8,box_to_box
4958,Zane Monlouis,Toronto FC,ENG,DF,DF,21,5.7,zagueiro_classico
4959,Shaq Moore,FC Dallas,USA,DF,DF,28,20.5,lateral_ofensivo
4960,Felipe Mora,Portland Timbers,CHI,FW,FW,31,13.4,centroavante_goleador
4961,Alfredo Morales,St. Louis,USA,MF,MF,35,7.9,volante_defensivo
4962,Efrain Morales,Atlanta Utd,BOL,DF,DF,21,4.5,zagueiro_classico
4963,Santi Morales,Inter Miami,USA,"MF,DF",MF,18,0.3,volante_defensivo
4964,Maximiliano Moralez,NYCFC,ARG,MF,MF,38,20.8,box_to_box
4965,Steven Moreira,Columbus Crew,CPV,DF,DF,30,17.9,zagueiro_construtor
4966,Santiago Moreno,Portland Timbers,COL,"FW,MF",FW,25,18.0,ponta_dribllador
4967,Lewis Morgan,NY Red Bulls,SCO,"MF,FW",MF,28,1.6,meia_criativo
4968,Jordan Morris,Seattle Sounders,USA,FW,FW,30,4.5,centroavante_goleador
4969,Edwin Mosquera,Atlanta Utd,COL,"FW,DF",FW,24,1.7,centroavante_goleador
4970,Cole Mrowka,Columbus Crew,USA,MF,MF,19,0.3,meia_criativo
4971,Hany Mukhtar,Nashville SC,GER,"MF,FW",MF,30,23.5,box_to_box
4972,Daniel Munie,SJ Earthquakes,USA,DF,DF,25,13.1,zagueiro_classico
4973,Santiago Muñóz,Sporting KC,MEX,"FW,MF",FW,22,3.4,centroavante_goleador
4974,Luis Muriel,Orlando City,COL,FW,FW,34,18.0,ponta_dribllador
4975,Ian Murphy,Colorado Rapids,USA,DF,DF,25,9.1,zagueiro_classico
4976,Jacob Murrell,D.C. United,USA,"FW,MF",FW,21,8.7,centroavante_goleador
4977,Petar Musa,FC Dallas,CRO,FW,FW,27,17.4,centroavante_goleador
4978,Daniel Musovski,Seattle Sounders,USA,FW,FW,29,11.9,centroavante_goleador
4979,Sebastiano Musu,NYCFC,ITA,FW,FW,24,0.2,segundo_atacante
4980,Alex Muyl,Nashville SC,USA,"FW,MF",FW,29,19.0,ponta_dribllador
4981,Tristan Muyumba,Atlanta Utd,FRA,MF,MF,28,8.5,meia_criativo
4982,Darlington Nagbe,Columbus Crew,USA,MF,MF,35,21.9,volante_defensivo
4983,Andy Najar,Nashville SC,HON,DF,DF,32,20.0,lateral_ofensivo
4984,Matheus Nascimento,LA Galaxy,BRA,FW,FW,21,9.1,segundo_atacante
4985,Rafael Navarro,Colorado Rapids,BRA,FW,FW,25,19.6,centroavante_goleador
4986,Logan Ndenbe,Sporting KC,BEL,DF,DF,25,15.7,zagueiro_construtor
4987,Jalen Neal,CF Montréal,USA,DF,DF,21,7.1,zagueiro_classico
4988,Dylan Nealis,NY Red Bulls,USA,DF,DF,26,6.8,zagueiro_classico
4989,Sean Nealis,NY Red Bulls,USA,DF,DF,28,17.0,zagueiro_classico
4990,Jack Neeley,Charlotte,USA,DF,DF,20,0.0,zagueiro_classico
4991,Franco Negri,San Diego FC,ARG,DF,DF,30,5.4,zagueiro_classico
4992,Jayden Nelson,Vancouver W'caps,CAN,FW,FW,22,8.8,segundo_atacante
4993,John Nelson,LA Galaxy,USA,DF,DF,27,14.3,zagueiro_construtor
4994,Jean-Claude Ngando,Vancouver W'caps,CMR,"MF,FW",MF,25,12.1,box_to_box
4995,Serge Ngoma,NY Red Bulls,USA,"FW,MF",FW,20,4.6,centroavante_goleador
4996,Joakim Nilsson,St. Louis,SWE,"DF,MF",DF,31,1.5,zagueiro_classico
4997,Nolan Norris,FC Dallas,USA,"DF,MF",DF,20,6.8,lateral_ofensivo
4998,Tsiki Ntsabeleng,FC Dallas,RSA,MF,MF,27,3.7,meia_criativo
4999,Obinna Nwobodo,FC Cincinnati,NGA,MF,MF,28,9.1,volante_defensivo
5000,Aiden O'Neill,NYCFC,AUS,MF,MF,27,8.5,volante_defensivo
5001,Kevin O'Toole,NYCFC,USA,DF,DF,26,11.8,zagueiro_construtor
5002,Allen Obando,Inter Miami,ECU,FW,FW,19,1.7,centroavante_goleador
5003,Jáder Obrian,Austin,COL,"MF,FW",MF,30,5.9,volante_defensivo
5004,Édier Ocampo,Vancouver W'caps,COL,"DF,FW",DF,21,15.9,zagueiro_construtor
5005,David Ochoa,LAFC,USA,GK,GK,24,1.0,goleiro_reserva
5006,Agustin Ojeda,NYCFC,ARG,FW,FW,21,10.5,ponta_dribllador
5007,Braian Ojeda,Real Salt Lake,PAR,MF,MF,25,16.3,volante_defensivo
5008,Martín Ojeda,Orlando City,ARG,"MF,FW",MF,26,20.8,box_to_box
5009,Salvador Olivas,Philadelphia Union,USA,FW,FW,19,0.5,centroavante_goleador
5010,Toyosi Olusanya,Houston Dynamo,ENG,"FW,MF",FW,27,0.4,segundo_atacante
5011,Tani Oluwaseyi,Minnesota Utd,CAN,FW,FW,25,17.3,segundo_atacante
5012,Wyatt Omsberg,NE Revolution,USA,DF,DF,29,3.3,zagueiro_classico
5013,Kwadwo Opoku,CF Montréal,GHA,"FW,MF",FW,24,2.0,centroavante_goleador
5014,Nathan Ordaz,LAFC,SLV,FW,FW,21,11.5,segundo_atacante
5015,Sergio Oregel,Chicago Fire,USA,MF,MF,20,17.6,volante_defensivo
5016,Luca Orellano,FC Cincinnati,ARG,"DF,FW",DF,25,16.6,lateral_ofensivo
5017,Jaziel Orozco,St. Louis,USA,DF,DF,21,3.0,zagueiro_classico
5018,Pablo Ortiz,Houston Dynamo,COL,DF,DF,25,10.7,zagueiro_classico
5019,Prince Osei Owusu,CF Montréal,GER,FW,FW,28,21.8,ponta_dribllador
5020,Harold Osorio,Chicago Fire,SLV,MF,MF,21,0.0,volante_defensivo
5021,Jonathan Osorio,Toronto FC,CAN,MF,MF,33,12.0,box_to_box
5022,Tomáš Ostrák,St. Louis,CZE,MF,MF,25,7.3,volante_defensivo
5023,Javier Otero,Orlando City,VEN,GK,GK,22,2.0,goleiro_joia
5024,Devin Padelford,Minnesota Utd,USA,DF,DF,22,1.2,zagueiro_classico
5025,Maarten Paes,FC Dallas,IDN,GK,GK,27,21.0,goleiro_titular
5026,Joseph Paintsil,LA Galaxy,GHA,FW,FW,27,15.0,ponta_dribllador
5027,Nelson Palacio,Real Salt Lake,COL,MF,MF,24,6.5,volante_defensivo
5028,Jeison Palacios,Nashville SC,COL,DF,DF,31,13.5,zagueiro_classico
5029,Sergi Palencia,LAFC,ESP,"DF,MF",DF,29,19.3,zagueiro_construtor
5030,James Pantemis,Portland Timbers,CAN,GK,GK,28,12.0,goleiro_reserva
5031,Cristhian Paredes,Portland Timbers,PAR,MF,MF,27,6.0,volante_defensivo
5032,Isaiah Parente,LA Galaxy,USA,MF,MF,25,9.7,volante_defensivo
5033,Tim Parker,NY Red Bulls,USA,DF,DF,32,3.6,zagueiro_classico
5034,Keaton Parks,NYCFC,USA,MF,MF,27,9.8,meia_criativo
5035,Marco Pašalić,Orlando City,CRO,"MF,FW",MF,24,21.0,box_to_box
5036,João Paulo Mior,Seattle Sounders,BRA,MF,MF,34,4.0,volante_defensivo
5037,Tom Pearce,CF Montréal,ENG,"MF,DF",MF,27,9.9,volante_defensivo
5038,Tyson Pearce,St. Louis,USA,"MF,DF",MF,17,0.3,volante_defensivo
5039,Pedrinho,FC Dallas,BRA,"FW,MF",FW,22,9.0,segundo_atacante
5040,Peglow,D.C. United,BRA,"FW,MF",FW,23,13.1,ponta_dribllador
5041,Amahl Pellegrino,SJ Earthquakes,NOR,"MF,FW",MF,35,5.4,meia_criativo
5042,Matti Peltola,D.C. United,FIN,"MF,DF",MF,23,9.1,volante_defensivo
5043,Andrés Perea,NYCFC,USA,"MF,FW",MF,24,9.2,meia_criativo
5044,Daniel Pereira,Austin,VEN,MF,MF,25,14.7,volante_defensivo
5045,Joaquín Pereyra,Minnesota Utd,ARG,MF,MF,26,20.1,box_to_box
5046,Jonathan Perez,Nashville SC,MEX,"FW,MF",FW,22,6.6,segundo_atacante
5047,Luca Petrasso,CF Montréal,CAN,DF,DF,25,21.7,lateral_ofensivo
5048,Raoul Petretta,Toronto FC,ITA,DF,DF,28,14.1,zagueiro_construtor
5049,Fafà Picault,Inter Miami,HAI,"FW,MF",FW,34,4.8,centroavante_goleador
5050,Nelson Pierre,Vancouver W'caps,HAI,FW,FW,20,0.2,centroavante_goleador
5051,Samuel Piette,CF Montréal,CAN,MF,MF,30,15.4,volante_defensivo
5052,Ian Pilcher,San Diego FC,USA,DF,DF,22,7.2,zagueiro_classico
5053,Mauricio Pineda,Chicago Fire,USA,MF,MF,27,15.5,volante_defensivo
5054,Ariath Piol,Real Salt Lake,AUS,"FW,MF",FW,20,8.2,centroavante_goleador
5055,Gabriel Pirani,D.C. United,BRA,"MF,FW",MF,23,12.8,box_to_box
5056,Matt Polster,NE Revolution,USA,MF,MF,32,18.8,volante_defensivo
5057,Célio Pompeu,St. Louis,BRA,"FW,MF",FW,25,11.6,ponta_dribllador
5058,Paxton Pomykal,FC Dallas,USA,MF,MF,25,0.3,meia_criativo
5059,Ezequiel Ponce,Houston Dynamo,ARG,FW,FW,28,20.4,centroavante_goleador
5060,Alvas Powell,FC Cincinnati,JAM,DF,DF,31,5.8,zagueiro_classico
5061,Ralph Priso-Mbongue,Vancouver W'caps,CAN,MF,MF,22,10.0,volante_defensivo
5062,Andrew Privett,Charlotte,USA,DF,DF,24,18.1,zagueiro_classico
5063,John Pulskamp,Sporting KC,USA,GK,GK,24,23.0,goleiro_joia
5064,Ahmed Qasem,Nashville SC,SWE,"FW,MF",FW,22,11.7,ponta_dribllador
5065,Philip Quinton,Real Salt Lake,USA,DF,DF,25,8.0,zagueiro_classico
5066,Nemanja Radoja,Sporting KC,SRB,MF,MF,32,8.9,volante_defensivo
5067,Jeremy Rafanello,Philadelphia Union,USA,MF,MF,25,2.7,volante_defensivo
5068,Jackson Ragen,Seattle Sounders,USA,DF,DF,26,12.3,zagueiro_classico
5069,Brooklyn Raines,Houston Dynamo,USA,MF,MF,20,13.4,volante_defensivo
5070,Anthony Ramirez,FC Dallas,USA,MF,MF,19,0.0,meia_criativo
5071,Christian Ramirez,LA Galaxy,USA,FW,FW,34,9.5,centroavante_goleador
5072,Rubén Ramos,LA Galaxy,USA,MF,MF,18,0.7,meia_criativo
5073,Alisa Randell,Minnesota Utd,LBR,"MF,DF",MF,17,0.1,volante_defensivo
5074,Ryan Raposo,LAFC,CAN,"MF,FW",MF,26,0.1,meia_criativo
5075,Tim Ream,Charlotte,USA,DF,DF,37,14.7,zagueiro_construtor
5076,Federico Redondo,Inter Miami,ARG,MF,MF,22,8.9,volante_defensivo
5077,Jayden Reid,St. Louis,USA,DF,DF,23,5.0,zagueiro_classico
5078,Seymour Reid,NYCFC,JAM,FW,FW,17,0.8,segundo_atacante
5079,William Reilly,Atlanta Utd,USA,MF,MF,22,3.7,meia_criativo
5080,Marco Reus,LA Galaxy,GER,"MF,FW",MF,36,14.5,meia_criativo
5081,Andrés Reyes,San Diego FC,COL,DF,DF,25,0.5,zagueiro_classico
5082,Justin Reynolds,Chicago Fire,USA,DF,DF,20,1.2,zagueiro_classico
5083,Alvaro Ribeiro,FC Dallas,POR,DF,DF,20,3.8,zagueiro_classico
5084,Andrew Rick,Philadelphia Union,USA,GK,GK,19,10.0,goleiro_joia
5085,Jamar Ricketts,SJ Earthquakes,USA,"DF,MF",DF,23,6.7,lateral_ofensivo
5086,Kalani Rienzi,Seattle Sounders,USA,"DF,MF",DF,23,9.7,lateral_ofensivo
5087,Rocco Ríos Novo,Inter Miami,ARG,GK,GK,23,3.8,goleiro_joia
5088,Birk Risa,NYCFC,NOR,DF,DF,27,11.7,zagueiro_classico
5089,Reid Roberts,SJ Earthquakes,USA,DF,DF,21,5.6,zagueiro_classico
5090,Miles Robinson,FC Cincinnati,USA,DF,DF,28,17.2,zagueiro_classico
5091,Stian Rode Gregersen,Atlanta Utd,NOR,DF,DF,30,6.8,zagueiro_classico
5092,Rodrigues,SJ Earthquakes,BRA,DF,DF,27,15.4,zagueiro_construtor
5093,Baltasar Rodríguez,Inter Miami,ARG,"MF,FW",MF,22,1.4,meia_criativo
5094,Jonathan Rodríguez,Portland Timbers,URU,FW,FW,32,1.7,segundo_atacante
5095,Memo Rodriguez,Sporting KC,USA,MF,MF,29,5.8,volante_defensivo
5096,Nicolás Rodríguez,Orlando City,COL,"MF,FW",MF,21,0.4,meia_criativo
5097,Sam Rogers,Chicago Fire,USA,DF,DF,26,14.7,zagueiro_classico
5098,Alex Roldan,Seattle Sounders,SLV,"DF,MF",DF,28,15.3,zagueiro_construtor
5099,Cristian Roldan,Seattle Sounders,USA,MF,MF,30,21.1,box_to_box
5100,Nicolás Romero,Minnesota Utd,ARG,DF,DF,21,17.8,lateral_ofensivo
5101,Tomas Romero,NYCFC,SLV,GK,GK,24,3.0,goleiro_joia
5102,David Romney,SJ Earthquakes,USA,DF,DF,32,22.1,zagueiro_construtor
5103,Connor Ronan,Colorado Rapids,IRL,"MF,FW",MF,27,7.0,volante_defensivo
5104,Anderson Rosa,Colorado Rapids,BRA,DF,DF,23,0.3,zagueiro_classico
5105,Joseph Rosales,Minnesota Utd,HON,DF,DF,24,9.2,lateral_ofensivo
5106,Keegan Rosenberry,Colorado Rapids,USA,DF,DF,31,10.4,zagueiro_classico
5107,Daniel Rosero,Sporting KC,COL,DF,DF,31,2.0,zagueiro_classico
5108,Diego Rossi,Columbus Crew,URU,"FW,MF",FW,27,22.6,ponta_dribllador
5109,Sigurd Rosted,Toronto FC,NOR,DF,DF,30,18.7,zagueiro_classico
5110,Paul Rothrock,Seattle Sounders,USA,"MF,FW",MF,26,16.4,box_to_box
5111,Kye Rowles,D.C. United,AUS,DF,DF,27,20.5,zagueiro_classico
5112,Diego Rubio,Austin,CHI,"FW,MF",FW,32,3.8,segundo_atacante
5113,David Ruíz,Inter Miami,HON,"MF,FW",MF,21,0.8,meia_criativo
5114,Pablo Ruíz,Real Salt Lake,ARG,MF,MF,26,10.2,volante_defensivo
5115,Albert Rusnák,Seattle Sounders,SVK,"MF,FW",MF,31,18.3,box_to_box
5116,Johnny Russell,Real Salt Lake,SCO,FW,FW,35,2.7,centroavante_goleador
5117,Jacen Russell-Rowe,Columbus Crew,CAN,FW,FW,22,16.4,centroavante_goleador
5118,Cesar Ruvalcaba,Columbus Crew,USA,DF,DF,24,2.7,zagueiro_classico
5119,Emmanuel Sabbi,Vancouver W'caps,USA,"FW,MF",FW,27,12.1,ponta_dribllador
5120,Besard Sabovic,Austin,SWE,MF,MF,27,14.7,volante_defensivo
5121,Anisse Saidi,San Diego FC,TUN,MF,MF,17,0.1,volante_defensivo
5122,Ryan Sailor,Inter Miami,USA,DF,DF,26,0.1,zagueiro_classico
5123,Adam Saldaña,LAFC,USA,MF,MF,23,2.0,volante_defensivo
5124,Nathan Saliba,CF Montréal,CAN,MF,MF,20,14.0,volante_defensivo
5125,Dániel Sallói,Sporting KC,HUN,"FW,MF",FW,29,16.7,ponta_dribllador
5126,Lucas Sanabria,LA Galaxy,URU,"MF,FW",MF,21,9.5,volante_defensivo
5127,Ilie Sánchez,Austin,ESP,MF,MF,34,12.4,volante_defensivo
5128,William Sands,NE Revolution,USA,DF,DF,25,4.8,zagueiro_classico
5129,Edvard Sandvik Tagseth,Nashville SC,NOR,MF,MF,24,21.2,volante_defensivo
5130,Jeong Sangbin,Minnesota Utd,KOR,"FW,MF",FW,23,3.5,segundo_atacante
5131,Sergio Santos Gomes,FC Cincinnati,BRA,"FW,MF",FW,30,6.8,segundo_atacante
5132,Rafael Santos,Orlando City,BRA,DF,DF,27,7.5,lateral_ofensivo
5133,Samuel Sarver,FC Dallas,USA,"FW,DF",FW,22,0.1,centroavante_goleador
5134,Nick Scardina,Charlotte,USA,DF,DF,24,8.6,lateral_ofensivo
5135,Rodrigo Schlegel,Orlando City,ARG,DF,DF,28,20.8,zagueiro_classico
5136,David Schnegg,D.C. United,AUT,"DF,MF",DF,26,22.3,lateral_ofensivo
5137,Patrick Schulte,Columbus Crew,USA,GK,GK,24,16.0,goleiro_joia
5138,Tarik Scott,FC Dallas,USA,"MF,DF",MF,20,0.5,meia_criativo
5139,Dante Sealy,CF Montréal,TRI,"FW,MF",FW,22,18.1,ponta_dribllador
5140,Gabe Segal,Houston Dynamo,USA,FW,FW,24,1.6,centroavante_goleador
5141,Telasco Segovia,Inter Miami,VEN,"MF,FW",MF,22,12.7,box_to_box
5142,Eddie Segura,LAFC,COL,DF,DF,28,16.1,zagueiro_construtor
5143,Amar Sejdic,Columbus Crew,USA,MF,MF,28,3.2,volante_defensivo
5144,Johnny Selemani,Vancouver W'caps,CAN,MF,MF,17,0.3,volante_defensivo
5145,Brandon Servania,D.C. United,USA,MF,MF,26,16.1,volante_defensivo
5146,Nykolas Sessock,Atlanta Utd,USA,DF,DF,25,0.0,zagueiro_classico
5147,Jacob Shaffelburg,Nashville SC,CAN,"FW,MF",FW,25,6.4,segundo_atacante
5148,Charles Sharp,Toronto FC,USA,FW,FW,24,1.2,segundo_atacante
5149,Samuel Shashoua,Minnesota Utd,ENG,"MF,FW",MF,26,1.2,meia_criativo
5150,Khiry Shelton,Sporting KC,USA,DF,DF,32,11.6,zagueiro_construtor
5151,Jason Shokalook,Chicago Fire,USA,FW,FW,22,0.2,segundo_atacante
5152,Jonathan Shore,NYCFC,USA,MF,MF,18,13.6,volante_defensivo
5153,Show,FC Dallas,ANG,MF,MF,26,3.4,volante_defensivo
5154,Xande Silva,Atlanta Utd,POR,FW,FW,28,2.5,segundo_atacante
5155,Xande Silva,St. Louis,POR,"FW,MF",FW,28,2.4,segundo_atacante
5156,Jonathan Sirois,CF Montréal,CAN,GK,GK,24,21.0,goleiro_joia
5157,Pablo Sisniega,San Diego FC,MEX,GK,GK,30,3.0,goleiro_reserva
5158,Jack Skahan,SJ Earthquakes,USA,MF,MF,27,0.4,meia_criativo
5159,Bartosz Slisz,Atlanta Utd,POL,MF,MF,26,16.5,box_to_box
5160,Tyger Smalls,Charlotte,ENG,"FW,MF",FW,22,1.7,centroavante_goleador
5161,Alec Smir,Minnesota Utd,USA,GK,GK,26,1.8,goleiro_reserva
5162,Brad Smith,FC Cincinnati,AUS,"DF,MF",DF,31,2.8,zagueiro_classico
5163,Ian Smith,Portland Timbers,USA,DF,DF,23,6.0,zagueiro_classico
5164,Kyle Smith,Orlando City,USA,"DF,MF",DF,33,7.2,zagueiro_classico
5165,Artem Smoliakov,LAFC,UKR,"DF,MF",DF,22,6.3,zagueiro_classico
5166,Mohammed Sofo,NY Red Bulls,GHA,"FW,DF",FW,20,12.4,centroavante_goleador
5167,Wessel Speel,Minnesota Utd,NED,GK,GK,23,2.2,goleiro_joia
5168,Tyrese Spicer,Toronto FC,TRI,"DF,FW",DF,24,9.3,zagueiro_construtor
5169,Dayne St. Clair,Minnesota Utd,CAN,GK,GK,28,20.0,goleiro_titular
5170,Lazar Stefanovic,Toronto FC,CAN,DF,DF,18,4.8,zagueiro_classico
5171,Zack Steffen,Colorado Rapids,USA,GK,GK,30,13.0,goleiro_reserva
5172,Daniel Steres,Houston Dynamo,USA,DF,DF,34,4.4,zagueiro_classico
5173,Kimani Stewart-Baynes,Colorado Rapids,CAN,"MF,FW",MF,20,0.3,volante_defensivo
5174,Jared Stroud,D.C. United,USA,"FW,MF",FW,29,11.5,segundo_atacante
5175,Peter Stroud,NY Red Bulls,USA,MF,MF,23,15.5,volante_defensivo
5176,Brad Stuver,Austin,USA,GK,GK,34,22.0,goleiro_titular
5177,Luis Suárez,Inter Miami,URU,FW,FW,38,16.1,segundo_atacante
5178,Magomed-Shapi Suleymanov,Sporting KC,RUS,"FW,MF",FW,25,16.6,ponta_dribllador
5179,Cavan Sullivan,Philadelphia Union,USA,MF,MF,15,1.8,volante_defensivo
5180,Michael Sullivan,Toronto FC,USA,MF,MF,22,0.1,volante_defensivo
5181,Quinn Sullivan,Philadelphia Union,USA,MF,MF,21,16.0,box_to_box
5182,Finn Surman,Portland Timbers,NZL,DF,DF,21,20.7,zagueiro_classico
5183,Sam Surridge,Nashville SC,ENG,FW,FW,26,23.2,centroavante_goleador
5184,Oleksandr Svatok,Austin,UKR,DF,DF,30,18.0,zagueiro_classico
5185,Erik Sviatchenko,Houston Dynamo,DEN,DF,DF,33,6.8,zagueiro_classico
5186,Hennadii Synchuk,CF Montréal,UKR,"MF,FW",MF,19,3.4,box_to_box
5187,Nkosi Tafari,LAFC,USA,DF,DF,28,7.4,zagueiro_classico
5188,Zakaria Taifi,Orlando City,USA,"FW,MF",FW,19,0.3,centroavante_goleador
5189,Yohei Takaoka,Vancouver W'caps,JPN,GK,GK,29,23.0,goleiro_titular
5190,Strahinja Tanasijević,NYCFC,SRB,DF,DF,28,5.0,zagueiro_classico
5191,Andrew Tarbell,Houston Dynamo,USA,GK,GK,31,3.4,goleiro_reserva
5192,Iuri Tavares,Charlotte,CPV,"MF,FW",MF,24,0.3,meia_criativo
5193,D.J. Taylor,Minnesota Utd,USA,DF,DF,27,2.0,zagueiro_classico
5194,Robert Taylor,Austin,FIN,"FW,MF",FW,30,1.9,segundo_atacante
5195,Robert Taylor,Inter Miami,FIN,"MF,FW",MF,30,2.2,meia_criativo
5196,Carlos Terán,Chicago Fire,COL,DF,DF,24,3.3,zagueiro_classico
5197,Cedric Teuchert,St. Louis,GER,"FW,MF",FW,28,13.6,ponta_dribllador
5198,Odin Thiago Holm,LAFC,NOR,"MF,FW",MF,22,1.1,meia_criativo
5199,Jamal Thiaré,Atlanta Utd,SEN,FW,FW,32,5.1,centroavante_goleador
5200,Andrew Thomas,Seattle Sounders,RUS,GK,GK,26,5.0,goleiro_reserva
5201,Erik Thommy,Sporting KC,GER,"FW,MF",FW,30,11.5,ponta_dribllador
5202,Kosi Thompson,Toronto FC,CAN,DF,DF,22,17.6,zagueiro_construtor
5203,Timmy Tillman,LAFC,GER,MF,MF,26,16.6,volante_defensivo
5204,Cayman Togashi,Atlanta Utd,JPN,"MF,FW",MF,31,0.8,volante_defensivo
5205,Nouhou Tolo,Seattle Sounders,CMR,DF,DF,28,16.9,zagueiro_construtor
5206,Joshua Torquato,FC Dallas,USA,MF,MF,17,1.7,volante_defensivo
5207,Tomas Totland,St. Louis,NOR,DF,DF,26,9.3,lateral_ofensivo
5208,Mason Toye,Sporting KC,USA,FW,FW,26,0.9,centroavante_goleador
5209,Wil Trapp,Minnesota Utd,USA,MF,MF,32,21.3,volante_defensivo
5210,Jackson Travis,Colorado Rapids,USA,DF,DF,21,7.5,zagueiro_classico
5211,Niko Tsakiris,SJ Earthquakes,USA,MF,MF,20,3.7,meia_criativo
5212,Garrison Tubbs,D.C. United,USA,DF,DF,23,6.3,zagueiro_classico
5213,Bill Tuiloma,Charlotte,NZL,DF,DF,30,3.1,zagueiro_classico
5214,Gavin Turner,D.C. United,USA,"FW,MF",FW,18,0.3,centroavante_goleador
5215,Jeppe Tverskov,San Diego FC,DEN,MF,MF,32,22.8,volante_defensivo
5216,Mikael Uhre,Philadelphia Union,DEN,FW,FW,30,10.6,segundo_atacante
5217,Cengiz Ünder,LAFC,TUR,FW,FW,28,5.0,segundo_atacante
5218,Osaze Urhoghide,FC Dallas,NED,DF,DF,25,14.6,zagueiro_classico
5219,Maximiliano Urruti,NE Revolution,ARG,FW,FW,34,6.5,centroavante_goleador
5220,Júnior Urso,Houston Dynamo,BRA,MF,MF,36,6.3,volante_defensivo
5221,Óscar Ustari,Inter Miami,ARG,GK,GK,39,15.1,goleiro_titular
5222,Myrto Uzuni,Austin,ALB,FW,FW,30,15.6,segundo_atacante
5223,Onni Valakari,San Diego FC,FIN,"MF,FW",MF,25,17.4,box_to_box
5224,Omar Valencia,NY Red Bulls,PAN,DF,DF,21,14.0,lateral_ofensivo
5225,Gerardo Valenzuela,FC Cincinnati,USA,"MF,FW",MF,20,7.2,box_to_box
5226,Kerwin Vargas,Charlotte,COL,"FW,MF",FW,23,10.6,ponta_dribllador
5227,Obed Vargas,Seattle Sounders,MEX,MF,MF,19,19.5,box_to_box
5228,Indiana Vassilev,Philadelphia Union,USA,MF,MF,24,15.8,box_to_box
5229,Brandon Vazquez,Austin,USA,FW,FW,26,17.8,centroavante_goleador
5230,David Vazquez,Philadelphia Union,USA,MF,MF,19,0.2,volante_defensivo
5231,Brayan Vera,Real Salt Lake,COL,DF,DF,26,12.3,zagueiro_construtor
5232,Oscar Verhoeven,San Diego FC,USA,DF,DF,19,10.1,lateral_ofensivo
5233,Oscar Verhoeven,SJ Earthquakes,USA,MF,MF,19,0.1,volante_defensivo
5234,Ranko Veselinović,Vancouver W'caps,SRB,DF,DF,26,19.5,zagueiro_classico
5235,Felipe Vieira,Houston Dynamo,BRA,DF,DF,20,9.4,lateral_ofensivo
5236,Jules-Anthony Vilsaint,CF Montréal,CAN,"FW,MF",FW,22,2.5,segundo_atacante
5237,Sam Vines,Colorado Rapids,USA,DF,DF,26,8.3,lateral_ofensivo
5238,Pedro Vite,Vancouver W'caps,ECU,"MF,FW",MF,23,15.5,box_to_box
5239,Robert Voloder,Sporting KC,BIH,DF,DF,24,10.3,zagueiro_classico
5240,Giacomo Vrioni,CF Montréal,ALB,"FW,MF",FW,26,4.4,centroavante_goleador
5241,Kai Wagner,Philadelphia Union,GER,DF,DF,28,21.3,lateral_ofensivo
5242,Conrad Wallem,St. Louis,NOR,"MF,DF",MF,25,18.1,volante_defensivo
5243,Joel Waterman,CF Montréal,CAN,DF,DF,29,15.0,zagueiro_construtor
5244,Akil Watts,St. Louis,USA,"MF,DF",MF,25,15.7,volante_defensivo
5245,Marcelo Weigandt,Inter Miami,ARG,DF,DF,25,10.3,lateral_ofensivo
5246,Michael Wentzel,St. Louis,GER,DF,DF,23,1.1,zagueiro_classico
5247,Francis Westfield,Philadelphia Union,USA,DF,DF,19,15.7,lateral_ofensivo
5248,Ashley Westwood,Charlotte,ENG,MF,MF,35,24.0,volante_defensivo
5249,Brian White,Vancouver W'caps,USA,FW,FW,29,14.2,centroavante_goleador
5250,Adrian Wibowo,LAFC,USA,FW,FW,19,0.2,centroavante_goleador
5251,Derrick Williams,Atlanta Utd,IRL,DF,DF,32,13.5,zagueiro_classico
5252,Samuel Williams,Chicago Fire,USA,MF,MF,20,3.5,volante_defensivo
5253,Thomas Williams,Orlando City,USA,DF,DF,20,0.1,zagueiro_classico
5254,Eryk Williamson,Charlotte,USA,"MF,FW",MF,28,5.1,volante_defensivo
5255,Joe Willis,Nashville SC,USA,GK,GK,36,24.0,goleiro_titular
5256,Bruno Wilson,SJ Earthquakes,POR,DF,DF,28,9.3,zagueiro_classico
5257,Henry Wingo,Toronto FC,USA,DF,DF,29,3.1,zagueiro_classico
5258,Hannes Wolf,NYCFC,AUT,"FW,MF",FW,26,20.1,ponta_dribllador
5259,Owen Wolff,Austin,USA,"MF,FW",MF,20,18.8,box_to_box
5260,Tyler Wolff,Real Salt Lake,USA,"FW,MF",FW,22,3.2,segundo_atacante
5261,Elijah Wynder,LA Galaxy,USA,MF,MF,22,3.8,volante_defensivo
5262,Miki Yamane,LA Galaxy,JPN,DF,DF,31,18.8,lateral_ofensivo
5263,Dominik Yankov,CF Montréal,BUL,MF,MF,24,0.3,meia_criativo
5264,Darren Yapi,Colorado Rapids,USA,"FW,MF",FW,20,10.5,centroavante_goleador
5265,Joshua Yaro,St. Louis,GHA,DF,DF,30,14.1,zagueiro_classico
5266,Patrick Yazbek,Nashville SC,AUS,MF,MF,23,16.2,volante_defensivo
5267,Kelvin Yeboah,Minnesota Utd,ITA,FW,FW,25,17.2,centroavante_goleador
5268,Yaw Yeboah,LAFC,GHA,"MF,FW",MF,28,4.8,meia_criativo
5269,DeAndre Yedlin,FC Cincinnati,USA,DF,DF,32,19.2,lateral_ofensivo
5270,Maya Yoshida,LA Galaxy,JPN,DF,DF,36,19.1,zagueiro_classico
5271,Jackson Yueill,NE Revolution,USA,"MF,FW",MF,28,5.2,volante_defensivo
5272,Alhassan Yusuf,NE Revolution,NGA,MF,MF,25,22.9,box_to_box
5273,Wilfried Zaha,Charlotte,CIV,"FW,MF",FW,32,20.4,ponta_dribllador
5274,Joseph Zalinsky,St. Louis,USA,DF,DF,22,2.5,zagueiro_classico
5275,Eriq Zavaleta,LA Galaxy,SLV,DF,DF,32,1.4,zagueiro_classico
5276,Sean Zawadzki,Columbus Crew,USA,"DF,MF",DF,25,21.0,zagueiro_construtor
5277,Walker Zimmerman,Nashville SC,USA,DF,DF,32,10.9,lateral_ofensivo
5278,Philip Zinckernagel,Chicago Fire,DEN,"FW,MF",FW,30,18.4,ponta_dribllador
5279,Rida Zouhir,D.C. United,CAN,"MF,FW",MF,21,3.0,volante_defensivo
5280,Dario Župarić,Portland Timbers,BIH,DF,DF,33,9.3,zagueiro_classico
5281,Lucas Abascia,Cen. Córdoba–SdE,ARG,DF,DF,29,7.8,zagueiro_classico
5282,Luciano Abecasis,Ind. Rivadavia,ARG,DF,DF,35,1.0,zagueiro_classico
5283,Ramón Ábila,Huracán,ARG,FW,FW,35,2.0,centroavante_goleador
5284,Ignacio Abraham,Banfield,SYR,DF,DF,27,5.1,zagueiro_classico
5285,Gonzalo Abrego,Godoy Cruz,ARG,MF,MF,25,11.4,volante_defensivo
5286,Jonás Acevedo,Instituto,ARG,"MF,FW",MF,28,7.4,meia_criativo
5287,Juan Achetoni,Aldosivi,ARG,FW,FW,20,0.0,centroavante_goleador
5288,Guillermo Acosta,Atlé Tucumán,ARG,MF,MF,36,9.9,volante_defensivo
5289,Lautaro Acosta,Lanús,ARG,FW,FW,37,0.2,segundo_atacante
5290,Lucas Acosta,San Martín de San Juan,ARG,"FW,DF",FW,20,0.1,centroavante_goleador
5291,Lucas Acosta,Sarmiento,ARG,GK,GK,30,18.0,goleiro_titular
5292,Marcos Acuña,River Plate,ARG,DF,DF,33,12.9,zagueiro_construtor
5293,Valentino Acuña,Newell's OB,ARG,"FW,DF",FW,19,1.1,centroavante_goleador
5294,Tomás Adoryán,Banfield,ARM,"MF,FW",MF,23,6.0,box_to_box
5295,Luis Advíncula,Boca Juniors,PER,DF,DF,35,10.0,lateral_ofensivo
5296,Alan Aguerre,Cen. Córdoba–SdE,ARG,GK,GK,34,16.0,goleiro_titular
5297,Mateo Aguiar,Defensa y Just,ARG,MF,MF,18,0.2,meia_criativo
5298,Emanuel Aguilera,Defensa y Just,ARG,DF,DF,36,11.1,zagueiro_classico
5299,Brian Aguirre,Boca Juniors,ARG,FW,FW,22,1.3,centroavante_goleador
5300,Manuel Agustín Duarte,Barracas Central,ARG,"MF,FW",MF,23,5.2,meia_criativo
5301,Gabriel Alanís,Huracán,ARG,FW,FW,31,10.9,ponta_dribllador
5302,Agustín Alaniz,Banfield,URU,"FW,MF",FW,23,11.5,ponta_dribllador
5303,Fernando Alarcón,Instituto,ARG,DF,DF,31,18.0,zagueiro_classico
5304,William Alarcón,Boca Juniors,CHI,MF,MF,24,6.5,volante_defensivo
5305,Lucas Alario,Estudiantes–LP,ARG,FW,FW,32,6.9,centroavante_goleador
5306,Franco Alfonso,Cen. Córdoba–SdE,ARG,"FW,MF",FW,23,2.7,centroavante_goleador
5307,Rodrigo Aliendro,River Plate,ARG,MF,MF,34,5.4,meia_criativo
5308,Agustín Almendra,Racing Club,ARG,MF,MF,25,9.9,volante_defensivo
5309,Antony Alonso,Deportivo Riestra,ARG,"MF,FW",MF,27,7.2,meia_criativo
5310,Facundo Altamira,Godoy Cruz,ARG,"FW,MF",FW,23,7.2,ponta_dribllador
5311,Pablo Altamirano,Newell's OB,ARG,MF,MF,20,0.2,volante_defensivo
5312,Francisco Álvarez,Arg Juniors,ARG,DF,DF,25,16.9,zagueiro_construtor
5313,Franco Amarfil,Ind. Rivadavia,ARG,MF,MF,24,15.5,volante_defensivo
5314,Fabricio Amato,Ind. Rivadavia,ARG,MF,MF,21,0.3,volante_defensivo
5315,Santino Andino,Godoy Cruz,ARG,"FW,MF",FW,19,8.8,ponta_dribllador
5316,Isaías Andrada,Vélez Sarsfield,ARG,"DF,MF",DF,22,1.8,zagueiro_classico
5317,Juan Andrada,Sarmiento,ARG,MF,MF,30,1.1,volante_defensivo
5318,Tobías Andrada,Vélez Sarsfield,ARG,MF,MF,18,0.7,meia_criativo
5319,Álvaro Angulo,Independiente,COL,DF,DF,28,8.7,zagueiro_construtor
5320,Luis Angulo,Cen. Córdoba–SdE,COL,"FW,MF",FW,21,11.0,ponta_dribllador
5321,Luis Angulo,Talleres,COL,FW,FW,21,0.3,centroavante_goleador
5322,Federico Anselmo,San Martín de San Juan,ARG,FW,FW,31,9.9,centroavante_goleador
5323,Mateo Antoni,Arg Juniors,URU,MF,MF,22,0.0,volante_defensivo
5324,Dylan Aquino,Lanús,ARG,"FW,MF",FW,20,7.2,ponta_dribllador
5325,Alex Arce,Ind. Rivadavia,PAR,FW,FW,30,1.0,centroavante_goleador
5326,Ignacio Arce,Deportivo Riestra,ARG,GK,GK,33,17.0,goleiro_titular
5327,Lucas Arce,Godoy Cruz,ARG,DF,DF,27,9.7,lateral_ofensivo
5328,Joaquín Ardaiz,Arg Juniors,URU,"FW,MF",FW,26,0.1,centroavante_goleador
5329,Joaquín Ardaiz,Sarmiento,URU,FW,FW,26,1.6,segundo_atacante
5330,Facundo Ardiles,Godoy Cruz,ARG,DF,DF,26,0.5,zagueiro_classico
5331,Gabriel Arias,Racing Club,CHI,GK,GK,37,12.3,goleiro_reserva
5332,Matías Arias,Vélez Sarsfield,ARG,MF,MF,18,0.2,volante_defensivo
5333,Ramón Arias,Tigre,URU,DF,DF,32,3.1,zagueiro_classico
5334,Franco Armani,River Plate,ARG,GK,GK,38,18.0,goleiro_titular
5335,Blas Armoa,Tigre,PAR,FW,FW,25,3.2,segundo_atacante
5336,Marcos Arturia,Banfield,ARG,FW,FW,27,5.2,centroavante_goleador
5337,Santiago Arzamendia,Estudiantes–LP,PAR,DF,DF,27,10.2,zagueiro_classico
5338,Santiago Ascacíbar,Estudiantes–LP,ARG,MF,MF,28,14.0,box_to_box
5339,Jorge de Asís,Gimnasia–LP,ARG,MF,MF,19,0.0,volante_defensivo
5340,Agustín Auzmendi,Godoy Cruz,ARG,FW,FW,28,4.7,centroavante_goleador
5341,Carlos Auzqui,Atlé Tucumán,ARG,MF,MF,34,7.4,volante_defensivo
5342,Gabriel Ávalos,Independiente,PAR,FW,FW,34,11.5,centroavante_goleador
5343,Elías Báez,San Lorenzo,ARG,DF,DF,20,17.2,zagueiro_construtor
5344,Claudio Baeza,Vélez Sarsfield,CHI,MF,MF,31,5.1,volante_defensivo
5345,Mateo Bajamich,Atlé Tucumán,ARG,"FW,MF",FW,25,8.1,ponta_dribllador
5346,Kevin Balanta,Defensa y Just,COL,DF,DF,28,4.7,zagueiro_classico
5347,Adrián Balboa,Racing Club,URU,FW,FW,31,6.4,centroavante_goleador
5348,Franco Baldassarra,Platense,ARG,MF,MF,26,2.7,volante_defensivo
5349,Éver Banega,Newell's OB,ARG,MF,MF,37,14.8,box_to_box
5350,Nahuel Banegas,Tigre,ARG,DF,DF,28,13.4,lateral_ofensivo
5351,Juan Barbieri,Ind. Rivadavia,ARG,"FW,MF",FW,28,4.9,centroavante_goleador
5352,David Barbona,Defensa y Just,ARG,"MF,FW",MF,30,3.1,meia_criativo
5353,Juan Barinaga,Boca Juniors,ARG,DF,DF,24,2.5,zagueiro_classico
5354,Williams Barlasina,Newell's OB,ARG,GK,GK,27,1.0,goleiro_reserva
5355,Williams Barlasina,Aldosivi,ARG,GK,GK,27,4.0,goleiro_reserva
5356,Daniel Barrea,Godoy Cruz,ARG,"FW,MF",FW,23,5.2,segundo_atacante
5357,Diego Barrera,Cen. Córdoba–SdE,ARG,"MF,FW",MF,21,3.9,meia_criativo
5358,Alan Barrionuevo,Tigre,ARG,DF,DF,28,1.1,zagueiro_classico
5359,Martín Barrios,Racing Club,URU,MF,MF,26,4.9,meia_criativo
5360,Nahuel Barrios,Barracas Central,ARG,"MF,FW",MF,27,7.4,box_to_box
5361,Rafael Barrios,Barracas Central,ARG,DF,DF,32,5.0,zagueiro_classico
5362,Bautista Barros Schelotto,Platense,ARG,DF,DF,25,4.5,zagueiro_classico
5363,Damián Batallini,Instituto,ARG,"MF,FW",MF,29,8.0,box_to_box
5364,Rodrigo Battaglia,Boca Juniors,ARG,"DF,MF",DF,34,12.1,zagueiro_classico
5365,Juan Bautista Cejas,Godoy Cruz,ARG,"FW,MF",FW,27,0.8,centroavante_goleador
5366,Jonathan Bay,Platense,ARG,DF,DF,32,5.3,zagueiro_classico
5367,Tomás Belmonte,Boca Juniors,ARG,MF,MF,27,9.9,volante_defensivo
5368,Gastón Benavídez,Talleres,ARG,DF,DF,29,9.8,lateral_ofensivo
5369,Gastón Benedetti,Estudiantes–LP,ARG,DF,DF,24,6.6,lateral_ofensivo
5370,Nicolás Benegas,Deportivo Riestra,ARG,FW,FW,29,10.6,segundo_atacante
5371,Rubén Bentancourt,Arg Juniors,URU,FW,FW,32,1.1,centroavante_goleador
5372,Lucas Besozzi,Tigre,ARG,FW,FW,22,0.5,centroavante_goleador
5373,Lucas Besozzi,Cen. Córdoba–SdE,ARG,"MF,FW",MF,22,1.0,meia_criativo
5374,Juan Bisanz,Banfield,ARG,"FW,MF",FW,23,5.7,segundo_atacante
5375,Juan Bisanz,Huracán,ARG,FW,FW,23,0.4,centroavante_goleador
5376,Lautaro Blanco,Boca Juniors,ARG,DF,DF,26,12.8,lateral_ofensivo
5377,Pablo de Blasis,Gimnasia–LP,ARG,MF,MF,37,7.7,volante_defensivo
5378,Lucas Blondel,Boca Juniors,SUI,"DF,MF",DF,28,6.1,lateral_ofensivo
5379,Roberto Bochi,Aldosivi,ARG,MF,MF,35,11.3,volante_defensivo
5380,Luciano Boggio,Lanús,ITA,MF,MF,26,0.1,volante_defensivo
5381,Enrique Bologna,Defensa y Just,ARG,GK,GK,43,17.0,goleiro_titular
5382,Matías Borgogno,San Martín de San Juan,ARG,GK,GK,26,17.0,goleiro_joia
5383,Miguel Borja,River Plate,COL,FW,FW,32,10.5,centroavante_goleador
5384,Benjamín Bosch,Vélez Sarsfield,ARG,MF,MF,20,1.2,volante_defensivo
5385,Sebastián Boselli,Estudiantes–LP,URU,DF,DF,21,11.6,zagueiro_classico
5386,Rubén Botta,Talleres,ARG,"MF,FW",MF,35,7.7,volante_defensivo
5387,Tomás Bottari,Ind. Rivadavia,ARG,MF,MF,24,9.0,volante_defensivo
5388,Walter Bou,Lanús,ARG,FW,FW,31,12.8,centroavante_goleador
5389,Agustín Bouzat,Vélez Sarsfield,ARG,MF,MF,31,15.5,volante_defensivo
5390,Mariano Bracamonte,Deportivo Riestra,ARG,DF,DF,26,6.5,zagueiro_classico
5391,Malcom Braida,San Lorenzo,ARG,"FW,MF",FW,28,14.8,ponta_dribllador
5392,Malcom Braida,Boca Juniors,ARG,FW,FW,28,1.7,centroavante_goleador
5393,Moisés Brandán,Atlé Tucumán,ARG,DF,DF,25,3.4,zagueiro_classico
5394,Agustin Bravo,Rosario Central,ARG,"DF,FW",DF,24,2.2,zagueiro_classico
5395,Gonzalo Bravo,Deportivo Riestra,ARG,"MF,FW",MF,35,1.4,meia_criativo
5396,Néstor Breitenbruch,Aldosivi,ARG,DF,DF,29,14.9,zagueiro_classico
5397,Leandro Brey,Boca Juniors,ARG,GK,GK,22,2.0,goleiro_joia
5398,Norberto Briasco,Gimnasia–LP,ARM,"FW,MF",FW,29,3.6,centroavante_goleador
5399,Elías Brito,Lanús,ARG,DF,DF,19,0.0,zagueiro_classico
5400,Miguel Brizuela,Atlé Tucumán,ARG,DF,DF,28,12.5,zagueiro_classico
5401,Manuel Brondo,Arg Juniors,ARG,"FW,MF",FW,23,0.7,centroavante_goleador
5402,Jorge Broun,Rosario Central,ARG,GK,GK,39,16.0,goleiro_titular
5403,Facundo Bruera,Barracas Central,ARG,"FW,MF",FW,26,7.4,centroavante_goleador
5404,Leonel Bucca,Ind. Rivadavia,ARG,MF,MF,26,0.3,volante_defensivo
5405,Valentín Burgoa,Sarmiento,ARG,"MF,FW",MF,25,6.8,box_to_box
5406,Esteban Burgos,San Martín de San Juan,ARG,DF,DF,33,9.1,zagueiro_classico
5407,Joaquín Burgos,Estudiantes–LP,ARG,"FW,MF",FW,20,5.3,segundo_atacante
5408,Javier Burrai,Talleres,ECU,GK,GK,34,1.5,goleiro_reserva
5409,Fabricio Bustos,River Plate,ARG,DF,DF,29,5.3,zagueiro_classico
5410,Nahuel Bustos,Talleres,ARG,"FW,MF",FW,27,7.9,centroavante_goleador
5411,Favio Cabral,Cen. Córdoba–SdE,ARG,FW,FW,24,4.3,centroavante_goleador
5412,Luciano Cabral,Independiente,CHI,MF,MF,30,9.4,box_to_box
5413,Rodrigo Cabral,Huracán,ARG,"FW,MF",FW,24,2.5,segundo_atacante
5414,Yonathan Cabral,Aldosivi,ARG,DF,DF,33,4.4,zagueiro_classico
5415,Bruno Cabrera,Lanús,ARG,FW,FW,22,2.2,centroavante_goleador
5416,Elías Cabrera,Tigre,ARG,"MF,FW",MF,22,11.8,meia_criativo
5417,Lisandro Cabrera,Atlé Tucumán,ARG,"FW,MF",FW,27,4.2,segundo_atacante
5418,Juan Cáceres,Lanús,PAR,DF,DF,25,3.0,zagueiro_classico
5419,Brian Calderara,Newell's OB,ARG,DF,DF,26,0.8,zagueiro_classico
5420,Facundo Cambeses,Racing Club,ARG,GK,GK,28,4.7,goleiro_reserva
5421,Juan Camilo Portilla,Talleres,COL,MF,MF,26,9.8,volante_defensivo
5422,Jaminton Campaz,Rosario Central,COL,"FW,MF",FW,25,10.6,ponta_dribllador
5423,Jhonatan Candia,Barracas Central,URU,"FW,MF",FW,30,11.2,centroavante_goleador
5424,Alexis Canelo,Lanús,ARG,FW,FW,33,2.8,segundo_atacante
5425,Ezequiel Cañete,Unión,ARG,"MF,FW",MF,26,0.5,volante_defensivo
5426,Ezequiel Cannavo,Defensa y Just,ARG,DF,DF,23,13.4,lateral_ofensivo
5427,Víctor Cantillo,Huracán,COL,"MF,FW",MF,31,0.3,volante_defensivo
5428,Giovanni Cantizano,Rosario Central,ARG,"MF,FW",MF,18,0.7,meia_criativo
5429,Nicolás Capraro,Barracas Central,ARG,DF,DF,27,1.5,zagueiro_classico
5430,Gabriel Carabajal,Sarmiento,ARG,"MF,FW",MF,33,8.4,meia_criativo
5431,Mauricio Cardillo,Ind. Rivadavia,ARG,"MF,DF",MF,22,9.8,box_to_box
5432,Tomás Cardona,Tigre,ARG,FW,FW,29,0.1,centroavante_goleador
5433,Tomás Cardona,Talleres,ARG,DF,DF,29,2.0,zagueiro_classico
5434,Agustín Cardozo,Lanús,ARG,MF,MF,28,15.3,volante_defensivo
5435,Juan Cardozo,Arg Juniors,PAR,MF,MF,21,1.3,volante_defensivo
5436,Leonel Cardozo,Lanús,ARG,DF,DF,21,1.1,zagueiro_classico
5437,Thiago Cardozo,Unión,URU,GK,GK,28,14.0,goleiro_joia
5438,Thiago Cardozo,Belgrano,URU,GK,GK,28,1.0,goleiro_reserva
5439,Jan Carlos Hurtado,Gimnasia–LP,VEN,FW,FW,25,4.0,centroavante_goleador
5440,Nicolás Caro,Deportivo Riestra,ARG,DF,DF,30,8.2,zagueiro_classico
5441,Jorge Carranza,Aldosivi,ARG,GK,GK,44,13.0,goleiro_reserva
5442,Ramiro Carrera,Lanús,ARG,"MF,FW",MF,31,10.0,volante_defensivo
5443,Guido Carrillo,Estudiantes–LP,ARG,FW,FW,34,9.2,segundo_atacante
5444,Maher Carrizo,Vélez Sarsfield,ARG,"FW,MF",FW,19,9.8,centroavante_goleador
5445,Maximiliano Casa,San Martín de San Juan,ARG,MF,MF,32,0.6,volante_defensivo
5446,Milton Casco,River Plate,ARG,DF,DF,37,5.4,zagueiro_classico
5447,Rodrigo Cáseres,San Martín de San Juan,ARG,DF,DF,27,13.1,zagueiro_classico
5448,Yuri Casermeiro,Cen. Córdoba–SdE,ARG,DF,DF,23,6.0,zagueiro_classico
5449,Kevin Castaño,River Plate,COL,MF,MF,24,6.1,volante_defensivo
5450,Rodrigo Castillo,Lanús,ARG,"FW,MF",FW,26,0.4,centroavante_goleador
5451,Rodrigo Castillo,Gimnasia–LP,ARG,FW,FW,26,15.4,centroavante_goleador
5452,Alexis Castro,Estudiantes–LP,ARG,"FW,MF",FW,30,4.0,centroavante_goleador
5453,Lucas Castro,Gimnasia–LP,ARG,MF,MF,36,12.3,volante_defensivo
5454,Nicolás Castro,Atlé Tucumán,ARG,MF,MF,34,2.9,meia_criativo
5455,Juan Cavallaro,San Martín de San Juan,ARG,"MF,FW",MF,31,4.9,volante_defensivo
5456,Tomás Cavanagh,Vélez Sarsfield,ARG,DF,DF,24,1.8,zagueiro_classico
5457,Edinson Cavani,Boca Juniors,URU,FW,FW,38,9.5,segundo_atacante
5458,Emanuel Cecchini,San Lorenzo,ARG,MF,MF,28,6.5,volante_defensivo
5459,Milton Céliz,Deportivo Riestra,ARG,MF,MF,32,15.8,volante_defensivo
5460,Ezequiel Centurión,Ind. Rivadavia,ARG,GK,GK,28,17.0,goleiro_titular
5461,Giuliano Cerato,Aldosivi,ARG,"MF,DF",MF,27,11.4,volante_defensivo
5462,Ezequiel Cerutti,San Lorenzo,ARG,FW,FW,33,8.9,ponta_dribllador
5463,Tobías Cervera,Platense,SYR,"FW,MF",FW,22,0.5,segundo_atacante
5464,Edwuin Cetré,Estudiantes–LP,COL,"FW,MF",FW,27,6.0,centroavante_goleador
5465,Jeremías Chavero,Lanús,ARG,FW,FW,19,0.0,centroavante_goleador
5466,Lautaro Chávez,Aldosivi,ARG,"FW,MF",FW,24,4.2,segundo_atacante
5467,Giovani Chiaverano,Newell's OB,ARG,"FW,MF",FW,20,2.2,centroavante_goleador
5468,Agustín Colazo,Unión,ARG,FW,FW,24,5.0,centroavante_goleador
5469,Facundo Colidio,River Plate,ARG,FW,FW,25,11.7,ponta_dribllador
5470,Nazareno Colombo,Racing Club,ARG,DF,DF,26,12.5,zagueiro_construtor
5471,Gabriel Compagnucci,Belgrano,ARG,DF,DF,33,9.9,lateral_ofensivo
5472,Germán Conti,Racing Club,ARG,DF,DF,31,2.8,zagueiro_classico
5473,Julián Contrera,Sarmiento,ARG,MF,MF,22,1.6,volante_defensivo
5474,Enzo Copetti,Rosario Central,ARG,FW,FW,29,12.8,segundo_atacante
5475,Fabricio Corbalan,Gimnasia–LP,ARG,"DF,FW",DF,21,3.1,zagueiro_classico
5476,Nicolás Cordero,Arg Juniors,ARG,FW,FW,26,0.2,centroavante_goleador
5477,Nicolás Cordero,Instituto,ARG,FW,FW,26,6.1,centroavante_goleador
5478,Emanuel Coronel,Rosario Central,ARG,DF,DF,28,13.6,lateral_ofensivo
5479,Kevin Coronel,Arg Juniors,ARG,DF,DF,20,0.3,zagueiro_classico
5480,Mateo Coronel,Atlé Tucumán,ARG,FW,FW,26,11.2,segundo_atacante
5481,Claudio Corvalán,Unión,ARG,DF,DF,36,11.0,zagueiro_construtor
5482,Ayrton Costa,Boca Juniors,ARG,DF,DF,26,7.1,zagueiro_classico
5483,Leonard Costa,Ind. Rivadavia,URU,DF,DF,27,4.3,zagueiro_classico
5484,Giorgio Costantini,River Plate,BRA,FW,FW,19,0.0,centroavante_goleador
5485,Juan Cozzani,Platense,ARG,GK,GK,26,18.0,goleiro_joia
5486,Thiago Cravero,Belgrano,ARG,MF,MF,22,2.0,volante_defensivo
5487,Sebastián Cristóforo,Cen. Córdoba–SdE,URU,"MF,FW",MF,31,3.8,volante_defensivo
5488,Juan Cruz Komar,Rosario Central,ARG,DF,DF,28,8.7,zagueiro_classico
5489,Alexis Cuello,San Lorenzo,ARG,"FW,MF",FW,25,11.8,ponta_dribllador
5490,Víctor Cuesta,Newell's OB,ARG,DF,DF,36,10.9,zagueiro_classico
5491,Braian Cufré,Cen. Córdoba–SdE,ARG,DF,DF,28,9.5,lateral_ofensivo
5492,Santiago Dalmasso,Boca Juniors,ARG,MF,MF,21,0.1,meia_criativo
5493,Santiago Daniele,Banfield,ARG,DF,DF,19,1.0,zagueiro_classico
5494,Leonel Dante Álvarez,San Martín de San Juan,ARG,DF,DF,29,9.0,zagueiro_classico
5495,Agustín Dáttola,Belgrano,ARG,DF,DF,26,4.0,zagueiro_classico
5496,Fernando David Cardozo,Newell's OB,PAR,"MF,FW",MF,24,5.4,volante_defensivo
5497,Jonathan David Gómez,Rosario Central,ARG,MF,MF,35,0.8,volante_defensivo
5498,Jonathan David Gómez,Sarmiento,ARG,"MF,FW",MF,35,0.2,meia_criativo
5499,Hernán De La Fuente,Huracán,ARG,DF,DF,28,5.0,zagueiro_classico
5500,Matías De los Santos,Atlé Tucumán,URU,DF,DF,32,10.0,zagueiro_classico
5501,Mathías De Ritis,Banfield,URU,DF,DF,22,11.8,zagueiro_classico
5502,Ramiro Degregorio,Racing Club,ARG,"FW,MF",FW,22,0.7,centroavante_goleador
5503,Ronaldo Dejesús,Lanús,PAR,DF,DF,24,12.0,zagueiro_classico
5504,Mateo Del Blanco,Unión,ARG,"DF,MF",DF,21,13.7,zagueiro_construtor
5505,Milton Delgado,Boca Juniors,ARG,MF,MF,20,9.4,volante_defensivo
5506,Jonathan Dellarossa,Instituto,ARG,FW,FW,25,1.9,segundo_atacante
5507,Nicolás Demartini,Barracas Central,ARG,DF,DF,25,11.4,zagueiro_classico
5508,Valentín Depietri,Talleres,ARG,FW,FW,24,7.7,ponta_dribllador
5509,Facundo Di Biasi,Gimnasia–LP,ARG,MF,MF,20,11.2,volante_defensivo
5510,Marco Di Cesare,Racing Club,ARG,DF,DF,23,11.1,zagueiro_classico
5511,Lautaro Di Lollo,Boca Juniors,ARG,DF,DF,21,9.2,zagueiro_classico
5512,Ramiro Di Luciano,Banfield,ARG,DF,DF,21,12.4,lateral_ofensivo
5513,Ángel Di María,Rosario Central,ARG,FW,FW,37,2.0,centroavante_goleador
5514,Lucas Diarte,San Martín de San Juan,ARG,DF,DF,32,7.6,zagueiro_classico
5515,Alexander Díaz,Deportivo Riestra,ARG,"FW,MF",FW,25,4.4,segundo_atacante
5516,Damián Díaz,Banfield,ECU,"MF,FW",MF,39,2.1,meia_criativo
5517,Diego Díaz,Unión,ARG,FW,FW,23,1.6,centroavante_goleador
5518,Franco Díaz,Instituto,ARG,"MF,FW",MF,24,3.7,meia_criativo
5519,Gabriel Díaz,Sarmiento,ARG,"DF,FW",DF,25,8.5,lateral_ofensivo
5520,Leandro Díaz,Atlé Tucumán,ARG,FW,FW,33,11.2,centroavante_goleador
5521,Paulo Díaz,River Plate,CHI,DF,DF,30,9.8,zagueiro_classico
5522,Jerónimo Domina,Unión,ARG,"FW,MF",FW,19,7.3,ponta_dribllador
5523,Alexis Dominguez,Aldosivi,ARG,"FW,MF",FW,28,2.5,centroavante_goleador
5524,Nery Domínguez,San Lorenzo,ARG,"MF,DF",MF,35,2.5,volante_defensivo
5525,Sebastián Driussi,River Plate,ARG,"FW,MF",FW,29,7.7,centroavante_goleador
5526,Gaspar Duarte,Rosario Central,ARG,"FW,MF",FW,22,8.5,centroavante_goleador
5527,Tomás Durso,Atlé Tucumán,ARG,GK,GK,26,11.0,goleiro_joia
5528,Edgar Elizalde,Platense,URU,DF,DF,25,0.9,zagueiro_classico
5529,Gastón Emanuel Moreyra,San Martín de San Juan,ARG,MF,MF,25,0.8,meia_criativo
5530,José Enrique Angulo,Unión,ECU,FW,FW,30,0.6,centroavante_goleador
5531,Lautaro Escalante,San Martín de San Juan,ARG,MF,MF,26,1.6,meia_criativo
5532,Valentín Escalante,San Lorenzo,ARG,FW,FW,21,0.0,centroavante_goleador
5533,Gonzalo Escudero,Racing Club,ARG,DF,DF,18,1.0,zagueiro_classico
5534,Juan Espínola,Belgrano,PAR,GK,GK,30,11.0,goleiro_reserva
5535,Marcelo Esponda,Aldosivi,ARG,MF,MF,22,9.4,volante_defensivo
5536,Santiago Esquivel,Banfield,ARG,"MF,FW",MF,21,3.2,volante_defensivo
5537,Marcelo Estigarribia,Atlé Tucumán,ARG,FW,FW,30,1.0,segundo_atacante
5538,Marcelo Estigarribia,Unión,ARG,FW,FW,30,10.2,segundo_atacante
5539,Yair Ezequiel Arismendi,Sarmiento,ARG,"DF,MF",DF,27,1.4,zagueiro_classico
5540,Frank Fabra,Boca Juniors,COL,DF,DF,34,1.2,zagueiro_classico
5541,Kevin Facundo Gutiérrez,Defensa y Just,ARG,MF,MF,28,14.6,volante_defensivo
5542,Franco Fagundez,Deportivo Riestra,URU,FW,FW,26,0.4,centroavante_goleador
5543,Lucio Falasco,Aldosivi,ARG,"MF,FW",MF,21,0.0,meia_criativo
5544,Facundo Farías,Estudiantes–LP,ARG,"MF,FW",MF,22,2.5,volante_defensivo
5545,Valentín Fascendini,Unión,ARG,DF,DF,22,5.8,zagueiro_classico
5546,Federico Fattori,Arg Juniors,ARG,MF,MF,32,14.2,volante_defensivo
5547,Adrián Fernández,Racing Club,ARG,"FW,MF",FW,24,2.8,segundo_atacante
5548,Damián Fernández,Vélez Sarsfield,ARG,DF,DF,24,10.5,zagueiro_classico
5549,Damián Fernández,Defensa y Just,ARG,DF,DF,24,1.0,zagueiro_classico
5550,Gustavo Fernández,Deportivo Riestra,ARG,FW,FW,34,0.8,segundo_atacante
5551,Ignacio Fernández,River Plate,ARG,MF,MF,35,2.7,meia_criativo
5552,Manuel Fernández,Vélez Sarsfield,ARG,FW,FW,20,0.5,centroavante_goleador
5553,Martín Fernández,Gimnasia–LP,URU,MF,MF,24,7.5,volante_defensivo
5554,Matías Fernández,Ind. Rivadavia,ARG,MF,MF,24,5.6,meia_criativo
5555,Nicolás Fernández,Belgrano,ARG,"FW,MF",FW,29,12.9,centroavante_goleador
5556,Rodrigo Fernández,Independiente,URU,MF,MF,29,2.7,volante_defensivo
5557,Santiago Fernández,Talleres,ARG,DF,DF,20,6.0,zagueiro_classico
5558,Tomás Fernández,San Martín de San Juan,ARG,"MF,FW",MF,26,6.9,meia_criativo
5559,Gianluca Ferrari,Atlé Tucumán,ARG,DF,DF,28,12.0,zagueiro_classico
5560,Clever Ferreira,Atlé Tucumán,PAR,DF,DF,22,2.0,zagueiro_classico
5561,Cristian Ferreira,Arg Juniors,ARG,"FW,MF",FW,25,0.5,centroavante_goleador
5562,Lucas Ferreira,Defensa y Just,URU,DF,DF,25,11.5,zagueiro_classico
5563,Sebastián Ferreira,Rosario Central,PAR,FW,FW,27,3.4,centroavante_goleador
5564,Héctor Fértoli,Tigre,ARG,"MF,FW",MF,30,5.6,volante_defensivo
5565,Jorge Figal,Boca Juniors,ARG,DF,DF,31,0.8,zagueiro_classico
5566,Jose Florentín,Cen. Córdoba–SdE,PAR,MF,MF,29,14.6,box_to_box
5567,Santiago Flores,Ind. Rivadavia,ARG,DF,DF,24,0.9,zagueiro_classico
5568,Matias Fonseca,Instituto,URU,FW,FW,24,0.8,centroavante_goleador
5569,Franco Fragapane,Unión,ARG,MF,MF,32,8.8,box_to_box
5570,Juan Franco Arrellaga,Instituto,PAR,DF,DF,33,18.0,lateral_ofensivo
5571,Franco Pardo,Unión,ARG,DF,DF,28,15.7,zagueiro_classico
5572,Nicolás Freire,Independiente,ARG,DF,DF,31,2.0,zagueiro_classico
5573,Franco Frías,Sarmiento,ARG,"FW,MF",FW,23,6.0,centroavante_goleador
5574,Ramiro Funes Mori,Estudiantes–LP,ARG,DF,DF,34,4.0,zagueiro_classico
5575,Nazareno Funez,Cen. Córdoba–SdE,ARG,FW,FW,24,2.9,centroavante_goleador
5576,Nazareno Funez,Newell's OB,ARG,"FW,DF",FW,24,2.6,centroavante_goleador
5577,Matías Galarza,Talleres,PAR,"FW,MF",FW,23,9.1,ponta_dribllador
5578,Matías Galarza,Talleres,ARG,MF,MF,23,7.3,volante_defensivo
5579,Pablo Galdames Millán,Independiente,CHI,"MF,FW",MF,28,5.1,meia_criativo
5580,Hernán Galíndez,Huracán,ECU,GK,GK,38,16.0,goleiro_titular
5581,Matías Gallardo,Instituto,ARG,"FW,MF",FW,21,0.2,centroavante_goleador
5582,Rodrigo Gallo,Deportivo Riestra,ARG,DF,DF,24,5.0,zagueiro_classico
5583,Giuliano Galoppo,River Plate,ARG,MF,MF,26,6.7,volante_defensivo
5584,Ignacio Galván,Atlé Tucumán,ARG,DF,DF,22,1.3,zagueiro_classico
5585,Jonathan Galván,Cen. Córdoba–SdE,ARG,"DF,MF",DF,33,11.5,zagueiro_classico
5586,Tomás Galván,Vélez Sarsfield,ARG,"MF,FW",MF,25,6.5,box_to_box
5587,Ariel Gamarra,Arg Juniors,PAR,"DF,MF",DF,22,0.3,zagueiro_classico
5588,Lucas Gamba,Unión,ARG,"FW,MF",FW,38,11.8,ponta_dribllador
5589,Martín Garay,Tigre,ARG,"DF,MF",DF,26,7.5,lateral_ofensivo
5590,Nicolás Garayalde,Gimnasia–LP,ARG,MF,MF,25,4.8,meia_criativo
5591,Agustín García Basso,Racing Club,ARG,DF,DF,33,4.9,zagueiro_classico
5592,Joaquín García,Vélez Sarsfield,ARG,DF,DF,23,0.4,zagueiro_classico
5593,Manuel García,Sarmiento,ARG,MF,MF,26,6.4,volante_defensivo
5594,Martín García,Aldosivi,ARG,MF,MF,19,0.7,volante_defensivo
5595,Matías García,Aldosivi,ARG,"FW,MF",FW,33,1.0,centroavante_goleador
5596,Mariano Gerez,Lanús,ARG,MF,MF,19,0.1,meia_criativo
5597,Francisco Gerometta,Unión,ARG,DF,DF,25,7.6,zagueiro_construtor
5598,Joaquín Gho,Sarmiento,ARG,"MF,FW",MF,22,12.2,volante_defensivo
5599,Laurtaro Giaccone,Rosario Central,ARG,"FW,MF",FW,24,5.8,segundo_atacante
5600,Laurtaro Giaccone,Arg Juniors,ARG,MF,MF,24,0.3,volante_defensivo
5601,Renzo Giampaoli,Gimnasia–LP,ARG,DF,DF,25,5.4,zagueiro_classico
5602,Justo Giani,Aldosivi,ARG,"MF,FW",MF,26,10.4,meia_criativo
5603,Thiago Gigena,Newell's OB,ARG,"FW,MF",FW,19,0.2,centroavante_goleador
5604,Leonardo Gil,Huracán,ARG,MF,MF,34,16.0,box_to_box
5605,Orlando Gil,San Lorenzo,PAR,GK,GK,25,18.0,goleiro_joia
5606,Elián Giménez,Sarmiento,ARG,MF,MF,21,10.2,volante_defensivo
5607,Enzo Giménez,Rosario Central,PAR,"DF,MF",DF,27,5.2,lateral_ofensivo
5608,Juan Giménez,Rosario Central,ARG,DF,DF,19,2.7,zagueiro_classico
5609,Luciano Giménez,Estudiantes–LP,ARG,"FW,MF",FW,25,2.3,centroavante_goleador
5610,Matías Giménez,Independiente,ARG,FW,FW,26,5.1,segundo_atacante
5611,Milton Giménez,Boca Juniors,ARG,FW,FW,28,8.4,centroavante_goleador
5612,Federico Gino,Aldosivi,URU,MF,MF,32,0.7,volante_defensivo
5613,Federico Girotti,Talleres,ARG,FW,FW,26,9.4,segundo_atacante
5614,Dylan Glaby,Cen. Córdoba–SdE,ARG,MF,MF,29,6.7,volante_defensivo
5615,Erik Godoy,Arg Juniors,ARG,DF,DF,31,15.3,zagueiro_classico
5616,Joel Godoy,Sarmiento,ARG,DF,DF,20,8.7,zagueiro_classico
5617,Lautaro Godoy,Atlé Tucumán,PAR,"MF,DF",MF,22,1.1,volante_defensivo
5618,Leonardo Godoy,Independiente,ARG,DF,DF,30,0.9,zagueiro_classico
5619,Matías Godoy,Instituto,ARG,"MF,FW",MF,23,4.5,volante_defensivo
5620,Jonatan Goitía,Deportivo Riestra,ARG,"MF,DF",MF,30,12.9,volante_defensivo
5621,Elías Gómez,Vélez Sarsfield,ARG,DF,DF,31,15.1,zagueiro_construtor
5622,Iván Gómez,Cen. Córdoba–SdE,ARG,MF,MF,28,11.2,meia_criativo
5623,Lucas Gómez,Arg Juniors,ARG,MF,MF,21,2.6,meia_criativo
5624,Luciano Gómez,Ind. Rivadavia,ARG,"DF,MF",DF,29,11.4,zagueiro_construtor
5625,Matias Gomez,Talleres,ARG,"DF,MF",DF,19,1.1,zagueiro_classico
5626,Román Gómez,Estudiantes–LP,ARG,DF,DF,21,1.0,zagueiro_classico
5627,Valentín Gómez,Vélez Sarsfield,ARG,DF,DF,22,7.6,zagueiro_classico
5628,Gonzalo Goñi,Platense,ARG,"DF,FW",DF,26,0.6,zagueiro_classico
5629,Diego González,San Martín de San Juan,ARG,MF,MF,37,5.3,volante_defensivo
5630,Carlos González Espínola,Newell's OB,PAR,FW,FW,32,10.1,centroavante_goleador
5631,Federico González,San Martín de San Juan,ARG,"FW,MF",FW,38,1.9,centroavante_goleador
5632,Francisco González,Belgrano,ARG,MF,MF,28,10.4,volante_defensivo
5633,Francisco González,Newell's OB,ARG,"FW,MF",FW,24,0.7,centroavante_goleador
5634,Francisco González,Defensa y Just,ARG,"FW,MF",FW,24,7.6,ponta_dribllador
5635,Gaston Gonzalez,Defensa y Just,ARG,"FW,MF",FW,24,1.9,centroavante_goleador
5636,Gaston Gonzalez,Sarmiento,ARG,MF,MF,24,2.0,volante_defensivo
5637,Juan González,Atlé Tucumán,URU,GK,GK,32,6.0,goleiro_reserva
5638,Lucas González,Defensa y Just,ARG,"FW,MF",FW,25,5.8,segundo_atacante
5639,Matías González,Banfield,ARG,FW,FW,23,0.1,centroavante_goleador
5640,Matías González,Godoy Cruz,ARG,"FW,MF",FW,26,3.2,centroavante_goleador
5641,Maxi González,Defensa y Just,ARG,MF,MF,21,3.9,volante_defensivo
5642,Leandro González Pirez,Estudiantes–LP,ARG,DF,DF,33,1.0,zagueiro_classico
5643,Leandro González Pirez,River Plate,ARG,DF,DF,33,2.0,zagueiro_classico
5644,Rodrigo González,Aldosivi,ARG,DF,DF,25,11.9,lateral_ofensivo
5645,Santiago González,Tigre,ARG,MF,MF,22,13.8,volante_defensivo
5646,Sebastián González,San Martín de San Juan,ARG,"MF,FW",MF,33,6.7,meia_criativo
5647,Jano Gordon,Vélez Sarsfield,ARG,DF,DF,21,9.8,zagueiro_classico
5648,Fausto Grillo,Belgrano,ARG,DF,DF,32,9.3,zagueiro_classico
5649,Ignacio Guerrico,Aldosivi,ARG,DF,DF,27,16.8,zagueiro_construtor
5650,Tomas Guiacobini,Sarmiento,ARG,MF,MF,21,2.1,volante_defensivo
5651,Tomás Guidara,Huracán,ARG,DF,DF,29,12.0,zagueiro_construtor
5652,Braian Guille,Deportivo Riestra,ARG,"MF,FW",MF,27,1.0,meia_criativo
5653,Adrián Guillermo Sánchez,Atlé Tucumán,ARG,MF,MF,26,17.4,volante_defensivo
5654,Facundo Gulli,San Lorenzo,ARG,FW,FW,19,0.1,segundo_atacante
5655,Kevin Gutiérrez,Rosario Central,ARG,MF,MF,19,0.3,volante_defensivo
5656,Natanael Guzmán,Aldosivi,ARG,"MF,FW",MF,25,3.5,volante_defensivo
5657,Ezequiel Ham,Unión,SYR,MF,MF,31,8.9,meia_criativo
5658,Agustin Hausch,Defensa y Just,ARG,"MF,FW",MF,22,0.5,volante_defensivo
5659,Gerónimo Heredia,Belgrano,ARG,"DF,MF",DF,20,6.6,zagueiro_classico
5660,Leonardo Heredia,Cen. Córdoba–SdE,ARG,FW,FW,29,13.1,centroavante_goleador
5661,Ramiro Hernandes,Belgrano,ARG,MF,MF,20,1.7,volante_defensivo
5662,Gastón Hernández,San Lorenzo,ARG,DF,DF,27,8.0,zagueiro_classico
5663,Ander Herrera,Boca Juniors,ESP,MF,MF,35,2.8,volante_defensivo
5664,Daniel Herrera,San Lorenzo,ARG,DF,DF,21,10.5,zagueiro_classico
5665,Ezequiel Herrera,San Lorenzo,ARG,DF,DF,22,17.0,zagueiro_classico
5666,Guido Herrera,Talleres,ARG,GK,GK,33,15.5,goleiro_titular
5667,Jonathan Herrera,Deportivo Riestra,ARG,FW,FW,33,13.7,centroavante_goleador
5668,José Herrera,Arg Juniors,ARG,"FW,MF",FW,22,10.5,ponta_dribllador
5669,Rodrigo Herrera,Platense,ARG,MF,MF,24,10.1,volante_defensivo
5670,Santiago Hidalgo,Independiente,ARG,"FW,MF",FW,20,5.5,centroavante_goleador
5671,Marco Iacobellis,San Martín de San Juan,ARG,"MF,FW",MF,24,8.6,volante_defensivo
5672,César Ibáñez,Huracán,ARG,DF,DF,26,14.1,zagueiro_construtor
5673,Franco Ibarra,Rosario Central,ARG,MF,MF,24,14.6,volante_defensivo
5674,Marcos Ignacio Ledesma,Barracas Central,ARG,GK,GK,28,17.0,goleiro_titular
5675,Juan Ignacio Méndez,Newell's OB,ARG,"MF,DF",MF,28,1.9,volante_defensivo
5676,Rodrigo Iñaki Melo,Atlé Tucumán,ARG,MF,MF,29,1.3,volante_defensivo
5677,Juan Infante,Atlé Tucumán,ARG,DF,DF,29,9.1,zagueiro_classico
5678,Luis Ingolotti,Gimnasia–LP,ARG,GK,GK,25,3.0,goleiro_reserva
5679,Manuel Insaurralde,San Lorenzo,ARG,MF,MF,26,2.3,volante_defensivo
5680,Nelson Insfrán,Gimnasia–LP,ARG,GK,GK,30,15.0,goleiro_titular
5681,Rodrigo Insúa,Barracas Central,ARG,"DF,MF",DF,27,17.0,lateral_ofensivo
5682,Elian Irala,San Lorenzo,ARG,MF,MF,21,12.5,volante_defensivo
5683,Juan Iribarren,Banfield,ARG,DF,DF,22,3.7,zagueiro_classico
5684,Carlos Izquierdoz,Lanús,ARG,DF,DF,36,16.3,zagueiro_classico
5685,Tomás Jacob,Newell's OB,ARG,"DF,MF",DF,21,11.6,zagueiro_classico
5686,Lucas Janson,Boca Juniors,ARG,FW,FW,30,1.2,segundo_atacante
5687,Kevin Jappert,Barracas Central,ARG,DF,DF,21,15.0,zagueiro_classico
5688,Franco Jara,Belgrano,ARG,FW,FW,37,13.8,ponta_dribllador
5689,Leonardo Jara,Godoy Cruz,ARG,DF,DF,34,6.4,zagueiro_classico
5690,Sebastián Jaurena,San Martín de San Juan,ARG,"MF,FW",MF,25,9.8,volante_defensivo
5691,Eric Joel Tovo,Deportivo Riestra,ARG,DF,DF,33,2.2,zagueiro_classico
5692,Jony,San Martín de San Juan,ARG,"MF,FW",MF,31,2.1,volante_defensivo
5693,Maximilano Juambeltz,Ind. Rivadavia,URU,FW,FW,23,0.3,centroavante_goleador
5694,Fernando Juárez,Platense,ARG,MF,MF,26,5.8,volante_defensivo
5695,Fernando Juárez,Cen. Córdoba–SdE,ARG,MF,MF,26,0.7,volante_defensivo
5696,Luca Klimowicz,Instituto,ARG,"FW,MF",FW,21,5.1,centroavante_goleador
5697,Bautista Kociubinski,Estudiantes–LP,ARG,"MF,FW",MF,24,2.0,volante_defensivo
5698,Matías Kranevitter,River Plate,ARG,MF,MF,32,2.2,volante_defensivo
5699,Tomás Kummer,Aldosivi,ARG,MF,MF,20,0.3,volante_defensivo
5700,Agustín Ladstatter,San Lorenzo,ARG,"FW,MF",FW,20,0.4,centroavante_goleador
5701,Agustín Lagos,Vélez Sarsfield,ARG,DF,DF,23,4.7,zagueiro_classico
5702,Nicolás Laméndola,Atlé Tucumán,ARG,MF,MF,26,5.1,box_to_box
5703,Leonardo Landriel,Deportivo Riestra,ARG,MF,MF,29,0.5,volante_defensivo
5704,Manuel Lanzini,River Plate,ARG,"MF,FW",MF,32,4.4,meia_criativo
5705,Santiago Laquidaín,Aldosivi,ARG,DF,DF,23,1.0,zagueiro_classico
5706,Valentín Larralde,Defensa y Just,ARG,MF,MF,24,1.1,volante_defensivo
5707,Joaquín Laso,Tigre,ARG,DF,DF,35,14.0,zagueiro_classico
5708,Jeremías Lázaro,Instituto,ARG,"FW,MF",FW,21,4.7,segundo_atacante
5709,Lucas Lazarte,Aldosivi,ARG,MF,MF,19,0.2,meia_criativo
5710,Tomás Lecanda,San Martín de San Juan,ARG,DF,DF,23,6.0,zagueiro_classico
5711,Anibal Leguizamón,Belgrano,ARG,DF,DF,33,9.0,zagueiro_classico
5712,Tobías Leiva,Aldosivi,ARG,MF,MF,21,10.5,box_to_box
5713,Santiago Lencina,River Plate,ARG,"FW,MF",FW,19,2.4,centroavante_goleador
5714,Alan Lescano,Arg Juniors,ARG,"MF,FW",MF,23,15.9,box_to_box
5715,Leandro Lescano,Huracán,ARG,DF,DF,22,2.9,lateral_ofensivo
5716,Bruno Leyes,Tigre,ARG,MF,MF,23,0.3,volante_defensivo
5717,Bruno Leyes,Godoy Cruz,ARG,MF,MF,23,10.6,volante_defensivo
5718,Francesco Lo Celso,Instituto,ARG,MF,MF,25,0.4,volante_defensivo
5719,Lenny Lobato,Defensa y Just,BRA,MF,MF,24,0.6,volante_defensivo
5720,Gastón Lodico,Instituto,ARG,MF,MF,27,13.6,box_to_box
5721,Luciano Lollo,Newell's OB,ARG,DF,DF,38,12.2,zagueiro_classico
5722,Kevin Lomónaco,Independiente,ARG,DF,DF,23,15.9,zagueiro_construtor
5723,Santiago Longo,Belgrano,ARG,MF,MF,27,10.7,volante_defensivo
5724,Hernán Lopes,San Martín de San Juan,ARG,DF,DF,34,3.6,zagueiro_classico
5725,Elías López,Belgrano,ARG,DF,DF,25,3.5,zagueiro_classico
5726,Fabricio López,San Lorenzo,ARG,DF,DF,22,1.0,zagueiro_classico
5727,Julián López,Tigre,ARG,MF,MF,25,5.2,volante_defensivo
5728,Kevin Lopez,Atlé Tucumán,ARG,MF,MF,23,5.5,volante_defensivo
5729,Lisandro López,Belgrano,ARG,DF,DF,35,1.0,zagueiro_classico
5730,Hernán López Muñoz,Arg Juniors,ARG,MF,MF,24,0.2,meia_criativo
5731,Santiago López,Banfield,ARG,"MF,FW",MF,27,8.5,box_to_box
5732,Santiago López,Rosario Central,ARG,"FW,MF",FW,19,6.1,centroavante_goleador
5733,Nahuel Losada,Lanús,ARG,GK,GK,32,17.0,goleiro_titular
5734,Augusto Lotti,Platense,ITA,FW,FW,29,10.6,segundo_atacante
5735,Maximiliano Lovera,Rosario Central,ARG,"MF,FW",MF,26,4.6,meia_criativo
5736,Felipe Loyola,Independiente,CHI,"MF,DF",MF,24,14.9,box_to_box
5737,Leandro Lozano,Arg Juniors,URU,DF,DF,26,16.5,lateral_ofensivo
5738,Raúl Lozano,Platense,ARG,DF,DF,27,1.3,zagueiro_classico
5739,Jeremías Lucco,Belgrano,ARG,MF,MF,19,0.6,volante_defensivo
5740,Martín Luciano,Newell's OB,ARG,DF,DF,21,1.8,zagueiro_classico
5741,Juan Ludueña,Unión,ARG,DF,DF,22,4.0,zagueiro_classico
5742,Alex Luna,Instituto,ARG,"FW,MF",FW,21,16.7,ponta_dribllador
5743,Francis Mac Allister,Instituto,ARG,MF,MF,29,13.9,volante_defensivo
5744,Imanol Machuca,Vélez Sarsfield,MAS,"FW,MF",FW,25,4.7,segundo_atacante
5745,Ignacio Maestro Puch,Independiente,ARG,"FW,MF",FW,21,1.6,segundo_atacante
5746,Lisandro Magallán,Vélez Sarsfield,ARG,DF,DF,31,2.0,zagueiro_classico
5747,Pablo Magnín,Sarmiento,ARG,FW,FW,35,6.2,centroavante_goleador
5748,Guido Mainero,Platense,ARG,"FW,MF",FW,30,15.7,ponta_dribllador
5749,Víctor Malcorra,Rosario Central,ARG,MF,MF,37,12.8,meia_criativo
5750,Alexis Maldonado,Banfield,ARG,DF,DF,27,13.5,zagueiro_classico
5751,Facundo Mallo,Rosario Central,URU,DF,DF,30,9.1,zagueiro_classico
5752,Emanuel Mammana,Vélez Sarsfield,ARG,DF,DF,29,7.5,zagueiro_classico
5753,Ivo Mammini,Gimnasia–LP,ARG,"FW,MF",FW,22,2.2,centroavante_goleador
5754,Leandro Mamut,Gimnasia–LP,ARG,"MF,FW",MF,21,2.5,volante_defensivo
5755,Federico Mancuello,Independiente,ARG,"MF,FW",MF,36,3.0,meia_criativo
5756,Facundo Mansilla,Cen. Córdoba–SdE,ARG,DF,DF,26,3.0,zagueiro_classico
5757,Matías Mansilla,Atlé Tucumán,ARG,GK,GK,29,1.0,goleiro_reserva
5758,Matías Mansilla,Estudiantes–LP,ARG,GK,GK,29,16.0,goleiro_titular
5759,Juan Manuel Elordi,Rosario Central,ARG,DF,DF,30,1.6,zagueiro_classico
5760,Juan Manuel García,Newell's OB,ARG,"FW,MF",FW,32,4.9,centroavante_goleador
5761,Juan Manuel Insaurralde,Sarmiento,ARG,DF,DF,40,15.0,zagueiro_classico
5762,Alexis Manyoma,Estudiantes–LP,COL,"MF,FW",MF,22,4.2,volante_defensivo
5763,Rafael Marcelo Delgado,Defensa y Just,ARG,DF,DF,35,5.3,zagueiro_classico
5764,Agustín Marchesín,Boca Juniors,ARG,GK,GK,37,16.0,goleiro_titular
5765,Leonardo Marchi,Cen. Córdoba–SdE,ARG,"DF,MF",DF,28,4.7,lateral_ofensivo
5766,Tomás Marchiori,Vélez Sarsfield,ARG,GK,GK,30,17.0,goleiro_titular
5767,Sasha Marcich,Lanús,ARG,DF,DF,27,17.2,lateral_ofensivo
5768,Iván Marcone,Independiente,ARG,MF,MF,35,14.1,volante_defensivo
5769,Gonzalo Maroni,Newell's OB,ARG,"MF,FW",MF,26,10.9,box_to_box
5770,Rodrigo Márquez,Platense,ARG,"FW,MF",FW,23,0.3,centroavante_goleador
5771,Agustín Martegani,Boca Juniors,ARG,MF,MF,25,0.6,volante_defensivo
5772,Enzo Martín Roldán,Platense,ARG,MF,MF,24,1.0,volante_defensivo
5773,Adrián Martínez,Racing Club,ARG,FW,FW,33,11.3,centroavante_goleador
5774,Brian Martínez,Tigre,ARG,MF,MF,25,0.3,volante_defensivo
5775,Damián Martínez,Atlé Tucumán,ARG,DF,DF,35,12.6,lateral_ofensivo
5776,Fernando Martínez,Cen. Córdoba–SdE,ARG,"DF,MF",DF,24,4.4,zagueiro_classico
5777,Luca Martínez,Rosario Central,MEX,FW,FW,24,0.1,centroavante_goleador
5778,Luca Martínez,Godoy Cruz,MEX,FW,FW,24,9.1,centroavante_goleador
5779,Mauricio Martínez,Unión,ARG,"MF,DF",MF,32,11.4,volante_defensivo
5780,Lucas Martínez Quarta,River Plate,ARG,DF,DF,29,12.7,zagueiro_classico
5781,Ronaldo Martínez,Platense,PAR,"FW,MF",FW,29,8.9,centroavante_goleador
5782,Rubén Martínez,Independiente,ARG,DF,DF,21,0.1,zagueiro_classico
5783,Ángelo Martino,Newell's OB,ARG,"DF,MF",DF,27,6.6,zagueiro_classico
5784,Gastón Martirena,Racing Club,URU,"DF,MF",DF,25,11.7,lateral_ofensivo
5785,Franco Mastantuono,River Plate,ARG,"FW,MF",FW,17,8.3,ponta_dribllador
5786,Diego Mastrángelo,Gimnasia–LP,ARG,MF,MF,22,0.7,volante_defensivo
5787,Facundo Mater,Barracas Central,SYR,"DF,MF",DF,26,11.3,zagueiro_classico
5788,Guillermo Matías Fernández,Godoy Cruz,ARG,MF,MF,33,1.3,volante_defensivo
5789,Diego Matías Rodríguez,Arg Juniors,ARG,GK,GK,36,17.0,goleiro_titular
5790,Jerónimo Mattar,Newell's OB,ARG,FW,FW,16,0.0,centroavante_goleador
5791,Julián Mavilla,Belgrano,ARG,MF,MF,25,0.8,volante_defensivo
5792,Augusto Max,Gimnasia–LP,ARG,"FW,MF",FW,32,0.6,centroavante_goleador
5793,Walter Mazzantti,Huracán,ARG,FW,FW,28,12.2,ponta_dribllador
5794,Walter Mazzantti,Independiente,ARG,FW,FW,28,0.9,centroavante_goleador
5795,Agustín Medina,Lanús,ARG,MF,MF,18,7.7,volante_defensivo
5796,Cristian Medina,Estudiantes–LP,ARG,"MF,FW",MF,23,7.7,volante_defensivo
5797,Joel Medina,Independiente,ARG,MF,MF,18,1.0,volante_defensivo
5798,Sebastián Medina,Tigre,ARG,"MF,FW",MF,25,8.2,volante_defensivo
5799,Juan Meli,Godoy Cruz,ARG,DF,DF,24,12.3,zagueiro_classico
5800,Matías Melluso,Gimnasia–LP,ARG,"DF,MF",DF,27,1.2,zagueiro_classico
5801,Armando Méndez,Lanús,URU,DF,DF,29,6.1,zagueiro_classico
5802,Mateo Mendía,Boca Juniors,ARG,DF,DF,21,1.0,zagueiro_classico
5803,Mateo Mendoza,Godoy Cruz,ARG,DF,DF,20,16.0,zagueiro_classico
5804,Lucas Menossi,Belgrano,ARG,MF,MF,33,10.0,volante_defensivo
5805,Miguel Merentiel,Boca Juniors,URU,FW,FW,29,9.2,centroavante_goleador
5806,Nicolás Meriano,Belgrano,ARG,DF,DF,24,5.1,zagueiro_classico
5807,Bautista Merlini,Gimnasia–LP,ARG,"MF,FW",MF,30,5.2,meia_criativo
5808,Jeremias Merlo,Gimnasia–LP,ARG,FW,FW,19,1.8,centroavante_goleador
5809,Eric Meza,Estudiantes–LP,ARG,DF,DF,26,15.3,lateral_ofensivo
5810,Juan Meza,River Plate,ARG,MF,MF,17,0.9,meia_criativo
5811,Maximiliano Meza,River Plate,ARG,"MF,FW",MF,32,7.8,box_to_box
5812,Sebastián Meza,Huracán,ARG,GK,GK,25,1.0,goleiro_reserva
5813,Luis Miguel Rodríguez,Atlé Tucumán,ARG,"MF,FW",MF,40,3.5,meia_criativo
5814,Matko Miljevic,Huracán,USA,"MF,FW",MF,24,12.3,box_to_box
5815,Lautaro Millán,Independiente,ARG,"FW,MF",FW,19,8.2,segundo_atacante
5816,Dardo Miloc,Barracas Central,ARG,MF,MF,34,15.3,volante_defensivo
5817,Franco Minerva,Platense,ARG,"MF,FW",MF,19,1.4,volante_defensivo
5818,Facundo Miño,Deportivo Riestra,ARG,DF,DF,25,8.5,zagueiro_classico
5819,Ignacio Miramon,Boca Juniors,ARG,"MF,FW",MF,22,1.1,volante_defensivo
5820,Leonel Miranda,Banfield,ARG,MF,MF,31,1.3,volante_defensivo
5821,Matías Miranda,Defensa y Just,ARG,FW,FW,25,3.1,centroavante_goleador
5822,Juan Miritello,Defensa y Just,ARG,FW,FW,26,6.1,centroavante_goleador
5823,Agustín Molina,Sarmiento,ARG,FW,FW,19,0.4,centroavante_goleador
5824,Alejandro Molina,San Martín de San Juan,ARG,DF,DF,27,11.9,zagueiro_classico
5825,Tomás Molina,Arg Juniors,ARG,FW,FW,30,13.9,centroavante_goleador
5826,Manuel Mónaco,Sarmiento,ARG,MF,MF,23,0.1,volante_defensivo
5827,Pablo Monje,Deportivo Riestra,ARG,MF,MF,28,7.2,volante_defensivo
5828,Ezequiel Montagna,San Martín de San Juan,ARG,"MF,FW",MF,31,1.9,volante_defensivo
5829,Alejo Montero,Newell's OB,ARG,DF,DF,27,12.1,zagueiro_classico
5830,Gonzalo Montiel,River Plate,ARG,DF,DF,28,12.6,lateral_ofensivo
5831,Santiago Montiel,Independiente,ARG,FW,FW,24,6.8,ponta_dribllador
5832,Álvaro Montoro,Vélez Sarsfield,ARG,"FW,MF",FW,18,7.7,ponta_dribllador
5833,Iván Morales Bravo,Sarmiento,CHI,FW,FW,25,11.9,ponta_dribllador
5834,Gonzalo Morales,Barracas Central,ARG,"FW,MF",FW,22,6.5,segundo_atacante
5835,Lautaro Morales,Lanús,ARG,GK,GK,25,1.0,goleiro_reserva
5836,Leonardo Morales,Belgrano,ARG,DF,DF,34,1.0,zagueiro_classico
5837,Leonardo Morales,Gimnasia–LP,ARG,DF,DF,34,15.8,zagueiro_construtor
5838,Santiago Morales,Sarmiento,ARG,DF,DF,23,6.5,zagueiro_classico
5839,Juan Morán,Godoy Cruz,ARG,DF,DF,19,5.0,zagueiro_classico
5840,Junior Moreno,Gimnasia–LP,VEN,MF,MF,32,1.1,volante_defensivo
5841,Marcelino Moreno,Lanús,ARG,MF,MF,31,16.9,box_to_box
5842,Valentín Moreno,Tigre,ARG,DF,DF,22,1.0,zagueiro_classico
5843,Stéfano Moreyra,Instituto,ARG,MF,MF,23,6.1,volante_defensivo
5844,Leonel Mosevich,Instituto,ARG,MF,MF,28,0.0,volante_defensivo
5845,Joaquín Mosqueira,Talleres,ARG,MF,MF,20,5.3,volante_defensivo
5846,Jherson Mosquera,Newell's OB,COL,DF,DF,25,1.0,zagueiro_classico
5847,Gonzalo Mottes,Aldosivi,ARG,DF,DF,27,16.0,zagueiro_classico
5848,Santiago Moyano,Cen. Córdoba–SdE,ARG,"DF,MF",DF,27,9.3,lateral_ofensivo
5849,Iker Muniain,San Lorenzo,ESP,MF,MF,32,5.7,meia_criativo
5850,Ezequiel Muñoz,Lanús,ARG,DF,DF,34,8.2,zagueiro_classico
5851,Facundo Mura,Racing Club,ARG,DF,DF,26,5.6,zagueiro_classico
5852,Yaison Murillo,Deportivo Riestra,COL,MF,MF,31,0.1,volante_defensivo
5853,Fernando Muslera,Estudiantes–LP,URU,GK,GK,39,1.0,goleiro_reserva
5854,Juan Nardoni,Racing Club,ARG,MF,MF,23,12.1,volante_defensivo
5855,Tomás Nasif,Banfield,ARG,FW,FW,21,6.1,centroavante_goleador
5856,Federico Navarro,Rosario Central,ARG,MF,MF,25,13.2,volante_defensivo
5857,Miguel Navarro,Talleres,VEN,DF,DF,26,11.4,lateral_ofensivo
5858,Keylor Navas,Newell's OB,CRC,GK,GK,38,14.0,goleiro_reserva
5859,Ignacio Neira,Tigre,URU,MF,MF,27,0.1,volante_defensivo
5860,Gabriel Neves,Estudiantes–LP,URU,MF,MF,27,11.5,box_to_box
5861,Franco Nicola,Atlé Tucumán,URU,MF,MF,23,8.0,meia_criativo
5862,Roberto Nicolás Fernández,Godoy Cruz,URU,"MF,DF",MF,27,13.9,volante_defensivo
5863,Gonzalo Nicolás Martínez,River Plate,ARG,"MF,FW",MF,32,3.2,meia_criativo
5864,Aaron Nicolás Molinas,Defensa y Just,ARG,"MF,FW",MF,24,11.1,box_to_box
5865,Santiago Núñez,Estudiantes–LP,ARG,DF,DF,25,13.1,zagueiro_classico
5866,Tomás O'Connor,Rosario Central,ARG,MF,MF,21,3.1,volante_defensivo
5867,Agustín Obando,Banfield,ARG,"MF,FW",MF,25,1.0,volante_defensivo
5868,Gabriel Obredor,Deportivo Riestra,ARG,"MF,FW",MF,28,1.6,meia_criativo
5869,Pedro Ojeda,Huracán,ARG,MF,MF,27,4.5,meia_criativo
5870,Gino Olguín,San Martín de San Juan,ARG,MF,MF,25,1.8,volante_defensivo
5871,Nicolás Omar Goitea,Huracán,ARG,DF,DF,28,1.3,zagueiro_classico
5872,Óctavio Ontivero,Lanús,ARG,DF,DF,19,0.8,zagueiro_classico
5873,Christian Ordoñez,Vélez Sarsfield,ARG,MF,MF,20,12.6,volante_defensivo
5874,Matías Orihuela,Atlé Tucumán,ARG,DF,DF,33,5.4,zagueiro_classico
5875,Renzo Orihuela,Sarmiento,URU,DF,DF,24,11.6,zagueiro_classico
5876,Nicolás Oróz,Arg Juniors,ARG,MF,MF,31,13.8,box_to_box
5877,Franco Orozco,Lanús,ARG,FW,FW,23,2.3,segundo_atacante
5878,Nicolás Orsini,Platense,ARG,FW,FW,30,3.8,segundo_atacante
5879,Martín Ortega,Tigre,ARG,DF,DF,25,10.8,lateral_ofensivo
5880,Thomas Ortega,Ind. Rivadavia,ARG,"MF,DF",MF,24,4.9,volante_defensivo
5881,Diego Ortegoza,Talleres,CHI,MF,MF,28,9.7,box_to_box
5882,Kevin Ortíz,Atlé Tucumán,ARG,MF,MF,24,1.1,volante_defensivo
5883,Kevin Ortíz,Rosario Central,ARG,MF,MF,24,0.8,meia_criativo
5884,Marcelo Ortiz,Atlé Tucumán,ARG,DF,DF,31,3.6,zagueiro_classico
5885,Sergio Ortíz,Deportivo Riestra,ARG,MF,MF,24,0.1,volante_defensivo
5886,Alejo Osella,Ind. Rivadavia,ARG,DF,DF,24,4.9,zagueiro_classico
5887,Abiel Osorio,Defensa y Just,ARG,FW,FW,23,10.2,centroavante_goleador
5888,Tobías Ostchega,Belgrano,ARG,DF,DF,26,7.3,lateral_ofensivo
5889,Alfio Oviedo,Tigre,PAR,FW,FW,29,2.5,centroavante_goleador
5890,Brandon Oviedo,Banfield,ARG,DF,DF,20,2.0,zagueiro_classico
5891,Tobías Palacio,Arg Juniors,ARG,DF,DF,18,1.3,zagueiro_classico
5892,Carlos Palacios,Boca Juniors,CHI,MF,MF,25,12.2,meia_criativo
5893,Julián Palacios,Unión,ARG,MF,MF,26,7.7,box_to_box
5894,Sebastián Palacios,Talleres,ARG,FW,FW,33,4.8,segundo_atacante
5895,Tiago Palacios,Estudiantes–LP,URU,"FW,MF",FW,24,13.8,ponta_dribllador
5896,Agustín Palavecino,Aldosivi,ARG,"FW,MF",FW,22,7.3,centroavante_goleador
5897,Nicolás Palavecino,Defensa y Just,ARG,"MF,FW",MF,22,1.2,volante_defensivo
5898,Manuel Panaro Miramon,Gimnasia–LP,ARG,FW,FW,23,6.7,ponta_dribllador
5899,Federico Paradela,Sarmiento,ARG,MF,MF,26,3.7,volante_defensivo
5900,Franco Paredes,Independiente,ARG,DF,DF,26,2.1,zagueiro_classico
5901,Gabriel Paredes,Aldosivi,ARG,DF,DF,21,0.1,zagueiro_classico
5902,Leandro Paredes,Boca Juniors,ARG,MF,MF,31,0.3,meia_criativo
5903,Kevin Parzajuk,Godoy Cruz,PAR,FW,FW,22,6.3,segundo_atacante
5904,Luciano Pascual,Godoy Cruz,ARG,"FW,MF",FW,21,2.3,centroavante_goleador
5905,Lucas Passerini,Belgrano,ARG,"FW,MF",FW,31,6.9,centroavante_goleador
5906,Cristian Paz,Deportivo Riestra,ARG,DF,DF,30,17.0,zagueiro_classico
5907,Nehuén Paz,Tigre,ARG,DF,DF,32,16.0,zagueiro_classico
5908,Nehuén Paz,Huracán,ARG,DF,DF,32,1.0,zagueiro_classico
5909,Nicolás Paz,Unión,ARG,DF,DF,22,4.1,zagueiro_classico
5910,Mauro Peinipil,Ind. Rivadavia,ARG,DF,DF,26,7.3,zagueiro_classico
5911,Nicolás Pelaitay,San Martín de San Juan,ARG,MF,MF,32,9.2,volante_defensivo
5912,Matías Pellegrini,Vélez Sarsfield,ARG,"FW,MF",FW,25,4.7,centroavante_goleador
5913,Marco Pellegrino,Huracán,ARG,DF,DF,23,14.2,zagueiro_classico
5914,Marco Pellegrino,Boca Juniors,ARG,DF,DF,23,2.0,zagueiro_classico
5915,Mateo Pellegrino,Vélez Sarsfield,ARG,FW,FW,24,0.4,centroavante_goleador
5916,Felipe Peña,Lanús,ARG,MF,MF,24,4.3,volante_defensivo
5917,Jaime Peralta,San Lorenzo,COL,"FW,MF",FW,20,1.1,centroavante_goleador
5918,Matías Perelló,Cen. Córdoba–SdE,ARG,"FW,MF",FW,23,8.2,segundo_atacante
5919,Elías Pereyra,Instituto,ARG,DF,DF,26,8.1,zagueiro_classico
5920,Fabio Pereyra,Huracán,ARG,DF,DF,35,16.3,zagueiro_classico
5921,César Pérez,Defensa y Just,CHI,MF,MF,22,10.6,box_to_box
5922,Damián Pérez,Defensa y Just,ARG,DF,DF,36,2.5,zagueiro_classico
5923,Enzo Pérez,River Plate,ARG,MF,MF,39,13.0,volante_defensivo
5924,Fabricio Pérez,Estudiantes–LP,ARG,"MF,FW",MF,19,0.7,volante_defensivo
5925,Gonzalo Pérez,Lanús,URU,DF,DF,24,7.5,zagueiro_classico
5926,Juan Pérez,Godoy Cruz,COL,"MF,FW",MF,20,2.4,volante_defensivo
5927,Leonel Pérez,Huracán,ARG,MF,MF,20,14.6,volante_defensivo
5928,Edwuin Pernía,San Martín de San Juan,VEN,"FW,MF",FW,30,1.9,centroavante_goleador
5929,Patricio Pernicone,Vélez Sarsfield,ARG,DF,DF,24,2.5,zagueiro_classico
5930,Tiziano Perrotta,Banfield,ARG,FW,FW,18,0.8,centroavante_goleador
5931,Francisco Perruzzi,San Lorenzo,ARG,MF,MF,23,0.1,volante_defensivo
5932,Ignacio Perruzzi,San Lorenzo,ARG,MF,MF,20,3.0,volante_defensivo
5933,Franco Petroli,Godoy Cruz,ARG,GK,GK,27,18.0,goleiro_joia
5934,Germán Pezzella,River Plate,ARG,DF,DF,34,12.2,zagueiro_classico
5935,Leonel Picco,Platense,ARG,MF,MF,25,16.3,volante_defensivo
5936,Alejandro Piedrahita,Gimnasia–LP,COL,"FW,MF",FW,22,6.6,ponta_dribllador
5937,Juan Pignani,Platense,ARG,DF,DF,24,1.0,zagueiro_classico
5938,Iván Pillud,Cen. Córdoba–SdE,ARG,DF,DF,39,5.0,zagueiro_classico
5939,Gonzalo Piñeiro,Tigre,ARG,MF,MF,24,0.8,volante_defensivo
5940,Lisandro Piñero,Banfield,ARG,"MF,FW",MF,18,0.9,volante_defensivo
5941,Martín Pino,Godoy Cruz,ARG,FW,FW,27,0.6,segundo_atacante
5942,Juan Pintado,Gimnasia–LP,URU,DF,DF,30,16.2,lateral_ofensivo
5943,Lucas Piovi,Estudiantes–LP,ARG,MF,MF,32,4.8,volante_defensivo
5944,Bruno Pittón,Unión,ARG,DF,DF,32,6.9,zagueiro_classico
5945,Mauro Pittón,Unión,ARG,MF,MF,30,11.2,volante_defensivo
5946,Francisco Pizzini,Vélez Sarsfield,ARG,"FW,MF",FW,31,8.1,ponta_dribllador
5947,Joaquín Plaza,Newell's OB,ARG,"FW,MF",FW,20,0.8,centroavante_goleador
5948,Vicente Poggi,Godoy Cruz,URU,MF,MF,23,10.4,volante_defensivo
5949,Joaquín Pombo,Banfield,ARG,DF,DF,24,12.7,zagueiro_classico
5950,Diego Porcel,Arg Juniors,ARG,FW,FW,20,0.3,centroavante_goleador
5951,Maximiliano Porcel,Vélez Sarsfield,ARG,MF,MF,19,2.8,volante_defensivo
5952,Tomás Porra,Barracas Central,ARG,"MF,FW",MF,21,3.0,meia_criativo
5953,Ayrton Portillo,San Martín de San Juan,ARG,"DF,MF",DF,24,10.7,zagueiro_classico
5954,Juan Portillo,Talleres,ARG,DF,DF,25,13.0,zagueiro_construtor
5955,Marcos Portillo,Platense,ARG,MF,MF,25,0.3,volante_defensivo
5956,Marcos Portillo,Talleres,ARG,MF,MF,25,1.8,meia_criativo
5957,Tomás Pozzo,Godoy Cruz,ARG,MF,MF,24,2.5,meia_criativo
5958,Ayrton Preciado,Aldosivi,ECU,"FW,MF",FW,31,6.6,segundo_atacante
5959,Sebastián Prieto,Arg Juniors,ARG,DF,DF,32,11.6,lateral_ofensivo
5960,Rafael Profini,Unión,ARG,MF,MF,21,8.5,volante_defensivo
5961,Damián Puebla,Instituto,ARG,"MF,FW",MF,22,8.2,meia_criativo
5962,Maximiliano Puig,Barracas Central,ARG,FW,FW,24,0.2,centroavante_goleador
5963,Nicolás Quagliata,Cen. Córdoba–SdE,URU,"MF,FW",MF,26,4.8,meia_criativo
5964,Facundo Quignon,Belgrano,ARG,MF,MF,32,8.4,volante_defensivo
5965,Carlos Quintana,Rosario Central,ARG,DF,DF,37,14.2,zagueiro_classico
5966,Aaron Quirós,Vélez Sarsfield,ARG,DF,DF,23,6.6,zagueiro_classico
5967,Santiago Quiros,Racing Club,ARG,DF,DF,22,6.7,zagueiro_classico
5968,Leandro Quiroz,Godoy Cruz,ARG,DF,DF,21,1.5,zagueiro_classico
5969,Yonatthan Rak,Barracas Central,URU,DF,DF,31,9.0,lateral_ofensivo
5970,Franco Rami,Aldosivi,ARG,FW,FW,22,4.2,centroavante_goleador
5971,Eric Ramírez,Tigre,VEN,FW,FW,26,1.6,centroavante_goleador
5972,Eric Ramírez,Huracán,ARG,FW,FW,28,10.0,centroavante_goleador
5973,Juan Ramírez,Lanús,ARG,"MF,FW",MF,32,3.6,volante_defensivo
5974,Mateo Ramírez,Deportivo Riestra,ARG,"MF,DF",MF,30,0.3,volante_defensivo
5975,Matías Ramírez,Defensa y Just,ARG,FW,FW,26,4.1,segundo_atacante
5976,Pedro Ramírez,Deportivo Riestra,ARG,DF,DF,25,11.2,zagueiro_classico
5977,Victorio Ramis,Ind. Rivadavia,ARG,FW,FW,31,5.6,centroavante_goleador
5978,Luciano Ramón Herrera,Newell's OB,ARG,"FW,MF",FW,29,9.5,ponta_dribllador
5979,Luciano Ramón Herrera,Defensa y Just,ARG,FW,FW,29,0.2,centroavante_goleador
5980,Juan Randazzo,Deportivo Riestra,ARG,DF,DF,30,5.2,zagueiro_classico
5981,Federico Rasmussen,Godoy Cruz,ARG,DF,DF,33,15.2,zagueiro_classico
5982,Matías Reali,San Lorenzo,ARG,"MF,FW",MF,27,11.9,volante_defensivo
5983,Luciano Recalde,San Martín de San Juan,ARG,DF,DF,29,5.6,zagueiro_classico
5984,Luca Regiardo,Newell's OB,ARG,MF,MF,18,8.0,volante_defensivo
5985,Josue Reinatti,Newell's OB,ARG,GK,GK,22,2.0,goleiro_joia
5986,Jhon Rentería,Sarmiento,COL,MF,MF,19,0.5,meia_criativo
5987,Gonzalo Requena,Instituto,ARG,DF,DF,22,10.3,zagueiro_classico
5988,Kevin Retamar,Ind. Rivadavia,ARG,"MF,FW",MF,26,6.3,meia_criativo
5989,Camilo Rey,Boca Juniors,ARG,MF,MF,19,3.4,volante_defensivo
5990,Rodrigo Rey,Independiente,ARG,GK,GK,34,17.0,goleiro_titular
5991,Bryan Reyna,Belgrano,PER,"MF,FW",MF,26,5.3,volante_defensivo
5992,Emanuel Reynoso,Talleres,ARG,MF,MF,29,7.9,meia_criativo
5993,Rick,Talleres,BRA,FW,FW,25,6.2,ponta_dribllador
5994,Martín Río,Banfield,ARG,MF,MF,24,15.5,volante_defensivo
5995,Gonzalo Ríos,Banfield,ARG,"MF,FW",MF,26,10.1,volante_defensivo
5996,Gonzalo Ríos,Ind. Rivadavia,ARG,"MF,FW",MF,26,0.8,meia_criativo
5997,Lautaro Ríos,Banfield,ARG,MF,MF,24,8.7,volante_defensivo
5998,Geronimo Rivera,Banfield,ARG,"MF,FW",MF,21,9.4,box_to_box
5999,Lautaro Rivero,Cen. Córdoba–SdE,ARG,DF,DF,21,14.0,zagueiro_classico
6000,Blas Riveros,Talleres,PAR,DF,DF,27,8.0,lateral_ofensivo
6001,Paul Riveros,Banfield,PAR,DF,DF,28,5.3,zagueiro_classico
6002,Agustín Rodríguez,Lanús,ARG,"MF,FW",MF,21,0.9,meia_criativo
6003,Alan Rodríguez,Arg Juniors,URU,"MF,FW",MF,25,12.9,box_to_box
6004,Baltasar Rodríguez,Racing Club,ARG,MF,MF,22,1.1,meia_criativo
6005,Facundo Rodríguez,Estudiantes–LP,ARG,DF,DF,25,5.9,zagueiro_classico
6006,Ignacio Rodríguez,Racing Club,ARG,"DF,MF",DF,23,6.2,lateral_ofensivo
6007,Juan Rodríguez,Talleres,ARG,DF,DF,31,10.5,zagueiro_classico
6008,Lucas Rodríguez,Instituto,ARG,DF,DF,31,9.9,zagueiro_classico
6009,Maximiliano Rodríguez,Platense,CHI,FW,FW,25,1.8,centroavante_goleador
6010,Randall Rodríguez,Vélez Sarsfield,URU,GK,GK,21,1.0,goleiro_joia
6011,Santiago Rodriguez,Arg Juniors,ARG,"MF,FW",MF,27,1.9,volante_defensivo
6012,Santiago Rodriguez,Sarmiento,ARG,FW,FW,27,1.5,centroavante_goleador
6013,Teo Rodríguez,San Lorenzo,ARG,DF,DF,19,0.0,zagueiro_classico
6014,Manuel Roffo,Instituto,ARG,GK,GK,25,18.0,goleiro_joia
6015,Gabriel Rojas,Racing Club,ARG,DF,DF,28,11.8,zagueiro_construtor
6016,Matías Rojas,River Plate,PAR,"FW,MF",FW,29,1.2,centroavante_goleador
6017,Marcos Rojo,Boca Juniors,ARG,DF,DF,35,9.5,zagueiro_classico
6018,Leonel Roldán,Vélez Sarsfield,ARG,MF,MF,20,3.0,volante_defensivo
6019,Mauricio Roldán,Banfield,ARG,"MF,FW",MF,20,0.5,volante_defensivo
6020,Pocho Román,Independiente,ITA,FW,FW,21,0.4,centroavante_goleador
6021,Jhohan Romaña,San Lorenzo,COL,DF,DF,26,16.5,zagueiro_classico
6022,Braian Romero,Vélez Sarsfield,ARG,FW,FW,34,15.0,centroavante_goleador
6023,José Romero,Tigre,ARG,"FW,MF",FW,22,3.1,centroavante_goleador
6024,Juan Romero,Instituto,PAR,"FW,MF",FW,24,0.5,centroavante_goleador
6025,Maximiliano Romero,Arg Juniors,ARG,"FW,MF",FW,26,0.1,centroavante_goleador
6026,Silvio Romero,Instituto,ARG,FW,FW,36,1.2,centroavante_goleador
6027,Facundo Roncaglia,Sarmiento,ARG,DF,DF,38,13.0,zagueiro_classico
6028,Siro Rosane,Barracas Central,ARG,MF,MF,25,7.8,volante_defensivo
6029,Tomás Rossi,Godoy Cruz,ARG,DF,DF,26,3.7,zagueiro_classico
6030,Tobías Rubio,Defensa y Just,ARG,DF,DF,20,3.0,zagueiro_classico
6031,Javier Ruiz,Barracas Central,ARG,"MF,FW",MF,20,9.1,meia_criativo
6032,Joaquín Ruíz,Boca Juniors,ARG,"MF,FW",MF,18,0.3,meia_criativo
6033,Ramiro Ruiz,Atlé Tucumán,ARG,"MF,FW",MF,25,7.1,meia_criativo
6034,Ignacio Russo,Tigre,ARG,FW,FW,24,14.4,centroavante_goleador
6035,Juan Saborido,Platense,ARG,DF,DF,27,13.5,zagueiro_classico
6036,Maximiliano Salas,Racing Club,ARG,"MF,FW",MF,27,11.3,box_to_box
6037,Maximiliano Salas,River Plate,ARG,FW,FW,27,2.0,segundo_atacante
6038,Saúl Salcedo,Newell's OB,PAR,DF,DF,27,10.3,zagueiro_classico
6039,Branco Salinardi,San Lorenzo,ARG,FW,FW,18,0.1,centroavante_goleador
6040,Santiago Salle,Independiente,ARG,"FW,MF",FW,21,1.5,centroavante_goleador
6041,Santiago Salle,San Martín de San Juan,ARG,MF,MF,21,0.3,volante_defensivo
6042,Oscar Salomón,Platense,ARG,DF,DF,26,17.0,zagueiro_classico
6043,Eduardo Salvio,Lanús,ARG,FW,FW,35,14.1,ponta_dribllador
6044,Mario Sanabria,Deportivo Riestra,ARG,MF,MF,22,4.4,meia_criativo
6045,Brían Sánchez,Deportivo Riestra,ARG,MF,MF,32,5.5,volante_defensivo
6046,Facundo Sánchez,Lanús,ARG,MF,MF,19,0.2,volante_defensivo
6047,Richard Sánchez,Racing Club,PAR,MF,MF,29,1.0,volante_defensivo
6048,Ulises Sánchez,Belgrano,ARG,"MF,FW",MF,27,3.3,meia_criativo
6049,Agustín Sández,Rosario Central,PAR,DF,DF,24,16.5,zagueiro_construtor
6050,Facundo Sanguinetti,Banfield,ARG,GK,GK,24,17.0,goleiro_joia
6051,Nicolás Sansotre,Deportivo Riestra,ARG,DF,DF,31,13.7,lateral_ofensivo
6052,Michael Santos,Vélez Sarsfield,URU,FW,FW,32,5.4,centroavante_goleador
6053,Marcelo Saracchi,Boca Juniors,URU,"DF,MF",DF,27,4.0,zagueiro_classico
6054,Jabes Saralegui,Tigre,ARG,"MF,FW",MF,22,11.4,meia_criativo
6055,Darío Sarmiento,Tigre,ARG,MF,MF,22,0.2,volante_defensivo
6056,Fabrizio Sartori,Ind. Rivadavia,ARG,"FW,MF",FW,23,4.7,centroavante_goleador
6057,Rodrigo Sayavedra,Deportivo Riestra,ARG,DF,DF,29,4.2,zagueiro_classico
6058,Benjamín Schamine,Defensa y Just,ARG,MF,MF,21,4.8,meia_criativo
6059,Ignacio Schor,Platense,ARG,"FW,MF",FW,24,3.6,centroavante_goleador
6060,Augusto Schott,Talleres,ARG,DF,DF,25,7.5,zagueiro_classico
6061,Lorenzo Scipioni,Tigre,ARG,MF,MF,20,14.8,volante_defensivo
6062,Alexis Segovia,Lanús,ARG,FW,FW,21,6.4,centroavante_goleador
6063,Santiago Segovia,Rosario Central,ARG,MF,MF,18,2.3,meia_criativo
6064,Mateo Seoane,Gimnasia–LP,ARG,MF,MF,21,0.5,volante_defensivo
6065,Bruno Sepúlveda,Banfield,ARG,FW,FW,32,2.7,centroavante_goleador
6066,Leonardo Sequeira,Huracán,ARG,FW,FW,30,5.4,centroavante_goleador
6067,Luis Sequeira,Ind. Rivadavia,ARG,MF,MF,22,11.8,box_to_box
6068,Luis Sequeira,Talleres,ARG,FW,FW,22,0.8,centroavante_goleador
6069,Tiago Serrago,Aldosivi,ARG,"FW,MF",FW,21,5.8,segundo_atacante
6070,Agustín Seyral,Sarmiento,ARG,"MF,DF",MF,20,0.1,volante_defensivo
6071,Agustín Sienra,Defensa y Just,ARG,DF,DF,26,1.0,zagueiro_classico
6072,Tomás Silva,Platense,ARG,DF,DF,22,10.2,zagueiro_classico
6073,Pedro Silva Torrejón,Gimnasia–LP,ARG,DF,DF,28,16.0,zagueiro_classico
6074,Thiago Silvero,Vélez Sarsfield,ARG,DF,DF,19,1.5,zagueiro_classico
6075,Mateo Silvetti,Newell's OB,ARG,"FW,MF",FW,19,12.1,ponta_dribllador
6076,Santiago Simón,River Plate,ARG,MF,MF,23,5.4,meia_criativo
6077,Augusto Solari,Rosario Central,ARG,"MF,FW",MF,33,2.3,volante_defensivo
6078,Pablo Solari,River Plate,ARG,MF,MF,24,0.2,volante_defensivo
6079,Santiago Solari,Racing Club,ARG,"MF,FW",MF,27,7.2,box_to_box
6080,Alan Sosa,Gimnasia–LP,ARG,"FW,MF",FW,22,8.9,ponta_dribllador
6081,Diego Sosa,Tigre,ARG,DF,DF,27,3.6,zagueiro_classico
6082,Ismael Sosa,Arg Juniors,ARG,"FW,MF",FW,38,3.1,centroavante_goleador
6083,José Sosa,Estudiantes–LP,ARG,"MF,FW",MF,40,5.7,box_to_box
6084,Luca Sosa,Newell's OB,ARG,DF,DF,31,3.5,zagueiro_classico
6085,Santiago Sosa,Racing Club,ARG,"DF,MF",DF,26,11.0,zagueiro_construtor
6086,Santiago Sosa,Defensa y Just,ARG,MF,MF,20,0.5,volante_defensivo
6087,David Sotelo,Newell's OB,ARG,MF,MF,21,6.0,volante_defensivo
6088,Alexis Soto,Defensa y Just,ARG,DF,DF,31,14.3,lateral_ofensivo
6089,Pedro Souto,Ind. Rivadavia,ARG,DF,DF,25,3.7,zagueiro_classico
6090,Adrián Sporle,Independiente,ARG,DF,DF,30,8.0,lateral_ofensivo
6091,Sheyko Studer,Ind. Rivadavia,ARG,DF,DF,22,15.6,zagueiro_classico
6092,Facundo Suárez,Instituto,ARG,FW,FW,31,3.8,centroavante_goleador
6093,Ian Subiabre,River Plate,ARG,FW,FW,18,3.1,centroavante_goleador
6094,Leandro Suhr,Sarmiento,URU,"MF,FW",MF,27,8.6,box_to_box
6095,Gastón Suso,Gimnasia–LP,ARG,DF,DF,34,15.2,zagueiro_classico
6096,Alejo Tabares,Newell's OB,ARG,"DF,MF",DF,24,6.9,lateral_ofensivo
6097,Enzo Taborda,Independiente,ARG,FW,FW,20,1.0,centroavante_goleador
6098,Vicente Taborda,Platense,ARG,"FW,MF",FW,24,13.2,ponta_dribllador
6099,Matías Tagliamonte,Unión,ARG,GK,GK,27,4.0,goleiro_reserva
6100,Gonzalo Tapia,River Plate,CHI,"FW,MF",FW,23,1.8,centroavante_goleador
6101,Ignacio Tapia,Barracas Central,ARG,FW,FW,20,0.1,centroavante_goleador
6102,Iván Tapia,Barracas Central,ARG,MF,MF,26,11.5,volante_defensivo
6103,Cristian Tarragona,Unión,ARG,FW,FW,34,1.7,centroavante_goleador
6104,Cristian Tarragona,Talleres,ARG,"FW,MF",FW,34,3.3,centroavante_goleador
6105,Diego Tarzia,Independiente,ARG,"FW,MF",FW,22,11.1,ponta_dribllador
6106,Renzo Tesuri,Atlé Tucumán,ARG,MF,MF,29,2.0,meia_criativo
6107,Horacio Tijanovich,San Martín de San Juan,ARG,"MF,FW",MF,29,4.0,volante_defensivo
6108,Fabricio Tirado,Newell's OB,ARG,"MF,DF",MF,20,0.7,meia_criativo
6109,Matías Tissera,Huracán,ARG,FW,FW,28,3.7,centroavante_goleador
6110,Fernando Tobio,Barracas Central,ARG,DF,DF,35,15.0,zagueiro_classico
6111,Gastón Togni,Defensa y Just,ARG,FW,FW,27,9.8,centroavante_goleador
6112,Franco Toloza,San Martín de San Juan,ARG,FW,FW,31,6.1,centroavante_goleador
6113,Santiago Toloza,Platense,ARG,"FW,MF",FW,22,0.6,segundo_atacante
6114,Diego Tonetto,Ind. Rivadavia,ARG,MF,MF,36,3.2,volante_defensivo
6115,Elías Torres,Aldosivi,ARG,FW,FW,24,14.5,centroavante_goleador
6116,Marcelo Torres,Gimnasia–LP,ARG,FW,FW,27,0.4,centroavante_goleador
6117,Gonzalo Trindade,Cen. Córdoba–SdE,ARG,"DF,MF",DF,21,2.8,zagueiro_classico
6118,Nicolás Tripichio,San Lorenzo,ARG,MF,MF,29,12.7,volante_defensivo
6119,Mariano Troilo,Belgrano,ARG,DF,DF,22,13.8,zagueiro_classico
6120,Agustín Urzi,Huracán,ARG,"FW,MF",FW,25,4.9,segundo_atacante
6121,Sebastián Valdez,Independiente,ARG,DF,DF,29,14.3,zagueiro_construtor
6122,Matías Valenti,Ind. Rivadavia,ARG,DF,DF,22,4.7,zagueiro_classico
6123,Jeremías Vallejos,Sarmiento,ARG,DF,DF,22,4.8,zagueiro_classico
6124,Lautaro Vargas,Unión,ARG,DF,DF,20,10.3,lateral_ofensivo
6125,Ignacio Vázquez,Platense,ARG,DF,DF,28,18.0,zagueiro_classico
6126,Kevin Vázquez,Vélez Sarsfield,ARG,MF,MF,24,3.4,volante_defensivo
6127,Cristian Vega,Cen. Córdoba–SdE,ARG,"MF,FW",MF,31,1.3,volante_defensivo
6128,Gabriel Vega,Banfield,ARG,MF,MF,23,3.3,meia_criativo
6129,Román Vega,Arg Juniors,ARG,"DF,MF",DF,21,7.9,zagueiro_construtor
6130,Alan Velasco,Boca Juniors,ARG,"FW,MF",FW,22,7.5,ponta_dribllador
6131,Juan Velazquez,Belgrano,ARG,"DF,MF",DF,20,2.3,zagueiro_classico
6132,Alejo Véliz,Rosario Central,ARG,FW,FW,21,1.7,centroavante_goleador
6133,Federico Vera,Independiente,ARG,DF,DF,27,14.1,lateral_ofensivo
6134,Matías Vera,Cen. Córdoba–SdE,ARG,MF,MF,29,0.5,volante_defensivo
6135,Lionel Verde,Unión,ARG,MF,MF,20,5.2,box_to_box
6136,Duván Vergara,Racing Club,COL,MF,MF,28,0.8,meia_criativo
6137,Gastón Verón,Cen. Córdoba–SdE,ARG,"FW,MF",FW,24,8.2,centroavante_goleador
6138,Manuel Vicentini,Belgrano,ARG,GK,GK,35,5.0,goleiro_reserva
6139,Luciano Vietto,Racing Club,ARG,"MF,FW",MF,31,6.8,meia_criativo
6140,Alex Vigo,Sarmiento,ARG,"DF,FW",DF,26,7.1,lateral_ofensivo
6141,Sebastián Villa,Ind. Rivadavia,COL,FW,FW,29,16.9,ponta_dribllador
6142,Carlos Villalba,Sarmiento,ARG,MF,MF,27,11.4,volante_defensivo
6143,Iván Villalba,Ind. Rivadavia,PAR,DF,DF,30,14.1,zagueiro_classico
6144,Juan Villalba,Gimnasia–LP,ARG,DF,DF,19,0.5,zagueiro_classico
6145,Santiago Villarreal,Gimnasia–LP,ARG,"FW,MF",FW,19,0.6,centroavante_goleador
6146,Emiliano Viveros,Arg Juniors,ARG,"FW,MF",FW,22,5.5,centroavante_goleador
6147,Andrés Vombergar,San Lorenzo,SVN,FW,FW,30,15.1,centroavante_goleador
6148,Franco Watson,Huracán,ARG,MF,MF,25,2.2,meia_criativo
6149,Nicólas Watson,San Martín de San Juan,ARG,MF,MF,27,8.5,volante_defensivo
6150,Axel Werner,Rosario Central,ARG,GK,GK,29,2.0,goleiro_reserva
6151,Bastián Yañez,Godoy Cruz,CHI,"MF,FW",MF,24,7.8,volante_defensivo
6152,Daniel Zabala,Huracán,ARG,DF,DF,22,1.1,zagueiro_classico
6153,David Zalazar,Cen. Córdoba–SdE,ARG,"MF,FW",MF,23,2.0,meia_criativo
6154,Maximiliano Zalazar,Tigre,ARG,"FW,MF",FW,24,1.5,centroavante_goleador
6155,Maximiliano Zalazar,Gimnasia–LP,ARG,FW,FW,24,1.1,centroavante_goleador
6156,Nicolás Zalazar,Instituto,ARG,DF,DF,28,7.9,zagueiro_classico
6157,Franco Zapiola,Platense,ARG,"MF,FW",MF,24,10.0,volante_defensivo
6158,Federico Zaracho,Racing Club,ARG,MF,MF,27,4.7,meia_criativo
6159,Exequiel Zeballos,Boca Juniors,ARG,"FW,MF",FW,23,6.4,ponta_dribllador
6160,Gonzalo Zelarayán,Belgrano,ARG,MF,MF,21,0.1,volante_defensivo
6161,Lucas Zelarayán,Belgrano,ARM,MF,MF,33,10.0,box_to_box
6162,Felipe Zenobio,Tigre,ARG,GK,GK,25,17.0,goleiro_joia
6163,Kevin Zenon,Boca Juniors,ARG,"MF,FW",MF,23,9.6,box_to_box
6164,Juan Zozaya,Cen. Córdoba–SdE,ARG,GK,GK,24,2.0,goleiro_reserva
6165,Bruno Zuculini,Racing Club,ARG,MF,MF,32,2.6,meia_criativo
